route;date;hour;prediction
1;2025-11-01;0;114.6206885042186
1;2025-11-01;1;0.0
1;2025-11-01;2;0.0
1;2025-11-01;3;0.0
1;2025-11-01;4;118.72252602375522
1;2025-11-01;5;197.47397562009996
1;2025-11-01;6;550.4498969714375
1;2025-11-01;7;1295.4343311031105
1;2025-11-01;8;1440.3211027320126
1;2025-11-01;9;1277.1153683125235
1;2025-11-01;10;1199.0236781268413
1;2025-11-01;11;1185.4000235790618
1;2025-11-01;12;1245.6162680077225
1;2025-11-01;13;1329.4292101566616
1;2025-11-01;14;1326.50711976028
1;2025-11-01;15;1416.496387420098
1;2025-11-01;16;1497.3951356938683
1;2025-11-01;17;1527.4025691490438
1;2025-11-01;18;1369.126377974182
1;2025-11-01;19;1010.12415671698
1;2025-11-01;20;835.8275838176786
1;2025-11-01;21;503.39509132726795
1;2025-11-01;22;286.432086262041
1;2025-11-01;23;148.13899067699776
1;2025-11-02;0;7.870230106123927
1;2025-11-02;1;0.0
1;2025-11-02;2;0.0
1;2025-11-02;3;0.0
1;2025-11-02;4;7.205518483022729
1;2025-11-02;5;15.780030240018164
1;2025-11-02;6;108.10692503235589
1;2025-11-02;7;275.75273104892693
1;2025-11-02;8;375.6184868560252
1;2025-11-02;9;596.9561346895163
1;2025-11-02;10;695.3335626070965
1;2025-11-02;11;716.3544167564211
1;2025-11-02;12;842.7823940898928
1;2025-11-02;13;863.7803285893847
1;2025-11-02;14;846.4705916752847
1;2025-11-02;15;717.1107693787405
1;2025-11-02;16;645.4477390111349
1;2025-11-02;17;604.84444813881
1;2025-11-02;18;549.7962636435575
1;2025-11-02;19;455.5344695863676
1;2025-11-02;20;353.9912136515573
1;2025-11-02;21;244.89664648462417
1;2025-11-02;22;110.46371833243802
1;2025-11-02;23;22.856711835827923
1;2025-11-03;0;46.42217636182136
1;2025-11-03;1;0.0
1;2025-11-03;2;0.0
1;2025-11-03;3;0.0
1;2025-11-03;4;57.95624447612681
1;2025-11-03;5;93.9551425039482
1;2025-11-03;6;190.69285416109358
1;2025-11-03;7;348.9135065583779
1;2025-11-03;8;492.9712253268364
1;2025-11-03;9;600.8164796138894
1;2025-11-03;10;647.8932201219412
1;2025-11-03;11;677.2931262064632
1;2025-11-03;12;756.3227668867114
1;2025-11-03;13;783.8602578957231
1;2025-11-03;14;750.9909800715332
1;2025-11-03;15;709.9775995821614
1;2025-11-03;16;655.1138003679999
1;2025-11-03;17;691.6164613384296
1;2025-11-03;18;670.2836362877634
1;2025-11-03;19;537.8488716547561
1;2025-11-03;20;375.12604917898284
1;2025-11-03;21;297.4078376562689
1;2025-11-03;22;166.97740043914087
1;2025-11-03;23;63.873036011454815
1;2025-11-04;0;48.7366218440003
1;2025-11-04;1;0.0
1;2025-11-04;2;0.0
1;2025-11-04;3;0.0
1;2025-11-04;4;47.0697531550702
1;2025-11-04;5;91.9298104067459
1;2025-11-04;6;183.7962658382046
1;2025-11-04;7;334.3368896336089
1;2025-11-04;8;478.22327278578706
1;2025-11-04;9;596.8954420502901
1;2025-11-04;10;639.2318193469746
1;2025-11-04;11;643.76401130848
1;2025-11-04;12;720.9340479320042
1;2025-11-04;13;806.8947578498953
1;2025-11-04;14;779.6647931836596
1;2025-11-04;15;711.5333205523453
1;2025-11-04;16;615.1145175451775
1;2025-11-04;17;626.8371475403668
1;2025-11-04;18;619.944493095361
1;2025-11-04;19;533.2996335788171
1;2025-11-04;20;371.04674969017935
1;2025-11-04;21;302.43189624523933
1;2025-11-04;22;175.33521959741756
1;2025-11-04;23;68.46391698842069
1;2025-11-05;0;6.2938884206987495
1;2025-11-05;1;0.0
1;2025-11-05;2;0.0
1;2025-11-05;3;0.0
1;2025-11-05;4;16.500559586423265
1;2025-11-05;5;132.28088796882093
1;2025-11-05;6;510.6885079539653
1;2025-11-05;7;1505.1507611309403
1;2025-11-05;8;1791.5998107281605
1;2025-11-05;9;1469.7703364096474
1;2025-11-05;10;1359.5900493991717
1;2025-11-05;11;1340.191748119862
1;2025-11-05;12;1380.8083975550583
1;2025-11-05;13;1424.5064987529581
1;2025-11-05;14;1392.2027198726255
1;2025-11-05;15;1510.6592717300628
1;2025-11-05;16;1550.9290647128162
1;2025-11-05;17;1730.8814843696466
1;2025-11-05;18;1758.4728860632088
1;2025-11-05;19;1369.973246544655
1;2025-11-05;20;914.7017325851276
1;2025-11-05;21;459.22170460695384
1;2025-11-05;22;230.72186961682758
1;2025-11-05;23;41.55101460235164
1;2025-11-06;0;5.00272045609006
1;2025-11-06;1;0.0
1;2025-11-06;2;0.0
1;2025-11-06;3;0.0
1;2025-11-06;4;8.353774812559891
1;2025-11-06;5;124.81388211025364
1;2025-11-06;6;522.3829760495715
1;2025-11-06;7;1530.1590327311142
1;2025-11-06;8;1811.6225803995487
1;2025-11-06;9;1476.523978041226
1;2025-11-06;10;1367.6541077718293
1;2025-11-06;11;1368.249147554196
1;2025-11-06;12;1395.3432702713114
1;2025-11-06;13;1437.7523226029584
1;2025-11-06;14;1416.6886477004446
1;2025-11-06;15;1517.2136637155152
1;2025-11-06;16;1574.2928063438962
1;2025-11-06;17;1777.9918988688469
1;2025-11-06;18;1777.649960611982
1;2025-11-06;19;1371.3345940558158
1;2025-11-06;20;893.7683912432115
1;2025-11-06;21;464.49448960593406
1;2025-11-06;22;242.0425016140498
1;2025-11-06;23;49.44506200815965
1;2025-11-07;0;8.44261640899117
1;2025-11-07;1;0.0
1;2025-11-07;2;0.0
1;2025-11-07;3;0.0
1;2025-11-07;4;7.989441034959782
1;2025-11-07;5;123.03504863292767
1;2025-11-07;6;510.2040907831426
1;2025-11-07;7;1501.9433338568374
1;2025-11-07;8;1772.184784947051
1;2025-11-07;9;1429.4351921984016
1;2025-11-07;10;1356.8601897573697
1;2025-11-07;11;1356.0088615878883
1;2025-11-07;12;1381.400132307366
1;2025-11-07;13;1425.380502509129
1;2025-11-07;14;1395.3393255999588
1;2025-11-07;15;1521.5342691337673
1;2025-11-07;16;1591.6485062094994
1;2025-11-07;17;1711.7144789803954
1;2025-11-07;18;1648.8162252372106
1;2025-11-07;19;1257.0219755547023
1;2025-11-07;20;866.23538138755
1;2025-11-07;21;463.00652384352145
1;2025-11-07;22;239.42663875000028
1;2025-11-07;23;53.502612459129296
1;2025-11-08;0;11.57853614633791
1;2025-11-08;1;0.0
1;2025-11-08;2;0.0
1;2025-11-08;3;0.0
1;2025-11-08;4;3.7166946983232947
1;2025-11-08;5;41.39428012824635
1;2025-11-08;6;144.9704123698076
1;2025-11-08;7;349.980997398084
1;2025-11-08;8;462.8610668429538
1;2025-11-08;9;694.9361186092165
1;2025-11-08;10;790.9360514141636
1;2025-11-08;11;818.8440148669102
1;2025-11-08;12;966.2244951085806
1;2025-11-08;13;1001.7519630620311
1;2025-11-08;14;945.2118447749544
1;2025-11-08;15;830.9098800804076
1;2025-11-08;16;756.396696021347
1;2025-11-08;17;682.2382603498639
1;2025-11-08;18;622.5192712021953
1;2025-11-08;19;523.0913220159
1;2025-11-08;20;427.4353757519539
1;2025-11-08;21;315.70654925556573
1;2025-11-08;22;149.27063224536175
1;2025-11-08;23;47.16398630608887
1;2025-11-09;0;3.0709503162404417
1;2025-11-09;1;0.0
1;2025-11-09;2;0.0
1;2025-11-09;3;0.0
1;2025-11-09;4;4.653198902648683
1;2025-11-09;5;29.129459282832954
1;2025-11-09;6;127.23521055558251
1;2025-11-09;7;284.1570195527977
1;2025-11-09;8;374.1070974011216
1;2025-11-09;9;606.6258857204829
1;2025-11-09;10;691.8582545658873
1;2025-11-09;11;712.2212500217977
1;2025-11-09;12;846.7355688175073
1;2025-11-09;13;886.2412302353916
1;2025-11-09;14;821.843972568258
1;2025-11-09;15;718.017878329735
1;2025-11-09;16;655.4312266704446
1;2025-11-09;17;586.0933255115054
1;2025-11-09;18;540.8524777412608
1;2025-11-09;19;446.4407588146938
1;2025-11-09;20;358.0909262294289
1;2025-11-09;21;243.60040260319397
1;2025-11-09;22;109.0620461799449
1;2025-11-09;23;25.572750710041646
1;2025-11-10;0;0.0
1;2025-11-10;1;0.0
1;2025-11-10;2;0.0
1;2025-11-10;3;0.0
1;2025-11-10;4;10.750014437002164
1;2025-11-10;5;127.26815778380637
1;2025-11-10;6;506.3581410516691
1;2025-11-10;7;1464.8717712795474
1;2025-11-10;8;1759.6660311914238
1;2025-11-10;9;1411.8921004359954
1;2025-11-10;10;1304.9868909817342
1;2025-11-10;11;1301.3609220317574
1;2025-11-10;12;1351.4181512214102
1;2025-11-10;13;1394.6263930093423
1;2025-11-10;14;1374.4553005813664
1;2025-11-10;15;1485.7367527771107
1;2025-11-10;16;1547.94644736715
1;2025-11-10;17;1730.5655681721214
1;2025-11-10;18;1739.7441769010275
1;2025-11-10;19;1352.1344364668075
1;2025-11-10;20;899.4186661921722
1;2025-11-10;21;447.22241855875154
1;2025-11-10;22;224.78331802619164
1;2025-11-10;23;46.58586890944855
1;2025-11-11;0;3.6055926713842155
1;2025-11-11;1;0.0
1;2025-11-11;2;0.0
1;2025-11-11;3;0.0
1;2025-11-11;4;11.023263421897695
1;2025-11-11;5;129.1124556133169
1;2025-11-11;6;506.8134016182297
1;2025-11-11;7;1481.6706931117162
1;2025-11-11;8;1784.6424585423124
1;2025-11-11;9;1444.8715123144275
1;2025-11-11;10;1302.9570554614652
1;2025-11-11;11;1301.6114455349134
1;2025-11-11;12;1335.51338439776
1;2025-11-11;13;1362.0941256330634
1;2025-11-11;14;1351.2222028216167
1;2025-11-11;15;1487.7040156552002
1;2025-11-11;16;1517.6883678218505
1;2025-11-11;17;1677.4128935178824
1;2025-11-11;18;1680.0833683465019
1;2025-11-11;19;1291.8243552943627
1;2025-11-11;20;894.6821304371744
1;2025-11-11;21;453.3395585419249
1;2025-11-11;22;224.5581907573884
1;2025-11-11;23;41.625194527511894
1;2025-11-12;0;6.862062212615115
1;2025-11-12;1;0.0
1;2025-11-12;2;0.0
1;2025-11-12;3;0.0
1;2025-11-12;4;10.365210572100182
1;2025-11-12;5;128.0170652589618
1;2025-11-12;6;513.2825611940664
1;2025-11-12;7;1513.5385531757993
1;2025-11-12;8;1811.3095112196527
1;2025-11-12;9;1440.2038526550386
1;2025-11-12;10;1314.8891309028727
1;2025-11-12;11;1314.2932852107488
1;2025-11-12;12;1340.4165276358972
1;2025-11-12;13;1395.0301069160282
1;2025-11-12;14;1360.084334980416
1;2025-11-12;15;1480.3886196949686
1;2025-11-12;16;1518.8700465278312
1;2025-11-12;17;1707.8034375765292
1;2025-11-12;18;1724.1754126907733
1;2025-11-12;19;1346.6943680159243
1;2025-11-12;20;864.9105161264594
1;2025-11-12;21;453.4377728613014
1;2025-11-12;22;231.57792615972824
1;2025-11-12;23;47.72488132885428
1;2025-11-13;0;2.258884483598308
1;2025-11-13;1;0.0
1;2025-11-13;2;0.0
1;2025-11-13;3;0.0
1;2025-11-13;4;5.227052412665898
1;2025-11-13;5;118.25861729022472
1;2025-11-13;6;519.7134229700337
1;2025-11-13;7;1513.263302620453
1;2025-11-13;8;1785.5568785616397
1;2025-11-13;9;1433.703747607578
1;2025-11-13;10;1340.2626424848581
1;2025-11-13;11;1347.3081876052365
1;2025-11-13;12;1373.519625821979
1;2025-11-13;13;1427.0370165462073
1;2025-11-13;14;1387.3580189568254
1;2025-11-13;15;1505.9980838926222
1;2025-11-13;16;1557.9722054333815
1;2025-11-13;17;1735.9845396845503
1;2025-11-13;18;1743.59170632861
1;2025-11-13;19;1341.07937659282
1;2025-11-13;20;886.555925566873
1;2025-11-13;21;451.33860089874844
1;2025-11-13;22;225.68757163883527
1;2025-11-13;23;41.08329387555875
1;2025-11-14;0;1.9793583756872977
1;2025-11-14;1;0.0
1;2025-11-14;2;0.0
1;2025-11-14;3;0.0
1;2025-11-14;4;18.47887652522195
1;2025-11-14;5;136.538526004196
1;2025-11-14;6;520.8046097564265
1;2025-11-14;7;1490.5896914141122
1;2025-11-14;8;1756.1365569309662
1;2025-11-14;9;1442.8688753063352
1;2025-11-14;10;1317.9432577528924
1;2025-11-14;11;1299.5976425793142
1;2025-11-14;12;1343.9669015250824
1;2025-11-14;13;1403.026502239075
1;2025-11-14;14;1363.2899911460843
1;2025-11-14;15;1490.576726537223
1;2025-11-14;16;1569.633725207289
1;2025-11-14;17;1689.4591324527705
1;2025-11-14;18;1638.804489418686
1;2025-11-14;19;1241.93765161735
1;2025-11-14;20;855.2317793788816
1;2025-11-14;21;451.543390543928
1;2025-11-14;22;232.5596960151039
1;2025-11-14;23;49.42253438229568
1;2025-11-15;0;36.29595544279812
1;2025-11-15;1;0.0
1;2025-11-15;2;0.0
1;2025-11-15;3;0.0
1;2025-11-15;4;6.895388445246226
1;2025-11-15;5;43.856643462826014
1;2025-11-15;6;121.78821482595299
1;2025-11-15;7;308.5404092352463
1;2025-11-15;8;367.50642542151303
1;2025-11-15;9;605.2688418911903
1;2025-11-15;10;706.4064104644838
1;2025-11-15;11;753.6410053486294
1;2025-11-15;12;926.4261859220395
1;2025-11-15;13;969.9300357983033
1;2025-11-15;14;916.3470854577406
1;2025-11-15;15;791.6060428371854
1;2025-11-15;16;720.6502789149683
1;2025-11-15;17;634.3828059850144
1;2025-11-15;18;573.1868816257478
1;2025-11-15;19;477.0944907184918
1;2025-11-15;20;394.8009163788307
1;2025-11-15;21;280.4425639494264
1;2025-11-15;22;141.03752335823447
1;2025-11-15;23;34.562357629752114
1;2025-11-16;0;8.849307940360973
1;2025-11-16;1;0.0
1;2025-11-16;2;0.0
1;2025-11-16;3;0.0
1;2025-11-16;4;5.6246941866425
1;2025-11-16;5;6.295684503524626
1;2025-11-16;6;97.71287949580596
1;2025-11-16;7;248.34960269211376
1;2025-11-16;8;330.9053474316363
1;2025-11-16;9;558.1588351212945
1;2025-11-16;10;658.5310573292344
1;2025-11-16;11;688.930910666369
1;2025-11-16;12;824.1876886442565
1;2025-11-16;13;871.1808688777091
1;2025-11-16;14;791.1221213117278
1;2025-11-16;15;668.9423325421891
1;2025-11-16;16;598.6345026595772
1;2025-11-16;17;539.5308113138012
1;2025-11-16;18;492.53508556373305
1;2025-11-16;19;405.31349341408674
1;2025-11-16;20;322.9742869264691
1;2025-11-16;21;242.256835849068
1;2025-11-16;22;109.87806935919127
1;2025-11-16;23;27.609693230214816
1;2025-11-17;0;0.173688046300299
1;2025-11-17;1;0.0
1;2025-11-17;2;0.0
1;2025-11-17;3;0.0
1;2025-11-17;4;15.020921049881053
1;2025-11-17;5;134.93126276485816
1;2025-11-17;6;505.07299242080705
1;2025-11-17;7;1443.3925513866998
1;2025-11-17;8;1703.164348024018
1;2025-11-17;9;1381.7799604169363
1;2025-11-17;10;1267.252385653544
1;2025-11-17;11;1268.9734627780267
1;2025-11-17;12;1292.5456883147642
1;2025-11-17;13;1280.450978759039
1;2025-11-17;14;1292.0308173017502
1;2025-11-17;15;1366.561396562197
1;2025-11-17;16;1468.0503395756157
1;2025-11-17;17;1669.9549655213168
1;2025-11-17;18;1711.207507590117
1;2025-11-17;19;1336.0575975025613
1;2025-11-17;20;879.3285161031818
1;2025-11-17;21;446.0271541871102
1;2025-11-17;22;219.81981607661965
1;2025-11-17;23;42.69737333629291
1;2025-11-18;0;1.9067831985378234
1;2025-11-18;1;0.0
1;2025-11-18;2;0.0
1;2025-11-18;3;0.0
1;2025-11-18;4;24.996414794998827
1;2025-11-18;5;137.95737492962996
1;2025-11-18;6;506.12010516281805
1;2025-11-18;7;1468.3672378041083
1;2025-11-18;8;1752.022310414451
1;2025-11-18;9;1413.1640008087493
1;2025-11-18;10;1249.3769996362105
1;2025-11-18;11;1287.5441205613847
1;2025-11-18;12;1306.1761990119594
1;2025-11-18;13;1334.7558619996194
1;2025-11-18;14;1289.4514087376106
1;2025-11-18;15;1400.2696446294744
1;2025-11-18;16;1470.8421825437754
1;2025-11-18;17;1671.1349642889836
1;2025-11-18;18;1688.5634728228997
1;2025-11-18;19;1319.579259994102
1;2025-11-18;20;889.8720759052986
1;2025-11-18;21;437.87301894085226
1;2025-11-18;22;224.1818999612749
1;2025-11-18;23;41.150655812821356
1;2025-11-19;0;6.879192256364604
1;2025-11-19;1;0.0
1;2025-11-19;2;0.0
1;2025-11-19;3;0.0
1;2025-11-19;4;10.192040189178556
1;2025-11-19;5;122.01476620945436
1;2025-11-19;6;500.5809356997329
1;2025-11-19;7;1446.5380425009148
1;2025-11-19;8;1737.4728387190758
1;2025-11-19;9;1423.743997910076
1;2025-11-19;10;1306.599847678931
1;2025-11-19;11;1293.9899839353645
1;2025-11-19;12;1344.5850213995068
1;2025-11-19;13;1385.3487381082307
1;2025-11-19;14;1335.6266198524518
1;2025-11-19;15;1417.0969143539437
1;2025-11-19;16;1470.558045252255
1;2025-11-19;17;1634.1210307023853
1;2025-11-19;18;1643.359093564654
1;2025-11-19;19;1271.0460263082314
1;2025-11-19;20;857.1362714669135
1;2025-11-19;21;450.3384245398131
1;2025-11-19;22;221.3405196968679
1;2025-11-19;23;38.328159249586065
1;2025-11-20;0;4.771231361739183
1;2025-11-20;1;0.0
1;2025-11-20;2;0.0
1;2025-11-20;3;0.0
1;2025-11-20;4;4.128072185940823
1;2025-11-20;5;121.73367466608784
1;2025-11-20;6;505.76222412559093
1;2025-11-20;7;1470.5697798786027
1;2025-11-20;8;1735.243354792294
1;2025-11-20;9;1425.5645450361963
1;2025-11-20;10;1315.1121899978561
1;2025-11-20;11;1324.12784501117
1;2025-11-20;12;1355.2590310197156
1;2025-11-20;13;1398.2612459936572
1;2025-11-20;14;1360.6451943993898
1;2025-11-20;15;1438.7200511716608
1;2025-11-20;16;1500.108984368186
1;2025-11-20;17;1674.3319705829974
1;2025-11-20;18;1681.3622484497014
1;2025-11-20;19;1286.9346954508524
1;2025-11-20;20;882.7968434989332
1;2025-11-20;21;484.2194198707337
1;2025-11-20;22;254.5716135122301
1;2025-11-20;23;63.056352057262075
1;2025-11-21;0;2.990915482544665
1;2025-11-21;1;0.0
1;2025-11-21;2;0.0
1;2025-11-21;3;0.0
1;2025-11-21;4;11.69408564429466
1;2025-11-21;5;129.76953216802838
1;2025-11-21;6;502.37772642677317
1;2025-11-21;7;1447.3952395264398
1;2025-11-21;8;1716.4729548686
1;2025-11-21;9;1396.0167023332601
1;2025-11-21;10;1289.897584548533
1;2025-11-21;11;1298.9899939671875
1;2025-11-21;12;1331.6558298920563
1;2025-11-21;13;1363.4452267408706
1;2025-11-21;14;1324.9859663636303
1;2025-11-21;15;1432.244232677755
1;2025-11-21;16;1508.283312620406
1;2025-11-21;17;1616.1177668961222
1;2025-11-21;18;1562.979561062879
1;2025-11-21;19;1178.5567007741179
1;2025-11-21;20;806.3284276591338
1;2025-11-21;21;448.2012508142493
1;2025-11-21;22;218.58290011479164
1;2025-11-21;23;40.86843471269606
1;2025-11-22;0;1.088644254983251
1;2025-11-22;1;0.0
1;2025-11-22;2;0.0
1;2025-11-22;3;0.0
1;2025-11-22;4;19.842566078800587
1;2025-11-22;5;19.264234620368484
1;2025-11-22;6;143.65008226113923
1;2025-11-22;7;331.16419969094204
1;2025-11-22;8;427.9616307314474
1;2025-11-22;9;659.2291515388331
1;2025-11-22;10;754.4891325820713
1;2025-11-22;11;782.6748573160011
1;2025-11-22;12;936.0948203419725
1;2025-11-22;13;976.5856498802037
1;2025-11-22;14;881.2896477942908
1;2025-11-22;15;778.0447173747145
1;2025-11-22;16;711.065378536292
1;2025-11-22;17;638.4537015796989
1;2025-11-22;18;576.2754083277633
1;2025-11-22;19;455.7260703878545
1;2025-11-22;20;363.2340815705928
1;2025-11-22;21;274.58411953420085
1;2025-11-22;22;119.47882584352203
1;2025-11-22;23;22.843850507369893
1;2025-11-23;0;2.107980774481689
1;2025-11-23;1;0.0
1;2025-11-23;2;0.0
1;2025-11-23;3;0.0
1;2025-11-23;4;1.9498479343106965
1;2025-11-23;5;11.097909460103438
1;2025-11-23;6;102.81646364952974
1;2025-11-23;7;250.39956039239667
1;2025-11-23;8;336.6460506753756
1;2025-11-23;9;561.4392733988036
1;2025-11-23;10;656.7773617133151
1;2025-11-23;11;662.036298111552
1;2025-11-23;12;819.9276255950665
1;2025-11-23;13;877.9258286994539
1;2025-11-23;14;769.0916727463871
1;2025-11-23;15;669.8843976251784
1;2025-11-23;16;604.1521900192956
1;2025-11-23;17;533.8919606138425
1;2025-11-23;18;495.96485622815993
1;2025-11-23;19;384.6905158346823
1;2025-11-23;20;307.2109321171042
1;2025-11-23;21;240.66255493348945
1;2025-11-23;22;107.10283670008789
1;2025-11-23;23;28.921668485437408
1;2025-11-24;0;4.344409506969782
1;2025-11-24;1;0.0
1;2025-11-24;2;0.0
1;2025-11-24;3;0.0
1;2025-11-24;4;7.329113159367466
1;2025-11-24;5;121.58762145908747
1;2025-11-24;6;506.8140112441492
1;2025-11-24;7;1500.3301748515873
1;2025-11-24;8;1762.8589864330775
1;2025-11-24;9;1411.7878131707596
1;2025-11-24;10;1234.909432122391
1;2025-11-24;11;1257.145596202956
1;2025-11-24;12;1341.1994857450863
1;2025-11-24;13;1380.6391450235865
1;2025-11-24;14;1371.6852407144042
1;2025-11-24;15;1485.6823582037516
1;2025-11-24;16;1561.2783412652639
1;2025-11-24;17;1722.014933934302
1;2025-11-24;18;1749.9986319971704
1;2025-11-24;19;1341.4256768548207
1;2025-11-24;20;899.1295663754846
1;2025-11-24;21;442.0787054135264
1;2025-11-24;22;213.86129821876523
1;2025-11-24;23;35.836079126220625
1;2025-11-25;0;1.7711372747154428
1;2025-11-25;1;0.0
1;2025-11-25;2;0.0
1;2025-11-25;3;0.0
1;2025-11-25;4;5.452697939314476
1;2025-11-25;5;125.97616361980909
1;2025-11-25;6;514.5179528955834
1;2025-11-25;7;1489.1408934636204
1;2025-11-25;8;1771.5416128469903
1;2025-11-25;9;1434.67353991474
1;2025-11-25;10;1308.6549514793364
1;2025-11-25;11;1310.7074843779158
1;2025-11-25;12;1347.8139777621882
1;2025-11-25;13;1373.450156099921
1;2025-11-25;14;1338.3009587636461
1;2025-11-25;15;1455.9813662037368
1;2025-11-25;16;1508.714343191281
1;2025-11-25;17;1662.6919689730844
1;2025-11-25;18;1685.9034137306448
1;2025-11-25;19;1318.0764609748467
1;2025-11-25;20;877.4451188514446
1;2025-11-25;21;453.0698397407011
1;2025-11-25;22;226.8035474807084
1;2025-11-25;23;46.53968468264293
1;2025-11-26;0;0.0
1;2025-11-26;1;0.0
1;2025-11-26;2;0.0
1;2025-11-26;3;0.0
1;2025-11-26;4;0.0
1;2025-11-26;5;113.06718934345975
1;2025-11-26;6;510.7593084647086
1;2025-11-26;7;1489.1770562316128
1;2025-11-26;8;1739.7069395484618
1;2025-11-26;9;1371.957660912195
1;2025-11-26;10;1258.1600215693322
1;2025-11-26;11;1261.115161689852
1;2025-11-26;12;1327.3334990430476
1;2025-11-26;13;1421.4021053174351
1;2025-11-26;14;1379.21014457962
1;2025-11-26;15;1499.4705185859611
1;2025-11-26;16;1516.6929502550424
1;2025-11-26;17;1665.8797623705973
1;2025-11-26;18;1706.604878696887
1;2025-11-26;19;1267.5681029574055
1;2025-11-26;20;855.6331192454747
1;2025-11-26;21;452.88371189439624
1;2025-11-26;22;219.6003378073657
1;2025-11-26;23;46.391272722978556
1;2025-11-27;0;4.067488948208506
1;2025-11-27;1;0.0
1;2025-11-27;2;0.0
1;2025-11-27;3;0.0
1;2025-11-27;4;0.0
1;2025-11-27;5;124.51238120395874
1;2025-11-27;6;517.3343536032362
1;2025-11-27;7;1511.7815957658734
1;2025-11-27;8;1793.6796584923272
1;2025-11-27;9;1447.2904403562845
1;2025-11-27;10;1344.0823134247707
1;2025-11-27;11;1331.7110793734914
1;2025-11-27;12;1355.3231001578215
1;2025-11-27;13;1400.5985130768966
1;2025-11-27;14;1361.8401713602639
1;2025-11-27;15;1500.3894236985402
1;2025-11-27;16;1547.1061446594858
1;2025-11-27;17;1726.5489156844744
1;2025-11-27;18;1705.5404189023961
1;2025-11-27;19;1299.7947318640097
1;2025-11-27;20;875.2627419530799
1;2025-11-27;21;457.7667444232673
1;2025-11-27;22;223.52288632941554
1;2025-11-27;23;67.68878283225592
1;2025-11-28;0;4.816706297216911
1;2025-11-28;1;0.0
1;2025-11-28;2;0.0
1;2025-11-28;3;0.0
1;2025-11-28;4;12.316962748891683
1;2025-11-28;5;129.81204855435533
1;2025-11-28;6;506.06648757467207
1;2025-11-28;7;1483.3907442807126
1;2025-11-28;8;1748.2016663157515
1;2025-11-28;9;1419.122597736306
1;2025-11-28;10;1320.373745905496
1;2025-11-28;11;1331.5618102499188
1;2025-11-28;12;1368.5963870563942
1;2025-11-28;13;1409.3481577049206
1;2025-11-28;14;1377.819717513738
1;2025-11-28;15;1494.144467804615
1;2025-11-28;16;1562.95450089321
1;2025-11-28;17;1666.1261580350638
1;2025-11-28;18;1611.8826917848883
1;2025-11-28;19;1219.342505562927
1;2025-11-28;20;834.408007790256
1;2025-11-28;21;452.28002537281094
1;2025-11-28;22;221.42073382830324
1;2025-11-28;23;43.97297708620874
1;2025-11-29;0;1.592057029912553
1;2025-11-29;1;0.0
1;2025-11-29;2;0.0
1;2025-11-29;3;0.0
1;2025-11-29;4;0.0
1;2025-11-29;5;36.29659458737194
1;2025-11-29;6;140.55501732040977
1;2025-11-29;7;322.692093303577
1;2025-11-29;8;423.6710720120689
1;2025-11-29;9;667.8242415616991
1;2025-11-29;10;763.7995812392732
1;2025-11-29;11;774.4066753330238
1;2025-11-29;12;909.1746134656888
1;2025-11-29;13;963.4286634668555
1;2025-11-29;14;898.019003665381
1;2025-11-29;15;778.930619642944
1;2025-11-29;16;684.2351856195837
1;2025-11-29;17;640.5655308315899
1;2025-11-29;18;582.0613376239145
1;2025-11-29;19;472.48835070464224
1;2025-11-29;20;356.0379008646565
1;2025-11-29;21;275.89114942513334
1;2025-11-29;22;130.34959225038506
1;2025-11-29;23;23.813855678972345
1;2025-11-30;0;4.011478266445351
1;2025-11-30;1;0.0
1;2025-11-30;2;0.0
1;2025-11-30;3;0.0
1;2025-11-30;4;10.14593973952276
1;2025-11-30;5;16.644555709592737
1;2025-11-30;6;114.39382399169324
1;2025-11-30;7;250.0673870751201
1;2025-11-30;8;335.8724004200039
1;2025-11-30;9;572.552437822755
1;2025-11-30;10;679.309695965033
1;2025-11-30;11;697.0787984224836
1;2025-11-30;12;845.3623235244219
1;2025-11-30;13;868.4870471616324
1;2025-11-30;14;823.3115343746701
1;2025-11-30;15;677.1604112687326
1;2025-11-30;16;605.3416928320264
1;2025-11-30;17;552.1142564706215
1;2025-11-30;18;526.4450533802673
1;2025-11-30;19;417.095700348451
1;2025-11-30;20;322.99734395787647
1;2025-11-30;21;252.53842997582956
1;2025-11-30;22;112.65142219248332
1;2025-11-30;23;24.42719222201265
1;2025-12-01;0;13.865555269830566
1;2025-12-01;1;0.0
1;2025-12-01;2;0.0
1;2025-12-01;3;0.0
1;2025-12-01;4;18.880772756544047
1;2025-12-01;5;133.571586949094
1;2025-12-01;6;511.0597723204941
1;2025-12-01;7;1461.858064175307
1;2025-12-01;8;1720.1445466891278
1;2025-12-01;9;1371.522085615739
1;2025-12-01;10;1260.1108135272839
1;2025-12-01;11;1268.6213791275204
1;2025-12-01;12;1320.5341174900368
1;2025-12-01;13;1350.9731113507241
1;2025-12-01;14;1339.5085532032408
1;2025-12-01;15;1451.2494232850172
1;2025-12-01;16;1511.248098326771
1;2025-12-01;17;1701.7576081989992
1;2025-12-01;18;1694.8744433460547
1;2025-12-01;19;1325.538284550525
1;2025-12-01;20;894.2896002128566
1;2025-12-01;21;477.90027331450716
1;2025-12-01;22;259.9005634758819
1;2025-12-01;23;78.01310556295493
1;2025-12-02;0;23.311996489067838
1;2025-12-02;1;0.0
1;2025-12-02;2;0.0
1;2025-12-02;3;0.0
1;2025-12-02;4;18.47440980895351
1;2025-12-02;5;143.3627362408008
1;2025-12-02;6;522.5482062853139
1;2025-12-02;7;1467.0462071049155
1;2025-12-02;8;1732.4802287605896
1;2025-12-02;9;1384.906707967708
1;2025-12-02;10;1265.1455135808005
1;2025-12-02;11;1267.2728344426746
1;2025-12-02;12;1316.604630254109
1;2025-12-02;13;1345.5688920459904
1;2025-12-02;14;1322.465464094715
1;2025-12-02;15;1440.8097072476685
1;2025-12-02;16;1490.0704974758492
1;2025-12-02;17;1650.0499857647774
1;2025-12-02;18;1651.3492330064012
1;2025-12-02;19;1298.6983582159694
1;2025-12-02;20;877.9191275648332
1;2025-12-02;21;455.329965912133
1;2025-12-02;22;240.77043822200426
1;2025-12-02;23;59.93964990963275
1;2025-12-03;0;17.65476797554379
1;2025-12-03;1;0.0
1;2025-12-03;2;0.0
1;2025-12-03;3;0.0
1;2025-12-03;4;22.5284885793385
1;2025-12-03;5;142.50087438989476
1;2025-12-03;6;518.5321246583266
1;2025-12-03;7;1463.1353994177682
1;2025-12-03;8;1753.5646404158988
1;2025-12-03;9;1411.6930261465955
1;2025-12-03;10;1299.3951587130055
1;2025-12-03;11;1290.6900403558186
1;2025-12-03;12;1323.9193586920937
1;2025-12-03;13;1349.7148910676017
1;2025-12-03;14;1334.334509033898
1;2025-12-03;15;1422.8464373351121
1;2025-12-03;16;1463.9928433851926
1;2025-12-03;17;1651.6085485478072
1;2025-12-03;18;1646.823815890643
1;2025-12-03;19;1286.9579006700822
1;2025-12-03;20;864.1163848036811
1;2025-12-03;21;450.13061793227075
1;2025-12-03;22;238.39255212541696
1;2025-12-03;23;60.31509813100183
1;2025-12-04;0;23.860253904802562
1;2025-12-04;1;0.0
1;2025-12-04;2;0.0
1;2025-12-04;3;0.0
1;2025-12-04;4;26.02551777963083
1;2025-12-04;5;145.12399108998568
1;2025-12-04;6;523.2546371896048
1;2025-12-04;7;1490.0687924382983
1;2025-12-04;8;1756.4402058725416
1;2025-12-04;9;1424.0807134562792
1;2025-12-04;10;1306.5688175447635
1;2025-12-04;11;1297.4799351227616
1;2025-12-04;12;1349.0833006864136
1;2025-12-04;13;1398.7992596489848
1;2025-12-04;14;1383.1429237738707
1;2025-12-04;15;1473.6554503027337
1;2025-12-04;16;1516.2668595004918
1;2025-12-04;17;1681.9748694716377
1;2025-12-04;18;1678.475406234103
1;2025-12-04;19;1299.8509068455012
1;2025-12-04;20;867.875053260968
1;2025-12-04;21;455.53925414392194
1;2025-12-04;22;243.0412825492923
1;2025-12-04;23;63.042687986697274
1;2025-12-05;0;16.834084249627495
1;2025-12-05;1;0.0
1;2025-12-05;2;0.0
1;2025-12-05;3;0.0
1;2025-12-05;4;16.499567131295862
1;2025-12-05;5;134.29670597810525
1;2025-12-05;6;512.9031274439074
1;2025-12-05;7;1450.5389798862843
1;2025-12-05;8;1713.9838221569694
1;2025-12-05;9;1382.7818525136306
1;2025-12-05;10;1299.937229600207
1;2025-12-05;11;1314.6330399690232
1;2025-12-05;12;1354.389520689014
1;2025-12-05;13;1397.637185781026
1;2025-12-05;14;1376.1948036202389
1;2025-12-05;15;1478.927353008266
1;2025-12-05;16;1556.7833889345757
1;2025-12-05;17;1642.5485665755868
1;2025-12-05;18;1579.3376635121474
1;2025-12-05;19;1204.346855773011
1;2025-12-05;20;854.6660095814468
1;2025-12-05;21;454.45664334295753
1;2025-12-05;22;239.18185223783212
1;2025-12-05;23;60.819998485742644
1;2025-12-06;0;2.604628145612196
1;2025-12-06;1;0.0
1;2025-12-06;2;0.0
1;2025-12-06;3;0.0
1;2025-12-06;4;0.0
1;2025-12-06;5;25.184407262399418
1;2025-12-06;6;133.10446477188623
1;2025-12-06;7;321.95156123401784
1;2025-12-06;8;426.97277347371136
1;2025-12-06;9;660.7031871660505
1;2025-12-06;10;750.0474070895543
1;2025-12-06;11;775.6432086488617
1;2025-12-06;12;918.6993228157417
1;2025-12-06;13;954.7171787277794
1;2025-12-06;14;887.1154535724522
1;2025-12-06;15;770.8099527135578
1;2025-12-06;16;701.138900202711
1;2025-12-06;17;637.3889280062181
1;2025-12-06;18;580.8780389174838
1;2025-12-06;19;472.19501502064355
1;2025-12-06;20;357.915584675132
1;2025-12-06;21;263.16323058629933
1;2025-12-06;22;130.8451963438523
1;2025-12-06;23;27.63416037723323
1;2025-12-07;0;2.1657307680761733
1;2025-12-07;1;0.0
1;2025-12-07;2;0.0
1;2025-12-07;3;0.0
1;2025-12-07;4;12.152850233374124
1;2025-12-07;5;15.727183201510115
1;2025-12-07;6;109.65382853569304
1;2025-12-07;7;235.24506402462282
1;2025-12-07;8;318.36149338199453
1;2025-12-07;9;544.8802893346383
1;2025-12-07;10;635.9145952824349
1;2025-12-07;11;652.6735938227407
1;2025-12-07;12;781.5058824091979
1;2025-12-07;13;824.9086260645189
1;2025-12-07;14;755.2557950871114
1;2025-12-07;15;659.152676519122
1;2025-12-07;16;586.4739735773992
1;2025-12-07;17;533.6609499790853
1;2025-12-07;18;486.8911655017519
1;2025-12-07;19;389.93804474499734
1;2025-12-07;20;312.73201762483495
1;2025-12-07;21;236.47931123752892
1;2025-12-07;22;107.66048581576558
1;2025-12-07;23;20.9667074715328
1;2025-12-08;0;18.71076849089036
1;2025-12-08;1;0.0
1;2025-12-08;2;0.0
1;2025-12-08;3;0.0
1;2025-12-08;4;22.37054108658583
1;2025-12-08;5;140.73880430808788
1;2025-12-08;6;513.4094876721755
1;2025-12-08;7;1453.1162721867995
1;2025-12-08;8;1709.973122172565
1;2025-12-08;9;1369.8698171128442
1;2025-12-08;10;1260.5554930096723
1;2025-12-08;11;1266.532100180118
1;2025-12-08;12;1304.1049388932101
1;2025-12-08;13;1333.637009920452
1;2025-12-08;14;1323.6625581834473
1;2025-12-08;15;1433.148846333922
1;2025-12-08;16;1497.8682161998388
1;2025-12-08;17;1670.4577778627272
1;2025-12-08;18;1688.8050641936425
1;2025-12-08;19;1303.2423259450138
1;2025-12-08;20;871.9195608533458
1;2025-12-08;21;450.41856079074535
1;2025-12-08;22;236.22046622148707
1;2025-12-08;23;56.347954024169326
1;2025-12-09;0;15.154656275744742
1;2025-12-09;1;0.0
1;2025-12-09;2;0.0
1;2025-12-09;3;0.0
1;2025-12-09;4;22.26495957200052
1;2025-12-09;5;158.87023283048597
1;2025-12-09;6;534.1938992891598
1;2025-12-09;7;1458.8586757360504
1;2025-12-09;8;1729.336313878087
1;2025-12-09;9;1394.964390252756
1;2025-12-09;10;1279.0407435955726
1;2025-12-09;11;1274.570313137071
1;2025-12-09;12;1293.2295391743041
1;2025-12-09;13;1328.2003011749161
1;2025-12-09;14;1306.5426096470846
1;2025-12-09;15;1414.983754466091
1;2025-12-09;16;1490.844115108524
1;2025-12-09;17;1664.533965694467
1;2025-12-09;18;1667.3969429357796
1;2025-12-09;19;1305.367750917673
1;2025-12-09;20;878.8890995873725
1;2025-12-09;21;445.9735637548287
1;2025-12-09;22;248.92006777788868
1;2025-12-09;23;61.86988978672855
1;2025-12-10;0;21.09291098490587
1;2025-12-10;1;0.0
1;2025-12-10;2;0.0
1;2025-12-10;3;0.0
1;2025-12-10;4;20.82457908639242
1;2025-12-10;5;135.01368599448472
1;2025-12-10;6;512.181059987631
1;2025-12-10;7;1420.2265702012915
1;2025-12-10;8;1693.0076208672444
1;2025-12-10;9;1350.5587370065168
1;2025-12-10;10;1240.250523690363
1;2025-12-10;11;1239.5650536699018
1;2025-12-10;12;1293.511873802474
1;2025-12-10;13;1346.828725034251
1;2025-12-10;14;1304.978105741237
1;2025-12-10;15;1402.2452015808399
1;2025-12-10;16;1458.8447672133145
1;2025-12-10;17;1618.8862380473347
1;2025-12-10;18;1609.447226704885
1;2025-12-10;19;1249.6773811584374
1;2025-12-10;20;855.6560953315935
1;2025-12-10;21;448.70483257269365
1;2025-12-10;22;236.2015159100523
1;2025-12-10;23;55.677516640877684
1;2025-12-11;0;22.292923435163516
1;2025-12-11;1;0.0
1;2025-12-11;2;0.0
1;2025-12-11;3;0.0
1;2025-12-11;4;25.118128494034977
1;2025-12-11;5;146.44153932409995
1;2025-12-11;6;525.4628491446081
1;2025-12-11;7;1471.6927673611526
1;2025-12-11;8;1736.3362691337875
1;2025-12-11;9;1411.237297441854
1;2025-12-11;10;1298.330655743778
1;2025-12-11;11;1308.2607506272122
1;2025-12-11;12;1339.3857676488087
1;2025-12-11;13;1381.2495172607642
1;2025-12-11;14;1348.2494006908412
1;2025-12-11;15;1454.0837994995904
1;2025-12-11;16;1526.6999464610462
1;2025-12-11;17;1687.3553102681155
1;2025-12-11;18;1681.3407933404574
1;2025-12-11;19;1281.416533763988
1;2025-12-11;20;890.8096504620202
1;2025-12-11;21;447.13179592077745
1;2025-12-11;22;242.36360356456726
1;2025-12-11;23;61.3372452690121
1;2025-12-12;0;24.819927508625256
1;2025-12-12;1;0.0
1;2025-12-12;2;0.0
1;2025-12-12;3;0.0
1;2025-12-12;4;17.583499572261303
1;2025-12-12;5;135.60648895538498
1;2025-12-12;6;513.876578500553
1;2025-12-12;7;1455.067358172094
1;2025-12-12;8;1723.2729733066217
1;2025-12-12;9;1418.971484799619
1;2025-12-12;10;1325.8810721052791
1;2025-12-12;11;1320.3309706814553
1;2025-12-12;12;1369.488922430783
1;2025-12-12;13;1392.395471199302
1;2025-12-12;14;1352.0849816337316
1;2025-12-12;15;1428.816944831722
1;2025-12-12;16;1518.8324336939545
1;2025-12-12;17;1639.4690827181144
1;2025-12-12;18;1587.3063140218137
1;2025-12-12;19;1218.6942996620282
1;2025-12-12;20;856.1194113578746
1;2025-12-12;21;430.109245597197
1;2025-12-12;22;219.037584722136
1;2025-12-12;23;50.34295359774342
1;2025-12-13;0;14.901275462280068
1;2025-12-13;1;0.0
1;2025-12-13;2;0.0
1;2025-12-13;3;0.0
1;2025-12-13;4;0.0
1;2025-12-13;5;17.99976880652389
1;2025-12-13;6;128.55525778465312
1;2025-12-13;7;286.7867826573442
1;2025-12-13;8;397.37695958468254
1;2025-12-13;9;606.8409838890943
1;2025-12-13;10;703.4178414800534
1;2025-12-13;11;725.2399314667927
1;2025-12-13;12;848.9105691581677
1;2025-12-13;13;902.5391953327479
1;2025-12-13;14;830.8089827314426
1;2025-12-13;15;735.8301569101703
1;2025-12-13;16;658.8934408240674
1;2025-12-13;17;607.0247147340056
1;2025-12-13;18;554.1305989425304
1;2025-12-13;19;462.86707067764183
1;2025-12-13;20;371.0815125996985
1;2025-12-13;21;261.63239055740996
1;2025-12-13;22;129.51011390922304
1;2025-12-13;23;34.6134333344545
1;2025-12-14;0;10.756302276295287
1;2025-12-14;1;0.0
1;2025-12-14;2;0.0
1;2025-12-14;3;0.0
1;2025-12-14;4;13.187171161320862
1;2025-12-14;5;14.045015197976113
1;2025-12-14;6;105.15128159102369
1;2025-12-14;7;219.73727374280236
1;2025-12-14;8;316.06194392636286
1;2025-12-14;9;529.5181327831491
1;2025-12-14;10;624.738467435716
1;2025-12-14;11;642.7433230140414
1;2025-12-14;12;768.3201243137156
1;2025-12-14;13;807.5803988831864
1;2025-12-14;14;749.1076368568614
1;2025-12-14;15;648.752946816935
1;2025-12-14;16;591.8590886987997
1;2025-12-14;17;539.7912637486047
1;2025-12-14;18;497.00357216674695
1;2025-12-14;19;397.5927672120426
1;2025-12-14;20;314.89397657083805
1;2025-12-14;21;235.5113565477203
1;2025-12-14;22;103.58865802981927
1;2025-12-14;23;24.20941694810233
1;2025-12-15;0;18.84079047314276
1;2025-12-15;1;0.0
1;2025-12-15;2;0.0
1;2025-12-15;3;0.0
1;2025-12-15;4;22.67556786669627
1;2025-12-15;5;131.64003654369412
1;2025-12-15;6;516.6600179268963
1;2025-12-15;7;1428.9852318565372
1;2025-12-15;8;1682.082158062201
1;2025-12-15;9;1337.0856606962343
1;2025-12-15;10;1233.2209246381624
1;2025-12-15;11;1228.805959530182
1;2025-12-15;12;1268.7551119919808
1;2025-12-15;13;1299.7580231249713
1;2025-12-15;14;1298.5487464464186
1;2025-12-15;15;1421.949235266236
1;2025-12-15;16;1477.148641606041
1;2025-12-15;17;1642.5839430123815
1;2025-12-15;18;1646.8562219176283
1;2025-12-15;19;1265.1304663755957
1;2025-12-15;20;848.9314769834344
1;2025-12-15;21;452.87966237540553
1;2025-12-15;22;232.61442243588579
1;2025-12-15;23;60.854951713386185
1;2025-12-16;0;20.088507006136638
1;2025-12-16;1;0.0
1;2025-12-16;2;0.0
1;2025-12-16;3;0.0
1;2025-12-16;4;16.567864142343183
1;2025-12-16;5;136.5575585378516
1;2025-12-16;6;522.6481424092271
1;2025-12-16;7;1463.4497746861957
1;2025-12-16;8;1710.5729618298037
1;2025-12-16;9;1373.759480630607
1;2025-12-16;10;1261.582386088679
1;2025-12-16;11;1271.61312389384
1;2025-12-16;12;1301.8924181782086
1;2025-12-16;13;1305.898685842936
1;2025-12-16;14;1330.0737906181712
1;2025-12-16;15;1432.322928856113
1;2025-12-16;16;1500.686578231809
1;2025-12-16;17;1671.6209615569949
1;2025-12-16;18;1681.481313526544
1;2025-12-16;19;1305.7075759529391
1;2025-12-16;20;891.5209489406471
1;2025-12-16;21;452.74798185792724
1;2025-12-16;22;242.17545325303388
1;2025-12-16;23;56.40874786413883
1;2025-12-17;0;22.398655366217213
1;2025-12-17;1;0.0
1;2025-12-17;2;0.0
1;2025-12-17;3;0.0
1;2025-12-17;4;21.09847945593083
1;2025-12-17;5;133.82394163808362
1;2025-12-17;6;518.0138254107057
1;2025-12-17;7;1446.4231260313722
1;2025-12-17;8;1722.9706565657336
1;2025-12-17;9;1391.4694180355857
1;2025-12-17;10;1281.098429209273
1;2025-12-17;11;1279.8804296409357
1;2025-12-17;12;1327.7894755804045
1;2025-12-17;13;1377.55856588789
1;2025-12-17;14;1335.0811708501533
1;2025-12-17;15;1432.8142679657344
1;2025-12-17;16;1498.2663332508628
1;2025-12-17;17;1653.7320373235964
1;2025-12-17;18;1653.100168587584
1;2025-12-17;19;1290.07886112302
1;2025-12-17;20;867.4024191214249
1;2025-12-17;21;449.07152999357606
1;2025-12-17;22;236.68087677943822
1;2025-12-17;23;55.67717705943937
1;2025-12-18;0;22.862664247251928
1;2025-12-18;1;0.0
1;2025-12-18;2;0.0
1;2025-12-18;3;0.0
1;2025-12-18;4;27.747543147414945
1;2025-12-18;5;139.9182507465174
1;2025-12-18;6;524.5430551895652
1;2025-12-18;7;1468.5997079669578
1;2025-12-18;8;1744.5196928037599
1;2025-12-18;9;1428.1175958746992
1;2025-12-18;10;1319.580917936838
1;2025-12-18;11;1313.3096006356213
1;2025-12-18;12;1365.2456779146387
1;2025-12-18;13;1425.5118852500714
1;2025-12-18;14;1380.0438363616836
1;2025-12-18;15;1479.9325689709935
1;2025-12-18;16;1533.480362785862
1;2025-12-18;17;1706.3490474422674
1;2025-12-18;18;1702.4045967086322
1;2025-12-18;19;1302.8965761784311
1;2025-12-18;20;878.153696914759
1;2025-12-18;21;451.2856443526069
1;2025-12-18;22;241.762480685779
1;2025-12-18;23;63.16322802517118
1;2025-12-19;0;24.107326501848206
1;2025-12-19;1;0.0
1;2025-12-19;2;0.0
1;2025-12-19;3;0.0
1;2025-12-19;4;22.90902457817674
1;2025-12-19;5;135.24213307892205
1;2025-12-19;6;511.81413559379456
1;2025-12-19;7;1453.970157996808
1;2025-12-19;8;1717.1230516977207
1;2025-12-19;9;1405.5561050340866
1;2025-12-19;10;1312.2415964397987
1;2025-12-19;11;1317.313191729818
1;2025-12-19;12;1361.5005112709791
1;2025-12-19;13;1399.755950898813
1;2025-12-19;14;1364.3374016559678
1;2025-12-19;15;1474.558970081474
1;2025-12-19;16;1543.9218267101676
1;2025-12-19;17;1656.8797979242772
1;2025-12-19;18;1581.9080441734905
1;2025-12-19;19;1193.3232094891919
1;2025-12-19;20;843.3371688778345
1;2025-12-19;21;449.16698528068133
1;2025-12-19;22;240.39009184653924
1;2025-12-19;23;64.83373838642547
1;2025-12-20;0;5.853480909479686
1;2025-12-20;1;0.0
1;2025-12-20;2;0.0
1;2025-12-20;3;0.0
1;2025-12-20;4;0.0
1;2025-12-20;5;32.705349775146374
1;2025-12-20;6;138.29418191364482
1;2025-12-20;7;310.4954766052913
1;2025-12-20;8;414.6105514677297
1;2025-12-20;9;638.5429809274851
1;2025-12-20;10;731.809565875263
1;2025-12-20;11;752.2051812118226
1;2025-12-20;12;887.3821088680659
1;2025-12-20;13;940.6402234643405
1;2025-12-20;14;866.2309389732964
1;2025-12-20;15;755.5142557943269
1;2025-12-20;16;693.3812350214107
1;2025-12-20;17;634.1836541208916
1;2025-12-20;18;573.1240952494537
1;2025-12-20;19;468.4144139579898
1;2025-12-20;20;359.62588853726794
1;2025-12-20;21;264.1849357820785
1;2025-12-20;22;130.8563702250974
1;2025-12-20;23;27.156545851162605
1;2025-12-21;0;0.0
1;2025-12-21;1;0.0
1;2025-12-21;2;0.0
1;2025-12-21;3;0.0
1;2025-12-21;4;0.21899680503815944
1;2025-12-21;5;11.50968680218159
1;2025-12-21;6;99.09435002822215
1;2025-12-21;7;220.9076017659246
1;2025-12-21;8;312.9322586486848
1;2025-12-21;9;514.6401862963387
1;2025-12-21;10;620.9935633828835
1;2025-12-21;11;639.296376364601
1;2025-12-21;12;783.1418166901104
1;2025-12-21;13;849.6352200023897
1;2025-12-21;14;784.1991541266257
1;2025-12-21;15;662.0405755106293
1;2025-12-21;16;593.0751288864377
1;2025-12-21;17;527.8307552733447
1;2025-12-21;18;487.1519101207955
1;2025-12-21;19;383.7757412267088
1;2025-12-21;20;304.0278240466506
1;2025-12-21;21;225.77703752777563
1;2025-12-21;22;97.85548416461859
1;2025-12-21;23;19.22808997210211
1;2025-12-22;0;14.745697538216973
1;2025-12-22;1;0.0
1;2025-12-22;2;0.0
1;2025-12-22;3;0.0
1;2025-12-22;4;10.842994297041173
1;2025-12-22;5;132.13513214383374
1;2025-12-22;6;508.01300806544805
1;2025-12-22;7;1429.0139569116407
1;2025-12-22;8;1696.2793013461007
1;2025-12-22;9;1387.6197224366042
1;2025-12-22;10;1262.5271797734633
1;2025-12-22;11;1268.3695105061045
1;2025-12-22;12;1306.9941006266274
1;2025-12-22;13;1308.486215869289
1;2025-12-22;14;1281.4083709097956
1;2025-12-22;15;1406.3993679518417
1;2025-12-22;16;1487.6717094176593
1;2025-12-22;17;1680.0273320215802
1;2025-12-22;18;1700.213320208556
1;2025-12-22;19;1306.6397859540348
1;2025-12-22;20;857.7751542078063
1;2025-12-22;21;462.4238651143984
1;2025-12-22;22;232.60295399136714
1;2025-12-22;23;46.96896651426596
1;2025-12-23;0;12.47381367173432
1;2025-12-23;1;0.0
1;2025-12-23;2;0.0
1;2025-12-23;3;0.0
1;2025-12-23;4;22.83946473929575
1;2025-12-23;5;140.62639437433916
1;2025-12-23;6;528.3879828533693
1;2025-12-23;7;1436.5094698171138
1;2025-12-23;8;1698.4629501613385
1;2025-12-23;9;1358.32754060653
1;2025-12-23;10;1233.00323799886
1;2025-12-23;11;1229.2547635150847
1;2025-12-23;12;1271.6957322095527
1;2025-12-23;13;1309.5989338663876
1;2025-12-23;14;1267.1843077988524
1;2025-12-23;15;1379.9543844619652
1;2025-12-23;16;1454.8014197113714
1;2025-12-23;17;1626.8814440066544
1;2025-12-23;18;1667.6513628941289
1;2025-12-23;19;1285.1425435488914
1;2025-12-23;20;847.0753952387837
1;2025-12-23;21;444.98009388080135
1;2025-12-23;22;238.05569400007084
1;2025-12-23;23;63.01965852193155
1;2025-12-24;0;19.624237118548535
1;2025-12-24;1;0.0
1;2025-12-24;2;0.0
1;2025-12-24;3;0.0
1;2025-12-24;4;20.57019692939764
1;2025-12-24;5;118.06380742695978
1;2025-12-24;6;506.4647805273066
1;2025-12-24;7;1431.6729450039604
1;2025-12-24;8;1683.7265133427331
1;2025-12-24;9;1372.3460981219077
1;2025-12-24;10;1292.0430888864817
1;2025-12-24;11;1276.055980488724
1;2025-12-24;12;1340.8827720270488
1;2025-12-24;13;1374.9905820298936
1;2025-12-24;14;1342.3271823800962
1;2025-12-24;15;1409.339782345235
1;2025-12-24;16;1489.8483522014326
1;2025-12-24;17;1673.5800696346614
1;2025-12-24;18;1648.3637363829241
1;2025-12-24;19;1275.7827786825244
1;2025-12-24;20;873.3501435556818
1;2025-12-24;21;435.1143964036767
1;2025-12-24;22;240.41496810747412
1;2025-12-24;23;62.27340630088622
1;2025-12-25;0;28.133112770984553
1;2025-12-25;1;0.0
1;2025-12-25;2;0.0
1;2025-12-25;3;0.0
1;2025-12-25;4;22.38034776674249
1;2025-12-25;5;136.61370874275508
1;2025-12-25;6;523.3660120224698
1;2025-12-25;7;1476.6777320116294
1;2025-12-25;8;1735.7968602489273
1;2025-12-25;9;1434.318890133071
1;2025-12-25;10;1318.5131709735008
1;2025-12-25;11;1326.9481689876138
1;2025-12-25;12;1370.6556618183295
1;2025-12-25;13;1414.4110497564325
1;2025-12-25;14;1376.5185199655562
1;2025-12-25;15;1461.5379365139236
1;2025-12-25;16;1523.3405461632522
1;2025-12-25;17;1674.4514701248256
1;2025-12-25;18;1649.8961146670747
1;2025-12-25;19;1286.7601836270778
1;2025-12-25;20;882.0767522039617
1;2025-12-25;21;435.6935409571944
1;2025-12-25;22;221.75702446169578
1;2025-12-25;23;61.100111937037354
1;2025-12-26;0;56.71683759332643
1;2025-12-26;1;0.0
1;2025-12-26;2;0.0
1;2025-12-26;3;0.0
1;2025-12-26;4;37.074570018932036
1;2025-12-26;5;138.64077167837206
1;2025-12-26;6;508.96269641812296
1;2025-12-26;7;1456.304030290958
1;2025-12-26;8;1681.952995191466
1;2025-12-26;9;1382.5199950991384
1;2025-12-26;10;1297.0543964403869
1;2025-12-26;11;1239.3822715765484
1;2025-12-26;12;1316.5889779638255
1;2025-12-26;13;1340.3580744217884
1;2025-12-26;14;1334.2482574381133
1;2025-12-26;15;1427.742392060838
1;2025-12-26;16;1520.104279308596
1;2025-12-26;17;1624.6418144661175
1;2025-12-26;18;1580.6985415413747
1;2025-12-26;19;1205.445882134637
1;2025-12-26;20;846.3823024142224
1;2025-12-26;21;455.0693252025727
1;2025-12-26;22;252.17955166173363
1;2025-12-26;23;75.8712566517197
1;2025-12-27;0;19.04828110029655
1;2025-12-27;1;0.0
1;2025-12-27;2;0.0
1;2025-12-27;3;0.0
1;2025-12-27;4;3.0669479528398824
1;2025-12-27;5;23.160924518433944
1;2025-12-27;6;135.33408206824242
1;2025-12-27;7;280.43585288448776
1;2025-12-27;8;385.3777786450982
1;2025-12-27;9;584.7891102921577
1;2025-12-27;10;681.9309130775924
1;2025-12-27;11;690.7974706172798
1;2025-12-27;12;831.8545270268781
1;2025-12-27;13;875.5153546619422
1;2025-12-27;14;820.3738381454781
1;2025-12-27;15;702.7351693687147
1;2025-12-27;16;631.7432023000707
1;2025-12-27;17;561.806452857648
1;2025-12-27;18;516.0107433615722
1;2025-12-27;19;404.7803244535557
1;2025-12-27;20;306.94315968926844
1;2025-12-27;21;251.62850116253242
1;2025-12-27;22;121.18936052768674
1;2025-12-27;23;23.069229615451036
1;2025-12-28;0;3.756812165196493
1;2025-12-28;1;0.0
1;2025-12-28;2;0.0
1;2025-12-28;3;0.0
1;2025-12-28;4;9.653769641856456
1;2025-12-28;5;17.035148510640738
1;2025-12-28;6;103.49075888028938
1;2025-12-28;7;193.79323763344917
1;2025-12-28;8;274.15834230989776
1;2025-12-28;9;480.08929931059595
1;2025-12-28;10;594.529713372048
1;2025-12-28;11;608.7322236325967
1;2025-12-28;12;737.6865054750609
1;2025-12-28;13;777.291075171764
1;2025-12-28;14;715.1742214396421
1;2025-12-28;15;618.7215539531443
1;2025-12-28;16;567.4186887826355
1;2025-12-28;17;499.1929554377627
1;2025-12-28;18;453.41318587718285
1;2025-12-28;19;350.51198609200196
1;2025-12-28;20;285.63363592660556
1;2025-12-28;21;236.86779671714828
1;2025-12-28;22;109.13466152653734
1;2025-12-28;23;26.94033278619554
1;2025-12-29;0;16.440811766800493
1;2025-12-29;1;0.0
1;2025-12-29;2;0.0
1;2025-12-29;3;0.0
1;2025-12-29;4;13.019042092158656
1;2025-12-29;5;120.10128775908026
1;2025-12-29;6;493.429165474935
1;2025-12-29;7;1440.649866270679
1;2025-12-29;8;1666.3888729125813
1;2025-12-29;9;1374.98914099444
1;2025-12-29;10;1253.340881942589
1;2025-12-29;11;1249.8326284226705
1;2025-12-29;12;1262.8177948780392
1;2025-12-29;13;1277.5973073665757
1;2025-12-29;14;1269.9709372479958
1;2025-12-29;15;1400.982979842155
1;2025-12-29;16;1479.070013434431
1;2025-12-29;17;1604.9968939732948
1;2025-12-29;18;1617.5185146027857
1;2025-12-29;19;1218.6412976557579
1;2025-12-29;20;825.5253559633765
1;2025-12-29;21;440.12515947745965
1;2025-12-29;22;203.26996304202748
1;2025-12-29;23;37.201247036018
1;2025-12-30;0;8.466761634721479
1;2025-12-30;1;0.0
1;2025-12-30;2;0.0
1;2025-12-30;3;0.0
1;2025-12-30;4;10.349333403214018
1;2025-12-30;5;114.34250615317558
1;2025-12-30;6;505.20456657359455
1;2025-12-30;7;1438.2016980433496
1;2025-12-30;8;1686.0079030566505
1;2025-12-30;9;1375.3452296369342
1;2025-12-30;10;1240.5436545298885
1;2025-12-30;11;1260.9178869902491
1;2025-12-30;12;1274.6128356195277
1;2025-12-30;13;1297.2137645067078
1;2025-12-30;14;1298.1211157933406
1;2025-12-30;15;1415.723854435794
1;2025-12-30;16;1475.2623465343172
1;2025-12-30;17;1617.244187284412
1;2025-12-30;18;1648.6977390632203
1;2025-12-30;19;1256.1284756288046
1;2025-12-30;20;848.2651265248642
1;2025-12-30;21;443.700732936611
1;2025-12-30;22;229.20447614882403
1;2025-12-30;23;58.49293101748333
1;2025-12-31;0;44.232670976580266
1;2025-12-31;1;0.0
1;2025-12-31;2;0.0
1;2025-12-31;3;0.0
1;2025-12-31;4;22.416200527755223
1;2025-12-31;5;37.9211267045697
1;2025-12-31;6;135.2920722555458
1;2025-12-31;7;174.53241852340784
1;2025-12-31;8;265.25003152577045
1;2025-12-31;9;399.27014186853575
1;2025-12-31;10;435.24154389096935
1;2025-12-31;11;432.4618879100221
1;2025-12-31;12;539.6160048983586
1;2025-12-31;13;610.5888135473441
1;2025-12-31;14;555.948221763756
1;2025-12-31;15;494.89735995091814
1;2025-12-31;16;450.4747897661844
1;2025-12-31;17;448.5476662255124
1;2025-12-31;18;419.4812952960964
1;2025-12-31;19;318.77846789561937
1;2025-12-31;20;253.7783278033752
1;2025-12-31;21;243.98638184887363
1;2025-12-31;22;131.68334919004394
1;2025-12-31;23;48.96872437513673
5;2025-11-01;0;114.6206885042186
5;2025-11-01;1;0.0
5;2025-11-01;2;0.0
5;2025-11-01;3;0.0
5;2025-11-01;4;118.72252602375522
5;2025-11-01;5;197.47397562009996
5;2025-11-01;6;550.4498969714375
5;2025-11-01;7;1295.4343311031105
5;2025-11-01;8;1440.3211027320126
5;2025-11-01;9;1277.1153683125235
5;2025-11-01;10;1199.0236781268413
5;2025-11-01;11;1185.4000235790618
5;2025-11-01;12;1245.6162680077225
5;2025-11-01;13;1329.4292101566616
5;2025-11-01;14;1326.50711976028
5;2025-11-01;15;1416.496387420098
5;2025-11-01;16;1497.3951356938683
5;2025-11-01;17;1527.4025691490438
5;2025-11-01;18;1369.126377974182
5;2025-11-01;19;1010.12415671698
5;2025-11-01;20;835.8275838176786
5;2025-11-01;21;503.39509132726795
5;2025-11-01;22;286.432086262041
5;2025-11-01;23;148.13899067699776
5;2025-11-02;0;7.870230106123927
5;2025-11-02;1;0.0
5;2025-11-02;2;0.0
5;2025-11-02;3;0.0
5;2025-11-02;4;7.205518483022729
5;2025-11-02;5;15.780030240018164
5;2025-11-02;6;108.10692503235589
5;2025-11-02;7;275.75273104892693
5;2025-11-02;8;375.6184868560252
5;2025-11-02;9;596.9561346895163
5;2025-11-02;10;695.3335626070965
5;2025-11-02;11;716.3544167564211
5;2025-11-02;12;842.7823940898928
5;2025-11-02;13;863.7803285893847
5;2025-11-02;14;846.4705916752847
5;2025-11-02;15;717.1107693787405
5;2025-11-02;16;645.4477390111349
5;2025-11-02;17;604.84444813881
5;2025-11-02;18;549.7962636435575
5;2025-11-02;19;455.5344695863676
5;2025-11-02;20;353.9912136515573
5;2025-11-02;21;244.89664648462417
5;2025-11-02;22;110.46371833243802
5;2025-11-02;23;22.856711835827923
5;2025-11-03;0;46.42217636182136
5;2025-11-03;1;0.0
5;2025-11-03;2;0.0
5;2025-11-03;3;0.0
5;2025-11-03;4;57.95624447612681
5;2025-11-03;5;93.9551425039482
5;2025-11-03;6;190.69285416109358
5;2025-11-03;7;348.9135065583779
5;2025-11-03;8;492.9712253268364
5;2025-11-03;9;600.8164796138894
5;2025-11-03;10;647.8932201219412
5;2025-11-03;11;677.2931262064632
5;2025-11-03;12;756.3227668867114
5;2025-11-03;13;783.8602578957231
5;2025-11-03;14;750.9909800715332
5;2025-11-03;15;709.9775995821614
5;2025-11-03;16;655.1138003679999
5;2025-11-03;17;691.6164613384296
5;2025-11-03;18;670.2836362877634
5;2025-11-03;19;537.8488716547561
5;2025-11-03;20;375.12604917898284
5;2025-11-03;21;297.4078376562689
5;2025-11-03;22;166.97740043914087
5;2025-11-03;23;63.873036011454815
5;2025-11-04;0;48.7366218440003
5;2025-11-04;1;0.0
5;2025-11-04;2;0.0
5;2025-11-04;3;0.0
5;2025-11-04;4;47.0697531550702
5;2025-11-04;5;91.9298104067459
5;2025-11-04;6;183.7962658382046
5;2025-11-04;7;334.3368896336089
5;2025-11-04;8;478.22327278578706
5;2025-11-04;9;596.8954420502901
5;2025-11-04;10;639.2318193469746
5;2025-11-04;11;643.76401130848
5;2025-11-04;12;720.9340479320042
5;2025-11-04;13;806.8947578498953
5;2025-11-04;14;779.6647931836596
5;2025-11-04;15;711.5333205523453
5;2025-11-04;16;615.1145175451775
5;2025-11-04;17;626.8371475403668
5;2025-11-04;18;619.944493095361
5;2025-11-04;19;533.2996335788171
5;2025-11-04;20;371.04674969017935
5;2025-11-04;21;302.43189624523933
5;2025-11-04;22;175.33521959741756
5;2025-11-04;23;68.46391698842069
5;2025-11-05;0;6.2938884206987495
5;2025-11-05;1;0.0
5;2025-11-05;2;0.0
5;2025-11-05;3;0.0
5;2025-11-05;4;16.500559586423265
5;2025-11-05;5;132.28088796882093
5;2025-11-05;6;510.6885079539653
5;2025-11-05;7;1505.1507611309403
5;2025-11-05;8;1791.5998107281605
5;2025-11-05;9;1469.7703364096474
5;2025-11-05;10;1359.5900493991717
5;2025-11-05;11;1340.191748119862
5;2025-11-05;12;1380.8083975550583
5;2025-11-05;13;1424.5064987529581
5;2025-11-05;14;1392.2027198726255
5;2025-11-05;15;1510.6592717300628
5;2025-11-05;16;1550.9290647128162
5;2025-11-05;17;1730.8814843696466
5;2025-11-05;18;1758.4728860632088
5;2025-11-05;19;1369.973246544655
5;2025-11-05;20;914.7017325851276
5;2025-11-05;21;459.22170460695384
5;2025-11-05;22;230.72186961682758
5;2025-11-05;23;41.55101460235164
5;2025-11-06;0;5.00272045609006
5;2025-11-06;1;0.0
5;2025-11-06;2;0.0
5;2025-11-06;3;0.0
5;2025-11-06;4;8.353774812559891
5;2025-11-06;5;124.81388211025364
5;2025-11-06;6;522.3829760495715
5;2025-11-06;7;1530.1590327311142
5;2025-11-06;8;1811.6225803995487
5;2025-11-06;9;1476.523978041226
5;2025-11-06;10;1367.6541077718293
5;2025-11-06;11;1368.249147554196
5;2025-11-06;12;1395.3432702713114
5;2025-11-06;13;1437.7523226029584
5;2025-11-06;14;1416.6886477004446
5;2025-11-06;15;1517.2136637155152
5;2025-11-06;16;1574.2928063438962
5;2025-11-06;17;1777.9918988688469
5;2025-11-06;18;1777.649960611982
5;2025-11-06;19;1371.3345940558158
5;2025-11-06;20;893.7683912432115
5;2025-11-06;21;464.49448960593406
5;2025-11-06;22;242.0425016140498
5;2025-11-06;23;49.44506200815965
5;2025-11-07;0;8.44261640899117
5;2025-11-07;1;0.0
5;2025-11-07;2;0.0
5;2025-11-07;3;0.0
5;2025-11-07;4;7.989441034959782
5;2025-11-07;5;123.03504863292767
5;2025-11-07;6;510.2040907831426
5;2025-11-07;7;1501.9433338568374
5;2025-11-07;8;1772.184784947051
5;2025-11-07;9;1429.4351921984016
5;2025-11-07;10;1356.8601897573697
5;2025-11-07;11;1356.0088615878883
5;2025-11-07;12;1381.400132307366
5;2025-11-07;13;1425.380502509129
5;2025-11-07;14;1395.3393255999588
5;2025-11-07;15;1521.5342691337673
5;2025-11-07;16;1591.6485062094994
5;2025-11-07;17;1711.7144789803954
5;2025-11-07;18;1648.8162252372106
5;2025-11-07;19;1257.0219755547023
5;2025-11-07;20;866.23538138755
5;2025-11-07;21;463.00652384352145
5;2025-11-07;22;239.42663875000028
5;2025-11-07;23;53.502612459129296
5;2025-11-08;0;11.57853614633791
5;2025-11-08;1;0.0
5;2025-11-08;2;0.0
5;2025-11-08;3;0.0
5;2025-11-08;4;3.7166946983232947
5;2025-11-08;5;41.39428012824635
5;2025-11-08;6;144.9704123698076
5;2025-11-08;7;349.980997398084
5;2025-11-08;8;462.8610668429538
5;2025-11-08;9;694.9361186092165
5;2025-11-08;10;790.9360514141636
5;2025-11-08;11;818.8440148669102
5;2025-11-08;12;966.2244951085806
5;2025-11-08;13;1001.7519630620311
5;2025-11-08;14;945.2118447749544
5;2025-11-08;15;830.9098800804076
5;2025-11-08;16;756.396696021347
5;2025-11-08;17;682.2382603498639
5;2025-11-08;18;622.5192712021953
5;2025-11-08;19;523.0913220159
5;2025-11-08;20;427.4353757519539
5;2025-11-08;21;315.70654925556573
5;2025-11-08;22;149.27063224536175
5;2025-11-08;23;47.16398630608887
5;2025-11-09;0;3.0709503162404417
5;2025-11-09;1;0.0
5;2025-11-09;2;0.0
5;2025-11-09;3;0.0
5;2025-11-09;4;4.653198902648683
5;2025-11-09;5;29.129459282832954
5;2025-11-09;6;127.23521055558251
5;2025-11-09;7;284.1570195527977
5;2025-11-09;8;374.1070974011216
5;2025-11-09;9;606.6258857204829
5;2025-11-09;10;691.8582545658873
5;2025-11-09;11;712.2212500217977
5;2025-11-09;12;846.7355688175073
5;2025-11-09;13;886.2412302353916
5;2025-11-09;14;821.843972568258
5;2025-11-09;15;718.017878329735
5;2025-11-09;16;655.4312266704446
5;2025-11-09;17;586.0933255115054
5;2025-11-09;18;540.8524777412608
5;2025-11-09;19;446.4407588146938
5;2025-11-09;20;358.0909262294289
5;2025-11-09;21;243.60040260319397
5;2025-11-09;22;109.0620461799449
5;2025-11-09;23;25.572750710041646
5;2025-11-10;0;0.0
5;2025-11-10;1;0.0
5;2025-11-10;2;0.0
5;2025-11-10;3;0.0
5;2025-11-10;4;10.750014437002164
5;2025-11-10;5;127.26815778380637
5;2025-11-10;6;506.3581410516691
5;2025-11-10;7;1464.8717712795474
5;2025-11-10;8;1759.6660311914238
5;2025-11-10;9;1411.8921004359954
5;2025-11-10;10;1304.9868909817342
5;2025-11-10;11;1301.3609220317574
5;2025-11-10;12;1351.4181512214102
5;2025-11-10;13;1394.6263930093423
5;2025-11-10;14;1374.4553005813664
5;2025-11-10;15;1485.7367527771107
5;2025-11-10;16;1547.94644736715
5;2025-11-10;17;1730.5655681721214
5;2025-11-10;18;1739.7441769010275
5;2025-11-10;19;1352.1344364668075
5;2025-11-10;20;899.4186661921722
5;2025-11-10;21;447.22241855875154
5;2025-11-10;22;224.78331802619164
5;2025-11-10;23;46.58586890944855
5;2025-11-11;0;3.6055926713842155
5;2025-11-11;1;0.0
5;2025-11-11;2;0.0
5;2025-11-11;3;0.0
5;2025-11-11;4;11.023263421897695
5;2025-11-11;5;129.1124556133169
5;2025-11-11;6;506.8134016182297
5;2025-11-11;7;1481.6706931117162
5;2025-11-11;8;1784.6424585423124
5;2025-11-11;9;1444.8715123144275
5;2025-11-11;10;1302.9570554614652
5;2025-11-11;11;1301.6114455349134
5;2025-11-11;12;1335.51338439776
5;2025-11-11;13;1362.0941256330634
5;2025-11-11;14;1351.2222028216167
5;2025-11-11;15;1487.7040156552002
5;2025-11-11;16;1517.6883678218505
5;2025-11-11;17;1677.4128935178824
5;2025-11-11;18;1680.0833683465019
5;2025-11-11;19;1291.8243552943627
5;2025-11-11;20;894.6821304371744
5;2025-11-11;21;453.3395585419249
5;2025-11-11;22;224.5581907573884
5;2025-11-11;23;41.625194527511894
5;2025-11-12;0;6.862062212615115
5;2025-11-12;1;0.0
5;2025-11-12;2;0.0
5;2025-11-12;3;0.0
5;2025-11-12;4;10.365210572100182
5;2025-11-12;5;128.0170652589618
5;2025-11-12;6;513.2825611940664
5;2025-11-12;7;1513.5385531757993
5;2025-11-12;8;1811.3095112196527
5;2025-11-12;9;1440.2038526550386
5;2025-11-12;10;1314.8891309028727
5;2025-11-12;11;1314.2932852107488
5;2025-11-12;12;1340.4165276358972
5;2025-11-12;13;1395.0301069160282
5;2025-11-12;14;1360.084334980416
5;2025-11-12;15;1480.3886196949686
5;2025-11-12;16;1518.8700465278312
5;2025-11-12;17;1707.8034375765292
5;2025-11-12;18;1724.1754126907733
5;2025-11-12;19;1346.6943680159243
5;2025-11-12;20;864.9105161264594
5;2025-11-12;21;453.4377728613014
5;2025-11-12;22;231.57792615972824
5;2025-11-12;23;47.72488132885428
5;2025-11-13;0;2.258884483598308
5;2025-11-13;1;0.0
5;2025-11-13;2;0.0
5;2025-11-13;3;0.0
5;2025-11-13;4;5.227052412665898
5;2025-11-13;5;118.25861729022472
5;2025-11-13;6;519.7134229700337
5;2025-11-13;7;1513.263302620453
5;2025-11-13;8;1785.5568785616397
5;2025-11-13;9;1433.703747607578
5;2025-11-13;10;1340.2626424848581
5;2025-11-13;11;1347.3081876052365
5;2025-11-13;12;1373.519625821979
5;2025-11-13;13;1427.0370165462073
5;2025-11-13;14;1387.3580189568254
5;2025-11-13;15;1505.9980838926222
5;2025-11-13;16;1557.9722054333815
5;2025-11-13;17;1735.9845396845503
5;2025-11-13;18;1743.59170632861
5;2025-11-13;19;1341.07937659282
5;2025-11-13;20;886.555925566873
5;2025-11-13;21;451.33860089874844
5;2025-11-13;22;225.68757163883527
5;2025-11-13;23;41.08329387555875
5;2025-11-14;0;1.9793583756872977
5;2025-11-14;1;0.0
5;2025-11-14;2;0.0
5;2025-11-14;3;0.0
5;2025-11-14;4;18.47887652522195
5;2025-11-14;5;136.538526004196
5;2025-11-14;6;520.8046097564265
5;2025-11-14;7;1490.5896914141122
5;2025-11-14;8;1756.1365569309662
5;2025-11-14;9;1442.8688753063352
5;2025-11-14;10;1317.9432577528924
5;2025-11-14;11;1299.5976425793142
5;2025-11-14;12;1343.9669015250824
5;2025-11-14;13;1403.026502239075
5;2025-11-14;14;1363.2899911460843
5;2025-11-14;15;1490.576726537223
5;2025-11-14;16;1569.633725207289
5;2025-11-14;17;1689.4591324527705
5;2025-11-14;18;1638.804489418686
5;2025-11-14;19;1241.93765161735
5;2025-11-14;20;855.2317793788816
5;2025-11-14;21;451.543390543928
5;2025-11-14;22;232.5596960151039
5;2025-11-14;23;49.42253438229568
5;2025-11-15;0;36.29595544279812
5;2025-11-15;1;0.0
5;2025-11-15;2;0.0
5;2025-11-15;3;0.0
5;2025-11-15;4;6.895388445246226
5;2025-11-15;5;43.856643462826014
5;2025-11-15;6;121.78821482595299
5;2025-11-15;7;308.5404092352463
5;2025-11-15;8;367.50642542151303
5;2025-11-15;9;605.2688418911903
5;2025-11-15;10;706.4064104644838
5;2025-11-15;11;753.6410053486294
5;2025-11-15;12;926.4261859220395
5;2025-11-15;13;969.9300357983033
5;2025-11-15;14;916.3470854577406
5;2025-11-15;15;791.6060428371854
5;2025-11-15;16;720.6502789149683
5;2025-11-15;17;634.3828059850144
5;2025-11-15;18;573.1868816257478
5;2025-11-15;19;477.0944907184918
5;2025-11-15;20;394.8009163788307
5;2025-11-15;21;280.4425639494264
5;2025-11-15;22;141.03752335823447
5;2025-11-15;23;34.562357629752114
5;2025-11-16;0;8.849307940360973
5;2025-11-16;1;0.0
5;2025-11-16;2;0.0
5;2025-11-16;3;0.0
5;2025-11-16;4;5.6246941866425
5;2025-11-16;5;6.295684503524626
5;2025-11-16;6;97.71287949580596
5;2025-11-16;7;248.34960269211376
5;2025-11-16;8;330.9053474316363
5;2025-11-16;9;558.1588351212945
5;2025-11-16;10;658.5310573292344
5;2025-11-16;11;688.930910666369
5;2025-11-16;12;824.1876886442565
5;2025-11-16;13;871.1808688777091
5;2025-11-16;14;791.1221213117278
5;2025-11-16;15;668.9423325421891
5;2025-11-16;16;598.6345026595772
5;2025-11-16;17;539.5308113138012
5;2025-11-16;18;492.53508556373305
5;2025-11-16;19;405.31349341408674
5;2025-11-16;20;322.9742869264691
5;2025-11-16;21;242.256835849068
5;2025-11-16;22;109.87806935919127
5;2025-11-16;23;27.609693230214816
5;2025-11-17;0;0.173688046300299
5;2025-11-17;1;0.0
5;2025-11-17;2;0.0
5;2025-11-17;3;0.0
5;2025-11-17;4;15.020921049881053
5;2025-11-17;5;134.93126276485816
5;2025-11-17;6;505.07299242080705
5;2025-11-17;7;1443.3925513866998
5;2025-11-17;8;1703.164348024018
5;2025-11-17;9;1381.7799604169363
5;2025-11-17;10;1267.252385653544
5;2025-11-17;11;1268.9734627780267
5;2025-11-17;12;1292.5456883147642
5;2025-11-17;13;1280.450978759039
5;2025-11-17;14;1292.0308173017502
5;2025-11-17;15;1366.561396562197
5;2025-11-17;16;1468.0503395756157
5;2025-11-17;17;1669.9549655213168
5;2025-11-17;18;1711.207507590117
5;2025-11-17;19;1336.0575975025613
5;2025-11-17;20;879.3285161031818
5;2025-11-17;21;446.0271541871102
5;2025-11-17;22;219.81981607661965
5;2025-11-17;23;42.69737333629291
5;2025-11-18;0;1.9067831985378234
5;2025-11-18;1;0.0
5;2025-11-18;2;0.0
5;2025-11-18;3;0.0
5;2025-11-18;4;24.996414794998827
5;2025-11-18;5;137.95737492962996
5;2025-11-18;6;506.12010516281805
5;2025-11-18;7;1468.3672378041083
5;2025-11-18;8;1752.022310414451
5;2025-11-18;9;1413.1640008087493
5;2025-11-18;10;1249.3769996362105
5;2025-11-18;11;1287.5441205613847
5;2025-11-18;12;1306.1761990119594
5;2025-11-18;13;1334.7558619996194
5;2025-11-18;14;1289.4514087376106
5;2025-11-18;15;1400.2696446294744
5;2025-11-18;16;1470.8421825437754
5;2025-11-18;17;1671.1349642889836
5;2025-11-18;18;1688.5634728228997
5;2025-11-18;19;1319.579259994102
5;2025-11-18;20;889.8720759052986
5;2025-11-18;21;437.87301894085226
5;2025-11-18;22;224.1818999612749
5;2025-11-18;23;41.150655812821356
5;2025-11-19;0;6.879192256364604
5;2025-11-19;1;0.0
5;2025-11-19;2;0.0
5;2025-11-19;3;0.0
5;2025-11-19;4;10.192040189178556
5;2025-11-19;5;122.01476620945436
5;2025-11-19;6;500.5809356997329
5;2025-11-19;7;1446.5380425009148
5;2025-11-19;8;1737.4728387190758
5;2025-11-19;9;1423.743997910076
5;2025-11-19;10;1306.599847678931
5;2025-11-19;11;1293.9899839353645
5;2025-11-19;12;1344.5850213995068
5;2025-11-19;13;1385.3487381082307
5;2025-11-19;14;1335.6266198524518
5;2025-11-19;15;1417.0969143539437
5;2025-11-19;16;1470.558045252255
5;2025-11-19;17;1634.1210307023853
5;2025-11-19;18;1643.359093564654
5;2025-11-19;19;1271.0460263082314
5;2025-11-19;20;857.1362714669135
5;2025-11-19;21;450.3384245398131
5;2025-11-19;22;221.3405196968679
5;2025-11-19;23;38.328159249586065
5;2025-11-20;0;4.771231361739183
5;2025-11-20;1;0.0
5;2025-11-20;2;0.0
5;2025-11-20;3;0.0
5;2025-11-20;4;4.128072185940823
5;2025-11-20;5;121.73367466608784
5;2025-11-20;6;505.76222412559093
5;2025-11-20;7;1470.5697798786027
5;2025-11-20;8;1735.243354792294
5;2025-11-20;9;1425.5645450361963
5;2025-11-20;10;1315.1121899978561
5;2025-11-20;11;1324.12784501117
5;2025-11-20;12;1355.2590310197156
5;2025-11-20;13;1398.2612459936572
5;2025-11-20;14;1360.6451943993898
5;2025-11-20;15;1438.7200511716608
5;2025-11-20;16;1500.108984368186
5;2025-11-20;17;1674.3319705829974
5;2025-11-20;18;1681.3622484497014
5;2025-11-20;19;1286.9346954508524
5;2025-11-20;20;882.7968434989332
5;2025-11-20;21;484.2194198707337
5;2025-11-20;22;254.5716135122301
5;2025-11-20;23;63.056352057262075
5;2025-11-21;0;2.990915482544665
5;2025-11-21;1;0.0
5;2025-11-21;2;0.0
5;2025-11-21;3;0.0
5;2025-11-21;4;11.69408564429466
5;2025-11-21;5;129.76953216802838
5;2025-11-21;6;502.37772642677317
5;2025-11-21;7;1447.3952395264398
5;2025-11-21;8;1716.4729548686
5;2025-11-21;9;1396.0167023332601
5;2025-11-21;10;1289.897584548533
5;2025-11-21;11;1298.9899939671875
5;2025-11-21;12;1331.6558298920563
5;2025-11-21;13;1363.4452267408706
5;2025-11-21;14;1324.9859663636303
5;2025-11-21;15;1432.244232677755
5;2025-11-21;16;1508.283312620406
5;2025-11-21;17;1616.1177668961222
5;2025-11-21;18;1562.979561062879
5;2025-11-21;19;1178.5567007741179
5;2025-11-21;20;806.3284276591338
5;2025-11-21;21;448.2012508142493
5;2025-11-21;22;218.58290011479164
5;2025-11-21;23;40.86843471269606
5;2025-11-22;0;1.088644254983251
5;2025-11-22;1;0.0
5;2025-11-22;2;0.0
5;2025-11-22;3;0.0
5;2025-11-22;4;19.842566078800587
5;2025-11-22;5;19.264234620368484
5;2025-11-22;6;143.65008226113923
5;2025-11-22;7;331.16419969094204
5;2025-11-22;8;427.9616307314474
5;2025-11-22;9;659.2291515388331
5;2025-11-22;10;754.4891325820713
5;2025-11-22;11;782.6748573160011
5;2025-11-22;12;936.0948203419725
5;2025-11-22;13;976.5856498802037
5;2025-11-22;14;881.2896477942908
5;2025-11-22;15;778.0447173747145
5;2025-11-22;16;711.065378536292
5;2025-11-22;17;638.4537015796989
5;2025-11-22;18;576.2754083277633
5;2025-11-22;19;455.7260703878545
5;2025-11-22;20;363.2340815705928
5;2025-11-22;21;274.58411953420085
5;2025-11-22;22;119.47882584352203
5;2025-11-22;23;22.843850507369893
5;2025-11-23;0;2.107980774481689
5;2025-11-23;1;0.0
5;2025-11-23;2;0.0
5;2025-11-23;3;0.0
5;2025-11-23;4;1.9498479343106965
5;2025-11-23;5;11.097909460103438
5;2025-11-23;6;102.81646364952974
5;2025-11-23;7;250.39956039239667
5;2025-11-23;8;336.6460506753756
5;2025-11-23;9;561.4392733988036
5;2025-11-23;10;656.7773617133151
5;2025-11-23;11;662.036298111552
5;2025-11-23;12;819.9276255950665
5;2025-11-23;13;877.9258286994539
5;2025-11-23;14;769.0916727463871
5;2025-11-23;15;669.8843976251784
5;2025-11-23;16;604.1521900192956
5;2025-11-23;17;533.8919606138425
5;2025-11-23;18;495.96485622815993
5;2025-11-23;19;384.6905158346823
5;2025-11-23;20;307.2109321171042
5;2025-11-23;21;240.66255493348945
5;2025-11-23;22;107.10283670008789
5;2025-11-23;23;28.921668485437408
5;2025-11-24;0;4.344409506969782
5;2025-11-24;1;0.0
5;2025-11-24;2;0.0
5;2025-11-24;3;0.0
5;2025-11-24;4;7.329113159367466
5;2025-11-24;5;121.58762145908747
5;2025-11-24;6;506.8140112441492
5;2025-11-24;7;1500.3301748515873
5;2025-11-24;8;1762.8589864330775
5;2025-11-24;9;1411.7878131707596
5;2025-11-24;10;1234.909432122391
5;2025-11-24;11;1257.145596202956
5;2025-11-24;12;1341.1994857450863
5;2025-11-24;13;1380.6391450235865
5;2025-11-24;14;1371.6852407144042
5;2025-11-24;15;1485.6823582037516
5;2025-11-24;16;1561.2783412652639
5;2025-11-24;17;1722.014933934302
5;2025-11-24;18;1749.9986319971704
5;2025-11-24;19;1341.4256768548207
5;2025-11-24;20;899.1295663754846
5;2025-11-24;21;442.0787054135264
5;2025-11-24;22;213.86129821876523
5;2025-11-24;23;35.836079126220625
5;2025-11-25;0;1.7711372747154428
5;2025-11-25;1;0.0
5;2025-11-25;2;0.0
5;2025-11-25;3;0.0
5;2025-11-25;4;5.452697939314476
5;2025-11-25;5;125.97616361980909
5;2025-11-25;6;514.5179528955834
5;2025-11-25;7;1489.1408934636204
5;2025-11-25;8;1771.5416128469903
5;2025-11-25;9;1434.67353991474
5;2025-11-25;10;1308.6549514793364
5;2025-11-25;11;1310.7074843779158
5;2025-11-25;12;1347.8139777621882
5;2025-11-25;13;1373.450156099921
5;2025-11-25;14;1338.3009587636461
5;2025-11-25;15;1455.9813662037368
5;2025-11-25;16;1508.714343191281
5;2025-11-25;17;1662.6919689730844
5;2025-11-25;18;1685.9034137306448
5;2025-11-25;19;1318.0764609748467
5;2025-11-25;20;877.4451188514446
5;2025-11-25;21;453.0698397407011
5;2025-11-25;22;226.8035474807084
5;2025-11-25;23;46.53968468264293
5;2025-11-26;0;0.0
5;2025-11-26;1;0.0
5;2025-11-26;2;0.0
5;2025-11-26;3;0.0
5;2025-11-26;4;0.0
5;2025-11-26;5;113.06718934345975
5;2025-11-26;6;510.7593084647086
5;2025-11-26;7;1489.1770562316128
5;2025-11-26;8;1739.7069395484618
5;2025-11-26;9;1371.957660912195
5;2025-11-26;10;1258.1600215693322
5;2025-11-26;11;1261.115161689852
5;2025-11-26;12;1327.3334990430476
5;2025-11-26;13;1421.4021053174351
5;2025-11-26;14;1379.21014457962
5;2025-11-26;15;1499.4705185859611
5;2025-11-26;16;1516.6929502550424
5;2025-11-26;17;1665.8797623705973
5;2025-11-26;18;1706.604878696887
5;2025-11-26;19;1267.5681029574055
5;2025-11-26;20;855.6331192454747
5;2025-11-26;21;452.88371189439624
5;2025-11-26;22;219.6003378073657
5;2025-11-26;23;46.391272722978556
5;2025-11-27;0;4.067488948208506
5;2025-11-27;1;0.0
5;2025-11-27;2;0.0
5;2025-11-27;3;0.0
5;2025-11-27;4;0.0
5;2025-11-27;5;124.51238120395874
5;2025-11-27;6;517.3343536032362
5;2025-11-27;7;1511.7815957658734
5;2025-11-27;8;1793.6796584923272
5;2025-11-27;9;1447.2904403562845
5;2025-11-27;10;1344.0823134247707
5;2025-11-27;11;1331.7110793734914
5;2025-11-27;12;1355.3231001578215
5;2025-11-27;13;1400.5985130768966
5;2025-11-27;14;1361.8401713602639
5;2025-11-27;15;1500.3894236985402
5;2025-11-27;16;1547.1061446594858
5;2025-11-27;17;1726.5489156844744
5;2025-11-27;18;1705.5404189023961
5;2025-11-27;19;1299.7947318640097
5;2025-11-27;20;875.2627419530799
5;2025-11-27;21;457.7667444232673
5;2025-11-27;22;223.52288632941554
5;2025-11-27;23;67.68878283225592
5;2025-11-28;0;4.816706297216911
5;2025-11-28;1;0.0
5;2025-11-28;2;0.0
5;2025-11-28;3;0.0
5;2025-11-28;4;12.316962748891683
5;2025-11-28;5;129.81204855435533
5;2025-11-28;6;506.06648757467207
5;2025-11-28;7;1483.3907442807126
5;2025-11-28;8;1748.2016663157515
5;2025-11-28;9;1419.122597736306
5;2025-11-28;10;1320.373745905496
5;2025-11-28;11;1331.5618102499188
5;2025-11-28;12;1368.5963870563942
5;2025-11-28;13;1409.3481577049206
5;2025-11-28;14;1377.819717513738
5;2025-11-28;15;1494.144467804615
5;2025-11-28;16;1562.95450089321
5;2025-11-28;17;1666.1261580350638
5;2025-11-28;18;1611.8826917848883
5;2025-11-28;19;1219.342505562927
5;2025-11-28;20;834.408007790256
5;2025-11-28;21;452.28002537281094
5;2025-11-28;22;221.42073382830324
5;2025-11-28;23;43.97297708620874
5;2025-11-29;0;1.592057029912553
5;2025-11-29;1;0.0
5;2025-11-29;2;0.0
5;2025-11-29;3;0.0
5;2025-11-29;4;0.0
5;2025-11-29;5;36.29659458737194
5;2025-11-29;6;140.55501732040977
5;2025-11-29;7;322.692093303577
5;2025-11-29;8;423.6710720120689
5;2025-11-29;9;667.8242415616991
5;2025-11-29;10;763.7995812392732
5;2025-11-29;11;774.4066753330238
5;2025-11-29;12;909.1746134656888
5;2025-11-29;13;963.4286634668555
5;2025-11-29;14;898.019003665381
5;2025-11-29;15;778.930619642944
5;2025-11-29;16;684.2351856195837
5;2025-11-29;17;640.5655308315899
5;2025-11-29;18;582.0613376239145
5;2025-11-29;19;472.48835070464224
5;2025-11-29;20;356.0379008646565
5;2025-11-29;21;275.89114942513334
5;2025-11-29;22;130.34959225038506
5;2025-11-29;23;23.813855678972345
5;2025-11-30;0;4.011478266445351
5;2025-11-30;1;0.0
5;2025-11-30;2;0.0
5;2025-11-30;3;0.0
5;2025-11-30;4;10.14593973952276
5;2025-11-30;5;16.644555709592737
5;2025-11-30;6;114.39382399169324
5;2025-11-30;7;250.0673870751201
5;2025-11-30;8;335.8724004200039
5;2025-11-30;9;572.552437822755
5;2025-11-30;10;679.309695965033
5;2025-11-30;11;697.0787984224836
5;2025-11-30;12;845.3623235244219
5;2025-11-30;13;868.4870471616324
5;2025-11-30;14;823.3115343746701
5;2025-11-30;15;677.1604112687326
5;2025-11-30;16;605.3416928320264
5;2025-11-30;17;552.1142564706215
5;2025-11-30;18;526.4450533802673
5;2025-11-30;19;417.095700348451
5;2025-11-30;20;322.99734395787647
5;2025-11-30;21;252.53842997582956
5;2025-11-30;22;112.65142219248332
5;2025-11-30;23;24.42719222201265
5;2025-12-01;0;13.865555269830566
5;2025-12-01;1;0.0
5;2025-12-01;2;0.0
5;2025-12-01;3;0.0
5;2025-12-01;4;18.880772756544047
5;2025-12-01;5;133.571586949094
5;2025-12-01;6;511.0597723204941
5;2025-12-01;7;1461.858064175307
5;2025-12-01;8;1720.1445466891278
5;2025-12-01;9;1371.522085615739
5;2025-12-01;10;1260.1108135272839
5;2025-12-01;11;1268.6213791275204
5;2025-12-01;12;1320.5341174900368
5;2025-12-01;13;1350.9731113507241
5;2025-12-01;14;1339.5085532032408
5;2025-12-01;15;1451.2494232850172
5;2025-12-01;16;1511.248098326771
5;2025-12-01;17;1701.7576081989992
5;2025-12-01;18;1694.8744433460547
5;2025-12-01;19;1325.538284550525
5;2025-12-01;20;894.2896002128566
5;2025-12-01;21;477.90027331450716
5;2025-12-01;22;259.9005634758819
5;2025-12-01;23;78.01310556295493
5;2025-12-02;0;23.311996489067838
5;2025-12-02;1;0.0
5;2025-12-02;2;0.0
5;2025-12-02;3;0.0
5;2025-12-02;4;18.47440980895351
5;2025-12-02;5;143.3627362408008
5;2025-12-02;6;522.5482062853139
5;2025-12-02;7;1467.0462071049155
5;2025-12-02;8;1732.4802287605896
5;2025-12-02;9;1384.906707967708
5;2025-12-02;10;1265.1455135808005
5;2025-12-02;11;1267.2728344426746
5;2025-12-02;12;1316.604630254109
5;2025-12-02;13;1345.5688920459904
5;2025-12-02;14;1322.465464094715
5;2025-12-02;15;1440.8097072476685
5;2025-12-02;16;1490.0704974758492
5;2025-12-02;17;1650.0499857647774
5;2025-12-02;18;1651.3492330064012
5;2025-12-02;19;1298.6983582159694
5;2025-12-02;20;877.9191275648332
5;2025-12-02;21;455.329965912133
5;2025-12-02;22;240.77043822200426
5;2025-12-02;23;59.93964990963275
5;2025-12-03;0;17.65476797554379
5;2025-12-03;1;0.0
5;2025-12-03;2;0.0
5;2025-12-03;3;0.0
5;2025-12-03;4;22.5284885793385
5;2025-12-03;5;142.50087438989476
5;2025-12-03;6;518.5321246583266
5;2025-12-03;7;1463.1353994177682
5;2025-12-03;8;1753.5646404158988
5;2025-12-03;9;1411.6930261465955
5;2025-12-03;10;1299.3951587130055
5;2025-12-03;11;1290.6900403558186
5;2025-12-03;12;1323.9193586920937
5;2025-12-03;13;1349.7148910676017
5;2025-12-03;14;1334.334509033898
5;2025-12-03;15;1422.8464373351121
5;2025-12-03;16;1463.9928433851926
5;2025-12-03;17;1651.6085485478072
5;2025-12-03;18;1646.823815890643
5;2025-12-03;19;1286.9579006700822
5;2025-12-03;20;864.1163848036811
5;2025-12-03;21;450.13061793227075
5;2025-12-03;22;238.39255212541696
5;2025-12-03;23;60.31509813100183
5;2025-12-04;0;23.860253904802562
5;2025-12-04;1;0.0
5;2025-12-04;2;0.0
5;2025-12-04;3;0.0
5;2025-12-04;4;26.02551777963083
5;2025-12-04;5;145.12399108998568
5;2025-12-04;6;523.2546371896048
5;2025-12-04;7;1490.0687924382983
5;2025-12-04;8;1756.4402058725416
5;2025-12-04;9;1424.0807134562792
5;2025-12-04;10;1306.5688175447635
5;2025-12-04;11;1297.4799351227616
5;2025-12-04;12;1349.0833006864136
5;2025-12-04;13;1398.7992596489848
5;2025-12-04;14;1383.1429237738707
5;2025-12-04;15;1473.6554503027337
5;2025-12-04;16;1516.2668595004918
5;2025-12-04;17;1681.9748694716377
5;2025-12-04;18;1678.475406234103
5;2025-12-04;19;1299.8509068455012
5;2025-12-04;20;867.875053260968
5;2025-12-04;21;455.53925414392194
5;2025-12-04;22;243.0412825492923
5;2025-12-04;23;63.042687986697274
5;2025-12-05;0;16.834084249627495
5;2025-12-05;1;0.0
5;2025-12-05;2;0.0
5;2025-12-05;3;0.0
5;2025-12-05;4;16.499567131295862
5;2025-12-05;5;134.29670597810525
5;2025-12-05;6;512.9031274439074
5;2025-12-05;7;1450.5389798862843
5;2025-12-05;8;1713.9838221569694
5;2025-12-05;9;1382.7818525136306
5;2025-12-05;10;1299.937229600207
5;2025-12-05;11;1314.6330399690232
5;2025-12-05;12;1354.389520689014
5;2025-12-05;13;1397.637185781026
5;2025-12-05;14;1376.1948036202389
5;2025-12-05;15;1478.927353008266
5;2025-12-05;16;1556.7833889345757
5;2025-12-05;17;1642.5485665755868
5;2025-12-05;18;1579.3376635121474
5;2025-12-05;19;1204.346855773011
5;2025-12-05;20;854.6660095814468
5;2025-12-05;21;454.45664334295753
5;2025-12-05;22;239.18185223783212
5;2025-12-05;23;60.819998485742644
5;2025-12-06;0;2.604628145612196
5;2025-12-06;1;0.0
5;2025-12-06;2;0.0
5;2025-12-06;3;0.0
5;2025-12-06;4;0.0
5;2025-12-06;5;25.184407262399418
5;2025-12-06;6;133.10446477188623
5;2025-12-06;7;321.95156123401784
5;2025-12-06;8;426.97277347371136
5;2025-12-06;9;660.7031871660505
5;2025-12-06;10;750.0474070895543
5;2025-12-06;11;775.6432086488617
5;2025-12-06;12;918.6993228157417
5;2025-12-06;13;954.7171787277794
5;2025-12-06;14;887.1154535724522
5;2025-12-06;15;770.8099527135578
5;2025-12-06;16;701.138900202711
5;2025-12-06;17;637.3889280062181
5;2025-12-06;18;580.8780389174838
5;2025-12-06;19;472.19501502064355
5;2025-12-06;20;357.915584675132
5;2025-12-06;21;263.16323058629933
5;2025-12-06;22;130.8451963438523
5;2025-12-06;23;27.63416037723323
5;2025-12-07;0;2.1657307680761733
5;2025-12-07;1;0.0
5;2025-12-07;2;0.0
5;2025-12-07;3;0.0
5;2025-12-07;4;12.152850233374124
5;2025-12-07;5;15.727183201510115
5;2025-12-07;6;109.65382853569304
5;2025-12-07;7;235.24506402462282
5;2025-12-07;8;318.36149338199453
5;2025-12-07;9;544.8802893346383
5;2025-12-07;10;635.9145952824349
5;2025-12-07;11;652.6735938227407
5;2025-12-07;12;781.5058824091979
5;2025-12-07;13;824.9086260645189
5;2025-12-07;14;755.2557950871114
5;2025-12-07;15;659.152676519122
5;2025-12-07;16;586.4739735773992
5;2025-12-07;17;533.6609499790853
5;2025-12-07;18;486.8911655017519
5;2025-12-07;19;389.93804474499734
5;2025-12-07;20;312.73201762483495
5;2025-12-07;21;236.47931123752892
5;2025-12-07;22;107.66048581576558
5;2025-12-07;23;20.9667074715328
5;2025-12-08;0;18.71076849089036
5;2025-12-08;1;0.0
5;2025-12-08;2;0.0
5;2025-12-08;3;0.0
5;2025-12-08;4;22.37054108658583
5;2025-12-08;5;140.73880430808788
5;2025-12-08;6;513.4094876721755
5;2025-12-08;7;1453.1162721867995
5;2025-12-08;8;1709.973122172565
5;2025-12-08;9;1369.8698171128442
5;2025-12-08;10;1260.5554930096723
5;2025-12-08;11;1266.532100180118
5;2025-12-08;12;1304.1049388932101
5;2025-12-08;13;1333.637009920452
5;2025-12-08;14;1323.6625581834473
5;2025-12-08;15;1433.148846333922
5;2025-12-08;16;1497.8682161998388
5;2025-12-08;17;1670.4577778627272
5;2025-12-08;18;1688.8050641936425
5;2025-12-08;19;1303.2423259450138
5;2025-12-08;20;871.9195608533458
5;2025-12-08;21;450.41856079074535
5;2025-12-08;22;236.22046622148707
5;2025-12-08;23;56.347954024169326
5;2025-12-09;0;15.154656275744742
5;2025-12-09;1;0.0
5;2025-12-09;2;0.0
5;2025-12-09;3;0.0
5;2025-12-09;4;22.26495957200052
5;2025-12-09;5;158.87023283048597
5;2025-12-09;6;534.1938992891598
5;2025-12-09;7;1458.8586757360504
5;2025-12-09;8;1729.336313878087
5;2025-12-09;9;1394.964390252756
5;2025-12-09;10;1279.0407435955726
5;2025-12-09;11;1274.570313137071
5;2025-12-09;12;1293.2295391743041
5;2025-12-09;13;1328.2003011749161
5;2025-12-09;14;1306.5426096470846
5;2025-12-09;15;1414.983754466091
5;2025-12-09;16;1490.844115108524
5;2025-12-09;17;1664.533965694467
5;2025-12-09;18;1667.3969429357796
5;2025-12-09;19;1305.367750917673
5;2025-12-09;20;878.8890995873725
5;2025-12-09;21;445.9735637548287
5;2025-12-09;22;248.92006777788868
5;2025-12-09;23;61.86988978672855
5;2025-12-10;0;21.09291098490587
5;2025-12-10;1;0.0
5;2025-12-10;2;0.0
5;2025-12-10;3;0.0
5;2025-12-10;4;20.82457908639242
5;2025-12-10;5;135.01368599448472
5;2025-12-10;6;512.181059987631
5;2025-12-10;7;1420.2265702012915
5;2025-12-10;8;1693.0076208672444
5;2025-12-10;9;1350.5587370065168
5;2025-12-10;10;1240.250523690363
5;2025-12-10;11;1239.5650536699018
5;2025-12-10;12;1293.511873802474
5;2025-12-10;13;1346.828725034251
5;2025-12-10;14;1304.978105741237
5;2025-12-10;15;1402.2452015808399
5;2025-12-10;16;1458.8447672133145
5;2025-12-10;17;1618.8862380473347
5;2025-12-10;18;1609.447226704885
5;2025-12-10;19;1249.6773811584374
5;2025-12-10;20;855.6560953315935
5;2025-12-10;21;448.70483257269365
5;2025-12-10;22;236.2015159100523
5;2025-12-10;23;55.677516640877684
5;2025-12-11;0;22.292923435163516
5;2025-12-11;1;0.0
5;2025-12-11;2;0.0
5;2025-12-11;3;0.0
5;2025-12-11;4;25.118128494034977
5;2025-12-11;5;146.44153932409995
5;2025-12-11;6;525.4628491446081
5;2025-12-11;7;1471.6927673611526
5;2025-12-11;8;1736.3362691337875
5;2025-12-11;9;1411.237297441854
5;2025-12-11;10;1298.330655743778
5;2025-12-11;11;1308.2607506272122
5;2025-12-11;12;1339.3857676488087
5;2025-12-11;13;1381.2495172607642
5;2025-12-11;14;1348.2494006908412
5;2025-12-11;15;1454.0837994995904
5;2025-12-11;16;1526.6999464610462
5;2025-12-11;17;1687.3553102681155
5;2025-12-11;18;1681.3407933404574
5;2025-12-11;19;1281.416533763988
5;2025-12-11;20;890.8096504620202
5;2025-12-11;21;447.13179592077745
5;2025-12-11;22;242.36360356456726
5;2025-12-11;23;61.3372452690121
5;2025-12-12;0;24.819927508625256
5;2025-12-12;1;0.0
5;2025-12-12;2;0.0
5;2025-12-12;3;0.0
5;2025-12-12;4;17.583499572261303
5;2025-12-12;5;135.60648895538498
5;2025-12-12;6;513.876578500553
5;2025-12-12;7;1455.067358172094
5;2025-12-12;8;1723.2729733066217
5;2025-12-12;9;1418.971484799619
5;2025-12-12;10;1325.8810721052791
5;2025-12-12;11;1320.3309706814553
5;2025-12-12;12;1369.488922430783
5;2025-12-12;13;1392.395471199302
5;2025-12-12;14;1352.0849816337316
5;2025-12-12;15;1428.816944831722
5;2025-12-12;16;1518.8324336939545
5;2025-12-12;17;1639.4690827181144
5;2025-12-12;18;1587.3063140218137
5;2025-12-12;19;1218.6942996620282
5;2025-12-12;20;856.1194113578746
5;2025-12-12;21;430.109245597197
5;2025-12-12;22;219.037584722136
5;2025-12-12;23;50.34295359774342
5;2025-12-13;0;14.901275462280068
5;2025-12-13;1;0.0
5;2025-12-13;2;0.0
5;2025-12-13;3;0.0
5;2025-12-13;4;0.0
5;2025-12-13;5;17.99976880652389
5;2025-12-13;6;128.55525778465312
5;2025-12-13;7;286.7867826573442
5;2025-12-13;8;397.37695958468254
5;2025-12-13;9;606.8409838890943
5;2025-12-13;10;703.4178414800534
5;2025-12-13;11;725.2399314667927
5;2025-12-13;12;848.9105691581677
5;2025-12-13;13;902.5391953327479
5;2025-12-13;14;830.8089827314426
5;2025-12-13;15;735.8301569101703
5;2025-12-13;16;658.8934408240674
5;2025-12-13;17;607.0247147340056
5;2025-12-13;18;554.1305989425304
5;2025-12-13;19;462.86707067764183
5;2025-12-13;20;371.0815125996985
5;2025-12-13;21;261.63239055740996
5;2025-12-13;22;129.51011390922304
5;2025-12-13;23;34.6134333344545
5;2025-12-14;0;10.756302276295287
5;2025-12-14;1;0.0
5;2025-12-14;2;0.0
5;2025-12-14;3;0.0
5;2025-12-14;4;13.187171161320862
5;2025-12-14;5;14.045015197976113
5;2025-12-14;6;105.15128159102369
5;2025-12-14;7;219.73727374280236
5;2025-12-14;8;316.06194392636286
5;2025-12-14;9;529.5181327831491
5;2025-12-14;10;624.738467435716
5;2025-12-14;11;642.7433230140414
5;2025-12-14;12;768.3201243137156
5;2025-12-14;13;807.5803988831864
5;2025-12-14;14;749.1076368568614
5;2025-12-14;15;648.752946816935
5;2025-12-14;16;591.8590886987997
5;2025-12-14;17;539.7912637486047
5;2025-12-14;18;497.00357216674695
5;2025-12-14;19;397.5927672120426
5;2025-12-14;20;314.89397657083805
5;2025-12-14;21;235.5113565477203
5;2025-12-14;22;103.58865802981927
5;2025-12-14;23;24.20941694810233
5;2025-12-15;0;18.84079047314276
5;2025-12-15;1;0.0
5;2025-12-15;2;0.0
5;2025-12-15;3;0.0
5;2025-12-15;4;22.67556786669627
5;2025-12-15;5;131.64003654369412
5;2025-12-15;6;516.6600179268963
5;2025-12-15;7;1428.9852318565372
5;2025-12-15;8;1682.082158062201
5;2025-12-15;9;1337.0856606962343
5;2025-12-15;10;1233.2209246381624
5;2025-12-15;11;1228.805959530182
5;2025-12-15;12;1268.7551119919808
5;2025-12-15;13;1299.7580231249713
5;2025-12-15;14;1298.5487464464186
5;2025-12-15;15;1421.949235266236
5;2025-12-15;16;1477.148641606041
5;2025-12-15;17;1642.5839430123815
5;2025-12-15;18;1646.8562219176283
5;2025-12-15;19;1265.1304663755957
5;2025-12-15;20;848.9314769834344
5;2025-12-15;21;452.87966237540553
5;2025-12-15;22;232.61442243588579
5;2025-12-15;23;60.854951713386185
5;2025-12-16;0;20.088507006136638
5;2025-12-16;1;0.0
5;2025-12-16;2;0.0
5;2025-12-16;3;0.0
5;2025-12-16;4;16.567864142343183
5;2025-12-16;5;136.5575585378516
5;2025-12-16;6;522.6481424092271
5;2025-12-16;7;1463.4497746861957
5;2025-12-16;8;1710.5729618298037
5;2025-12-16;9;1373.759480630607
5;2025-12-16;10;1261.582386088679
5;2025-12-16;11;1271.61312389384
5;2025-12-16;12;1301.8924181782086
5;2025-12-16;13;1305.898685842936
5;2025-12-16;14;1330.0737906181712
5;2025-12-16;15;1432.322928856113
5;2025-12-16;16;1500.686578231809
5;2025-12-16;17;1671.6209615569949
5;2025-12-16;18;1681.481313526544
5;2025-12-16;19;1305.7075759529391
5;2025-12-16;20;891.5209489406471
5;2025-12-16;21;452.74798185792724
5;2025-12-16;22;242.17545325303388
5;2025-12-16;23;56.40874786413883
5;2025-12-17;0;22.398655366217213
5;2025-12-17;1;0.0
5;2025-12-17;2;0.0
5;2025-12-17;3;0.0
5;2025-12-17;4;21.09847945593083
5;2025-12-17;5;133.82394163808362
5;2025-12-17;6;518.0138254107057
5;2025-12-17;7;1446.4231260313722
5;2025-12-17;8;1722.9706565657336
5;2025-12-17;9;1391.4694180355857
5;2025-12-17;10;1281.098429209273
5;2025-12-17;11;1279.8804296409357
5;2025-12-17;12;1327.7894755804045
5;2025-12-17;13;1377.55856588789
5;2025-12-17;14;1335.0811708501533
5;2025-12-17;15;1432.8142679657344
5;2025-12-17;16;1498.2663332508628
5;2025-12-17;17;1653.7320373235964
5;2025-12-17;18;1653.100168587584
5;2025-12-17;19;1290.07886112302
5;2025-12-17;20;867.4024191214249
5;2025-12-17;21;449.07152999357606
5;2025-12-17;22;236.68087677943822
5;2025-12-17;23;55.67717705943937
5;2025-12-18;0;22.862664247251928
5;2025-12-18;1;0.0
5;2025-12-18;2;0.0
5;2025-12-18;3;0.0
5;2025-12-18;4;27.747543147414945
5;2025-12-18;5;139.9182507465174
5;2025-12-18;6;524.5430551895652
5;2025-12-18;7;1468.5997079669578
5;2025-12-18;8;1744.5196928037599
5;2025-12-18;9;1428.1175958746992
5;2025-12-18;10;1319.580917936838
5;2025-12-18;11;1313.3096006356213
5;2025-12-18;12;1365.2456779146387
5;2025-12-18;13;1425.5118852500714
5;2025-12-18;14;1380.0438363616836
5;2025-12-18;15;1479.9325689709935
5;2025-12-18;16;1533.480362785862
5;2025-12-18;17;1706.3490474422674
5;2025-12-18;18;1702.4045967086322
5;2025-12-18;19;1302.8965761784311
5;2025-12-18;20;878.153696914759
5;2025-12-18;21;451.2856443526069
5;2025-12-18;22;241.762480685779
5;2025-12-18;23;63.16322802517118
5;2025-12-19;0;24.107326501848206
5;2025-12-19;1;0.0
5;2025-12-19;2;0.0
5;2025-12-19;3;0.0
5;2025-12-19;4;22.90902457817674
5;2025-12-19;5;135.24213307892205
5;2025-12-19;6;511.81413559379456
5;2025-12-19;7;1453.970157996808
5;2025-12-19;8;1717.1230516977207
5;2025-12-19;9;1405.5561050340866
5;2025-12-19;10;1312.2415964397987
5;2025-12-19;11;1317.313191729818
5;2025-12-19;12;1361.5005112709791
5;2025-12-19;13;1399.755950898813
5;2025-12-19;14;1364.3374016559678
5;2025-12-19;15;1474.558970081474
5;2025-12-19;16;1543.9218267101676
5;2025-12-19;17;1656.8797979242772
5;2025-12-19;18;1581.9080441734905
5;2025-12-19;19;1193.3232094891919
5;2025-12-19;20;843.3371688778345
5;2025-12-19;21;449.16698528068133
5;2025-12-19;22;240.39009184653924
5;2025-12-19;23;64.83373838642547
5;2025-12-20;0;5.853480909479686
5;2025-12-20;1;0.0
5;2025-12-20;2;0.0
5;2025-12-20;3;0.0
5;2025-12-20;4;0.0
5;2025-12-20;5;32.705349775146374
5;2025-12-20;6;138.29418191364482
5;2025-12-20;7;310.4954766052913
5;2025-12-20;8;414.6105514677297
5;2025-12-20;9;638.5429809274851
5;2025-12-20;10;731.809565875263
5;2025-12-20;11;752.2051812118226
5;2025-12-20;12;887.3821088680659
5;2025-12-20;13;940.6402234643405
5;2025-12-20;14;866.2309389732964
5;2025-12-20;15;755.5142557943269
5;2025-12-20;16;693.3812350214107
5;2025-12-20;17;634.1836541208916
5;2025-12-20;18;573.1240952494537
5;2025-12-20;19;468.4144139579898
5;2025-12-20;20;359.62588853726794
5;2025-12-20;21;264.1849357820785
5;2025-12-20;22;130.8563702250974
5;2025-12-20;23;27.156545851162605
5;2025-12-21;0;0.0
5;2025-12-21;1;0.0
5;2025-12-21;2;0.0
5;2025-12-21;3;0.0
5;2025-12-21;4;0.21899680503815944
5;2025-12-21;5;11.50968680218159
5;2025-12-21;6;99.09435002822215
5;2025-12-21;7;220.9076017659246
5;2025-12-21;8;312.9322586486848
5;2025-12-21;9;514.6401862963387
5;2025-12-21;10;620.9935633828835
5;2025-12-21;11;639.296376364601
5;2025-12-21;12;783.1418166901104
5;2025-12-21;13;849.6352200023897
5;2025-12-21;14;784.1991541266257
5;2025-12-21;15;662.0405755106293
5;2025-12-21;16;593.0751288864377
5;2025-12-21;17;527.8307552733447
5;2025-12-21;18;487.1519101207955
5;2025-12-21;19;383.7757412267088
5;2025-12-21;20;304.0278240466506
5;2025-12-21;21;225.77703752777563
5;2025-12-21;22;97.85548416461859
5;2025-12-21;23;19.22808997210211
5;2025-12-22;0;14.745697538216973
5;2025-12-22;1;0.0
5;2025-12-22;2;0.0
5;2025-12-22;3;0.0
5;2025-12-22;4;10.842994297041173
5;2025-12-22;5;132.13513214383374
5;2025-12-22;6;508.01300806544805
5;2025-12-22;7;1429.0139569116407
5;2025-12-22;8;1696.2793013461007
5;2025-12-22;9;1387.6197224366042
5;2025-12-22;10;1262.5271797734633
5;2025-12-22;11;1268.3695105061045
5;2025-12-22;12;1306.9941006266274
5;2025-12-22;13;1308.486215869289
5;2025-12-22;14;1281.4083709097956
5;2025-12-22;15;1406.3993679518417
5;2025-12-22;16;1487.6717094176593
5;2025-12-22;17;1680.0273320215802
5;2025-12-22;18;1700.213320208556
5;2025-12-22;19;1306.6397859540348
5;2025-12-22;20;857.7751542078063
5;2025-12-22;21;462.4238651143984
5;2025-12-22;22;232.60295399136714
5;2025-12-22;23;46.96896651426596
5;2025-12-23;0;12.47381367173432
5;2025-12-23;1;0.0
5;2025-12-23;2;0.0
5;2025-12-23;3;0.0
5;2025-12-23;4;22.83946473929575
5;2025-12-23;5;140.62639437433916
5;2025-12-23;6;528.3879828533693
5;2025-12-23;7;1436.5094698171138
5;2025-12-23;8;1698.4629501613385
5;2025-12-23;9;1358.32754060653
5;2025-12-23;10;1233.00323799886
5;2025-12-23;11;1229.2547635150847
5;2025-12-23;12;1271.6957322095527
5;2025-12-23;13;1309.5989338663876
5;2025-12-23;14;1267.1843077988524
5;2025-12-23;15;1379.9543844619652
5;2025-12-23;16;1454.8014197113714
5;2025-12-23;17;1626.8814440066544
5;2025-12-23;18;1667.6513628941289
5;2025-12-23;19;1285.1425435488914
5;2025-12-23;20;847.0753952387837
5;2025-12-23;21;444.98009388080135
5;2025-12-23;22;238.05569400007084
5;2025-12-23;23;63.01965852193155
5;2025-12-24;0;19.624237118548535
5;2025-12-24;1;0.0
5;2025-12-24;2;0.0
5;2025-12-24;3;0.0
5;2025-12-24;4;20.57019692939764
5;2025-12-24;5;118.06380742695978
5;2025-12-24;6;506.4647805273066
5;2025-12-24;7;1431.6729450039604
5;2025-12-24;8;1683.7265133427331
5;2025-12-24;9;1372.3460981219077
5;2025-12-24;10;1292.0430888864817
5;2025-12-24;11;1276.055980488724
5;2025-12-24;12;1340.8827720270488
5;2025-12-24;13;1374.9905820298936
5;2025-12-24;14;1342.3271823800962
5;2025-12-24;15;1409.339782345235
5;2025-12-24;16;1489.8483522014326
5;2025-12-24;17;1673.5800696346614
5;2025-12-24;18;1648.3637363829241
5;2025-12-24;19;1275.7827786825244
5;2025-12-24;20;873.3501435556818
5;2025-12-24;21;435.1143964036767
5;2025-12-24;22;240.41496810747412
5;2025-12-24;23;62.27340630088622
5;2025-12-25;0;28.133112770984553
5;2025-12-25;1;0.0
5;2025-12-25;2;0.0
5;2025-12-25;3;0.0
5;2025-12-25;4;22.38034776674249
5;2025-12-25;5;136.61370874275508
5;2025-12-25;6;523.3660120224698
5;2025-12-25;7;1476.6777320116294
5;2025-12-25;8;1735.7968602489273
5;2025-12-25;9;1434.318890133071
5;2025-12-25;10;1318.5131709735008
5;2025-12-25;11;1326.9481689876138
5;2025-12-25;12;1370.6556618183295
5;2025-12-25;13;1414.4110497564325
5;2025-12-25;14;1376.5185199655562
5;2025-12-25;15;1461.5379365139236
5;2025-12-25;16;1523.3405461632522
5;2025-12-25;17;1674.4514701248256
5;2025-12-25;18;1649.8961146670747
5;2025-12-25;19;1286.7601836270778
5;2025-12-25;20;882.0767522039617
5;2025-12-25;21;435.6935409571944
5;2025-12-25;22;221.75702446169578
5;2025-12-25;23;61.100111937037354
5;2025-12-26;0;56.71683759332643
5;2025-12-26;1;0.0
5;2025-12-26;2;0.0
5;2025-12-26;3;0.0
5;2025-12-26;4;37.074570018932036
5;2025-12-26;5;138.64077167837206
5;2025-12-26;6;508.96269641812296
5;2025-12-26;7;1456.304030290958
5;2025-12-26;8;1681.952995191466
5;2025-12-26;9;1382.5199950991384
5;2025-12-26;10;1297.0543964403869
5;2025-12-26;11;1239.3822715765484
5;2025-12-26;12;1316.5889779638255
5;2025-12-26;13;1340.3580744217884
5;2025-12-26;14;1334.2482574381133
5;2025-12-26;15;1427.742392060838
5;2025-12-26;16;1520.104279308596
5;2025-12-26;17;1624.6418144661175
5;2025-12-26;18;1580.6985415413747
5;2025-12-26;19;1205.445882134637
5;2025-12-26;20;846.3823024142224
5;2025-12-26;21;455.0693252025727
5;2025-12-26;22;252.17955166173363
5;2025-12-26;23;75.8712566517197
5;2025-12-27;0;19.04828110029655
5;2025-12-27;1;0.0
5;2025-12-27;2;0.0
5;2025-12-27;3;0.0
5;2025-12-27;4;3.0669479528398824
5;2025-12-27;5;23.160924518433944
5;2025-12-27;6;135.33408206824242
5;2025-12-27;7;280.43585288448776
5;2025-12-27;8;385.3777786450982
5;2025-12-27;9;584.7891102921577
5;2025-12-27;10;681.9309130775924
5;2025-12-27;11;690.7974706172798
5;2025-12-27;12;831.8545270268781
5;2025-12-27;13;875.5153546619422
5;2025-12-27;14;820.3738381454781
5;2025-12-27;15;702.7351693687147
5;2025-12-27;16;631.7432023000707
5;2025-12-27;17;561.806452857648
5;2025-12-27;18;516.0107433615722
5;2025-12-27;19;404.7803244535557
5;2025-12-27;20;306.94315968926844
5;2025-12-27;21;251.62850116253242
5;2025-12-27;22;121.18936052768674
5;2025-12-27;23;23.069229615451036
5;2025-12-28;0;3.756812165196493
5;2025-12-28;1;0.0
5;2025-12-28;2;0.0
5;2025-12-28;3;0.0
5;2025-12-28;4;9.653769641856456
5;2025-12-28;5;17.035148510640738
5;2025-12-28;6;103.49075888028938
5;2025-12-28;7;193.79323763344917
5;2025-12-28;8;274.15834230989776
5;2025-12-28;9;480.08929931059595
5;2025-12-28;10;594.529713372048
5;2025-12-28;11;608.7322236325967
5;2025-12-28;12;737.6865054750609
5;2025-12-28;13;777.291075171764
5;2025-12-28;14;715.1742214396421
5;2025-12-28;15;618.7215539531443
5;2025-12-28;16;567.4186887826355
5;2025-12-28;17;499.1929554377627
5;2025-12-28;18;453.41318587718285
5;2025-12-28;19;350.51198609200196
5;2025-12-28;20;285.63363592660556
5;2025-12-28;21;236.86779671714828
5;2025-12-28;22;109.13466152653734
5;2025-12-28;23;26.94033278619554
5;2025-12-29;0;16.440811766800493
5;2025-12-29;1;0.0
5;2025-12-29;2;0.0
5;2025-12-29;3;0.0
5;2025-12-29;4;13.019042092158656
5;2025-12-29;5;120.10128775908026
5;2025-12-29;6;493.429165474935
5;2025-12-29;7;1440.649866270679
5;2025-12-29;8;1666.3888729125813
5;2025-12-29;9;1374.98914099444
5;2025-12-29;10;1253.340881942589
5;2025-12-29;11;1249.8326284226705
5;2025-12-29;12;1262.8177948780392
5;2025-12-29;13;1277.5973073665757
5;2025-12-29;14;1269.9709372479958
5;2025-12-29;15;1400.982979842155
5;2025-12-29;16;1479.070013434431
5;2025-12-29;17;1604.9968939732948
5;2025-12-29;18;1617.5185146027857
5;2025-12-29;19;1218.6412976557579
5;2025-12-29;20;825.5253559633765
5;2025-12-29;21;440.12515947745965
5;2025-12-29;22;203.26996304202748
5;2025-12-29;23;37.201247036018
5;2025-12-30;0;8.466761634721479
5;2025-12-30;1;0.0
5;2025-12-30;2;0.0
5;2025-12-30;3;0.0
5;2025-12-30;4;10.349333403214018
5;2025-12-30;5;114.34250615317558
5;2025-12-30;6;505.20456657359455
5;2025-12-30;7;1438.2016980433496
5;2025-12-30;8;1686.0079030566505
5;2025-12-30;9;1375.3452296369342
5;2025-12-30;10;1240.5436545298885
5;2025-12-30;11;1260.9178869902491
5;2025-12-30;12;1274.6128356195277
5;2025-12-30;13;1297.2137645067078
5;2025-12-30;14;1298.1211157933406
5;2025-12-30;15;1415.723854435794
5;2025-12-30;16;1475.2623465343172
5;2025-12-30;17;1617.244187284412
5;2025-12-30;18;1648.6977390632203
5;2025-12-30;19;1256.1284756288046
5;2025-12-30;20;848.2651265248642
5;2025-12-30;21;443.700732936611
5;2025-12-30;22;229.20447614882403
5;2025-12-30;23;58.49293101748333
5;2025-12-31;0;44.232670976580266
5;2025-12-31;1;0.0
5;2025-12-31;2;0.0
5;2025-12-31;3;0.0
5;2025-12-31;4;22.416200527755223
5;2025-12-31;5;37.9211267045697
5;2025-12-31;6;135.2920722555458
5;2025-12-31;7;174.53241852340784
5;2025-12-31;8;265.25003152577045
5;2025-12-31;9;399.27014186853575
5;2025-12-31;10;435.24154389096935
5;2025-12-31;11;432.4618879100221
5;2025-12-31;12;539.6160048983586
5;2025-12-31;13;610.5888135473441
5;2025-12-31;14;555.948221763756
5;2025-12-31;15;494.89735995091814
5;2025-12-31;16;450.4747897661844
5;2025-12-31;17;448.5476662255124
5;2025-12-31;18;419.4812952960964
5;2025-12-31;19;318.77846789561937
5;2025-12-31;20;253.7783278033752
5;2025-12-31;21;243.98638184887363
5;2025-12-31;22;131.68334919004394
5;2025-12-31;23;48.96872437513673
7;2025-11-01;0;146.34046103136802
7;2025-11-01;1;0.0
7;2025-11-01;2;0.0
7;2025-11-01;3;0.0
7;2025-11-01;4;92.49441059051105
7;2025-11-01;5;219.40317712072283
7;2025-11-01;6;588.0017744723041
7;2025-11-01;7;1349.0408311320034
7;2025-11-01;8;1869.907140710217
7;2025-11-01;9;1569.121083908748
7;2025-11-01;10;1435.9554973045942
7;2025-11-01;11;1412.6052061668438
7;2025-11-01;12;1484.7356004825506
7;2025-11-01;13;1517.021716467148
7;2025-11-01;14;1576.997274754621
7;2025-11-01;15;1624.2597766282563
7;2025-11-01;16;1747.727756175347
7;2025-11-01;17;1817.7853871033903
7;2025-11-01;18;1756.493316308728
7;2025-11-01;19;1384.9622596634047
7;2025-11-01;20;983.9602403903742
7;2025-11-01;21;574.2389241506789
7;2025-11-01;22;338.51310595975673
7;2025-11-01;23;256.41570874445654
7;2025-11-02;0;103.09494944561163
7;2025-11-02;1;0.0
7;2025-11-02;2;0.0
7;2025-11-02;3;0.0
7;2025-11-02;4;11.30153330199937
7;2025-11-02;5;37.277054965677166
7;2025-11-02;6;151.9631718393166
7;2025-11-02;7;236.2051713976025
7;2025-11-02;8;400.85984569766543
7;2025-11-02;9;484.20994954460434
7;2025-11-02;10;485.3915276591446
7;2025-11-02;11;622.4769529219077
7;2025-11-02;12;699.3789672843772
7;2025-11-02;13;740.7387281373325
7;2025-11-02;14;762.1598835570348
7;2025-11-02;15;726.753964726127
7;2025-11-02;16;695.9114244654616
7;2025-11-02;17;670.6744464348918
7;2025-11-02;18;617.0259995311649
7;2025-11-02;19;525.4066476147677
7;2025-11-02;20;418.00780127060096
7;2025-11-02;21;331.15873324715244
7;2025-11-02;22;196.53614450466375
7;2025-11-02;23;152.129284950444
7;2025-11-03;0;131.56193744739699
7;2025-11-03;1;0.0
7;2025-11-03;2;0.0
7;2025-11-03;3;0.0
7;2025-11-03;4;47.3322042673168
7;2025-11-03;5;114.85716994658901
7;2025-11-03;6;267.8933407983577
7;2025-11-03;7;433.1377016564278
7;2025-11-03;8;806.147505102025
7;2025-11-03;9;692.4422175668301
7;2025-11-03;10;613.7975958717979
7;2025-11-03;11;651.9210601162738
7;2025-11-03;12;721.5762507424179
7;2025-11-03;13;773.9392707827067
7;2025-11-03;14;785.685297181634
7;2025-11-03;15;762.7194169402919
7;2025-11-03;16;750.8429076318271
7;2025-11-03;17;911.6456686116575
7;2025-11-03;18;1003.7256653704311
7;2025-11-03;19;724.3480646548272
7;2025-11-03;20;515.9199832026794
7;2025-11-03;21;429.0486109861196
7;2025-11-03;22;273.30991299178754
7;2025-11-03;23;194.09780757179476
7;2025-11-04;0;127.72214930642326
7;2025-11-04;1;0.0
7;2025-11-04;2;0.0
7;2025-11-04;3;0.0
7;2025-11-04;4;49.703434621011525
7;2025-11-04;5;118.05653237065201
7;2025-11-04;6;241.635557415657
7;2025-11-04;7;434.4303007846324
7;2025-11-04;8;811.8341073996579
7;2025-11-04;9;690.8081113951323
7;2025-11-04;10;608.6183756902525
7;2025-11-04;11;699.4955798114224
7;2025-11-04;12;755.8461246014228
7;2025-11-04;13;850.1676466647604
7;2025-11-04;14;876.4962472785403
7;2025-11-04;15;872.1876918279362
7;2025-11-04;16;800.793024337444
7;2025-11-04;17;976.7873215485104
7;2025-11-04;18;1102.6693322469332
7;2025-11-04;19;822.0680934541529
7;2025-11-04;20;549.9262247483423
7;2025-11-04;21;451.5030345668531
7;2025-11-04;22;302.4637009740976
7;2025-11-04;23;210.49430013728147
7;2025-11-05;0;73.17928407382578
7;2025-11-05;1;0.0
7;2025-11-05;2;0.0
7;2025-11-05;3;0.0
7;2025-11-05;4;18.478313195172404
7;2025-11-05;5;208.12166779909444
7;2025-11-05;6;650.5277960714604
7;2025-11-05;7;1623.637427096743
7;2025-11-05;8;2486.7722077832336
7;2025-11-05;9;1870.1062906963994
7;2025-11-05;10;1614.7141134809249
7;2025-11-05;11;1472.0738171037342
7;2025-11-05;12;1484.9412224790863
7;2025-11-05;13;1567.7565111049714
7;2025-11-05;14;1624.8653566439361
7;2025-11-05;15;1757.8649673790328
7;2025-11-05;16;1887.5291128770352
7;2025-11-05;17;2265.0378294332922
7;2025-11-05;18;2556.8290840757686
7;2025-11-05;19;1716.9636345950112
7;2025-11-05;20;1099.0571026553762
7;2025-11-05;21;592.3402455567091
7;2025-11-05;22;327.4295634846179
7;2025-11-05;23;194.56446721335578
7;2025-11-06;0;72.83863324061315
7;2025-11-06;1;0.0
7;2025-11-06;2;0.0
7;2025-11-06;3;0.0
7;2025-11-06;4;0.0
7;2025-11-06;5;186.04106233393065
7;2025-11-06;6;612.148173853798
7;2025-11-06;7;1574.4005030282156
7;2025-11-06;8;2356.178838527655
7;2025-11-06;9;1808.3058143133935
7;2025-11-06;10;1549.5975945190876
7;2025-11-06;11;1439.5440694897718
7;2025-11-06;12;1468.427974301737
7;2025-11-06;13;1518.326482312892
7;2025-11-06;14;1578.558762803688
7;2025-11-06;15;1697.429402287439
7;2025-11-06;16;1834.5241688978494
7;2025-11-06;17;2208.886973490512
7;2025-11-06;18;2533.763734720247
7;2025-11-06;19;1671.1395355736677
7;2025-11-06;20;1028.6245892108127
7;2025-11-06;21;589.0764929457553
7;2025-11-06;22;306.9820836378152
7;2025-11-06;23;189.14740688459403
7;2025-11-07;0;74.58569424696225
7;2025-11-07;1;0.0
7;2025-11-07;2;0.0
7;2025-11-07;3;0.0
7;2025-11-07;4;2.514983048274644
7;2025-11-07;5;185.01618135509477
7;2025-11-07;6;608.4356094060884
7;2025-11-07;7;1555.640319959839
7;2025-11-07;8;2253.5779910295887
7;2025-11-07;9;1779.9123054226607
7;2025-11-07;10;1595.8586873061158
7;2025-11-07;11;1517.0356392985168
7;2025-11-07;12;1595.599088473069
7;2025-11-07;13;1641.8574263087878
7;2025-11-07;14;1692.7767010483904
7;2025-11-07;15;1806.0637632546893
7;2025-11-07;16;1957.043087381927
7;2025-11-07;17;2162.2748927065595
7;2025-11-07;18;2147.648717113373
7;2025-11-07;19;1601.325582744556
7;2025-11-07;20;1061.2949640034121
7;2025-11-07;21;582.9514122025026
7;2025-11-07;22;319.1104872694573
7;2025-11-07;23;192.25820584297742
7;2025-11-08;0;79.260965878702
7;2025-11-08;1;0.0
7;2025-11-08;2;0.0
7;2025-11-08;3;0.0
7;2025-11-08;4;1.0371491208612724
7;2025-11-08;5;53.14188954880922
7;2025-11-08;6;218.3873276143073
7;2025-11-08;7;395.458371015786
7;2025-11-08;8;628.5696315868657
7;2025-11-08;9;664.57795962414
7;2025-11-08;10;632.606731430332
7;2025-11-08;11;777.1955077880558
7;2025-11-08;12;819.0638616686191
7;2025-11-08;13;872.6775896615968
7;2025-11-08;14;886.3668908027422
7;2025-11-08;15;857.7701037274643
7;2025-11-08;16;829.063349039935
7;2025-11-08;17;821.3284534993629
7;2025-11-08;18;809.2399224264443
7;2025-11-08;19;698.9816645818358
7;2025-11-08;20;499.7128296039117
7;2025-11-08;21;399.41185737400326
7;2025-11-08;22;244.3398974782209
7;2025-11-08;23;168.2732034034285
7;2025-11-09;0;103.92753133134897
7;2025-11-09;1;0.0
7;2025-11-09;2;0.0
7;2025-11-09;3;0.0
7;2025-11-09;4;0.33240859500835995
7;2025-11-09;5;27.164813458628032
7;2025-11-09;6;151.9600070012366
7;2025-11-09;7;231.4126379817277
7;2025-11-09;8;401.22103871497
7;2025-11-09;9;467.68288038789814
7;2025-11-09;10;481.4654690626049
7;2025-11-09;11;627.2069191422414
7;2025-11-09;12;716.52915907527
7;2025-11-09;13;769.7345420307038
7;2025-11-09;14;766.9239636895093
7;2025-11-09;15;759.1081770599292
7;2025-11-09;16;725.8677295363473
7;2025-11-09;17;708.4643723004893
7;2025-11-09;18;666.4580040748492
7;2025-11-09;19;547.3527672597736
7;2025-11-09;20;443.97031733406453
7;2025-11-09;21;320.1241069448158
7;2025-11-09;22;195.29646340911688
7;2025-11-09;23;147.31494921194405
7;2025-11-10;0;76.58080414311735
7;2025-11-10;1;0.0
7;2025-11-10;2;0.0
7;2025-11-10;3;0.0
7;2025-11-10;4;13.346730019126994
7;2025-11-10;5;192.97535800131152
7;2025-11-10;6;635.9140475850553
7;2025-11-10;7;1558.6555320958737
7;2025-11-10;8;2336.4168307657283
7;2025-11-10;9;1810.116705788293
7;2025-11-10;10;1561.5969702540692
7;2025-11-10;11;1424.849184220576
7;2025-11-10;12;1477.4392186197024
7;2025-11-10;13;1506.9796580712314
7;2025-11-10;14;1564.786484365919
7;2025-11-10;15;1679.555463172228
7;2025-11-10;16;1811.444771587701
7;2025-11-10;17;2163.1100521016488
7;2025-11-10;18;2442.517625088692
7;2025-11-10;19;1677.2615064890902
7;2025-11-10;20;1059.929589805471
7;2025-11-10;21;563.8046893526333
7;2025-11-10;22;300.70819115462245
7;2025-11-10;23;186.66661816052192
7;2025-11-11;0;74.55095439599029
7;2025-11-11;1;0.0
7;2025-11-11;2;0.0
7;2025-11-11;3;0.0
7;2025-11-11;4;17.308292655189348
7;2025-11-11;5;204.40555910022454
7;2025-11-11;6;648.9625855270556
7;2025-11-11;7;1607.9930526332141
7;2025-11-11;8;2405.178703212443
7;2025-11-11;9;1833.157994035961
7;2025-11-11;10;1617.152241443901
7;2025-11-11;11;1486.5961707681095
7;2025-11-11;12;1526.4542625118918
7;2025-11-11;13;1554.2069798671055
7;2025-11-11;14;1625.8171532638835
7;2025-11-11;15;1765.7683613925653
7;2025-11-11;16;1831.3955474034447
7;2025-11-11;17;2242.605895713175
7;2025-11-11;18;2464.7627371295603
7;2025-11-11;19;1669.3593227692631
7;2025-11-11;20;1081.801695017868
7;2025-11-11;21;568.5380633453457
7;2025-11-11;22;303.8148850777078
7;2025-11-11;23;186.06658617380663
7;2025-11-12;0;85.745983959
7;2025-11-12;1;0.0
7;2025-11-12;2;0.0
7;2025-11-12;3;0.0
7;2025-11-12;4;8.85560188928116
7;2025-11-12;5;193.03913522353514
7;2025-11-12;6;638.5987431848935
7;2025-11-12;7;1596.723274650423
7;2025-11-12;8;2400.31410362576
7;2025-11-12;9;1833.9850372854492
7;2025-11-12;10;1609.8021996554548
7;2025-11-12;11;1473.6541757390755
7;2025-11-12;12;1505.2444294257425
7;2025-11-12;13;1539.6689338987028
7;2025-11-12;14;1608.2174155489577
7;2025-11-12;15;1731.2665333731936
7;2025-11-12;16;1851.1268002367142
7;2025-11-12;17;2212.980636169191
7;2025-11-12;18;2473.60778349454
7;2025-11-12;19;1646.5688418431214
7;2025-11-12;20;1046.7064874154783
7;2025-11-12;21;568.768528938267
7;2025-11-12;22;313.8776558350703
7;2025-11-12;23;200.57015391588027
7;2025-11-13;0;86.55335310441956
7;2025-11-13;1;0.0
7;2025-11-13;2;0.0
7;2025-11-13;3;0.0
7;2025-11-13;4;16.10849546465238
7;2025-11-13;5;196.34330134579784
7;2025-11-13;6;647.9677950305959
7;2025-11-13;7;1565.0333329042041
7;2025-11-13;8;2339.117530200915
7;2025-11-13;9;1815.4384175897028
7;2025-11-13;10;1558.5265521310748
7;2025-11-13;11;1457.209671815281
7;2025-11-13;12;1484.971372470788
7;2025-11-13;13;1542.329055071985
7;2025-11-13;14;1580.8368803860299
7;2025-11-13;15;1679.858566123631
7;2025-11-13;16;1797.1575107390017
7;2025-11-13;17;2182.824091035486
7;2025-11-13;18;2460.7483169719335
7;2025-11-13;19;1614.464395326963
7;2025-11-13;20;1021.7387727671727
7;2025-11-13;21;563.4354632343095
7;2025-11-13;22;307.3289435595166
7;2025-11-13;23;189.73184774633103
7;2025-11-14;0;76.17786637970414
7;2025-11-14;1;0.0
7;2025-11-14;2;0.0
7;2025-11-14;3;0.0
7;2025-11-14;4;53.10261284568594
7;2025-11-14;5;220.65420885159904
7;2025-11-14;6;651.1438095950066
7;2025-11-14;7;1554.7652147788497
7;2025-11-14;8;2271.097661065647
7;2025-11-14;9;1843.5551257916095
7;2025-11-14;10;1627.0156760702394
7;2025-11-14;11;1531.2214742399237
7;2025-11-14;12;1592.1311068885939
7;2025-11-14;13;1649.677484011222
7;2025-11-14;14;1703.5835740746345
7;2025-11-14;15;1792.4396074677197
7;2025-11-14;16;1908.5509636715196
7;2025-11-14;17;2103.672941295585
7;2025-11-14;18;2122.925844410959
7;2025-11-14;19;1556.1132859600366
7;2025-11-14;20;1028.0634025532888
7;2025-11-14;21;564.2198466454795
7;2025-11-14;22;303.5774142742522
7;2025-11-14;23;199.48273481240005
7;2025-11-15;0;67.47996042606314
7;2025-11-15;1;0.0
7;2025-11-15;2;0.0
7;2025-11-15;3;0.0
7;2025-11-15;4;21.507936157858694
7;2025-11-15;5;97.7782309230322
7;2025-11-15;6;254.86185055095825
7;2025-11-15;7;412.70263594692113
7;2025-11-15;8;636.8779404378239
7;2025-11-15;9;664.7128569801625
7;2025-11-15;10;673.9200812381888
7;2025-11-15;11;804.1288441615753
7;2025-11-15;12;919.2092108020069
7;2025-11-15;13;933.7743397056958
7;2025-11-15;14;943.6337813740041
7;2025-11-15;15;901.1263425584152
7;2025-11-15;16;873.8362176752457
7;2025-11-15;17;844.1617073503205
7;2025-11-15;18;784.6275516762313
7;2025-11-15;19;687.4275452159841
7;2025-11-15;20;510.8943635302099
7;2025-11-15;21;405.8477467195141
7;2025-11-15;22;248.25815963965567
7;2025-11-15;23;170.03795830178467
7;2025-11-16;0;87.99430834048712
7;2025-11-16;1;0.0
7;2025-11-16;2;0.0
7;2025-11-16;3;0.0
7;2025-11-16;4;0.0
7;2025-11-16;5;24.89988162998145
7;2025-11-16;6;162.9399473313266
7;2025-11-16;7;219.71365960466858
7;2025-11-16;8;378.8219941176136
7;2025-11-16;9;454.79137887374867
7;2025-11-16;10;469.4072832878943
7;2025-11-16;11;631.2127102657373
7;2025-11-16;12;728.4903994516787
7;2025-11-16;13;768.0613108306829
7;2025-11-16;14;767.7359804890941
7;2025-11-16;15;740.1463598034849
7;2025-11-16;16;687.815842259923
7;2025-11-16;17;674.948531661452
7;2025-11-16;18;631.3456723631648
7;2025-11-16;19;523.8430734837438
7;2025-11-16;20;405.92880767609233
7;2025-11-16;21;337.1372048232307
7;2025-11-16;22;199.65068539285437
7;2025-11-16;23;148.08418158829056
7;2025-11-17;0;73.8407488287628
7;2025-11-17;1;0.0
7;2025-11-17;2;0.0
7;2025-11-17;3;0.0
7;2025-11-17;4;13.838659307285525
7;2025-11-17;5;177.3484238679291
7;2025-11-17;6;648.563261267438
7;2025-11-17;7;1488.6836732905022
7;2025-11-17;8;2233.3491396579975
7;2025-11-17;9;1770.0483027301716
7;2025-11-17;10;1503.4628027146034
7;2025-11-17;11;1383.1526327539632
7;2025-11-17;12;1374.6786648745265
7;2025-11-17;13;1414.3748796043901
7;2025-11-17;14;1428.8948705856853
7;2025-11-17;15;1574.289511330176
7;2025-11-17;16;1718.5599164245266
7;2025-11-17;17;2079.8004394928043
7;2025-11-17;18;2326.045073423599
7;2025-11-17;19;1585.3722717459368
7;2025-11-17;20;995.3969868121686
7;2025-11-17;21;548.7944830920658
7;2025-11-17;22;283.77530158423326
7;2025-11-17;23;175.58839888727778
7;2025-11-18;0;70.15702815462248
7;2025-11-18;1;0.0
7;2025-11-18;2;0.0
7;2025-11-18;3;0.0
7;2025-11-18;4;23.54596788979609
7;2025-11-18;5;216.8179803588306
7;2025-11-18;6;631.8582016406409
7;2025-11-18;7;1517.6997336362447
7;2025-11-18;8;2254.8779113906867
7;2025-11-18;9;1735.1695881020862
7;2025-11-18;10;1521.4238117606665
7;2025-11-18;11;1426.4512291737078
7;2025-11-18;12;1463.3060601528696
7;2025-11-18;13;1443.2208958724825
7;2025-11-18;14;1507.6370796596095
7;2025-11-18;15;1600.3958014427062
7;2025-11-18;16;1733.9215601908463
7;2025-11-18;17;2108.361600926226
7;2025-11-18;18;2329.1868167900384
7;2025-11-18;19;1569.1915693571473
7;2025-11-18;20;977.2327905629061
7;2025-11-18;21;538.7170188955706
7;2025-11-18;22;302.2300756342529
7;2025-11-18;23;168.48005885480086
7;2025-11-19;0;100.50368182012835
7;2025-11-19;1;0.0
7;2025-11-19;2;0.0
7;2025-11-19;3;0.0
7;2025-11-19;4;9.59669360385601
7;2025-11-19;5;192.17533110816134
7;2025-11-19;6;651.2875051528916
7;2025-11-19;7;1523.2896465544216
7;2025-11-19;8;2323.9883412896997
7;2025-11-19;9;1778.85398311763
7;2025-11-19;10;1537.1145069351028
7;2025-11-19;11;1417.0622351941852
7;2025-11-19;12;1442.9105748112258
7;2025-11-19;13;1476.377664122049
7;2025-11-19;14;1527.597513860544
7;2025-11-19;15;1659.3872881553343
7;2025-11-19;16;1816.1059143755774
7;2025-11-19;17;2183.012647996844
7;2025-11-19;18;2397.3377548474846
7;2025-11-19;19;1655.0370453292426
7;2025-11-19;20;1025.9535957711587
7;2025-11-19;21;560.2961927456915
7;2025-11-19;22;301.42671075686496
7;2025-11-19;23;186.31157106743672
7;2025-11-20;0;71.48925645458905
7;2025-11-20;1;0.0
7;2025-11-20;2;0.0
7;2025-11-20;3;0.0
7;2025-11-20;4;2.0688102697738486
7;2025-11-20;5;196.68799529416344
7;2025-11-20;6;635.8590740989152
7;2025-11-20;7;1510.4438892094677
7;2025-11-20;8;2276.66440989967
7;2025-11-20;9;1786.336704973237
7;2025-11-20;10;1532.2520402026912
7;2025-11-20;11;1415.4739717001187
7;2025-11-20;12;1433.5458348499228
7;2025-11-20;13;1484.957101899236
7;2025-11-20;14;1541.4882710011102
7;2025-11-20;15;1656.9644263784
7;2025-11-20;16;1793.4809828621537
7;2025-11-20;17;2139.9520560709116
7;2025-11-20;18;2411.383281934477
7;2025-11-20;19;1623.4424122066262
7;2025-11-20;20;1001.2587950917808
7;2025-11-20;21;579.1513421306122
7;2025-11-20;22;311.4570702015086
7;2025-11-20;23;179.40636543003222
7;2025-11-21;0;63.85746067060484
7;2025-11-21;1;0.0
7;2025-11-21;2;0.0
7;2025-11-21;3;0.0
7;2025-11-21;4;14.301455689889849
7;2025-11-21;5;192.60955472984017
7;2025-11-21;6;610.5719647889683
7;2025-11-21;7;1469.4284622064094
7;2025-11-21;8;2194.070250731792
7;2025-11-21;9;1737.0217507337384
7;2025-11-21;10;1531.4283138694047
7;2025-11-21;11;1451.9963098999738
7;2025-11-21;12;1471.5851444539503
7;2025-11-21;13;1583.4492475320712
7;2025-11-21;14;1634.8064433365403
7;2025-11-21;15;1741.985287916651
7;2025-11-21;16;1894.0705059242914
7;2025-11-21;17;2100.6360366473673
7;2025-11-21;18;2097.0432581279347
7;2025-11-21;19;1560.5026550881025
7;2025-11-21;20;1025.5533701111367
7;2025-11-21;21;578.1324858618854
7;2025-11-21;22;315.01416466990656
7;2025-11-21;23;201.40046185863469
7;2025-11-22;0;91.05308412551983
7;2025-11-22;1;0.0
7;2025-11-22;2;0.0
7;2025-11-22;3;0.0
7;2025-11-22;4;33.754237947326374
7;2025-11-22;5;89.02126332728892
7;2025-11-22;6;243.25419615135013
7;2025-11-22;7;401.5758909188694
7;2025-11-22;8;622.7938357655788
7;2025-11-22;9;654.6894254833632
7;2025-11-22;10;681.4639209681754
7;2025-11-22;11;842.492819512284
7;2025-11-22;12;934.0964480642979
7;2025-11-22;13;958.6920273771602
7;2025-11-22;14;960.4349218816462
7;2025-11-22;15;928.721195247934
7;2025-11-22;16;889.0940476333185
7;2025-11-22;17;872.3210147790134
7;2025-11-22;18;868.6346719962123
7;2025-11-22;19;728.9827108699234
7;2025-11-22;20;497.9538298415007
7;2025-11-22;21;431.8967980525797
7;2025-11-22;22;255.65372032136247
7;2025-11-22;23;171.9924425423286
7;2025-11-23;0;117.60027503869776
7;2025-11-23;1;0.0
7;2025-11-23;2;0.0
7;2025-11-23;3;0.0
7;2025-11-23;4;34.3912846415044
7;2025-11-23;5;58.1099048430757
7;2025-11-23;6;189.88526740765792
7;2025-11-23;7;259.94811336089106
7;2025-11-23;8;402.5317186785113
7;2025-11-23;9;491.62567471994356
7;2025-11-23;10;508.1407824050537
7;2025-11-23;11;632.6293063064865
7;2025-11-23;12;738.0401736846709
7;2025-11-23;13;815.233242505248
7;2025-11-23;14;812.817402798022
7;2025-11-23;15;771.727942741904
7;2025-11-23;16;710.3807475051885
7;2025-11-23;17;682.3398924897899
7;2025-11-23;18;619.4726826456033
7;2025-11-23;19;518.9407899500475
7;2025-11-23;20;400.24244297092406
7;2025-11-23;21;354.5290153601226
7;2025-11-23;22;215.82953431802662
7;2025-11-23;23;159.95162983845194
7;2025-11-24;0;72.35273629160929
7;2025-11-24;1;0.0
7;2025-11-24;2;0.0
7;2025-11-24;3;0.0
7;2025-11-24;4;32.31652324811
7;2025-11-24;5;187.44923641834168
7;2025-11-24;6;616.2983998827632
7;2025-11-24;7;1499.7967993774907
7;2025-11-24;8;2235.134194092773
7;2025-11-24;9;1735.3113516569892
7;2025-11-24;10;1481.449246698793
7;2025-11-24;11;1378.4413495602653
7;2025-11-24;12;1417.7836312386562
7;2025-11-24;13;1426.9669574033198
7;2025-11-24;14;1504.5683517477405
7;2025-11-24;15;1608.1693630009972
7;2025-11-24;16;1727.1425553122351
7;2025-11-24;17;2045.4196992229809
7;2025-11-24;18;2277.157117492112
7;2025-11-24;19;1534.1973371002896
7;2025-11-24;20;928.5816253595576
7;2025-11-24;21;520.3160844089532
7;2025-11-24;22;274.15300614908176
7;2025-11-24;23;161.87474560215742
7;2025-11-25;0;82.61910442428803
7;2025-11-25;1;0.0
7;2025-11-25;2;0.0
7;2025-11-25;3;0.0
7;2025-11-25;4;28.660186728637996
7;2025-11-25;5;210.70185253154932
7;2025-11-25;6;633.7615539906176
7;2025-11-25;7;1503.38494082185
7;2025-11-25;8;2280.5688140500547
7;2025-11-25;9;1747.5931301257729
7;2025-11-25;10;1509.9299751323713
7;2025-11-25;11;1366.6558362250407
7;2025-11-25;12;1390.4986965236303
7;2025-11-25;13;1441.9221658816382
7;2025-11-25;14;1507.0617348038718
7;2025-11-25;15;1641.7014911230185
7;2025-11-25;16;1793.3585504528721
7;2025-11-25;17;2161.8883228004097
7;2025-11-25;18;2391.2339489079477
7;2025-11-25;19;1650.446639678391
7;2025-11-25;20;1020.2846098554122
7;2025-11-25;21;580.0546838968992
7;2025-11-25;22;320.2560190283431
7;2025-11-25;23;209.4613475100913
7;2025-11-26;0;145.63508933858282
7;2025-11-26;1;0.0
7;2025-11-26;2;0.0
7;2025-11-26;3;0.0
7;2025-11-26;4;87.45108486227059
7;2025-11-26;5;249.79608006613557
7;2025-11-26;6;670.0677811732372
7;2025-11-26;7;1522.1416310814839
7;2025-11-26;8;2323.812033522587
7;2025-11-26;9;1771.5048112494665
7;2025-11-26;10;1507.6399998973743
7;2025-11-26;11;1404.3001016411022
7;2025-11-26;12;1327.6426782352696
7;2025-11-26;13;1416.954108502125
7;2025-11-26;14;1482.058571601508
7;2025-11-26;15;1613.6147626064126
7;2025-11-26;16;1741.4317591556419
7;2025-11-26;17;2144.67523550892
7;2025-11-26;18;2321.9029585835033
7;2025-11-26;19;1574.769091371335
7;2025-11-26;20;1006.112072754645
7;2025-11-26;21;612.3477720465646
7;2025-11-26;22;351.4016703721849
7;2025-11-26;23;251.73133910815443
7;2025-11-27;0;135.81419541724335
7;2025-11-27;1;0.0
7;2025-11-27;2;0.0
7;2025-11-27;3;0.0
7;2025-11-27;4;72.79136760780898
7;2025-11-27;5;253.85349489569796
7;2025-11-27;6;658.936741721456
7;2025-11-27;7;1465.2510577242294
7;2025-11-27;8;2199.7888466002833
7;2025-11-27;9;1700.8517655917954
7;2025-11-27;10;1416.547354904641
7;2025-11-27;11;1284.2032512420578
7;2025-11-27;12;1355.9402324230125
7;2025-11-27;13;1395.3584302867398
7;2025-11-27;14;1471.7646329742481
7;2025-11-27;15;1569.029161920112
7;2025-11-27;16;1705.546374660328
7;2025-11-27;17;2049.551053876631
7;2025-11-27;18;2381.672683968175
7;2025-11-27;19;1581.2924583877243
7;2025-11-27;20;969.2153030521888
7;2025-11-27;21;610.5583547095384
7;2025-11-27;22;342.2213005385043
7;2025-11-27;23;231.69960527719877
7;2025-11-28;0;114.94616384214225
7;2025-11-28;1;0.0
7;2025-11-28;2;0.0
7;2025-11-28;3;0.0
7;2025-11-28;4;57.628904989885655
7;2025-11-28;5;223.1213696012435
7;2025-11-28;6;647.1620377972191
7;2025-11-28;7;1469.4436982891752
7;2025-11-28;8;2132.6896866499055
7;2025-11-28;9;1699.1694073248057
7;2025-11-28;10;1481.3812759465782
7;2025-11-28;11;1397.312285251191
7;2025-11-28;12;1467.4281049589392
7;2025-11-28;13;1512.9995977936494
7;2025-11-28;14;1570.1755972391325
7;2025-11-28;15;1680.0806897075065
7;2025-11-28;16;1846.6063079336898
7;2025-11-28;17;2007.8019482149084
7;2025-11-28;18;1971.2812630595643
7;2025-11-28;19;1517.7080927942225
7;2025-11-28;20;987.218248131235
7;2025-11-28;21;620.1663450918036
7;2025-11-28;22;359.11451849034717
7;2025-11-28;23;255.1115586170091
7;2025-11-29;0;147.42441261770614
7;2025-11-29;1;0.0
7;2025-11-29;2;0.0
7;2025-11-29;3;0.0
7;2025-11-29;4;72.0775463937805
7;2025-11-29;5;131.85366945052158
7;2025-11-29;6;289.3420100015211
7;2025-11-29;7;398.67631595619866
7;2025-11-29;8;630.2138743253049
7;2025-11-29;9;684.8675103709267
7;2025-11-29;10;673.4620198290143
7;2025-11-29;11;789.90653741196
7;2025-11-29;12;865.4958395844055
7;2025-11-29;13;891.2661556431987
7;2025-11-29;14;923.129082220516
7;2025-11-29;15;879.0115788849283
7;2025-11-29;16;815.6866405247001
7;2025-11-29;17;820.5196724224159
7;2025-11-29;18;764.5303649421649
7;2025-11-29;19;725.2846069713738
7;2025-11-29;20;522.7517356607734
7;2025-11-29;21;450.0778034055444
7;2025-11-29;22;302.8350988172914
7;2025-11-29;23;227.48984567823345
7;2025-11-30;0;133.24095248727133
7;2025-11-30;1;0.0
7;2025-11-30;2;0.0
7;2025-11-30;3;0.0
7;2025-11-30;4;65.43568472585889
7;2025-11-30;5;92.40882584639235
7;2025-11-30;6;205.6590993206563
7;2025-11-30;7;245.4307493802204
7;2025-11-30;8;401.75349089882144
7;2025-11-30;9;482.4614333592312
7;2025-11-30;10;498.1232964225905
7;2025-11-30;11;639.5909885662313
7;2025-11-30;12;725.61347311477
7;2025-11-30;13;789.1704350987817
7;2025-11-30;14;788.4852528446136
7;2025-11-30;15;764.5733468253967
7;2025-11-30;16;719.4421032653994
7;2025-11-30;17;691.309623998745
7;2025-11-30;18;641.3389330144255
7;2025-11-30;19;560.470696213882
7;2025-11-30;20;449.5338128537667
7;2025-11-30;21;395.09014369098463
7;2025-11-30;22;258.811907314255
7;2025-11-30;23;200.79626358961832
7;2025-12-01;0;117.06095868721638
7;2025-12-01;1;0.0
7;2025-12-01;2;0.0
7;2025-12-01;3;0.0
7;2025-12-01;4;64.13948934644691
7;2025-12-01;5;241.44024160894958
7;2025-12-01;6;678.7626026268832
7;2025-12-01;7;1418.7627545671812
7;2025-12-01;8;2113.435027481971
7;2025-12-01;9;1585.1048085919606
7;2025-12-01;10;1346.2754217991903
7;2025-12-01;11;1200.5285304884248
7;2025-12-01;12;1210.1618844574457
7;2025-12-01;13;1255.21234461304
7;2025-12-01;14;1320.430959518645
7;2025-12-01;15;1432.7774514397274
7;2025-12-01;16;1593.468775666902
7;2025-12-01;17;1904.726813020583
7;2025-12-01;18;2142.909347071399
7;2025-12-01;19;1514.8778433957275
7;2025-12-01;20;957.8942208002335
7;2025-12-01;21;554.6551528061519
7;2025-12-01;22;312.62871050802335
7;2025-12-01;23;215.09298700982538
7;2025-12-02;0;115.84010031774483
7;2025-12-02;1;0.0
7;2025-12-02;2;0.0
7;2025-12-02;3;0.0
7;2025-12-02;4;64.9553311355055
7;2025-12-02;5;256.62696274161067
7;2025-12-02;6;681.4296674482522
7;2025-12-02;7;1418.0989015451719
7;2025-12-02;8;2177.4928732296526
7;2025-12-02;9;1618.3915140664117
7;2025-12-02;10;1365.6385185242102
7;2025-12-02;11;1210.3095373382587
7;2025-12-02;12;1245.6732340180288
7;2025-12-02;13;1301.5739226313383
7;2025-12-02;14;1343.9091792323366
7;2025-12-02;15;1446.0569556674334
7;2025-12-02;16;1590.6734942500495
7;2025-12-02;17;1970.3847994143905
7;2025-12-02;18;2243.580634738054
7;2025-12-02;19;1593.3403956228594
7;2025-12-02;20;998.2256996193541
7;2025-12-02;21;600.9556052469088
7;2025-12-02;22;350.9869987533816
7;2025-12-02;23;232.5158489377278
7;2025-12-03;0;114.70522000478434
7;2025-12-03;1;0.0
7;2025-12-03;2;0.0
7;2025-12-03;3;0.0
7;2025-12-03;4;59.34070755003654
7;2025-12-03;5;248.86892192915832
7;2025-12-03;6;692.2907369277223
7;2025-12-03;7;1423.4743781537895
7;2025-12-03;8;2230.598407616185
7;2025-12-03;9;1659.7713457262766
7;2025-12-03;10;1410.6102347446508
7;2025-12-03;11;1263.823255751652
7;2025-12-03;12;1256.1588311551757
7;2025-12-03;13;1317.4918466456186
7;2025-12-03;14;1366.4074368216516
7;2025-12-03;15;1458.2024748973226
7;2025-12-03;16;1608.6048229217558
7;2025-12-03;17;1966.1162947869489
7;2025-12-03;18;2250.00819677015
7;2025-12-03;19;1545.2419349235201
7;2025-12-03;20;1007.1524848173975
7;2025-12-03;21;623.993013180479
7;2025-12-03;22;376.3003852920432
7;2025-12-03;23;249.94258354814406
7;2025-12-04;0;122.3000113222522
7;2025-12-04;1;0.0
7;2025-12-04;2;0.0
7;2025-12-04;3;0.0
7;2025-12-04;4;62.72859151562045
7;2025-12-04;5;249.35198570439354
7;2025-12-04;6;688.1536104025158
7;2025-12-04;7;1415.2482867086292
7;2025-12-04;8;2167.1088058607334
7;2025-12-04;9;1638.9217195285248
7;2025-12-04;10;1367.104762072492
7;2025-12-04;11;1215.1409957965657
7;2025-12-04;12;1242.797621093492
7;2025-12-04;13;1292.1935789041424
7;2025-12-04;14;1345.5342559840283
7;2025-12-04;15;1459.1943859423845
7;2025-12-04;16;1577.9861932434187
7;2025-12-04;17;1922.638769775182
7;2025-12-04;18;2169.64161945094
7;2025-12-04;19;1512.5218903707805
7;2025-12-04;20;968.2730006724532
7;2025-12-04;21;603.1023933881089
7;2025-12-04;22;349.3972265366746
7;2025-12-04;23;244.93759691610694
7;2025-12-05;0;120.56807131556775
7;2025-12-05;1;0.0
7;2025-12-05;2;0.0
7;2025-12-05;3;0.0
7;2025-12-05;4;47.50364838280598
7;2025-12-05;5;228.7018820338933
7;2025-12-05;6;646.3673856935494
7;2025-12-05;7;1394.337419640575
7;2025-12-05;8;2066.353893717364
7;2025-12-05;9;1609.8326896075616
7;2025-12-05;10;1389.47940759584
7;2025-12-05;11;1300.8117812726769
7;2025-12-05;12;1352.89140259464
7;2025-12-05;13;1418.3945065128037
7;2025-12-05;14;1493.1780801124635
7;2025-12-05;15;1547.4840788191846
7;2025-12-05;16;1698.655540897152
7;2025-12-05;17;1866.3685990228291
7;2025-12-05;18;1834.9622700910977
7;2025-12-05;19;1468.0442760969597
7;2025-12-05;20;975.8330463022262
7;2025-12-05;21;589.6051296130357
7;2025-12-05;22;349.3015530871227
7;2025-12-05;23;239.65548796990208
7;2025-12-06;0;88.88207439322628
7;2025-12-06;1;0.0
7;2025-12-06;2;0.0
7;2025-12-06;3;0.0
7;2025-12-06;4;19.012084842687614
7;2025-12-06;5;77.30794417309937
7;2025-12-06;6;272.38267691997737
7;2025-12-06;7;408.5857183172451
7;2025-12-06;8;605.4700277375598
7;2025-12-06;9;665.7500298033824
7;2025-12-06;10;639.7364395772299
7;2025-12-06;11;795.0744132302033
7;2025-12-06;12;892.0446696255842
7;2025-12-06;13;901.0149968404113
7;2025-12-06;14;911.6271610725411
7;2025-12-06;15;886.1243203518229
7;2025-12-06;16;848.3443062773406
7;2025-12-06;17;821.8114666866102
7;2025-12-06;18;776.0209024209851
7;2025-12-06;19;708.4380675856228
7;2025-12-06;20;516.2935385005865
7;2025-12-06;21;431.63143616024445
7;2025-12-06;22;273.4780814166984
7;2025-12-06;23;176.4761048552615
7;2025-12-07;0;63.24357014144414
7;2025-12-07;1;0.0
7;2025-12-07;2;0.0
7;2025-12-07;3;0.0
7;2025-12-07;4;14.822521378703073
7;2025-12-07;5;36.88523908939794
7;2025-12-07;6;172.14642911232556
7;2025-12-07;7;237.93600433346683
7;2025-12-07;8;383.0676656758364
7;2025-12-07;9;462.6496022769303
7;2025-12-07;10;483.4960808644527
7;2025-12-07;11;626.4870478310675
7;2025-12-07;12;700.9718405516467
7;2025-12-07;13;748.1910052999563
7;2025-12-07;14;773.4835214008101
7;2025-12-07;15;735.489973755695
7;2025-12-07;16;702.4261571926354
7;2025-12-07;17;675.4548005473702
7;2025-12-07;18;597.4176917977477
7;2025-12-07;19;520.3954185357911
7;2025-12-07;20;434.9090308605521
7;2025-12-07;21;373.9640184587444
7;2025-12-07;22;228.5799702761849
7;2025-12-07;23;153.37183739471845
7;2025-12-08;0;110.66852151392686
7;2025-12-08;1;0.0
7;2025-12-08;2;0.0
7;2025-12-08;3;0.0
7;2025-12-08;4;61.28192269509759
7;2025-12-08;5;244.52030301021898
7;2025-12-08;6;691.4718700368658
7;2025-12-08;7;1432.302022607585
7;2025-12-08;8;2177.1399306214994
7;2025-12-08;9;1600.37800889823
7;2025-12-08;10;1316.9980865033288
7;2025-12-08;11;1180.2039666702858
7;2025-12-08;12;1195.4948501392662
7;2025-12-08;13;1243.774593110027
7;2025-12-08;14;1311.1645883309263
7;2025-12-08;15;1425.4064366975126
7;2025-12-08;16;1585.4609565192843
7;2025-12-08;17;1890.5993878434308
7;2025-12-08;18;2129.8480511421967
7;2025-12-08;19;1504.850955695138
7;2025-12-08;20;948.7911452585911
7;2025-12-08;21;547.83492567717
7;2025-12-08;22;296.8571322132507
7;2025-12-08;23;203.47827594313173
7;2025-12-09;0;107.69615141960264
7;2025-12-09;1;0.0
7;2025-12-09;2;0.0
7;2025-12-09;3;0.0
7;2025-12-09;4;47.34855791721748
7;2025-12-09;5;229.52045919429725
7;2025-12-09;6;686.9558478623337
7;2025-12-09;7;1407.856322572871
7;2025-12-09;8;2183.331898953143
7;2025-12-09;9;1603.3341985286897
7;2025-12-09;10;1356.4225378200288
7;2025-12-09;11;1178.1961519468232
7;2025-12-09;12;1250.257823155215
7;2025-12-09;13;1240.0728911883114
7;2025-12-09;14;1246.8885059664408
7;2025-12-09;15;1358.298235274196
7;2025-12-09;16;1562.0320406662659
7;2025-12-09;17;1890.7236449636302
7;2025-12-09;18;2128.8452099639208
7;2025-12-09;19;1498.3188257462352
7;2025-12-09;20;909.7097422062243
7;2025-12-09;21;549.5214682536836
7;2025-12-09;22;315.6139441693648
7;2025-12-09;23;190.6553453039486
7;2025-12-10;0;96.71811811729913
7;2025-12-10;1;0.0
7;2025-12-10;2;0.0
7;2025-12-10;3;0.0
7;2025-12-10;4;58.91432422143862
7;2025-12-10;5;244.8651339502236
7;2025-12-10;6;682.7715471196173
7;2025-12-10;7;1397.273985877363
7;2025-12-10;8;2167.0575122645546
7;2025-12-10;9;1615.654756965118
7;2025-12-10;10;1367.6932811657143
7;2025-12-10;11;1247.5123337554023
7;2025-12-10;12;1237.1139148052298
7;2025-12-10;13;1273.7861717120777
7;2025-12-10;14;1316.5565750905585
7;2025-12-10;15;1427.9787571227046
7;2025-12-10;16;1581.8076671081112
7;2025-12-10;17;1938.2662506757865
7;2025-12-10;18;2174.13128556246
7;2025-12-10;19;1529.3178420084387
7;2025-12-10;20;956.2193827096701
7;2025-12-10;21;585.5784411426912
7;2025-12-10;22;339.40627297617004
7;2025-12-10;23;219.83785154054146
7;2025-12-11;0;102.55532082208583
7;2025-12-11;1;0.0
7;2025-12-11;2;0.0
7;2025-12-11;3;0.0
7;2025-12-11;4;48.37811903252873
7;2025-12-11;5;222.93622834799407
7;2025-12-11;6;642.2846032597392
7;2025-12-11;7;1357.1066313174854
7;2025-12-11;8;2043.9084839728291
7;2025-12-11;9;1569.5489591660064
7;2025-12-11;10;1380.5359902431273
7;2025-12-11;11;1254.7274423654787
7;2025-12-11;12;1242.5417125075985
7;2025-12-11;13;1283.6852107536633
7;2025-12-11;14;1333.323070937925
7;2025-12-11;15;1444.6398079600533
7;2025-12-11;16;1570.731872253782
7;2025-12-11;17;1908.2586053875618
7;2025-12-11;18;2123.770277327229
7;2025-12-11;19;1475.1864947944728
7;2025-12-11;20;924.7275758935523
7;2025-12-11;21;575.5399125445997
7;2025-12-11;22;334.9694826316203
7;2025-12-11;23;220.36833664141136
7;2025-12-12;0;113.15966710215957
7;2025-12-12;1;0.0
7;2025-12-12;2;0.0
7;2025-12-12;3;0.0
7;2025-12-12;4;49.735881932218945
7;2025-12-12;5;235.29285243874085
7;2025-12-12;6;659.8201007621101
7;2025-12-12;7;1366.8888726232785
7;2025-12-12;8;1983.485009953343
7;2025-12-12;9;1585.1847231939028
7;2025-12-12;10;1427.1167959903078
7;2025-12-12;11;1282.581208444479
7;2025-12-12;12;1360.2901765607699
7;2025-12-12;13;1379.710497643582
7;2025-12-12;14;1435.9808395662285
7;2025-12-12;15;1521.63240990212
7;2025-12-12;16;1694.6953501567477
7;2025-12-12;17;1938.948799808143
7;2025-12-12;18;1816.405863972514
7;2025-12-12;19;1433.3082402405396
7;2025-12-12;20;944.1295179839688
7;2025-12-12;21;582.5306219217969
7;2025-12-12;22;364.88499250303465
7;2025-12-12;23;264.01324895323523
7;2025-12-13;0;66.02669697832494
7;2025-12-13;1;0.0
7;2025-12-13;2;0.0
7;2025-12-13;3;0.0
7;2025-12-13;4;45.91807625929562
7;2025-12-13;5;101.28366399130448
7;2025-12-13;6;260.9497768585884
7;2025-12-13;7;369.16100719730673
7;2025-12-13;8;543.5680439024471
7;2025-12-13;9;597.6034621807681
7;2025-12-13;10;608.7596375260425
7;2025-12-13;11;773.7633893536886
7;2025-12-13;12;823.5909123914242
7;2025-12-13;13;853.6945438990837
7;2025-12-13;14;867.9823456228291
7;2025-12-13;15;818.9351661236027
7;2025-12-13;16;794.9898214440557
7;2025-12-13;17;768.5234667518996
7;2025-12-13;18;704.8144624536217
7;2025-12-13;19;632.1717036263642
7;2025-12-13;20;495.7272099224598
7;2025-12-13;21;435.5507613630495
7;2025-12-13;22;262.29280530868334
7;2025-12-13;23;183.98694573350144
7;2025-12-14;0;86.40872757648083
7;2025-12-14;1;0.0
7;2025-12-14;2;0.0
7;2025-12-14;3;0.0
7;2025-12-14;4;9.174855948319077
7;2025-12-14;5;36.026388842365805
7;2025-12-14;6;165.95337040225695
7;2025-12-14;7;256.5404957198639
7;2025-12-14;8;411.91820650683104
7;2025-12-14;9;479.92890768323576
7;2025-12-14;10;479.3522141507805
7;2025-12-14;11;641.6976339288752
7;2025-12-14;12;671.2698758185195
7;2025-12-14;13;726.5573599694579
7;2025-12-14;14;748.5508023930017
7;2025-12-14;15;724.9669273681784
7;2025-12-14;16;726.9040674976796
7;2025-12-14;17;691.0064639483729
7;2025-12-14;18;642.3902662565415
7;2025-12-14;19;533.8219014644276
7;2025-12-14;20;427.32028767577054
7;2025-12-14;21;366.10351662781875
7;2025-12-14;22;223.21964119270126
7;2025-12-14;23;156.18559625920068
7;2025-12-15;0;101.47214946023166
7;2025-12-15;1;0.0
7;2025-12-15;2;0.0
7;2025-12-15;3;0.0
7;2025-12-15;4;53.8702490133453
7;2025-12-15;5;236.36540868861732
7;2025-12-15;6;648.210042230958
7;2025-12-15;7;1351.9460918002417
7;2025-12-15;8;2079.43941292982
7;2025-12-15;9;1557.6055747005298
7;2025-12-15;10;1288.4977551447128
7;2025-12-15;11;1146.8837973256275
7;2025-12-15;12;1132.1735973250147
7;2025-12-15;13;1225.8777996316269
7;2025-12-15;14;1273.118300246371
7;2025-12-15;15;1401.6922865527692
7;2025-12-15;16;1532.6257251017134
7;2025-12-15;17;1850.9747947043695
7;2025-12-15;18;2073.966315410436
7;2025-12-15;19;1474.3198476175007
7;2025-12-15;20;905.7937113743502
7;2025-12-15;21;556.5077891974706
7;2025-12-15;22;317.16891759864757
7;2025-12-15;23;215.78885186868433
7;2025-12-16;0;97.42407241602075
7;2025-12-16;1;0.0
7;2025-12-16;2;0.0
7;2025-12-16;3;0.0
7;2025-12-16;4;59.91661995113054
7;2025-12-16;5;260.4572733458523
7;2025-12-16;6;693.40057243084
7;2025-12-16;7;1439.3942365211751
7;2025-12-16;8;2171.1897458760604
7;2025-12-16;9;1619.852658502822
7;2025-12-16;10;1352.231798141854
7;2025-12-16;11;1220.502362738142
7;2025-12-16;12;1222.744157795358
7;2025-12-16;13;1250.2487656905366
7;2025-12-16;14;1306.1213531838416
7;2025-12-16;15;1345.5456858818002
7;2025-12-16;16;1491.0723132361497
7;2025-12-16;17;1868.0686852826016
7;2025-12-16;18;2104.7203132639174
7;2025-12-16;19;1463.5236962008335
7;2025-12-16;20;875.2606833651857
7;2025-12-16;21;513.5169951249582
7;2025-12-16;22;268.97805204098006
7;2025-12-16;23;159.26894517979042
7;2025-12-17;0;91.84249265678795
7;2025-12-17;1;0.0
7;2025-12-17;2;0.0
7;2025-12-17;3;0.0
7;2025-12-17;4;13.710124224878996
7;2025-12-17;5;209.33381460617943
7;2025-12-17;6;638.3262504968746
7;2025-12-17;7;1396.5196674824138
7;2025-12-17;8;2183.520661190203
7;2025-12-17;9;1613.0552283952095
7;2025-12-17;10;1348.1575847715571
7;2025-12-17;11;1210.9006176124653
7;2025-12-17;12;1223.6904110947362
7;2025-12-17;13;1268.7607171921027
7;2025-12-17;14;1309.0746349260392
7;2025-12-17;15;1399.4572195020885
7;2025-12-17;16;1549.518308364524
7;2025-12-17;17;1914.5522686313245
7;2025-12-17;18;2205.643246475229
7;2025-12-17;19;1480.3064893720705
7;2025-12-17;20;933.5003159872538
7;2025-12-17;21;579.0365620791538
7;2025-12-17;22;321.6234395142176
7;2025-12-17;23;203.50779992397952
7;2025-12-18;0;94.86247193135853
7;2025-12-18;1;0.0
7;2025-12-18;2;0.0
7;2025-12-18;3;0.0
7;2025-12-18;4;40.61519995775973
7;2025-12-18;5;200.911758743473
7;2025-12-18;6;627.6739662875036
7;2025-12-18;7;1352.8686768358803
7;2025-12-18;8;2075.6240764950508
7;2025-12-18;9;1559.9996127513423
7;2025-12-18;10;1285.7373678050228
7;2025-12-18;11;1136.729986949642
7;2025-12-18;12;1121.4291444028645
7;2025-12-18;13;1219.915658274922
7;2025-12-18;14;1263.6935800737906
7;2025-12-18;15;1377.2119240535567
7;2025-12-18;16;1511.9050083470574
7;2025-12-18;17;1844.023407926291
7;2025-12-18;18;2100.927042211531
7;2025-12-18;19;1436.0956248870402
7;2025-12-18;20;863.5226963883156
7;2025-12-18;21;537.19156119124
7;2025-12-18;22;293.7622677862846
7;2025-12-18;23;182.6515585308439
7;2025-12-19;0;105.84203101885316
7;2025-12-19;1;0.0
7;2025-12-19;2;0.0
7;2025-12-19;3;0.0
7;2025-12-19;4;27.440992899524304
7;2025-12-19;5;211.61932413599902
7;2025-12-19;6;636.3783031561675
7;2025-12-19;7;1394.9162239528116
7;2025-12-19;8;2026.2061405810712
7;2025-12-19;9;1572.8066089068825
7;2025-12-19;10;1363.0305603641227
7;2025-12-19;11;1253.51552229903
7;2025-12-19;12;1345.161426625967
7;2025-12-19;13;1364.1687550819715
7;2025-12-19;14;1440.2514842298337
7;2025-12-19;15;1496.5302421321246
7;2025-12-19;16;1652.5722448888991
7;2025-12-19;17;1830.0100494823052
7;2025-12-19;18;1821.4258358118245
7;2025-12-19;19;1396.6690365543632
7;2025-12-19;20;893.1279966894285
7;2025-12-19;21;547.8255798384405
7;2025-12-19;22;305.34046886043825
7;2025-12-19;23;192.47017301549033
7;2025-12-20;0;95.18001998826264
7;2025-12-20;1;0.0
7;2025-12-20;2;0.0
7;2025-12-20;3;0.0
7;2025-12-20;4;20.329455770373443
7;2025-12-20;5;72.23795544085567
7;2025-12-20;6;253.23739882878579
7;2025-12-20;7;409.18252838399025
7;2025-12-20;8;598.4032164695567
7;2025-12-20;9;654.7490769452628
7;2025-12-20;10;635.922736512871
7;2025-12-20;11;778.7835297873
7;2025-12-20;12;870.8087203851687
7;2025-12-20;13;875.8394142091909
7;2025-12-20;14;907.0739295738939
7;2025-12-20;15;856.8161432016602
7;2025-12-20;16;826.047316272086
7;2025-12-20;17;836.3254953777608
7;2025-12-20;18;764.5514899757914
7;2025-12-20;19;703.0804009729987
7;2025-12-20;20;510.32490802443215
7;2025-12-20;21;434.0077648068888
7;2025-12-20;22;275.27837766654943
7;2025-12-20;23;178.81876162862204
7;2025-12-21;0;94.35019904957414
7;2025-12-21;1;0.0
7;2025-12-21;2;0.0
7;2025-12-21;3;0.0
7;2025-12-21;4;21.072746947268797
7;2025-12-21;5;45.9513599093857
7;2025-12-21;6;177.23085168079115
7;2025-12-21;7;264.41580545912984
7;2025-12-21;8;427.29907127595243
7;2025-12-21;9;494.84580472288206
7;2025-12-21;10;519.5708542164377
7;2025-12-21;11;680.1406951415945
7;2025-12-21;12;762.0413584885879
7;2025-12-21;13;807.0136552064037
7;2025-12-21;14;869.3639578709713
7;2025-12-21;15;789.2977407189798
7;2025-12-21;16;738.0971842975986
7;2025-12-21;17;720.5635267659361
7;2025-12-21;18;638.7208532720653
7;2025-12-21;19;551.0563047282874
7;2025-12-21;20;452.51368184436
7;2025-12-21;21;366.98239410344365
7;2025-12-21;22;240.73604140172324
7;2025-12-21;23;133.75968519985145
7;2025-12-22;0;105.3779865376165
7;2025-12-22;1;0.0
7;2025-12-22;2;0.0
7;2025-12-22;3;0.0
7;2025-12-22;4;54.89121733727893
7;2025-12-22;5;236.36725261535173
7;2025-12-22;6;655.9226038294954
7;2025-12-22;7;1366.43472830053
7;2025-12-22;8;2090.3392814517283
7;2025-12-22;9;1589.8611521271791
7;2025-12-22;10;1370.8358265716338
7;2025-12-22;11;1222.0599147518715
7;2025-12-22;12;1216.652483812291
7;2025-12-22;13;1204.663366427495
7;2025-12-22;14;1329.0860880712062
7;2025-12-22;15;1417.6286931857312
7;2025-12-22;16;1547.7940373749982
7;2025-12-22;17;1853.75869326672
7;2025-12-22;18;2076.0949651618666
7;2025-12-22;19;1446.5344376225735
7;2025-12-22;20;868.5157543904169
7;2025-12-22;21;537.1851461723556
7;2025-12-22;22;319.01437960190674
7;2025-12-22;23;215.5735987527088
7;2025-12-23;0;95.76681903472183
7;2025-12-23;1;0.0
7;2025-12-23;2;0.0
7;2025-12-23;3;0.0
7;2025-12-23;4;8.074242618412882
7;2025-12-23;5;193.45236711440373
7;2025-12-23;6;628.6120207047953
7;2025-12-23;7;1351.4429732046444
7;2025-12-23;8;2085.6360840389743
7;2025-12-23;9;1501.6316052557495
7;2025-12-23;10;1233.1886509547649
7;2025-12-23;11;1076.8844794949532
7;2025-12-23;12;1091.4961168017126
7;2025-12-23;13;1133.6860798841592
7;2025-12-23;14;1179.1629362637707
7;2025-12-23;15;1333.1801630323118
7;2025-12-23;16;1503.3094450114304
7;2025-12-23;17;1885.727121011617
7;2025-12-23;18;2131.0657446184905
7;2025-12-23;19;1494.706576086725
7;2025-12-23;20;880.8083959109237
7;2025-12-23;21;534.4012867042749
7;2025-12-23;22;302.5039192220552
7;2025-12-23;23;196.9971244470497
7;2025-12-24;0;62.088108113324324
7;2025-12-24;1;0.0
7;2025-12-24;2;0.0
7;2025-12-24;3;0.0
7;2025-12-24;4;8.249563213595025
7;2025-12-24;5;190.16249645457185
7;2025-12-24;6;615.7217626102951
7;2025-12-24;7;1424.8204772170193
7;2025-12-24;8;2166.8001877913484
7;2025-12-24;9;1573.4046296495007
7;2025-12-24;10;1298.722408468075
7;2025-12-24;11;1151.0995873181319
7;2025-12-24;12;1185.2479149630212
7;2025-12-24;13;1227.0903815361407
7;2025-12-24;14;1197.7135799436296
7;2025-12-24;15;1388.4172587054795
7;2025-12-24;16;1501.8410132168624
7;2025-12-24;17;1907.3224030692656
7;2025-12-24;18;2243.7289979854263
7;2025-12-24;19;1495.8554663581665
7;2025-12-24;20;896.8948414869071
7;2025-12-24;21;497.060536210605
7;2025-12-24;22;264.49787828399974
7;2025-12-24;23;153.5522748049931
7;2025-12-25;0;60.2925128198284
7;2025-12-25;1;0.0
7;2025-12-25;2;0.0
7;2025-12-25;3;0.0
7;2025-12-25;4;0.0
7;2025-12-25;5;166.80874939189835
7;2025-12-25;6;614.6463892780405
7;2025-12-25;7;1382.7752901422145
7;2025-12-25;8;2093.1756184215033
7;2025-12-25;9;1572.6497726133307
7;2025-12-25;10;1333.5197462850635
7;2025-12-25;11;1159.0488350397034
7;2025-12-25;12;1166.0000516781824
7;2025-12-25;13;1211.7395950578698
7;2025-12-25;14;1246.8607107493992
7;2025-12-25;15;1365.6609688878068
7;2025-12-25;16;1552.1522415347972
7;2025-12-25;17;1960.725459658268
7;2025-12-25;18;2183.751971800563
7;2025-12-25;19;1458.2685645825204
7;2025-12-25;20;909.538316556195
7;2025-12-25;21;534.4262982953534
7;2025-12-25;22;260.4099253559107
7;2025-12-25;23;138.5527654206801
7;2025-12-26;0;49.96258600498777
7;2025-12-26;1;0.0
7;2025-12-26;2;0.0
7;2025-12-26;3;0.0
7;2025-12-26;4;17.56714103431409
7;2025-12-26;5;194.66559795127273
7;2025-12-26;6;641.1758017475372
7;2025-12-26;7;1462.0942689322942
7;2025-12-26;8;2122.7972078555777
7;2025-12-26;9;1650.3666710205066
7;2025-12-26;10;1453.3442346695888
7;2025-12-26;11;1322.801388107819
7;2025-12-26;12;1363.4099202608304
7;2025-12-26;13;1415.0252719255193
7;2025-12-26;14;1478.96079347578
7;2025-12-26;15;1558.0597507237967
7;2025-12-26;16;1757.0258955376344
7;2025-12-26;17;1929.979802932381
7;2025-12-26;18;1931.241500594107
7;2025-12-26;19;1412.1846431921263
7;2025-12-26;20;940.6340142168051
7;2025-12-26;21;546.3983641375075
7;2025-12-26;22;307.9302934421785
7;2025-12-26;23;179.4562475673174
7;2025-12-27;0;88.16073027888513
7;2025-12-27;1;0.0
7;2025-12-27;2;0.0
7;2025-12-27;3;0.0
7;2025-12-27;4;8.57254615073191
7;2025-12-27;5;67.98246016550763
7;2025-12-27;6;240.21675103876566
7;2025-12-27;7;409.9507192392474
7;2025-12-27;8;604.4275803600358
7;2025-12-27;9;706.7144822113978
7;2025-12-27;10;720.4374615658533
7;2025-12-27;11;914.1926253236663
7;2025-12-27;12;1045.3029496786623
7;2025-12-27;13;1097.147801955477
7;2025-12-27;14;1113.4650443836495
7;2025-12-27;15;1084.185770087477
7;2025-12-27;16;1029.004411358452
7;2025-12-27;17;996.4711773225469
7;2025-12-27;18;894.952278170303
7;2025-12-27;19;813.282010474859
7;2025-12-27;20;586.9566047922065
7;2025-12-27;21;537.0855064670261
7;2025-12-27;22;333.2018091059555
7;2025-12-27;23;214.3193695929226
7;2025-12-28;0;84.01687814508966
7;2025-12-28;1;0.0
7;2025-12-28;2;0.0
7;2025-12-28;3;0.0
7;2025-12-28;4;12.206461654839472
7;2025-12-28;5;17.675964026237466
7;2025-12-28;6;147.01659153370736
7;2025-12-28;7;217.12898992357157
7;2025-12-28;8;406.7747305469079
7;2025-12-28;9;502.5004169219701
7;2025-12-28;10;547.8545869270556
7;2025-12-28;11;782.3052254757692
7;2025-12-28;12;894.8665696716542
7;2025-12-28;13;949.4140569537179
7;2025-12-28;14;973.627063217883
7;2025-12-28;15;938.4226902789093
7;2025-12-28;16;874.1792300441932
7;2025-12-28;17;838.2700881483232
7;2025-12-28;18;762.7694104970066
7;2025-12-28;19;625.0821958568786
7;2025-12-28;20;515.8205979142388
7;2025-12-28;21;490.68056230481204
7;2025-12-28;22;292.3617870438503
7;2025-12-28;23;166.72754650187233
7;2025-12-29;0;64.17148268592518
7;2025-12-29;1;0.0
7;2025-12-29;2;0.0
7;2025-12-29;3;0.0
7;2025-12-29;4;25.072624474425766
7;2025-12-29;5;218.61128442241363
7;2025-12-29;6;644.5098266691969
7;2025-12-29;7;1455.3906417374042
7;2025-12-29;8;2178.0896147473104
7;2025-12-29;9;1581.791215192768
7;2025-12-29;10;1405.4360102023709
7;2025-12-29;11;1210.887107928464
7;2025-12-29;12;1222.877734235156
7;2025-12-29;13;1271.6179369288375
7;2025-12-29;14;1343.340204419235
7;2025-12-29;15;1476.4821057825475
7;2025-12-29;16;1665.4671165995983
7;2025-12-29;17;2002.7379031043536
7;2025-12-29;18;2203.2764007223495
7;2025-12-29;19;1630.86197184654
7;2025-12-29;20;968.4665721033144
7;2025-12-29;21;561.2175757474322
7;2025-12-29;22;298.73090952203586
7;2025-12-29;23;179.18778612260235
7;2025-12-30;0;78.38208740192022
7;2025-12-30;1;0.0
7;2025-12-30;2;0.0
7;2025-12-30;3;0.0
7;2025-12-30;4;39.7690192730679
7;2025-12-30;5;229.5977924546836
7;2025-12-30;6;675.7100195883403
7;2025-12-30;7;1482.20071225959
7;2025-12-30;8;2251.828622296973
7;2025-12-30;9;1648.752929443072
7;2025-12-30;10;1434.3969902025096
7;2025-12-30;11;1257.151493854377
7;2025-12-30;12;1261.5978414963602
7;2025-12-30;13;1295.87866383992
7;2025-12-30;14;1374.2318563409244
7;2025-12-30;15;1499.4853087267513
7;2025-12-30;16;1679.0913340046645
7;2025-12-30;17;2056.828660438356
7;2025-12-30;18;2217.263523283149
7;2025-12-30;19;1573.9525220537007
7;2025-12-30;20;937.5324361071168
7;2025-12-30;21;555.1194372434268
7;2025-12-30;22;312.0981726729051
7;2025-12-30;23;184.3793505063013
7;2025-12-31;0;61.86462792752775
7;2025-12-31;1;0.0
7;2025-12-31;2;0.0
7;2025-12-31;3;0.0
7;2025-12-31;4;0.0
7;2025-12-31;5;51.621991840751434
7;2025-12-31;6;200.6577249790297
7;2025-12-31;7;309.89292122054644
7;2025-12-31;8;681.7577256583363
7;2025-12-31;9;597.5994324366947
7;2025-12-31;10;566.1450070619305
7;2025-12-31;11;737.784035128024
7;2025-12-31;12;803.5591245457958
7;2025-12-31;13;821.4987623742597
7;2025-12-31;14;869.6110993369273
7;2025-12-31;15;824.4155080976414
7;2025-12-31;16;762.6446451715328
7;2025-12-31;17;873.9237525086664
7;2025-12-31;18;867.3656993357475
7;2025-12-31;19;697.7148670031113
7;2025-12-31;20;438.8660415239692
7;2025-12-31;21;451.6084746689866
7;2025-12-31;22;242.3232353701925
7;2025-12-31;23;130.42888073405504
11;2025-11-01;0;390.7405615745047
11;2025-11-01;1;0.0
11;2025-11-01;2;0.0
11;2025-11-01;3;0.0
11;2025-11-01;4;295.7567184953957
11;2025-11-01;5;538.3456000374391
11;2025-11-01;6;1208.282671294283
11;2025-11-01;7;1757.5422590923208
11;2025-11-01;8;2154.0750692299125
11;2025-11-01;9;1986.1733811723002
11;2025-11-01;10;1810.286304653342
11;2025-11-01;11;1752.638105480678
11;2025-11-01;12;1797.1738604286222
11;2025-11-01;13;1804.4525156598152
11;2025-11-01;14;1849.9279199724697
11;2025-11-01;15;1889.5067013527507
11;2025-11-01;16;2078.1205155669913
11;2025-11-01;17;2345.736666116659
11;2025-11-01;18;2218.8302564703886
11;2025-11-01;19;1927.4181781339546
11;2025-11-01;20;1421.9143568232582
11;2025-11-01;21;962.0547572742577
11;2025-11-01;22;738.7062424112223
11;2025-11-01;23;572.4140473976144
11;2025-11-02;0;128.53091965927024
11;2025-11-02;1;0.0
11;2025-11-02;2;0.0
11;2025-11-02;3;0.0
11;2025-11-02;4;32.05671161469422
11;2025-11-02;5;145.8678376605094
11;2025-11-02;6;490.7354623881048
11;2025-11-02;7;508.857253899085
11;2025-11-02;8;682.2982639388094
11;2025-11-02;9;849.0755312030462
11;2025-11-02;10;1025.593122773509
11;2025-11-02;11;1431.6479673627869
11;2025-11-02;12;1533.5728861274756
11;2025-11-02;13;1513.7775629258165
11;2025-11-02;14;1633.734314487239
11;2025-11-02;15;1656.247112811238
11;2025-11-02;16;1628.8887441203356
11;2025-11-02;17;1567.1216977106092
11;2025-11-02;18;1334.8885834787377
11;2025-11-02;19;1128.9125276994137
11;2025-11-02;20;874.822192141528
11;2025-11-02;21;633.549937819938
11;2025-11-02;22;378.2678426726329
11;2025-11-02;23;261.4153658872626
11;2025-11-03;0;134.22186186799377
11;2025-11-03;1;0.0
11;2025-11-03;2;0.0
11;2025-11-03;3;0.0
11;2025-11-03;4;24.353928499415815
11;2025-11-03;5;221.81498455582573
11;2025-11-03;6;550.5571221080397
11;2025-11-03;7;675.3599560172491
11;2025-11-03;8;976.3896737619334
11;2025-11-03;9;863.3283336826805
11;2025-11-03;10;880.3042711690413
11;2025-11-03;11;1220.9255306896832
11;2025-11-03;12;1300.4163474595748
11;2025-11-03;13;1302.2018749126514
11;2025-11-03;14;1348.9521178532707
11;2025-11-03;15;1391.1302794934106
11;2025-11-03;16;1398.754277166852
11;2025-11-03;17;1478.9296819226292
11;2025-11-03;18;1500.8938312800321
11;2025-11-03;19;1223.239008473319
11;2025-11-03;20;916.0900390475083
11;2025-11-03;21;714.979597509127
11;2025-11-03;22;450.69040302793405
11;2025-11-03;23;308.1471309306278
11;2025-11-04;0;133.53840726642875
11;2025-11-04;1;0.0
11;2025-11-04;2;0.0
11;2025-11-04;3;0.0
11;2025-11-04;4;15.306640708232408
11;2025-11-04;5;195.63153549225012
11;2025-11-04;6;540.1955852444221
11;2025-11-04;7;677.9862612074927
11;2025-11-04;8;929.7401672044241
11;2025-11-04;9;851.9420144726273
11;2025-11-04;10;861.6670252751305
11;2025-11-04;11;1238.7139821491423
11;2025-11-04;12;1278.950292181973
11;2025-11-04;13;1309.0239728838985
11;2025-11-04;14;1440.0416745377104
11;2025-11-04;15;1497.780585080096
11;2025-11-04;16;1379.5425672828685
11;2025-11-04;17;1489.827055000236
11;2025-11-04;18;1604.3553026042446
11;2025-11-04;19;1266.5038722572206
11;2025-11-04;20;940.4992070217148
11;2025-11-04;21;752.7845869995804
11;2025-11-04;22;442.4654045543482
11;2025-11-04;23;321.6109619276724
11;2025-11-05;0;100.47285812553491
11;2025-11-05;1;0.0
11;2025-11-05;2;0.0
11;2025-11-05;3;0.0
11;2025-11-05;4;62.91359005328809
11;2025-11-05;5;323.1903137796469
11;2025-11-05;6;1253.7484624801095
11;2025-11-05;7;2426.729042411854
11;2025-11-05;8;3054.5516983053594
11;2025-11-05;9;2437.3922164495975
11;2025-11-05;10;1959.7391902168702
11;2025-11-05;11;1889.809523852282
11;2025-11-05;12;1877.0473579674274
11;2025-11-05;13;1935.055529264257
11;2025-11-05;14;1935.3191909654768
11;2025-11-05;15;2020.953173224581
11;2025-11-05;16;2212.887070727062
11;2025-11-05;17;2710.030181006576
11;2025-11-05;18;2962.5737182097027
11;2025-11-05;19;2228.395883204977
11;2025-11-05;20;1435.651094020512
11;2025-11-05;21;849.5272762407533
11;2025-11-05;22;463.14089667493533
11;2025-11-05;23;267.08029191556807
11;2025-11-06;0;97.79086071015377
11;2025-11-06;1;0.0
11;2025-11-06;2;0.0
11;2025-11-06;3;0.0
11;2025-11-06;4;50.837672512045174
11;2025-11-06;5;327.2663069509513
11;2025-11-06;6;1264.9042993913058
11;2025-11-06;7;2369.883770886839
11;2025-11-06;8;3002.9431193592845
11;2025-11-06;9;2426.9179323517587
11;2025-11-06;10;1938.246065166441
11;2025-11-06;11;1802.3911464482162
11;2025-11-06;12;1871.2706805554512
11;2025-11-06;13;1953.1406289431734
11;2025-11-06;14;1944.8805852415874
11;2025-11-06;15;2050.342458597458
11;2025-11-06;16;2279.8999434325833
11;2025-11-06;17;2745.8979370046063
11;2025-11-06;18;2992.0263376629155
11;2025-11-06;19;2255.8162131973168
11;2025-11-06;20;1443.2919022585863
11;2025-11-06;21;859.6694746805398
11;2025-11-06;22;472.22324503508014
11;2025-11-06;23;295.1173337592495
11;2025-11-07;0;102.18650155270575
11;2025-11-07;1;0.0
11;2025-11-07;2;0.0
11;2025-11-07;3;0.0
11;2025-11-07;4;57.9283004743736
11;2025-11-07;5;309.51501068264474
11;2025-11-07;6;1285.6325147095265
11;2025-11-07;7;2343.561529277338
11;2025-11-07;8;2932.468426871389
11;2025-11-07;9;2352.27308309215
11;2025-11-07;10;1982.3449864831
11;2025-11-07;11;1923.4922321388271
11;2025-11-07;12;1928.87776308604
11;2025-11-07;13;1964.2306917272429
11;2025-11-07;14;1999.863739104401
11;2025-11-07;15;2145.4016692966466
11;2025-11-07;16;2395.8922404994037
11;2025-11-07;17;2767.290244758355
11;2025-11-07;18;2670.352153788539
11;2025-11-07;19;2195.164375516801
11;2025-11-07;20;1457.62408621272
11;2025-11-07;21;868.2054082378562
11;2025-11-07;22;475.73312944997883
11;2025-11-07;23;301.3136453970708
11;2025-11-08;0;168.58620265288664
11;2025-11-08;1;0.0
11;2025-11-08;2;0.0
11;2025-11-08;3;0.0
11;2025-11-08;4;51.060236876698355
11;2025-11-08;5;258.77329676480736
11;2025-11-08;6;736.0464142850021
11;2025-11-08;7;772.5092528231542
11;2025-11-08;8;996.0502328639591
11;2025-11-08;9;1144.8933781914998
11;2025-11-08;10;1276.7823336962485
11;2025-11-08;11;1708.6979058850889
11;2025-11-08;12;1804.100191248927
11;2025-11-08;13;1796.1260793907436
11;2025-11-08;14;1846.6189346267574
11;2025-11-08;15;1835.04188603809
11;2025-11-08;16;1803.8407030357698
11;2025-11-08;17;1779.3124424468888
11;2025-11-08;18;1631.7680668232106
11;2025-11-08;19;1433.7299937012592
11;2025-11-08;20;1077.065384613917
11;2025-11-08;21;750.7579727759261
11;2025-11-08;22;441.19533177080007
11;2025-11-08;23;333.5612739376443
11;2025-11-09;0;149.51244085675262
11;2025-11-09;1;0.0
11;2025-11-09;2;0.0
11;2025-11-09;3;0.0
11;2025-11-09;4;51.45008474662677
11;2025-11-09;5;169.40795120007692
11;2025-11-09;6;522.6782562857236
11;2025-11-09;7;515.6206490407225
11;2025-11-09;8;699.8794040540131
11;2025-11-09;9;855.9601897301451
11;2025-11-09;10;995.9357101297381
11;2025-11-09;11;1423.914200787708
11;2025-11-09;12;1532.5351798089516
11;2025-11-09;13;1524.8940717166047
11;2025-11-09;14;1564.5385573274323
11;2025-11-09;15;1584.6052086615489
11;2025-11-09;16;1531.0407906711766
11;2025-11-09;17;1518.3628655641103
11;2025-11-09;18;1290.361858276146
11;2025-11-09;19;1078.103412155922
11;2025-11-09;20;898.5996991152542
11;2025-11-09;21;651.55292915545
11;2025-11-09;22;374.1514008991128
11;2025-11-09;23;255.74312865346224
11;2025-11-10;0;105.46348441058035
11;2025-11-10;1;0.0
11;2025-11-10;2;0.0
11;2025-11-10;3;0.0
11;2025-11-10;4;60.70139759654694
11;2025-11-10;5;303.71385853548054
11;2025-11-10;6;1239.0399185083643
11;2025-11-10;7;2363.805498514029
11;2025-11-10;8;3002.966546292011
11;2025-11-10;9;2421.070450370039
11;2025-11-10;10;1891.232452219463
11;2025-11-10;11;1804.7897447154257
11;2025-11-10;12;1776.3782571858278
11;2025-11-10;13;1843.03937234248
11;2025-11-10;14;1864.1599748117474
11;2025-11-10;15;1972.1615283317717
11;2025-11-10;16;2222.336284308117
11;2025-11-10;17;2719.9860391368866
11;2025-11-10;18;2998.36003894057
11;2025-11-10;19;2230.6811550020225
11;2025-11-10;20;1388.0404639931312
11;2025-11-10;21;827.6712206906484
11;2025-11-10;22;445.22821477912
11;2025-11-10;23;265.60738823307884
11;2025-11-11;0;99.44211425422122
11;2025-11-11;1;0.0
11;2025-11-11;2;0.0
11;2025-11-11;3;0.0
11;2025-11-11;4;63.90003300545527
11;2025-11-11;5;317.2579612557472
11;2025-11-11;6;1244.5518705712564
11;2025-11-11;7;2377.511751395162
11;2025-11-11;8;3026.2834103548
11;2025-11-11;9;2420.50780268567
11;2025-11-11;10;1871.7754036129222
11;2025-11-11;11;1836.424555453506
11;2025-11-11;12;1836.4331577432567
11;2025-11-11;13;1906.9122563554813
11;2025-11-11;14;1926.8476007477898
11;2025-11-11;15;2009.949782529976
11;2025-11-11;16;2200.495891092418
11;2025-11-11;17;2697.064623335913
11;2025-11-11;18;2986.259176251864
11;2025-11-11;19;2195.193312823271
11;2025-11-11;20;1394.6613836947313
11;2025-11-11;21;813.7907387940342
11;2025-11-11;22;452.5674678286914
11;2025-11-11;23;251.30622040821527
11;2025-11-12;0;112.47284329708646
11;2025-11-12;1;0.0
11;2025-11-12;2;0.0
11;2025-11-12;3;0.0
11;2025-11-12;4;46.53771017032409
11;2025-11-12;5;300.2683756814886
11;2025-11-12;6;1236.288431700671
11;2025-11-12;7;2346.1742543814244
11;2025-11-12;8;2991.761394868092
11;2025-11-12;9;2384.786739977036
11;2025-11-12;10;1893.2016435512583
11;2025-11-12;11;1780.4137314717466
11;2025-11-12;12;1791.2641843168317
11;2025-11-12;13;1829.6234683846824
11;2025-11-12;14;1852.1811815649257
11;2025-11-12;15;1945.4799996164447
11;2025-11-12;16;2176.579438292551
11;2025-11-12;17;2608.9574468077967
11;2025-11-12;18;2854.811778700154
11;2025-11-12;19;2149.4848761739463
11;2025-11-12;20;1365.6955212966452
11;2025-11-12;21;833.2405836752721
11;2025-11-12;22;443.6469231913011
11;2025-11-12;23;259.22384210885184
11;2025-11-13;0;111.92466377708274
11;2025-11-13;1;0.0
11;2025-11-13;2;0.0
11;2025-11-13;3;0.0
11;2025-11-13;4;50.638022868992266
11;2025-11-13;5;325.45406059544825
11;2025-11-13;6;1268.534594415149
11;2025-11-13;7;2344.0454894481195
11;2025-11-13;8;2950.1111038228046
11;2025-11-13;9;2376.5209608867863
11;2025-11-13;10;1918.939310981174
11;2025-11-13;11;1867.9767600622758
11;2025-11-13;12;1860.338143475224
11;2025-11-13;13;1944.2375381162396
11;2025-11-13;14;1932.4883981449664
11;2025-11-13;15;2021.8878335118336
11;2025-11-13;16;2248.7898690738134
11;2025-11-13;17;2684.39870774185
11;2025-11-13;18;2922.1388970613652
11;2025-11-13;19;2193.3203946053295
11;2025-11-13;20;1402.5741107675988
11;2025-11-13;21;834.9441524303523
11;2025-11-13;22;453.41188372996066
11;2025-11-13;23;265.62216496043834
11;2025-11-14;0;109.4061464210206
11;2025-11-14;1;0.0
11;2025-11-14;2;0.0
11;2025-11-14;3;0.0
11;2025-11-14;4;70.00028916152996
11;2025-11-14;5;322.60662295048155
11;2025-11-14;6;1248.7757216564721
11;2025-11-14;7;2287.827644484063
11;2025-11-14;8;2908.1420922344278
11;2025-11-14;9;2343.784219090312
11;2025-11-14;10;1870.1001287247307
11;2025-11-14;11;1831.4983729933383
11;2025-11-14;12;1885.842716936403
11;2025-11-14;13;1866.831933212384
11;2025-11-14;14;1940.8336306604915
11;2025-11-14;15;2072.675208186547
11;2025-11-14;16;2356.2196643312595
11;2025-11-14;17;2700.661228157557
11;2025-11-14;18;2581.682950476673
11;2025-11-14;19;2146.301027455569
11;2025-11-14;20;1415.4822578366006
11;2025-11-14;21;824.1775818355702
11;2025-11-14;22;442.9339539926848
11;2025-11-14;23;280.50858793701764
11;2025-11-15;0;133.11153858965736
11;2025-11-15;1;0.0
11;2025-11-15;2;0.0
11;2025-11-15;3;0.0
11;2025-11-15;4;46.7510569590238
11;2025-11-15;5;237.82664274966328
11;2025-11-15;6;642.5727419511954
11;2025-11-15;7;622.3463856017328
11;2025-11-15;8;779.0209041056544
11;2025-11-15;9;883.2957905532177
11;2025-11-15;10;1042.9813779770418
11;2025-11-15;11;1455.4088136731098
11;2025-11-15;12;1560.118489015471
11;2025-11-15;13;1652.2583483035057
11;2025-11-15;14;1736.4334425287643
11;2025-11-15;15;1753.1397425536395
11;2025-11-15;16;1741.6355071041432
11;2025-11-15;17;1649.4750344165486
11;2025-11-15;18;1493.4294936095102
11;2025-11-15;19;1331.8683246771743
11;2025-11-15;20;1066.6473204830202
11;2025-11-15;21;766.3780889925067
11;2025-11-15;22;458.31284447976316
11;2025-11-15;23;312.4901389179463
11;2025-11-16;0;131.77747446528338
11;2025-11-16;1;0.0
11;2025-11-16;2;0.0
11;2025-11-16;3;0.0
11;2025-11-16;4;50.86602419180099
11;2025-11-16;5;158.9722556738675
11;2025-11-16;6;473.8480913664574
11;2025-11-16;7;455.1082182786422
11;2025-11-16;8;607.2436049807499
11;2025-11-16;9;752.7638726394821
11;2025-11-16;10;896.3601245383375
11;2025-11-16;11;1332.2761626738295
11;2025-11-16;12;1441.876873881584
11;2025-11-16;13;1447.7294672022308
11;2025-11-16;14;1498.2951836096045
11;2025-11-16;15;1521.2599831829111
11;2025-11-16;16;1498.8753718836929
11;2025-11-16;17;1432.058022794311
11;2025-11-16;18;1196.4555194481804
11;2025-11-16;19;980.334259869174
11;2025-11-16;20;799.0973701615127
11;2025-11-16;21;626.2250041717368
11;2025-11-16;22;361.72282971500977
11;2025-11-16;23;253.57906249904454
11;2025-11-17;0;105.04784283904883
11;2025-11-17;1;0.0
11;2025-11-17;2;0.0
11;2025-11-17;3;0.0
11;2025-11-17;4;75.1776729567382
11;2025-11-17;5;323.9699505994274
11;2025-11-17;6;1179.5130188015603
11;2025-11-17;7;2231.1869612350974
11;2025-11-17;8;2868.5888732258427
11;2025-11-17;9;2246.1394313737114
11;2025-11-17;10;1742.122344893853
11;2025-11-17;11;1645.2510005553631
11;2025-11-17;12;1596.8210076004837
11;2025-11-17;13;1638.8847355527391
11;2025-11-17;14;1623.0992372132723
11;2025-11-17;15;1777.691512785539
11;2025-11-17;16;2093.8410319980753
11;2025-11-17;17;2570.511356676723
11;2025-11-17;18;2805.626056944222
11;2025-11-17;19;2194.495172868596
11;2025-11-17;20;1404.997665317316
11;2025-11-17;21;803.7577087926836
11;2025-11-17;22;425.78374047815873
11;2025-11-17;23;252.5540965651728
11;2025-11-18;0;114.512166623761
11;2025-11-18;1;0.0
11;2025-11-18;2;0.0
11;2025-11-18;3;0.0
11;2025-11-18;4;59.18131672630011
11;2025-11-18;5;285.3902940695807
11;2025-11-18;6;1162.0588720446153
11;2025-11-18;7;2262.9908450446583
11;2025-11-18;8;2807.63112840568
11;2025-11-18;9;2183.5783997765316
11;2025-11-18;10;1750.9466277122
11;2025-11-18;11;1738.4861470843236
11;2025-11-18;12;1760.0900952491138
11;2025-11-18;13;1765.32433072174
11;2025-11-18;14;1794.0616273769515
11;2025-11-18;15;1941.7369728495755
11;2025-11-18;16;2218.963353094611
11;2025-11-18;17;2643.0356285576863
11;2025-11-18;18;2936.514819969779
11;2025-11-18;19;2198.02610170354
11;2025-11-18;20;1442.1859824341961
11;2025-11-18;21;823.4077676608458
11;2025-11-18;22;460.7928445664105
11;2025-11-18;23;277.9389120996193
11;2025-11-19;0;111.38511304379085
11;2025-11-19;1;0.0
11;2025-11-19;2;0.0
11;2025-11-19;3;0.0
11;2025-11-19;4;50.67066047969365
11;2025-11-19;5;311.25093835651455
11;2025-11-19;6;1157.973835783708
11;2025-11-19;7;2290.6068121404414
11;2025-11-19;8;2925.5157054956535
11;2025-11-19;9;2356.406281129289
11;2025-11-19;10;1900.2023464211786
11;2025-11-19;11;1830.4449207990315
11;2025-11-19;12;1808.2893164654245
11;2025-11-19;13;1870.272080787571
11;2025-11-19;14;1890.2299801699337
11;2025-11-19;15;1953.834670789934
11;2025-11-19;16;2156.143391455489
11;2025-11-19;17;2588.0105173791144
11;2025-11-19;18;2809.590020706977
11;2025-11-19;19;2169.8932222647227
11;2025-11-19;20;1365.0490050136546
11;2025-11-19;21;818.7784608530059
11;2025-11-19;22;427.53520573417404
11;2025-11-19;23;243.01765907951176
11;2025-11-20;0;96.14655627723891
11;2025-11-20;1;0.0
11;2025-11-20;2;0.0
11;2025-11-20;3;0.0
11;2025-11-20;4;48.83438944588033
11;2025-11-20;5;315.42189757177016
11;2025-11-20;6;1170.826353333393
11;2025-11-20;7;2280.931878396266
11;2025-11-20;8;2882.1023214918896
11;2025-11-20;9;2373.3805337525787
11;2025-11-20;10;1893.7011719532488
11;2025-11-20;11;1841.8647874396636
11;2025-11-20;12;1838.2473322251417
11;2025-11-20;13;1914.071892111702
11;2025-11-20;14;1921.0771088356464
11;2025-11-20;15;1987.824320065778
11;2025-11-20;16;2269.855131445342
11;2025-11-20;17;2693.149975549428
11;2025-11-20;18;2914.581836744871
11;2025-11-20;19;2179.7078440546297
11;2025-11-20;20;1362.4152477586993
11;2025-11-20;21;838.1982497471064
11;2025-11-20;22;444.4699088516768
11;2025-11-20;23;275.9977191099522
11;2025-11-21;0;116.59039127933465
11;2025-11-21;1;0.0
11;2025-11-21;2;0.0
11;2025-11-21;3;0.0
11;2025-11-21;4;51.14741174379196
11;2025-11-21;5;302.07381595827815
11;2025-11-21;6;1192.6145728272697
11;2025-11-21;7;2211.3848095921335
11;2025-11-21;8;2808.5129382196856
11;2025-11-21;9;2289.112513193861
11;2025-11-21;10;1835.0836004419598
11;2025-11-21;11;1788.5427043668767
11;2025-11-21;12;1792.5467855715642
11;2025-11-21;13;1883.6979000659348
11;2025-11-21;14;1888.781282121968
11;2025-11-21;15;2037.9991687610614
11;2025-11-21;16;2327.4834659709927
11;2025-11-21;17;2681.488329997297
11;2025-11-21;18;2557.242623146512
11;2025-11-21;19;2087.0701612041535
11;2025-11-21;20;1382.2449834241659
11;2025-11-21;21;844.1582011804221
11;2025-11-21;22;465.0974200062943
11;2025-11-21;23;295.31107306263766
11;2025-11-22;0;161.86342708739517
11;2025-11-22;1;0.0
11;2025-11-22;2;0.0
11;2025-11-22;3;0.0
11;2025-11-22;4;135.75403665623844
11;2025-11-22;5;260.20449906323506
11;2025-11-22;6;670.7864942763733
11;2025-11-22;7;659.4075333486447
11;2025-11-22;8;858.9103678393788
11;2025-11-22;9;955.2988864280118
11;2025-11-22;10;1157.8971970490695
11;2025-11-22;11;1596.8423824836295
11;2025-11-22;12;1702.3125091057273
11;2025-11-22;13;1709.9373465489573
11;2025-11-22;14;1731.9131133560181
11;2025-11-22;15;1775.3147462176491
11;2025-11-22;16;1744.509649304444
11;2025-11-22;17;1719.9677755246726
11;2025-11-22;18;1489.279636105778
11;2025-11-22;19;1345.8211489805378
11;2025-11-22;20;1020.2155799404193
11;2025-11-22;21;732.3375513314916
11;2025-11-22;22;468.2274658495861
11;2025-11-22;23;315.95809901843404
11;2025-11-23;0;148.1377445036835
11;2025-11-23;1;0.0
11;2025-11-23;2;0.0
11;2025-11-23;3;0.0
11;2025-11-23;4;30.568478025143577
11;2025-11-23;5;158.68348215833475
11;2025-11-23;6;460.35055680897597
11;2025-11-23;7;472.04222119467045
11;2025-11-23;8;666.4673245984857
11;2025-11-23;9;810.0670880064139
11;2025-11-23;10;957.806095678823
11;2025-11-23;11;1384.3995385108446
11;2025-11-23;12;1510.2365437097706
11;2025-11-23;13;1490.630657365793
11;2025-11-23;14;1528.0525797279704
11;2025-11-23;15;1553.1382460059476
11;2025-11-23;16;1521.0289290983583
11;2025-11-23;17;1442.7081256912136
11;2025-11-23;18;1200.7760615822087
11;2025-11-23;19;1007.9173814789192
11;2025-11-23;20;808.5662997737165
11;2025-11-23;21;638.7225618582788
11;2025-11-23;22;370.2126587258699
11;2025-11-23;23;257.8052153138301
11;2025-11-24;0;92.4033422397033
11;2025-11-24;1;0.0
11;2025-11-24;2;0.0
11;2025-11-24;3;0.0
11;2025-11-24;4;27.972246261388136
11;2025-11-24;5;304.7741768661972
11;2025-11-24;6;1228.5906341465893
11;2025-11-24;7;2329.454856090133
11;2025-11-24;8;2947.6505722924203
11;2025-11-24;9;2298.6918502906988
11;2025-11-24;10;1781.950159198538
11;2025-11-24;11;1628.3119625426052
11;2025-11-24;12;1653.830435944546
11;2025-11-24;13;1705.206545803794
11;2025-11-24;14;1729.8451388106891
11;2025-11-24;15;1866.5190176005515
11;2025-11-24;16;2238.405911544007
11;2025-11-24;17;2755.9329739338964
11;2025-11-24;18;2952.2067698693904
11;2025-11-24;19;2256.989773591642
11;2025-11-24;20;1438.4310375554455
11;2025-11-24;21;831.8565254796338
11;2025-11-24;22;435.6097308645549
11;2025-11-24;23;274.28226674908456
11;2025-11-25;0;107.85540313973183
11;2025-11-25;1;0.0
11;2025-11-25;2;0.0
11;2025-11-25;3;0.0
11;2025-11-25;4;51.99905651947938
11;2025-11-25;5;299.9406553062097
11;2025-11-25;6;1208.2065277425563
11;2025-11-25;7;2307.700660407081
11;2025-11-25;8;2989.3809511796508
11;2025-11-25;9;2377.4163197424823
11;2025-11-25;10;1845.922378371338
11;2025-11-25;11;1773.0060431128343
11;2025-11-25;12;1767.8807887812081
11;2025-11-25;13;1853.7510608859523
11;2025-11-25;14;1822.6678773079875
11;2025-11-25;15;1930.3718383235382
11;2025-11-25;16;2158.917208337295
11;2025-11-25;17;2675.309364838849
11;2025-11-25;18;2896.1136476548536
11;2025-11-25;19;2189.388301488209
11;2025-11-25;20;1373.4587244789427
11;2025-11-25;21;806.1777045400228
11;2025-11-25;22;431.18301162051284
11;2025-11-25;23;242.45877665901548
11;2025-11-26;0;99.14451277452258
11;2025-11-26;1;0.0
11;2025-11-26;2;0.0
11;2025-11-26;3;0.0
11;2025-11-26;4;84.94514675370215
11;2025-11-26;5;293.08439743443796
11;2025-11-26;6;1203.1135352322465
11;2025-11-26;7;2327.1837956072613
11;2025-11-26;8;2994.1442768116785
11;2025-11-26;9;2376.484194576249
11;2025-11-26;10;1805.5248131797853
11;2025-11-26;11;1762.3401440178668
11;2025-11-26;12;1808.0881347782306
11;2025-11-26;13;1842.6157373508688
11;2025-11-26;14;1854.4546511000717
11;2025-11-26;15;1935.4187115191476
11;2025-11-26;16;2144.5300887799644
11;2025-11-26;17;2606.580804631385
11;2025-11-26;18;2864.212189056532
11;2025-11-26;19;2144.1773491887725
11;2025-11-26;20;1368.169974754577
11;2025-11-26;21;825.6809171100036
11;2025-11-26;22;435.52662911472976
11;2025-11-26;23;269.37872905028576
11;2025-11-27;0;122.915188955134
11;2025-11-27;1;0.0
11;2025-11-27;2;0.0
11;2025-11-27;3;0.0
11;2025-11-27;4;64.18028523561566
11;2025-11-27;5;308.3521639033038
11;2025-11-27;6;1200.7901310720354
11;2025-11-27;7;2322.894659445954
11;2025-11-27;8;2969.377348164503
11;2025-11-27;9;2348.31225602645
11;2025-11-27;10;1833.8319889966513
11;2025-11-27;11;1731.5122456832753
11;2025-11-27;12;1734.8176987494187
11;2025-11-27;13;1815.8150163534474
11;2025-11-27;14;1803.808772887234
11;2025-11-27;15;1957.223400869941
11;2025-11-27;16;2190.3740571878707
11;2025-11-27;17;2621.854276820148
11;2025-11-27;18;2797.799903232415
11;2025-11-27;19;2108.4304474909677
11;2025-11-27;20;1350.0746295521853
11;2025-11-27;21;814.5120602078613
11;2025-11-27;22;444.70212791108406
11;2025-11-27;23;268.064957929342
11;2025-11-28;0;116.80837252422202
11;2025-11-28;1;0.0
11;2025-11-28;2;0.0
11;2025-11-28;3;0.0
11;2025-11-28;4;62.3769282635285
11;2025-11-28;5;316.2516017249736
11;2025-11-28;6;1234.072112217776
11;2025-11-28;7;2290.881598437019
11;2025-11-28;8;2953.7249371560283
11;2025-11-28;9;2372.9694362735945
11;2025-11-28;10;1943.4764754094401
11;2025-11-28;11;1871.505303466585
11;2025-11-28;12;1887.2931003686872
11;2025-11-28;13;1924.883440389144
11;2025-11-28;14;1956.475068533794
11;2025-11-28;15;2105.6372360877654
11;2025-11-28;16;2398.7099114855364
11;2025-11-28;17;2748.542108793997
11;2025-11-28;18;2621.810241522234
11;2025-11-28;19;2156.5996811741925
11;2025-11-28;20;1416.1654766809581
11;2025-11-28;21;865.9239282412235
11;2025-11-28;22;470.2684283002402
11;2025-11-28;23;289.5760570309485
11;2025-11-29;0;144.8253854086588
11;2025-11-29;1;0.0
11;2025-11-29;2;0.0
11;2025-11-29;3;0.0
11;2025-11-29;4;40.09812574764669
11;2025-11-29;5;229.632656696823
11;2025-11-29;6;687.4985730623279
11;2025-11-29;7;694.6353251125913
11;2025-11-29;8;898.6352214548101
11;2025-11-29;9;1069.4109031077878
11;2025-11-29;10;1192.8255095760126
11;2025-11-29;11;1635.1005773245154
11;2025-11-29;12;1748.229692819476
11;2025-11-29;13;1729.5648039986431
11;2025-11-29;14;1768.6791578987009
11;2025-11-29;15;1771.4373560734707
11;2025-11-29;16;1753.8055223170265
11;2025-11-29;17;1731.8852121686862
11;2025-11-29;18;1519.5901457383402
11;2025-11-29;19;1307.178120471834
11;2025-11-29;20;969.6647321310347
11;2025-11-29;21;730.8147869471918
11;2025-11-29;22;439.93551305456435
11;2025-11-29;23;316.65473335275055
11;2025-11-30;0;139.69617513205367
11;2025-11-30;1;0.0
11;2025-11-30;2;0.0
11;2025-11-30;3;0.0
11;2025-11-30;4;38.29224630727231
11;2025-11-30;5;159.56347772122172
11;2025-11-30;6;474.37606947074494
11;2025-11-30;7;457.6681736684783
11;2025-11-30;8;636.2453239901225
11;2025-11-30;9;796.8456381210877
11;2025-11-30;10;930.8937845685768
11;2025-11-30;11;1355.345025802702
11;2025-11-30;12;1486.3558830412749
11;2025-11-30;13;1486.0745914426338
11;2025-11-30;14;1541.3406084417595
11;2025-11-30;15;1595.3604501656882
11;2025-11-30;16;1563.4006366519352
11;2025-11-30;17;1518.4243074050069
11;2025-11-30;18;1283.7255958824271
11;2025-11-30;19;1071.8855948829741
11;2025-11-30;20;884.827436107107
11;2025-11-30;21;661.8969754085884
11;2025-11-30;22;386.07298204798235
11;2025-11-30;23;273.2379079933821
11;2025-12-01;0;113.72233911936473
11;2025-12-01;1;0.0
11;2025-12-01;2;0.0
11;2025-12-01;3;0.0
11;2025-12-01;4;59.38898885169783
11;2025-12-01;5;286.23468038352985
11;2025-12-01;6;1206.4093762414184
11;2025-12-01;7;2325.771330300348
11;2025-12-01;8;2950.992410609634
11;2025-12-01;9;2365.181542398661
11;2025-12-01;10;1817.6815069879156
11;2025-12-01;11;1749.1863163206262
11;2025-12-01;12;1723.3168108235468
11;2025-12-01;13;1808.6014032976623
11;2025-12-01;14;1788.6311922423245
11;2025-12-01;15;1909.5173376868904
11;2025-12-01;16;2207.3105521431535
11;2025-12-01;17;2626.3704360714137
11;2025-12-01;18;2876.5115483951313
11;2025-12-01;19;2137.305923890287
11;2025-12-01;20;1358.623504588789
11;2025-12-01;21;803.4672956318022
11;2025-12-01;22;425.1570407669783
11;2025-12-01;23;240.82473463514862
11;2025-12-02;0;99.66924830034691
11;2025-12-02;1;0.0
11;2025-12-02;2;0.0
11;2025-12-02;3;0.0
11;2025-12-02;4;45.50097241860726
11;2025-12-02;5;296.10244978248693
11;2025-12-02;6;1208.9663189302541
11;2025-12-02;7;2332.657228196029
11;2025-12-02;8;2988.189407645954
11;2025-12-02;9;2391.5550163771004
11;2025-12-02;10;1863.370596975133
11;2025-12-02;11;1791.3588217841557
11;2025-12-02;12;1787.5702797726203
11;2025-12-02;13;1868.7929525777756
11;2025-12-02;14;1871.1691468240929
11;2025-12-02;15;1985.441034280624
11;2025-12-02;16;2231.930198927551
11;2025-12-02;17;2706.540155117129
11;2025-12-02;18;3045.4212061850185
11;2025-12-02;19;2261.7522394604784
11;2025-12-02;20;1403.262090272392
11;2025-12-02;21;850.3517796224598
11;2025-12-02;22;455.7852134331847
11;2025-12-02;23;267.1373830277578
11;2025-12-03;0;99.91359287789692
11;2025-12-03;1;0.0
11;2025-12-03;2;0.0
11;2025-12-03;3;0.0
11;2025-12-03;4;45.02159387826282
11;2025-12-03;5;297.4090747236585
11;2025-12-03;6;1204.3627528108814
11;2025-12-03;7;2406.124776618004
11;2025-12-03;8;3056.1192843224844
11;2025-12-03;9;2469.5614773381285
11;2025-12-03;10;1945.237422365129
11;2025-12-03;11;1893.765060876528
11;2025-12-03;12;1869.0789652072428
11;2025-12-03;13;1938.0782681630421
11;2025-12-03;14;1953.7295997440508
11;2025-12-03;15;2022.7397405412785
11;2025-12-03;16;2262.9355084641943
11;2025-12-03;17;2777.420001996179
11;2025-12-03;18;3037.941998179829
11;2025-12-03;19;2292.181849077207
11;2025-12-03;20;1409.9803773547044
11;2025-12-03;21;848.0865131468014
11;2025-12-03;22;457.3193055359842
11;2025-12-03;23;258.65987624383706
11;2025-12-04;0;113.34808144922386
11;2025-12-04;1;0.0
11;2025-12-04;2;0.0
11;2025-12-04;3;0.0
11;2025-12-04;4;51.28154711604475
11;2025-12-04;5;307.92491415573295
11;2025-12-04;6;1225.6210196141437
11;2025-12-04;7;2340.915489077792
11;2025-12-04;8;2979.977086395519
11;2025-12-04;9;2415.347060538132
11;2025-12-04;10;1906.9096786349592
11;2025-12-04;11;1838.8523612654658
11;2025-12-04;12;1842.7367490790677
11;2025-12-04;13;1915.458212531108
11;2025-12-04;14;1923.7016579801466
11;2025-12-04;15;2016.2797800262235
11;2025-12-04;16;2286.1326717657244
11;2025-12-04;17;2716.372936464627
11;2025-12-04;18;2975.6253962177816
11;2025-12-04;19;2218.829070280367
11;2025-12-04;20;1384.6071588183365
11;2025-12-04;21;849.3010110678707
11;2025-12-04;22;461.1721718924565
11;2025-12-04;23;270.9630421600359
11;2025-12-05;0;131.2227649152394
11;2025-12-05;1;0.0
11;2025-12-05;2;0.0
11;2025-12-05;3;0.0
11;2025-12-05;4;67.94957822504261
11;2025-12-05;5;312.9818345454571
11;2025-12-05;6;1249.4123989266272
11;2025-12-05;7;2300.593298940999
11;2025-12-05;8;2939.316644342583
11;2025-12-05;9;2375.5285806044535
11;2025-12-05;10;1919.249115888342
11;2025-12-05;11;1861.9744552168913
11;2025-12-05;12;1866.954537131705
11;2025-12-05;13;1916.6798962981707
11;2025-12-05;14;1952.072721499776
11;2025-12-05;15;2083.0559132966155
11;2025-12-05;16;2404.1890644319583
11;2025-12-05;17;2746.302996373965
11;2025-12-05;18;2639.08934244125
11;2025-12-05;19;2160.680075845011
11;2025-12-05;20;1398.5569247467952
11;2025-12-05;21;847.0187364063619
11;2025-12-05;22;465.94880054741964
11;2025-12-05;23;283.9058818881542
11;2025-12-06;0;127.81837078163676
11;2025-12-06;1;0.0
11;2025-12-06;2;0.0
11;2025-12-06;3;0.0
11;2025-12-06;4;35.3342171328477
11;2025-12-06;5;226.36928318198557
11;2025-12-06;6;688.5618277528824
11;2025-12-06;7;693.3627650775638
11;2025-12-06;8;889.9387018281856
11;2025-12-06;9;1048.7010168656566
11;2025-12-06;10;1180.9171614460117
11;2025-12-06;11;1620.0223668299864
11;2025-12-06;12;1718.7990522224957
11;2025-12-06;13;1674.5790686101968
11;2025-12-06;14;1714.8315802087768
11;2025-12-06;15;1725.1434395763686
11;2025-12-06;16;1711.9456351060412
11;2025-12-06;17;1693.888709413901
11;2025-12-06;18;1502.6597840095174
11;2025-12-06;19;1334.097345549638
11;2025-12-06;20;986.5103567441724
11;2025-12-06;21;711.7992855325347
11;2025-12-06;22;411.44226739710825
11;2025-12-06;23;282.45930492062007
11;2025-12-07;0;118.42611737671746
11;2025-12-07;1;0.0
11;2025-12-07;2;0.0
11;2025-12-07;3;0.0
11;2025-12-07;4;1.248203560306365
11;2025-12-07;5;115.88901042581529
11;2025-12-07;6;452.69602433634554
11;2025-12-07;7;426.0115595751488
11;2025-12-07;8;590.6505848140719
11;2025-12-07;9;741.6299555461844
11;2025-12-07;10;899.1385185784063
11;2025-12-07;11;1349.441374681872
11;2025-12-07;12;1455.4017391470695
11;2025-12-07;13;1454.7714322833453
11;2025-12-07;14;1499.3310057863266
11;2025-12-07;15;1529.1491707906644
11;2025-12-07;16;1544.2682122241335
11;2025-12-07;17;1479.1477961633666
11;2025-12-07;18;1241.0014008602975
11;2025-12-07;19;1022.8757939061911
11;2025-12-07;20;842.1310023915157
11;2025-12-07;21;610.4674659728047
11;2025-12-07;22;342.8292361711069
11;2025-12-07;23;238.0040751400286
11;2025-12-08;0;115.81777179860637
11;2025-12-08;1;0.0
11;2025-12-08;2;0.0
11;2025-12-08;3;0.0
11;2025-12-08;4;59.998561695350645
11;2025-12-08;5;306.21148134316127
11;2025-12-08;6;1249.899556891113
11;2025-12-08;7;2323.9331215739176
11;2025-12-08;8;2987.666040703352
11;2025-12-08;9;2370.637519539909
11;2025-12-08;10;1855.8317114887536
11;2025-12-08;11;1752.2303000240154
11;2025-12-08;12;1704.1381956635787
11;2025-12-08;13;1802.5614319711476
11;2025-12-08;14;1807.4711879553347
11;2025-12-08;15;1917.1616735948762
11;2025-12-08;16;2209.9797409483645
11;2025-12-08;17;2621.853963989701
11;2025-12-08;18;2851.7553419827964
11;2025-12-08;19;2138.5234277172417
11;2025-12-08;20;1367.9397036009448
11;2025-12-08;21;808.7006842888637
11;2025-12-08;22;411.8717893730968
11;2025-12-08;23;224.08589262798296
11;2025-12-09;0;84.15822358135642
11;2025-12-09;1;0.0
11;2025-12-09;2;0.0
11;2025-12-09;3;0.0
11;2025-12-09;4;33.88840355554407
11;2025-12-09;5;270.0799114410229
11;2025-12-09;6;1182.5549874428184
11;2025-12-09;7;2281.095336186135
11;2025-12-09;8;2930.9291795951613
11;2025-12-09;9;2325.113812091843
11;2025-12-09;10;1824.0226566925007
11;2025-12-09;11;1731.3639988986713
11;2025-12-09;12;1740.3874952605638
11;2025-12-09;13;1815.6799356462884
11;2025-12-09;14;1800.4458808532017
11;2025-12-09;15;1887.0540682272363
11;2025-12-09;16;2158.6509728186606
11;2025-12-09;17;2591.823981139297
11;2025-12-09;18;2853.841537911753
11;2025-12-09;19;2149.4959661450266
11;2025-12-09;20;1348.0250251811583
11;2025-12-09;21;814.1832695692723
11;2025-12-09;22;412.7195466128244
11;2025-12-09;23;225.28694324818025
11;2025-12-10;0;105.02934103623375
11;2025-12-10;1;0.0
11;2025-12-10;2;0.0
11;2025-12-10;3;0.0
11;2025-12-10;4;50.219679451188995
11;2025-12-10;5;278.8354369099875
11;2025-12-10;6;1180.9746368939
11;2025-12-10;7;2243.690493739812
11;2025-12-10;8;2925.0152002057457
11;2025-12-10;9;2317.8846379628903
11;2025-12-10;10;1779.226608645009
11;2025-12-10;11;1735.9774589367582
11;2025-12-10;12;1764.0795597131116
11;2025-12-10;13;1837.4946139786528
11;2025-12-10;14;1848.241534259231
11;2025-12-10;15;1915.281502548516
11;2025-12-10;16;2149.8094311141886
11;2025-12-10;17;2626.4824752844092
11;2025-12-10;18;2861.527352898229
11;2025-12-10;19;2156.2020916872043
11;2025-12-10;20;1350.9713231778096
11;2025-12-10;21;831.9400104510914
11;2025-12-10;22;448.70187522873766
11;2025-12-10;23;254.28571885860583
11;2025-12-11;0;106.0680188441736
11;2025-12-11;1;0.0
11;2025-12-11;2;0.0
11;2025-12-11;3;0.0
11;2025-12-11;4;34.424576755789076
11;2025-12-11;5;288.6758308131332
11;2025-12-11;6;1202.9740882142492
11;2025-12-11;7;2260.431800690668
11;2025-12-11;8;2862.359606568375
11;2025-12-11;9;2292.4349060418635
11;2025-12-11;10;1830.0999374851576
11;2025-12-11;11;1755.2045259783024
11;2025-12-11;12;1760.9565527150692
11;2025-12-11;13;1834.4892709294606
11;2025-12-11;14;1872.1056370234962
11;2025-12-11;15;1956.47879338326
11;2025-12-11;16;2222.4756582317978
11;2025-12-11;17;2656.235956801078
11;2025-12-11;18;2860.13236455593
11;2025-12-11;19;2128.7159808928673
11;2025-12-11;20;1409.990670794942
11;2025-12-11;21;816.8008063238179
11;2025-12-11;22;446.20867743078566
11;2025-12-11;23;264.23755697514594
11;2025-12-12;0;115.7183824969602
11;2025-12-12;1;0.0
11;2025-12-12;2;0.0
11;2025-12-12;3;0.0
11;2025-12-12;4;65.09875824314145
11;2025-12-12;5;308.7527969548157
11;2025-12-12;6;1240.4083712657475
11;2025-12-12;7;2219.156398930304
11;2025-12-12;8;2860.234654384714
11;2025-12-12;9;2310.9928231335116
11;2025-12-12;10;1845.9168075385214
11;2025-12-12;11;1787.1834317365062
11;2025-12-12;12;1765.2077054825136
11;2025-12-12;13;1808.8535247031198
11;2025-12-12;14;1788.209378146241
11;2025-12-12;15;1857.7880405591882
11;2025-12-12;16;2172.3751394215988
11;2025-12-12;17;2567.702537298427
11;2025-12-12;18;2435.1118033587823
11;2025-12-12;19;2030.0813489398934
11;2025-12-12;20;1354.452044258856
11;2025-12-12;21;818.4579381717625
11;2025-12-12;22;417.43877383900985
11;2025-12-12;23;213.54328092773926
11;2025-12-13;0;117.8834755639889
11;2025-12-13;1;0.0
11;2025-12-13;2;0.0
11;2025-12-13;3;0.0
11;2025-12-13;4;27.250508256359126
11;2025-12-13;5;199.74961306973887
11;2025-12-13;6;661.0789604083307
11;2025-12-13;7;657.1821854212462
11;2025-12-13;8;870.0574429121048
11;2025-12-13;9;996.1201688163192
11;2025-12-13;10;1127.4334246423127
11;2025-12-13;11;1581.3176359058832
11;2025-12-13;12;1643.1814985437998
11;2025-12-13;13;1657.9419143458263
11;2025-12-13;14;1686.7896198771919
11;2025-12-13;15;1721.0077180037201
11;2025-12-13;16;1680.6057879143968
11;2025-12-13;17;1648.5920004367276
11;2025-12-13;18;1487.2036452521822
11;2025-12-13;19;1313.154313563684
11;2025-12-13;20;1006.4335729971879
11;2025-12-13;21;739.5228801888092
11;2025-12-13;22;438.62800792112785
11;2025-12-13;23;298.924946166205
11;2025-12-14;0;127.33080632164797
11;2025-12-14;1;0.0
11;2025-12-14;2;0.0
11;2025-12-14;3;0.0
11;2025-12-14;4;6.791174036665325
11;2025-12-14;5;119.12558356437853
11;2025-12-14;6;432.51422539194914
11;2025-12-14;7;425.3774114870532
11;2025-12-14;8;620.7461676783289
11;2025-12-14;9;766.0139685596273
11;2025-12-14;10;894.4564188609575
11;2025-12-14;11;1352.2397995114377
11;2025-12-14;12;1466.2242984011373
11;2025-12-14;13;1464.8822297329868
11;2025-12-14;14;1520.3133214423265
11;2025-12-14;15;1548.2252028136252
11;2025-12-14;16;1522.9227753183181
11;2025-12-14;17;1467.3780869505538
11;2025-12-14;18;1267.5646315421004
11;2025-12-14;19;1036.496396591525
11;2025-12-14;20;820.6209183828928
11;2025-12-14;21;605.5530148900267
11;2025-12-14;22;337.7664542517939
11;2025-12-14;23;233.23662125773785
11;2025-12-15;0;104.94316230340519
11;2025-12-15;1;0.0
11;2025-12-15;2;0.0
11;2025-12-15;3;0.0
11;2025-12-15;4;74.38637050931038
11;2025-12-15;5;318.67946715957123
11;2025-12-15;6;1229.9378923394484
11;2025-12-15;7;2263.92684327238
11;2025-12-15;8;2954.161013812568
11;2025-12-15;9;2354.133820198997
11;2025-12-15;10;1788.7563047619258
11;2025-12-15;11;1644.1783580438268
11;2025-12-15;12;1707.3970787670492
11;2025-12-15;13;1783.4383354290053
11;2025-12-15;14;1810.2255741457077
11;2025-12-15;15;1924.7278049132274
11;2025-12-15;16;2221.2920450529746
11;2025-12-15;17;2716.3457027641125
11;2025-12-15;18;2939.3939140430393
11;2025-12-15;19;2218.9712782287115
11;2025-12-15;20;1369.337959445106
11;2025-12-15;21;810.3781321121082
11;2025-12-15;22;436.04698797531864
11;2025-12-15;23;246.17010745806078
11;2025-12-16;0;107.20647248609407
11;2025-12-16;1;0.0
11;2025-12-16;2;0.0
11;2025-12-16;3;0.0
11;2025-12-16;4;60.348346551222676
11;2025-12-16;5;306.31963454506786
11;2025-12-16;6;1230.2657178783977
11;2025-12-16;7;2276.2912723614163
11;2025-12-16;8;2957.937597083829
11;2025-12-16;9;2318.155471861042
11;2025-12-16;10;1757.8543317673443
11;2025-12-16;11;1648.4518383417087
11;2025-12-16;12;1639.2209835508704
11;2025-12-16;13;1722.440500229363
11;2025-12-16;14;1790.5278114054775
11;2025-12-16;15;1960.4256140704056
11;2025-12-16;16;2207.2418839482025
11;2025-12-16;17;2679.958992146338
11;2025-12-16;18;2931.133374654316
11;2025-12-16;19;2241.083810955481
11;2025-12-16;20;1397.5506892765625
11;2025-12-16;21;821.8381774498832
11;2025-12-16;22;433.11329477147774
11;2025-12-16;23;255.50641699439484
11;2025-12-17;0;120.61010901868121
11;2025-12-17;1;0.0
11;2025-12-17;2;0.0
11;2025-12-17;3;0.0
11;2025-12-17;4;55.007088982906
11;2025-12-17;5;301.25663130367434
11;2025-12-17;6;1165.1204694838461
11;2025-12-17;7;2253.696872690267
11;2025-12-17;8;2938.8651350882765
11;2025-12-17;9;2353.186899182983
11;2025-12-17;10;1844.4457186145532
11;2025-12-17;11;1780.1206727000238
11;2025-12-17;12;1768.7001793116358
11;2025-12-17;13;1833.1480658279443
11;2025-12-17;14;1846.5784285288814
11;2025-12-17;15;1932.4829588619316
11;2025-12-17;16;2138.7442698110904
11;2025-12-17;17;2629.323684862607
11;2025-12-17;18;2882.0028567508275
11;2025-12-17;19;2151.402088304454
11;2025-12-17;20;1340.7977049524495
11;2025-12-17;21;839.517343507867
11;2025-12-17;22;437.68811955026354
11;2025-12-17;23;248.62087794975764
11;2025-12-18;0;96.3103638662842
11;2025-12-18;1;0.0
11;2025-12-18;2;0.0
11;2025-12-18;3;0.0
11;2025-12-18;4;31.699491242680324
11;2025-12-18;5;289.05025716871023
11;2025-12-18;6;1194.7210642121092
11;2025-12-18;7;2263.3217735387775
11;2025-12-18;8;2916.5077946386527
11;2025-12-18;9;2356.0898883764053
11;2025-12-18;10;1876.7030808608506
11;2025-12-18;11;1781.9029247897188
11;2025-12-18;12;1802.645750365809
11;2025-12-18;13;1879.3859342797427
11;2025-12-18;14;1870.6857080910088
11;2025-12-18;15;1991.4754589721624
11;2025-12-18;16;2232.847839171035
11;2025-12-18;17;2694.4883249450577
11;2025-12-18;18;2937.167239951597
11;2025-12-18;19;2164.126839935249
11;2025-12-18;20;1366.9677638898397
11;2025-12-18;21;843.9376729791023
11;2025-12-18;22;453.3469095224235
11;2025-12-18;23;273.1937606077606
11;2025-12-19;0;118.7601634583059
11;2025-12-19;1;0.0
11;2025-12-19;2;0.0
11;2025-12-19;3;0.0
11;2025-12-19;4;64.3665897640276
11;2025-12-19;5;313.8504356591295
11;2025-12-19;6;1221.1942630681228
11;2025-12-19;7;2278.7588554378926
11;2025-12-19;8;2926.679233746946
11;2025-12-19;9;2415.8754878853515
11;2025-12-19;10;1916.3106386926675
11;2025-12-19;11;1833.2125196754
11;2025-12-19;12;1852.9167988273025
11;2025-12-19;13;1890.5728222877394
11;2025-12-19;14;1931.7790074224251
11;2025-12-19;15;2088.3054629913404
11;2025-12-19;16;2393.374484802216
11;2025-12-19;17;2691.800154361504
11;2025-12-19;18;2595.5168391341995
11;2025-12-19;19;2115.5128218269024
11;2025-12-19;20;1367.6864961807873
11;2025-12-19;21;852.7391235531019
11;2025-12-19;22;466.5876946061579
11;2025-12-19;23;285.24773331688175
11;2025-12-20;0;113.7399928048992
11;2025-12-20;1;0.0
11;2025-12-20;2;0.0
11;2025-12-20;3;0.0
11;2025-12-20;4;10.422470138593326
11;2025-12-20;5;186.556237014094
11;2025-12-20;6;591.4800392919635
11;2025-12-20;7;585.5186666433336
11;2025-12-20;8;816.2079782748556
11;2025-12-20;9;981.8046524363978
11;2025-12-20;10;1079.456096913634
11;2025-12-20;11;1526.334857160809
11;2025-12-20;12;1638.6761913093626
11;2025-12-20;13;1625.378746673957
11;2025-12-20;14;1656.442945959192
11;2025-12-20;15;1656.1475727815462
11;2025-12-20;16;1674.7923801386235
11;2025-12-20;17;1631.0996231580737
11;2025-12-20;18;1412.4438071334453
11;2025-12-20;19;1231.8458688350422
11;2025-12-20;20;953.2919828994519
11;2025-12-20;21;701.2238616712791
11;2025-12-20;22;411.6925246332248
11;2025-12-20;23;280.4557273516941
11;2025-12-21;0;124.13182725721163
11;2025-12-21;1;0.0
11;2025-12-21;2;0.0
11;2025-12-21;3;0.0
11;2025-12-21;4;6.826036695407083
11;2025-12-21;5;126.71966432893282
11;2025-12-21;6;412.734251619921
11;2025-12-21;7;422.75360588594936
11;2025-12-21;8;602.2312154415065
11;2025-12-21;9;766.7944534291645
11;2025-12-21;10;887.1561325613412
11;2025-12-21;11;1354.7334084667589
11;2025-12-21;12;1481.4587395134752
11;2025-12-21;13;1517.0447671729291
11;2025-12-21;14;1579.1574500500403
11;2025-12-21;15;1561.4116788653535
11;2025-12-21;16;1528.2648493372253
11;2025-12-21;17;1474.490368976673
11;2025-12-21;18;1270.94758677926
11;2025-12-21;19;1030.2348131149608
11;2025-12-21;20;817.1180545430534
11;2025-12-21;21;610.0066850503035
11;2025-12-21;22;356.98069803173985
11;2025-12-21;23;243.74764812482954
11;2025-12-22;0;109.85998871343213
11;2025-12-22;1;0.0
11;2025-12-22;2;0.0
11;2025-12-22;3;0.0
11;2025-12-22;4;44.02538728604736
11;2025-12-22;5;302.0678330763287
11;2025-12-22;6;1236.515597439318
11;2025-12-22;7;2229.083111634407
11;2025-12-22;8;2906.843364603625
11;2025-12-22;9;2279.1890918447866
11;2025-12-22;10;1736.646849835803
11;2025-12-22;11;1681.6067891686305
11;2025-12-22;12;1674.1183613427856
11;2025-12-22;13;1745.443817980868
11;2025-12-22;14;1742.440286237788
11;2025-12-22;15;1815.922634062508
11;2025-12-22;16;2157.518440866187
11;2025-12-22;17;2619.631010424063
11;2025-12-22;18;2851.9719486750205
11;2025-12-22;19;2095.7052816911455
11;2025-12-22;20;1373.1066550864898
11;2025-12-22;21;775.0584601005879
11;2025-12-22;22;407.1142957207089
11;2025-12-22;23;228.93512273418128
11;2025-12-23;0;61.35542747256068
11;2025-12-23;1;0.0
11;2025-12-23;2;0.0
11;2025-12-23;3;0.0
11;2025-12-23;4;18.947297748139135
11;2025-12-23;5;271.9224378410356
11;2025-12-23;6;1189.8355518204803
11;2025-12-23;7;2262.5764702934985
11;2025-12-23;8;2924.7842077066607
11;2025-12-23;9;2351.32145197144
11;2025-12-23;10;1808.7711345496011
11;2025-12-23;11;1778.9413507369923
11;2025-12-23;12;1783.8398068227225
11;2025-12-23;13;1811.9940516440247
11;2025-12-23;14;1827.144601831505
11;2025-12-23;15;1976.777823206451
11;2025-12-23;16;2229.471643883126
11;2025-12-23;17;2661.546756637793
11;2025-12-23;18;2986.661537197404
11;2025-12-23;19;2228.7327022482864
11;2025-12-23;20;1381.1406445623843
11;2025-12-23;21;837.0098128038996
11;2025-12-23;22;443.08322712586437
11;2025-12-23;23;246.59622308729695
11;2025-12-24;0;104.25948885211574
11;2025-12-24;1;0.0
11;2025-12-24;2;0.0
11;2025-12-24;3;0.0
11;2025-12-24;4;48.91538138033138
11;2025-12-24;5;322.72325905216735
11;2025-12-24;6;1184.9778661771177
11;2025-12-24;7;2278.6891436405717
11;2025-12-24;8;2979.136084793162
11;2025-12-24;9;2365.6811593874795
11;2025-12-24;10;1831.1534517676616
11;2025-12-24;11;1790.8869951161478
11;2025-12-24;12;1769.1924240321655
11;2025-12-24;13;1851.8923710295728
11;2025-12-24;14;1876.3827912110132
11;2025-12-24;15;1947.316820170236
11;2025-12-24;16;2183.7244390344163
11;2025-12-24;17;2604.527185064584
11;2025-12-24;18;2858.613501478373
11;2025-12-24;19;2189.348305993876
11;2025-12-24;20;1388.7537273763303
11;2025-12-24;21;852.9601618760855
11;2025-12-24;22;470.45365743000025
11;2025-12-24;23;299.028333979988
11;2025-12-25;0;139.5492182660737
11;2025-12-25;1;0.0
11;2025-12-25;2;0.0
11;2025-12-25;3;0.0
11;2025-12-25;4;40.209951442815736
11;2025-12-25;5;306.31631800370565
11;2025-12-25;6;1208.708193701628
11;2025-12-25;7;2246.4512495612917
11;2025-12-25;8;2914.8497195308973
11;2025-12-25;9;2338.7732722492638
11;2025-12-25;10;1829.5970082099102
11;2025-12-25;11;1757.8342906905787
11;2025-12-25;12;1748.2800505158311
11;2025-12-25;13;1822.2202014245308
11;2025-12-25;14;1831.6519433467013
11;2025-12-25;15;1948.312645040641
11;2025-12-25;16;2192.6359419813143
11;2025-12-25;17;2602.7733090949882
11;2025-12-25;18;2804.5010337570807
11;2025-12-25;19;2076.0183856687463
11;2025-12-25;20;1376.6705766195412
11;2025-12-25;21;815.194823155633
11;2025-12-25;22;430.7050242172995
11;2025-12-25;23;237.78494782366465
11;2025-12-26;0;80.30845564895094
11;2025-12-26;1;0.0
11;2025-12-26;2;0.0
11;2025-12-26;3;0.0
11;2025-12-26;4;34.08260849238559
11;2025-12-26;5;266.2036057280641
11;2025-12-26;6;1185.870739475109
11;2025-12-26;7;2123.7089192602252
11;2025-12-26;8;2749.6913198807842
11;2025-12-26;9;2213.5891993106598
11;2025-12-26;10;1726.6137845135197
11;2025-12-26;11;1667.7175395166323
11;2025-12-26;12;1635.4305429063631
11;2025-12-26;13;1700.780951549481
11;2025-12-26;14;1759.9045125988987
11;2025-12-26;15;1913.5193232572724
11;2025-12-26;16;2231.9970953035663
11;2025-12-26;17;2568.312508022786
11;2025-12-26;18;2427.6534858037303
11;2025-12-26;19;2008.8689318434363
11;2025-12-26;20;1365.4642800475444
11;2025-12-26;21;811.7765306452227
11;2025-12-26;22;439.5915969680384
11;2025-12-26;23;263.1659704673343
11;2025-12-27;0;113.928219590543
11;2025-12-27;1;0.0
11;2025-12-27;2;0.0
11;2025-12-27;3;0.0
11;2025-12-27;4;5.4747405720572715
11;2025-12-27;5;188.45937090341067
11;2025-12-27;6;607.221332275535
11;2025-12-27;7;553.1239296068284
11;2025-12-27;8;755.5024134523603
11;2025-12-27;9;891.683124827808
11;2025-12-27;10;1027.047816162338
11;2025-12-27;11;1472.5772125840517
11;2025-12-27;12;1566.217548024916
11;2025-12-27;13;1595.9086375726743
11;2025-12-27;14;1660.421384913793
11;2025-12-27;15;1690.2887498948912
11;2025-12-27;16;1660.8602055760568
11;2025-12-27;17;1616.3181993869864
11;2025-12-27;18;1385.3314699157984
11;2025-12-27;19;1179.6538945098057
11;2025-12-27;20;889.2548444795221
11;2025-12-27;21;647.7826128082552
11;2025-12-27;22;346.3144806903158
11;2025-12-27;23;234.66193405240074
11;2025-12-28;0;112.6462160943463
11;2025-12-28;1;0.0
11;2025-12-28;2;0.0
11;2025-12-28;3;0.0
11;2025-12-28;4;20.290238858520752
11;2025-12-28;5;127.86158632513661
11;2025-12-28;6;426.30401573811355
11;2025-12-28;7;366.5324799248201
11;2025-12-28;8;513.4757069809472
11;2025-12-28;9;635.8820731937088
11;2025-12-28;10;868.1367274526399
11;2025-12-28;11;1184.0159682563096
11;2025-12-28;12;1353.5096849372192
11;2025-12-28;13;1356.946262836028
11;2025-12-28;14;1389.586763519969
11;2025-12-28;15;1466.3493355220085
11;2025-12-28;16;1459.1299870650096
11;2025-12-28;17;1404.0668128528343
11;2025-12-28;18;1164.7839038777563
11;2025-12-28;19;971.8742899669232
11;2025-12-28;20;781.0715168164066
11;2025-12-28;21;621.1207120574838
11;2025-12-28;22;359.51818795645863
11;2025-12-28;23;235.1106794441332
11;2025-12-29;0;120.24361573611554
11;2025-12-29;1;0.0
11;2025-12-29;2;0.0
11;2025-12-29;3;0.0
11;2025-12-29;4;61.911843987872544
11;2025-12-29;5;300.727384940501
11;2025-12-29;6;1242.6441181324715
11;2025-12-29;7;2149.9269223093806
11;2025-12-29;8;2867.0199676275906
11;2025-12-29;9;2239.8455175773033
11;2025-12-29;10;1728.9603587193099
11;2025-12-29;11;1638.2495707219866
11;2025-12-29;12;1637.1048427409746
11;2025-12-29;13;1705.5151828023536
11;2025-12-29;14;1727.1392282831275
11;2025-12-29;15;1875.7217472269654
11;2025-12-29;16;2109.0434159924225
11;2025-12-29;17;2553.797454684935
11;2025-12-29;18;2794.085171814602
11;2025-12-29;19;2153.7898244317958
11;2025-12-29;20;1412.8509553535519
11;2025-12-29;21;826.7269241293708
11;2025-12-29;22;438.998942297497
11;2025-12-29;23;251.14943572785046
11;2025-12-30;0;130.58548866907927
11;2025-12-30;1;0.0
11;2025-12-30;2;0.0
11;2025-12-30;3;0.0
11;2025-12-30;4;48.84082122124255
11;2025-12-30;5;266.20920111185296
11;2025-12-30;6;1217.9959947649497
11;2025-12-30;7;2188.858990097737
11;2025-12-30;8;2876.2670961140407
11;2025-12-30;9;2269.4632239369776
11;2025-12-30;10;1736.9478054565986
11;2025-12-30;11;1639.0012331634944
11;2025-12-30;12;1608.8468053396316
11;2025-12-30;13;1714.3877820113714
11;2025-12-30;14;1700.1297602577845
11;2025-12-30;15;1854.3158509763457
11;2025-12-30;16;2117.097628210449
11;2025-12-30;17;2524.9168563377743
11;2025-12-30;18;2779.463032931282
11;2025-12-30;19;2142.604444957404
11;2025-12-30;20;1400.1054924220664
11;2025-12-30;21;824.3017862283882
11;2025-12-30;22;439.6895274710196
11;2025-12-30;23;258.80302295819615
11;2025-12-31;0;92.09066222398678
11;2025-12-31;1;0.0
11;2025-12-31;2;0.0
11;2025-12-31;3;0.0
11;2025-12-31;4;5.649495496502368
11;2025-12-31;5;181.66297143128145
11;2025-12-31;6;427.3055905083809
11;2025-12-31;7;367.49031673329455
11;2025-12-31;8;629.6532064885378
11;2025-12-31;9;582.1814017587369
11;2025-12-31;10;579.099886296316
11;2025-12-31;11;993.5502090664609
11;2025-12-31;12;1088.4199597320703
11;2025-12-31;13;1127.2218036312133
11;2025-12-31;14;1121.9091024366637
11;2025-12-31;15;1193.5610329916485
11;2025-12-31;16;1115.9679437815905
11;2025-12-31;17;1249.3616669288594
11;2025-12-31;18;1256.5924060820407
11;2025-12-31;19;1000.2724462363492
11;2025-12-31;20;784.6003924472326
11;2025-12-31;21;649.1397225981908
11;2025-12-31;22;365.97856611542534
11;2025-12-31;23;237.03669370134457
12;2025-11-01;0;302.46480913481037
12;2025-11-01;1;0.0
12;2025-11-01;2;0.0
12;2025-11-01;3;0.0
12;2025-11-01;4;295.9341432542856
12;2025-11-01;5;576.8403640544478
12;2025-11-01;6;1321.9615706857155
12;2025-11-01;7;2374.549445283964
12;2025-11-01;8;2608.309067160585
12;2025-11-01;9;2205.29893546047
12;2025-11-01;10;1889.2168987302769
12;2025-11-01;11;1809.4703806507648
12;2025-11-01;12;1803.9347786612404
12;2025-11-01;13;1873.2863009031685
12;2025-11-01;14;1878.6079965598208
12;2025-11-01;15;2023.3120387387394
12;2025-11-01;16;2397.570821478528
12;2025-11-01;17;2568.0761599056586
12;2025-11-01;18;2326.094644734742
12;2025-11-01;19;2093.6205738938684
12;2025-11-01;20;1404.9791583253573
12;2025-11-01;21;994.6374429248148
12;2025-11-01;22;680.3085702142929
12;2025-11-01;23;469.3970965191753
12;2025-11-02;0;78.35813553524963
12;2025-11-02;1;0.0
12;2025-11-02;2;0.0
12;2025-11-02;3;0.0
12;2025-11-02;4;6.134976574247958
12;2025-11-02;5;137.57482818856693
12;2025-11-02;6;443.80490793861475
12;2025-11-02;7;582.1450876157004
12;2025-11-02;8;661.5830369682325
12;2025-11-02;9;899.8405280888537
12;2025-11-02;10;1160.3460049904286
12;2025-11-02;11;1299.65680186442
12;2025-11-02;12;1364.688928063049
12;2025-11-02;13;1570.19616865659
12;2025-11-02;14;1534.588120438354
12;2025-11-02;15;1401.3690207009245
12;2025-11-02;16;1508.2965692784126
12;2025-11-02;17;1451.9695124640243
12;2025-11-02;18;1293.1880431297318
12;2025-11-02;19;1080.195250940531
12;2025-11-02;20;714.8900495181517
12;2025-11-02;21;605.852469175374
12;2025-11-02;22;367.7764038755115
12;2025-11-02;23;213.7483313051996
12;2025-11-03;0;117.83212929278966
12;2025-11-03;1;0.0
12;2025-11-03;2;0.0
12;2025-11-03;3;0.0
12;2025-11-03;4;77.46604350208031
12;2025-11-03;5;260.2283491887108
12;2025-11-03;6;603.2549889821555
12;2025-11-03;7;840.7989840417374
12;2025-11-03;8;1106.8162156080793
12;2025-11-03;9;915.1962383512307
12;2025-11-03;10;1064.56469359145
12;2025-11-03;11;1169.7570395014368
12;2025-11-03;12;1210.9985830917744
12;2025-11-03;13;1313.5457342040554
12;2025-11-03;14;1356.223719080472
12;2025-11-03;15;1274.8047117190672
12;2025-11-03;16;1426.7094057805375
12;2025-11-03;17;1481.6123035669298
12;2025-11-03;18;1560.2437496026043
12;2025-11-03;19;1133.541871642759
12;2025-11-03;20;782.3110003217536
12;2025-11-03;21;646.213041866946
12;2025-11-03;22;415.07698526934325
12;2025-11-03;23;236.64776712296998
12;2025-11-04;0;93.50778193933843
12;2025-11-04;1;0.0
12;2025-11-04;2;0.0
12;2025-11-04;3;0.0
12;2025-11-04;4;65.53230824781508
12;2025-11-04;5;262.17906309054115
12;2025-11-04;6;593.5354999479822
12;2025-11-04;7;818.7367995549715
12;2025-11-04;8;1104.904187580994
12;2025-11-04;9;890.952893521214
12;2025-11-04;10;1042.3096110032438
12;2025-11-04;11;1170.5998860053699
12;2025-11-04;12;1148.09345300728
12;2025-11-04;13;1278.2959344018575
12;2025-11-04;14;1320.0084503736675
12;2025-11-04;15;1215.5829274407836
12;2025-11-04;16;1355.3002340411801
12;2025-11-04;17;1492.8488444152115
12;2025-11-04;18;1581.8567422148842
12;2025-11-04;19;1198.0376367660258
12;2025-11-04;20;833.0055549951056
12;2025-11-04;21;641.0963831384081
12;2025-11-04;22;406.5963206745081
12;2025-11-04;23;231.94419105573365
12;2025-11-05;0;64.89955641525466
12;2025-11-05;1;0.0
12;2025-11-05;2;0.0
12;2025-11-05;3;0.0
12;2025-11-05;4;8.015512784719249
12;2025-11-05;5;345.74984812354296
12;2025-11-05;6;1366.8132343863247
12;2025-11-05;7;2791.4380171112794
12;2025-11-05;8;3491.435079740883
12;2025-11-05;9;2481.506914534056
12;2025-11-05;10;2115.0452364444955
12;2025-11-05;11;1985.6417853433352
12;2025-11-05;12;2000.2000579443766
12;2025-11-05;13;2010.7515009325218
12;2025-11-05;14;1978.8775443514253
12;2025-11-05;15;2264.7158805974336
12;2025-11-05;16;2766.7224666868888
12;2025-11-05;17;3020.9121276603023
12;2025-11-05;18;3138.758494292885
12;2025-11-05;19;2528.799129320948
12;2025-11-05;20;1515.6563489187042
12;2025-11-05;21;906.536936456025
12;2025-11-05;22;487.0088973757031
12;2025-11-05;23;247.25849484783475
12;2025-11-06;0;57.72494176348869
12;2025-11-06;1;0.0
12;2025-11-06;2;0.0
12;2025-11-06;3;0.0
12;2025-11-06;4;0.0
12;2025-11-06;5;308.36115282825335
12;2025-11-06;6;1337.5562373450489
12;2025-11-06;7;2729.776778527422
12;2025-11-06;8;3393.0560374469915
12;2025-11-06;9;2418.537782014584
12;2025-11-06;10;2030.5642209961807
12;2025-11-06;11;1949.5765945366823
12;2025-11-06;12;1971.1365092697865
12;2025-11-06;13;2003.7936832308756
12;2025-11-06;14;1992.7784343165852
12;2025-11-06;15;2260.361944130333
12;2025-11-06;16;2716.467646743715
12;2025-11-06;17;2990.7915225414235
12;2025-11-06;18;3101.0824985057307
12;2025-11-06;19;2480.9666707535903
12;2025-11-06;20;1412.4178453841928
12;2025-11-06;21;904.5904053167058
12;2025-11-06;22;481.06187567957966
12;2025-11-06;23;241.6582036961504
12;2025-11-07;0;52.72992604896763
12;2025-11-07;1;0.0
12;2025-11-07;2;0.0
12;2025-11-07;3;0.0
12;2025-11-07;4;0.0
12;2025-11-07;5;308.53288083035795
12;2025-11-07;6;1322.2542902266664
12;2025-11-07;7;2695.6059260460843
12;2025-11-07;8;3336.0115190712913
12;2025-11-07;9;2399.6839495482304
12;2025-11-07;10;2036.9484181358707
12;2025-11-07;11;1943.4772712338595
12;2025-11-07;12;1949.8480311804624
12;2025-11-07;13;1976.8859094162226
12;2025-11-07;14;1963.9865629696137
12;2025-11-07;15;2272.035139525925
12;2025-11-07;16;2793.3719443822765
12;2025-11-07;17;2904.6001974360124
12;2025-11-07;18;2724.737121840839
12;2025-11-07;19;2351.386788520672
12;2025-11-07;20;1452.8039105251898
12;2025-11-07;21;919.8708148741355
12;2025-11-07;22;502.7352529492714
12;2025-11-07;23;259.96146235797573
12;2025-11-08;0;74.5374813075523
12;2025-11-08;1;0.0
12;2025-11-08;2;0.0
12;2025-11-08;3;0.0
12;2025-11-08;4;0.0
12;2025-11-08;5;241.3957247235628
12;2025-11-08;6;697.2224778080454
12;2025-11-08;7;915.0201339022
12;2025-11-08;8;976.2978138354752
12;2025-11-08;9;1142.4056396479168
12;2025-11-08;10;1359.671306250329
12;2025-11-08;11;1442.7546711719824
12;2025-11-08;12;1517.3425546640817
12;2025-11-08;13;1649.7155132729079
12;2025-11-08;14;1646.3436041764892
12;2025-11-08;15;1579.4603381074642
12;2025-11-08;16;1610.2583058825999
12;2025-11-08;17;1566.7127186741711
12;2025-11-08;18;1461.3498205542537
12;2025-11-08;19;1327.4918338239838
12;2025-11-08;20;898.1805193764867
12;2025-11-08;21;667.5824741365459
12;2025-11-08;22;415.92423231813643
12;2025-11-08;23;231.59110747337832
12;2025-11-09;0;70.86536455593568
12;2025-11-09;1;0.0
12;2025-11-09;2;0.0
12;2025-11-09;3;0.0
12;2025-11-09;4;8.261871850230818
12;2025-11-09;5;150.4640863047623
12;2025-11-09;6;488.5682989154333
12;2025-11-09;7;680.719821353422
12;2025-11-09;8;776.2777219290889
12;2025-11-09;9;943.7433238246983
12;2025-11-09;10;1161.8897663885236
12;2025-11-09;11;1309.2746548138043
12;2025-11-09;12;1373.4149780264959
12;2025-11-09;13;1555.071909304755
12;2025-11-09;14;1561.9050913763986
12;2025-11-09;15;1418.1286079643833
12;2025-11-09;16;1517.5674915894679
12;2025-11-09;17;1500.5784973380678
12;2025-11-09;18;1322.065965499967
12;2025-11-09;19;1047.4516726734369
12;2025-11-09;20;725.0487858301498
12;2025-11-09;21;606.1603886477985
12;2025-11-09;22;367.8356990544967
12;2025-11-09;23;209.41869337243884
12;2025-11-10;0;47.34635427044009
12;2025-11-10;1;0.0
12;2025-11-10;2;0.0
12;2025-11-10;3;0.0
12;2025-11-10;4;0.0
12;2025-11-10;5;289.84058656167485
12;2025-11-10;6;1313.4961119136078
12;2025-11-10;7;2732.2567847614146
12;2025-11-10;8;3371.7084032400708
12;2025-11-10;9;2418.788378895228
12;2025-11-10;10;2050.5493330535846
12;2025-11-10;11;1965.0132309607807
12;2025-11-10;12;1978.699709265815
12;2025-11-10;13;1979.2023333293723
12;2025-11-10;14;1958.9128540911763
12;2025-11-10;15;2269.485478706534
12;2025-11-10;16;2706.8564497398256
12;2025-11-10;17;2951.4609023207568
12;2025-11-10;18;3118.661512144455
12;2025-11-10;19;2426.388329712221
12;2025-11-10;20;1480.4336028280902
12;2025-11-10;21;883.1517956572036
12;2025-11-10;22;459.0014386722228
12;2025-11-10;23;229.76706179703956
12;2025-11-11;0;47.43520247716833
12;2025-11-11;1;0.0
12;2025-11-11;2;0.0
12;2025-11-11;3;0.0
12;2025-11-11;4;0.0
12;2025-11-11;5;314.582464276265
12;2025-11-11;6;1338.4998516537053
12;2025-11-11;7;2770.595352292178
12;2025-11-11;8;3413.1980291152886
12;2025-11-11;9;2466.496291505117
12;2025-11-11;10;2084.5611337734017
12;2025-11-11;11;2036.1369046106677
12;2025-11-11;12;2054.2315701809757
12;2025-11-11;13;2040.0798093910107
12;2025-11-11;14;2038.8851904276407
12;2025-11-11;15;2290.6133413052316
12;2025-11-11;16;2804.648564437754
12;2025-11-11;17;3109.4181896987266
12;2025-11-11;18;3214.7905730110124
12;2025-11-11;19;2598.1009024696546
12;2025-11-11;20;1534.2749633553315
12;2025-11-11;21;910.076902241096
12;2025-11-11;22;471.5851494662063
12;2025-11-11;23;228.52199610753928
12;2025-11-12;0;48.37645725145376
12;2025-11-12;1;0.0
12;2025-11-12;2;0.0
12;2025-11-12;3;0.0
12;2025-11-12;4;0.0
12;2025-11-12;5;313.2137524689008
12;2025-11-12;6;1368.29301702109
12;2025-11-12;7;2786.069255607583
12;2025-11-12;8;3429.6562670016647
12;2025-11-12;9;2468.9552556807016
12;2025-11-12;10;2064.1359395037175
12;2025-11-12;11;1966.6495185532074
12;2025-11-12;12;1975.0772690524213
12;2025-11-12;13;1975.8311586468462
12;2025-11-12;14;1967.6146961663253
12;2025-11-12;15;2223.3238079915577
12;2025-11-12;16;2705.1287672166327
12;2025-11-12;17;2976.420527886531
12;2025-11-12;18;3110.591413986927
12;2025-11-12;19;2481.6746641993464
12;2025-11-12;20;1507.3640812757371
12;2025-11-12;21;904.6516604202524
12;2025-11-12;22;479.3321767340675
12;2025-11-12;23;251.44086732032133
12;2025-11-13;0;46.58315717404753
12;2025-11-13;1;0.0
12;2025-11-13;2;0.0
12;2025-11-13;3;0.0
12;2025-11-13;4;0.0
12;2025-11-13;5;306.3960599489699
12;2025-11-13;6;1376.9363547186763
12;2025-11-13;7;2729.3966603694917
12;2025-11-13;8;3368.26602077983
12;2025-11-13;9;2423.9031550386453
12;2025-11-13;10;2048.318000664551
12;2025-11-13;11;1975.1008537351286
12;2025-11-13;12;1982.7141115305253
12;2025-11-13;13;2001.4773382799108
12;2025-11-13;14;1976.111911209663
12;2025-11-13;15;2255.3588826408068
12;2025-11-13;16;2743.560735734526
12;2025-11-13;17;2981.0691889667023
12;2025-11-13;18;3100.7720224898803
12;2025-11-13;19;2471.660838450747
12;2025-11-13;20;1498.5356528180826
12;2025-11-13;21;893.2879949657072
12;2025-11-13;22;486.033635725605
12;2025-11-13;23;244.61434249827016
12;2025-11-14;0;53.418510758617685
12;2025-11-14;1;0.0
12;2025-11-14;2;0.0
12;2025-11-14;3;0.0
12;2025-11-14;4;2.483522538990883
12;2025-11-14;5;295.8090267147704
12;2025-11-14;6;1285.1231058470973
12;2025-11-14;7;2678.715528956415
12;2025-11-14;8;3269.1889773973353
12;2025-11-14;9;2399.6532902533672
12;2025-11-14;10;2037.6364172926476
12;2025-11-14;11;2010.5303361245763
12;2025-11-14;12;2091.1057667510045
12;2025-11-14;13;2090.3236011744257
12;2025-11-14;14;2056.7078108171227
12;2025-11-14;15;2331.4111362940416
12;2025-11-14;16;2823.533000049021
12;2025-11-14;17;2921.8959799433455
12;2025-11-14;18;2731.656202185525
12;2025-11-14;19;2373.217011849741
12;2025-11-14;20;1446.0676810352788
12;2025-11-14;21;897.9655000270675
12;2025-11-14;22;493.28607436913546
12;2025-11-14;23;255.02596741257412
12;2025-11-15;0;55.50153157496766
12;2025-11-15;1;0.0
12;2025-11-15;2;0.0
12;2025-11-15;3;0.0
12;2025-11-15;4;0.0
12;2025-11-15;5;188.97565584512108
12;2025-11-15;6;623.8550809597427
12;2025-11-15;7;759.5634206949882
12;2025-11-15;8;812.7897738415162
12;2025-11-15;9;938.2236715581075
12;2025-11-15;10;1165.390212917741
12;2025-11-15;11;1310.0165904624996
12;2025-11-15;12;1364.5637049248621
12;2025-11-15;13;1564.1052944349913
12;2025-11-15;14;1622.4966554933196
12;2025-11-15;15;1487.0769477844992
12;2025-11-15;16;1559.4549431403439
12;2025-11-15;17;1503.2128996517101
12;2025-11-15;18;1409.3300285963626
12;2025-11-15;19;1310.5624715009235
12;2025-11-15;20;905.9574581591012
12;2025-11-15;21;655.0732791676986
12;2025-11-15;22;406.2188294795012
12;2025-11-15;23;232.09412298721145
12;2025-11-16;0;68.34584821551425
12;2025-11-16;1;0.0
12;2025-11-16;2;0.0
12;2025-11-16;3;0.0
12;2025-11-16;4;0.0
12;2025-11-16;5;133.54552195165002
12;2025-11-16;6;445.88653159524824
12;2025-11-16;7;578.3572538995791
12;2025-11-16;8;666.8669034964596
12;2025-11-16;9;850.1452109209595
12;2025-11-16;10;1086.6774270367337
12;2025-11-16;11;1231.4224426719445
12;2025-11-16;12;1264.44619029303
12;2025-11-16;13;1460.4664196281346
12;2025-11-16;14;1448.2064353614142
12;2025-11-16;15;1283.050544338961
12;2025-11-16;16;1396.1227294845169
12;2025-11-16;17;1380.2499796250831
12;2025-11-16;18;1223.1260039403253
12;2025-11-16;19;977.6445310367384
12;2025-11-16;20;679.8185363340435
12;2025-11-16;21;584.4272685319803
12;2025-11-16;22;362.3598244287407
12;2025-11-16;23;216.40402513503068
12;2025-11-17;0;41.480059545312315
12;2025-11-17;1;0.0
12;2025-11-17;2;0.0
12;2025-11-17;3;0.0
12;2025-11-17;4;0.0
12;2025-11-17;5;287.7456348745843
12;2025-11-17;6;1298.7905944199938
12;2025-11-17;7;2604.293270382127
12;2025-11-17;8;3161.447211678739
12;2025-11-17;9;2355.6468850073875
12;2025-11-17;10;1993.5925448814235
12;2025-11-17;11;1918.5644424020602
12;2025-11-17;12;1994.1581373927006
12;2025-11-17;13;1875.2545233259182
12;2025-11-17;14;1863.364882405743
12;2025-11-17;15;2184.8848321873766
12;2025-11-17;16;2636.111932505404
12;2025-11-17;17;2861.036007288939
12;2025-11-17;18;3029.4189047617183
12;2025-11-17;19;2370.71387503226
12;2025-11-17;20;1470.5950969636583
12;2025-11-17;21;889.8495525577623
12;2025-11-17;22;471.2274022846083
12;2025-11-17;23;226.62026154140972
12;2025-11-18;0;54.29934414271429
12;2025-11-18;1;0.0
12;2025-11-18;2;0.0
12;2025-11-18;3;0.0
12;2025-11-18;4;9.53489041017815
12;2025-11-18;5;305.8996004407388
12;2025-11-18;6;1293.0247296546431
12;2025-11-18;7;2622.421712946739
12;2025-11-18;8;3233.2456511844107
12;2025-11-18;9;2369.5550743250938
12;2025-11-18;10;1964.166909044674
12;2025-11-18;11;1964.7180117499906
12;2025-11-18;12;1995.9205228575772
12;2025-11-18;13;1875.5418915122468
12;2025-11-18;14;1779.3177948526898
12;2025-11-18;15;2121.9248086343478
12;2025-11-18;16;2568.805562979299
12;2025-11-18;17;2858.9898076844274
12;2025-11-18;18;3046.807504337066
12;2025-11-18;19;2473.0102375574525
12;2025-11-18;20;1477.0508656597244
12;2025-11-18;21;863.5187000743053
12;2025-11-18;22;469.5899787762984
12;2025-11-18;23;232.37256004381265
12;2025-11-19;0;57.24811020084371
12;2025-11-19;1;0.0
12;2025-11-19;2;0.0
12;2025-11-19;3;0.0
12;2025-11-19;4;9.769222959649369
12;2025-11-19;5;314.7900301753557
12;2025-11-19;6;1310.1989113969742
12;2025-11-19;7;2639.3375308824116
12;2025-11-19;8;3291.982145872386
12;2025-11-19;9;2428.2010829054434
12;2025-11-19;10;2042.6445952621712
12;2025-11-19;11;1961.3880218951404
12;2025-11-19;12;1979.8678242818783
12;2025-11-19;13;1954.2986822366988
12;2025-11-19;14;1919.3349748760552
12;2025-11-19;15;2220.4994303456424
12;2025-11-19;16;2676.813982120922
12;2025-11-19;17;2906.9573462580474
12;2025-11-19;18;3033.0520983508172
12;2025-11-19;19;2427.341901938497
12;2025-11-19;20;1506.8834121428272
12;2025-11-19;21;901.6954884505199
12;2025-11-19;22;497.87615220297437
12;2025-11-19;23;246.25330719505087
12;2025-11-20;0;52.847754017706166
12;2025-11-20;1;0.0
12;2025-11-20;2;0.0
12;2025-11-20;3;0.0
12;2025-11-20;4;7.714709422313035
12;2025-11-20;5;312.97021513729896
12;2025-11-20;6;1307.1807572748426
12;2025-11-20;7;2641.5259023939752
12;2025-11-20;8;3264.598569998066
12;2025-11-20;9;2409.953028241219
12;2025-11-20;10;2030.4670963554395
12;2025-11-20;11;1970.1685575206736
12;2025-11-20;12;1983.0204320826813
12;2025-11-20;13;1989.853391270389
12;2025-11-20;14;1923.0329790200358
12;2025-11-20;15;2231.58059014975
12;2025-11-20;16;2704.6880948772746
12;2025-11-20;17;2932.022272822034
12;2025-11-20;18;3017.225086185897
12;2025-11-20;19;2406.940895850542
12;2025-11-20;20;1494.6818033474099
12;2025-11-20;21;896.2370519295016
12;2025-11-20;22;494.9781253087086
12;2025-11-20;23;250.22385268704352
12;2025-11-21;0;55.20452595325082
12;2025-11-21;1;0.0
12;2025-11-21;2;0.0
12;2025-11-21;3;0.0
12;2025-11-21;4;8.892633376743106
12;2025-11-21;5;332.9736816135853
12;2025-11-21;6;1354.7571791702437
12;2025-11-21;7;2616.619221651409
12;2025-11-21;8;3162.195129393607
12;2025-11-21;9;2338.9301505285157
12;2025-11-21;10;1973.7113894808876
12;2025-11-21;11;1952.036905081236
12;2025-11-21;12;1957.0422236914992
12;2025-11-21;13;2015.7384735468918
12;2025-11-21;14;1982.3540970590575
12;2025-11-21;15;2285.917120783565
12;2025-11-21;16;2747.828723061698
12;2025-11-21;17;2846.5064921525336
12;2025-11-21;18;2714.432085673244
12;2025-11-21;19;2288.985887140942
12;2025-11-21;20;1475.2328742164314
12;2025-11-21;21;911.1230528857154
12;2025-11-21;22;513.177981254306
12;2025-11-21;23;261.87986135228107
12;2025-11-22;0;83.61208416708268
12;2025-11-22;1;0.0
12;2025-11-22;2;0.0
12;2025-11-22;3;0.0
12;2025-11-22;4;0.0
12;2025-11-22;5;176.88681799603046
12;2025-11-22;6;625.9678030873397
12;2025-11-22;7;819.7181313079583
12;2025-11-22;8;876.2366684816546
12;2025-11-22;9;1053.5265574214282
12;2025-11-22;10;1330.9429659376735
12;2025-11-22;11;1431.5201147658022
12;2025-11-22;12;1471.0728332518277
12;2025-11-22;13;1592.9197245468529
12;2025-11-22;14;1594.731404047275
12;2025-11-22;15;1496.6847594765536
12;2025-11-22;16;1542.915205638337
12;2025-11-22;17;1491.3340322376641
12;2025-11-22;18;1420.7747111244084
12;2025-11-22;19;1325.7928672101216
12;2025-11-22;20;915.5136901680437
12;2025-11-22;21;641.321475265054
12;2025-11-22;22;385.913273081871
12;2025-11-22;23;218.50692351267094
12;2025-11-23;0;70.86077387933369
12;2025-11-23;1;0.0
12;2025-11-23;2;0.0
12;2025-11-23;3;0.0
12;2025-11-23;4;0.6475195125951814
12;2025-11-23;5;138.5348029729339
12;2025-11-23;6;452.73627338489723
12;2025-11-23;7;591.5549836447285
12;2025-11-23;8;695.7714008332524
12;2025-11-23;9;890.9282185265347
12;2025-11-23;10;1120.6441839259185
12;2025-11-23;11;1260.1345660973834
12;2025-11-23;12;1277.1786806960206
12;2025-11-23;13;1511.264324889173
12;2025-11-23;14;1538.1851908050132
12;2025-11-23;15;1375.8657538924851
12;2025-11-23;16;1465.9967347960433
12;2025-11-23;17;1382.0474716683473
12;2025-11-23;18;1207.7517234459776
12;2025-11-23;19;1009.4677096637738
12;2025-11-23;20;675.1047357480461
12;2025-11-23;21;600.5187360206336
12;2025-11-23;22;358.32635141940887
12;2025-11-23;23;210.34411572181625
12;2025-11-24;0;39.97882127365256
12;2025-11-24;1;0.0
12;2025-11-24;2;0.0
12;2025-11-24;3;0.0
12;2025-11-24;4;28.756909696232697
12;2025-11-24;5;308.4739667120589
12;2025-11-24;6;1306.9319847760717
12;2025-11-24;7;2727.7379327313442
12;2025-11-24;8;3367.4398977192363
12;2025-11-24;9;2448.648397378646
12;2025-11-24;10;2031.246809346042
12;2025-11-24;11;1921.064684324418
12;2025-11-24;12;1991.9533741802943
12;2025-11-24;13;1959.8994658360634
12;2025-11-24;14;1917.0699003213722
12;2025-11-24;15;2199.7089073382253
12;2025-11-24;16;2662.5319815031835
12;2025-11-24;17;2895.745167977152
12;2025-11-24;18;3157.4248433366856
12;2025-11-24;19;2478.1099342346283
12;2025-11-24;20;1485.308805857468
12;2025-11-24;21;860.5047012124859
12;2025-11-24;22;449.20089446651605
12;2025-11-24;23;219.07514394445934
12;2025-11-25;0;52.485014392631456
12;2025-11-25;1;0.0
12;2025-11-25;2;0.0
12;2025-11-25;3;0.0
12;2025-11-25;4;1.356956465599069
12;2025-11-25;5;308.80815242816925
12;2025-11-25;6;1304.8382141107218
12;2025-11-25;7;2753.702972240452
12;2025-11-25;8;3439.905707066391
12;2025-11-25;9;2438.0491896810827
12;2025-11-25;10;2052.657099315119
12;2025-11-25;11;1986.2547222684857
12;2025-11-25;12;2021.4942755846855
12;2025-11-25;13;2007.9210821816105
12;2025-11-25;14;1973.8988553581585
12;2025-11-25;15;2273.781984838575
12;2025-11-25;16;2726.7371316023105
12;2025-11-25;17;3014.5500916214664
12;2025-11-25;18;3168.9461263918683
12;2025-11-25;19;2491.1798035309434
12;2025-11-25;20;1489.432478435903
12;2025-11-25;21;877.6414469877326
12;2025-11-25;22;480.6355908869897
12;2025-11-25;23;245.34213179359608
12;2025-11-26;0;56.9936100271193
12;2025-11-26;1;0.0
12;2025-11-26;2;0.0
12;2025-11-26;3;0.0
12;2025-11-26;4;20.34589794529711
12;2025-11-26;5;309.89691500787535
12;2025-11-26;6;1319.3927149242086
12;2025-11-26;7;2758.091024860595
12;2025-11-26;8;3431.5962158350626
12;2025-11-26;9;2520.362874879414
12;2025-11-26;10;2100.7288968708026
12;2025-11-26;11;2019.3091415467184
12;2025-11-26;12;2069.0093630304564
12;2025-11-26;13;2094.7864878538376
12;2025-11-26;14;2054.8317262853107
12;2025-11-26;15;2310.0943065002643
12;2025-11-26;16;2771.147849677468
12;2025-11-26;17;2981.9039195145106
12;2025-11-26;18;3064.8377290366234
12;2025-11-26;19;2485.4001901067795
12;2025-11-26;20;1478.166194526615
12;2025-11-26;21;870.924554033682
12;2025-11-26;22;466.43978757644675
12;2025-11-26;23;223.73986313137607
12;2025-11-27;0;32.77634890875379
12;2025-11-27;1;0.0
12;2025-11-27;2;0.0
12;2025-11-27;3;0.0
12;2025-11-27;4;3.9408378916909896
12;2025-11-27;5;311.4531762422273
12;2025-11-27;6;1319.265020111472
12;2025-11-27;7;2744.5904455629498
12;2025-11-27;8;3390.036982759766
12;2025-11-27;9;2416.140666757805
12;2025-11-27;10;2036.2401269058628
12;2025-11-27;11;1964.3674141518572
12;2025-11-27;12;1954.6787364453633
12;2025-11-27;13;2006.434284160051
12;2025-11-27;14;1944.1948882022107
12;2025-11-27;15;2281.520609072716
12;2025-11-27;16;2739.825764172164
12;2025-11-27;17;2973.5325116907443
12;2025-11-27;18;3086.444013841734
12;2025-11-27;19;2402.6117602255104
12;2025-11-27;20;1421.563396437245
12;2025-11-27;21;895.3395217513487
12;2025-11-27;22;474.9145435903049
12;2025-11-27;23;245.29382985815278
12;2025-11-28;0;61.23394665067758
12;2025-11-28;1;0.0
12;2025-11-28;2;0.0
12;2025-11-28;3;0.0
12;2025-11-28;4;0.0
12;2025-11-28;5;304.4430214038823
12;2025-11-28;6;1315.365336887383
12;2025-11-28;7;2690.4537712890633
12;2025-11-28;8;3311.8022640663403
12;2025-11-28;9;2391.555912648975
12;2025-11-28;10;2010.9812342710793
12;2025-11-28;11;1967.9725760730093
12;2025-11-28;12;1969.218220982693
12;2025-11-28;13;2005.7857610309698
12;2025-11-28;14;2003.997239018144
12;2025-11-28;15;2328.6830118172134
12;2025-11-28;16;2800.33172025495
12;2025-11-28;17;2896.9361730019364
12;2025-11-28;18;2741.3296804627175
12;2025-11-28;19;2344.744892601173
12;2025-11-28;20;1457.9748126006075
12;2025-11-28;21;907.1436061842228
12;2025-11-28;22;496.96568201108744
12;2025-11-28;23;255.16563217088287
12;2025-11-29;0;77.87665775602409
12;2025-11-29;1;0.0
12;2025-11-29;2;0.0
12;2025-11-29;3;0.0
12;2025-11-29;4;2.0427693077685944
12;2025-11-29;5;192.13654637341233
12;2025-11-29;6;649.3586669701872
12;2025-11-29;7;852.0202108655704
12;2025-11-29;8;915.6246469560374
12;2025-11-29;9;1079.2972463663723
12;2025-11-29;10;1319.1048355719795
12;2025-11-29;11;1461.47771611404
12;2025-11-29;12;1504.9421439844875
12;2025-11-29;13;1694.7881301743535
12;2025-11-29;14;1700.612956924324
12;2025-11-29;15;1599.4008173315906
12;2025-11-29;16;1671.8972869347376
12;2025-11-29;17;1626.2763024091912
12;2025-11-29;18;1527.0792799693236
12;2025-11-29;19;1361.3278796120976
12;2025-11-29;20;954.0991093950096
12;2025-11-29;21;664.0878044398664
12;2025-11-29;22;428.4846086131098
12;2025-11-29;23;264.435459549602
12;2025-11-30;0;83.77010176283943
12;2025-11-30;1;0.0
12;2025-11-30;2;0.0
12;2025-11-30;3;0.0
12;2025-11-30;4;0.0
12;2025-11-30;5;129.00647496205988
12;2025-11-30;6;437.76895211997737
12;2025-11-30;7;605.7197318726254
12;2025-11-30;8;691.8150687033594
12;2025-11-30;9;898.9693092572584
12;2025-11-30;10;1151.357808072795
12;2025-11-30;11;1286.9553163452867
12;2025-11-30;12;1328.0390591779958
12;2025-11-30;13;1535.071169686819
12;2025-11-30;14;1531.4255131827742
12;2025-11-30;15;1401.1305201408345
12;2025-11-30;16;1482.8461552915521
12;2025-11-30;17;1464.745648721727
12;2025-11-30;18;1311.1921398513712
12;2025-11-30;19;1051.1422338708073
12;2025-11-30;20;733.1855752669633
12;2025-11-30;21;604.260644275825
12;2025-11-30;22;359.88677351405636
12;2025-11-30;23;210.62072293710708
12;2025-12-01;0;37.35816230394312
12;2025-12-01;1;0.0
12;2025-12-01;2;0.0
12;2025-12-01;3;0.0
12;2025-12-01;4;0.0
12;2025-12-01;5;293.90102783257385
12;2025-12-01;6;1300.1562024750567
12;2025-12-01;7;2708.3836970185303
12;2025-12-01;8;3341.021739448931
12;2025-12-01;9;2372.4711786545245
12;2025-12-01;10;2015.4538125698093
12;2025-12-01;11;1923.0422610438209
12;2025-12-01;12;1964.9447045593663
12;2025-12-01;13;1979.4636422727424
12;2025-12-01;14;1947.6247881492568
12;2025-12-01;15;2245.9120726255637
12;2025-12-01;16;2695.8222951227426
12;2025-12-01;17;2921.511039762553
12;2025-12-01;18;3015.6320374949983
12;2025-12-01;19;2403.3510647632347
12;2025-12-01;20;1438.1762173140312
12;2025-12-01;21;852.3078901288286
12;2025-12-01;22;450.6324550573837
12;2025-12-01;23;224.74603955664884
12;2025-12-02;0;56.21480245918315
12;2025-12-02;1;0.0
12;2025-12-02;2;0.0
12;2025-12-02;3;0.0
12;2025-12-02;4;0.0
12;2025-12-02;5;298.69605600259456
12;2025-12-02;6;1303.6998626158013
12;2025-12-02;7;2715.358155009457
12;2025-12-02;8;3366.910332054984
12;2025-12-02;9;2400.820943959184
12;2025-12-02;10;2027.7043246864064
12;2025-12-02;11;1937.2164739989344
12;2025-12-02;12;1972.5642877832329
12;2025-12-02;13;1975.3893467201192
12;2025-12-02;14;1936.5393285922978
12;2025-12-02;15;2216.9221805722973
12;2025-12-02;16;2670.5928554418356
12;2025-12-02;17;2982.258667330013
12;2025-12-02;18;3163.9584641340507
12;2025-12-02;19;2544.968702820781
12;2025-12-02;20;1490.7336646319247
12;2025-12-02;21;846.6821302953821
12;2025-12-02;22;444.3982410784596
12;2025-12-02;23;205.2791627835586
12;2025-12-03;0;55.338619458806306
12;2025-12-03;1;0.0
12;2025-12-03;2;0.0
12;2025-12-03;3;0.0
12;2025-12-03;4;13.698493136353818
12;2025-12-03;5;326.0666329756202
12;2025-12-03;6;1343.7413464646063
12;2025-12-03;7;2764.4225370613367
12;2025-12-03;8;3436.196462355826
12;2025-12-03;9;2477.0881408819555
12;2025-12-03;10;2094.7792983323516
12;2025-12-03;11;2073.384477801715
12;2025-12-03;12;2027.2491409438994
12;2025-12-03;13;2058.3792127399392
12;2025-12-03;14;2046.7287855096724
12;2025-12-03;15;2297.007135532251
12;2025-12-03;16;2799.330974400503
12;2025-12-03;17;3055.8565875825507
12;2025-12-03;18;3182.748220623071
12;2025-12-03;19;2535.1570971272067
12;2025-12-03;20;1485.84563888952
12;2025-12-03;21;891.0893094075873
12;2025-12-03;22;483.84254351482207
12;2025-12-03;23;248.52193106212053
12;2025-12-04;0;55.945274659373126
12;2025-12-04;1;0.0
12;2025-12-04;2;0.0
12;2025-12-04;3;0.0
12;2025-12-04;4;1.5258217825316933
12;2025-12-04;5;302.05791920525917
12;2025-12-04;6;1308.3814609487092
12;2025-12-04;7;2730.949582385254
12;2025-12-04;8;3363.6752017971035
12;2025-12-04;9;2417.3159267277038
12;2025-12-04;10;2042.108203225147
12;2025-12-04;11;1994.628822768816
12;2025-12-04;12;1999.8252163134548
12;2025-12-04;13;2041.189554533578
12;2025-12-04;14;2020.040853548658
12;2025-12-04;15;2289.298348333475
12;2025-12-04;16;2775.267987935327
12;2025-12-04;17;3025.7423325999425
12;2025-12-04;18;3103.330619340567
12;2025-12-04;19;2468.8754864410585
12;2025-12-04;20;1486.9956389904755
12;2025-12-04;21;894.5639972904671
12;2025-12-04;22;484.1082577870279
12;2025-12-04;23;248.9074942440559
12;2025-12-05;0;58.32832285268478
12;2025-12-05;1;0.0
12;2025-12-05;2;0.0
12;2025-12-05;3;0.0
12;2025-12-05;4;7.765531100144244
12;2025-12-05;5;311.72740726303186
12;2025-12-05;6;1302.817333317863
12;2025-12-05;7;2697.4060367098054
12;2025-12-05;8;3286.4447451338315
12;2025-12-05;9;2391.1228036159328
12;2025-12-05;10;2033.591461448431
12;2025-12-05;11;1952.2758173948287
12;2025-12-05;12;1973.7720114113324
12;2025-12-05;13;2063.553744133244
12;2025-12-05;14;2057.4300057271307
12;2025-12-05;15;2335.1441847411984
12;2025-12-05;16;2840.2541126989445
12;2025-12-05;17;2930.935423843719
12;2025-12-05;18;2736.2904272841733
12;2025-12-05;19;2326.8718628827028
12;2025-12-05;20;1446.2422721342411
12;2025-12-05;21;903.5626069797665
12;2025-12-05;22;498.2107656652669
12;2025-12-05;23;257.3083175711547
12;2025-12-06;0;75.87014748445927
12;2025-12-06;1;0.0
12;2025-12-06;2;0.0
12;2025-12-06;3;0.0
12;2025-12-06;4;5.519939661779972
12;2025-12-06;5;221.72541122083294
12;2025-12-06;6;666.4825148455986
12;2025-12-06;7;850.2556242143655
12;2025-12-06;8;931.1946429680238
12;2025-12-06;9;1101.539913512487
12;2025-12-06;10;1346.492004620687
12;2025-12-06;11;1464.951818430544
12;2025-12-06;12;1513.4634167660165
12;2025-12-06;13;1657.76642869456
12;2025-12-06;14;1660.3630075936283
12;2025-12-06;15;1539.4438074823477
12;2025-12-06;16;1642.6390681615328
12;2025-12-06;17;1593.3961436502059
12;2025-12-06;18;1462.8038470573365
12;2025-12-06;19;1373.7727697543467
12;2025-12-06;20;916.5442717711971
12;2025-12-06;21;663.6494611075518
12;2025-12-06;22;415.0037333990524
12;2025-12-06;23;242.15300854584052
12;2025-12-07;0;74.67313186520482
12;2025-12-07;1;0.0
12;2025-12-07;2;0.0
12;2025-12-07;3;0.0
12;2025-12-07;4;4.321702555256479
12;2025-12-07;5;142.59626441269165
12;2025-12-07;6;445.81379350884913
12;2025-12-07;7;605.5010045137865
12;2025-12-07;8;683.784675883133
12;2025-12-07;9;874.167308177275
12;2025-12-07;10;1109.0856720791953
12;2025-12-07;11;1240.869489835633
12;2025-12-07;12;1291.819276964719
12;2025-12-07;13;1509.107642031761
12;2025-12-07;14;1512.9267913885683
12;2025-12-07;15;1359.8661166983263
12;2025-12-07;16;1461.5152153116126
12;2025-12-07;17;1441.407435374259
12;2025-12-07;18;1280.9274446932034
12;2025-12-07;19;1043.724388068998
12;2025-12-07;20;717.3378935283382
12;2025-12-07;21;580.118304823639
12;2025-12-07;22;360.8300469703138
12;2025-12-07;23;218.98886444376694
12;2025-12-08;0;56.440086428854556
12;2025-12-08;1;0.0
12;2025-12-08;2;0.0
12;2025-12-08;3;0.0
12;2025-12-08;4;7.733181879785661
12;2025-12-08;5;282.16031254229233
12;2025-12-08;6;1293.189308770197
12;2025-12-08;7;2709.879009219132
12;2025-12-08;8;3337.408074522511
12;2025-12-08;9;2377.258578497672
12;2025-12-08;10;2017.124245080574
12;2025-12-08;11;1929.4380075943272
12;2025-12-08;12;1949.5682197316933
12;2025-12-08;13;1969.471769272673
12;2025-12-08;14;1946.9765055323237
12;2025-12-08;15;2234.335357257133
12;2025-12-08;16;2713.19141207418
12;2025-12-08;17;2949.494133759764
12;2025-12-08;18;3051.322900466406
12;2025-12-08;19;2424.1426806320305
12;2025-12-08;20;1455.0867071528335
12;2025-12-08;21;861.6564334401654
12;2025-12-08;22;450.5709162348679
12;2025-12-08;23;222.58866916901025
12;2025-12-09;0;47.486751757072625
12;2025-12-09;1;0.0
12;2025-12-09;2;0.0
12;2025-12-09;3;0.0
12;2025-12-09;4;15.221703811020916
12;2025-12-09;5;308.8731944820545
12;2025-12-09;6;1288.559500468517
12;2025-12-09;7;2727.895944296508
12;2025-12-09;8;3369.24782964882
12;2025-12-09;9;2391.2894081361883
12;2025-12-09;10;1998.6536944065797
12;2025-12-09;11;1949.757612844298
12;2025-12-09;12;2005.6150186995424
12;2025-12-09;13;1957.0577421018143
12;2025-12-09;14;1942.9589891327018
12;2025-12-09;15;2227.9441664385668
12;2025-12-09;16;2693.747070380443
12;2025-12-09;17;2981.4860001304905
12;2025-12-09;18;3121.9468058932116
12;2025-12-09;19;2480.437397894449
12;2025-12-09;20;1476.6282879147689
12;2025-12-09;21;847.7626492421028
12;2025-12-09;22;448.4396745877476
12;2025-12-09;23;220.9855333145233
12;2025-12-10;0;43.096077937356995
12;2025-12-10;1;0.0
12;2025-12-10;2;0.0
12;2025-12-10;3;0.0
12;2025-12-10;4;15.290013710042786
12;2025-12-10;5;311.36355587876824
12;2025-12-10;6;1313.1498949992906
12;2025-12-10;7;2736.5653861578867
12;2025-12-10;8;3363.5595301309963
12;2025-12-10;9;2396.114439846978
12;2025-12-10;10;2009.9053323450376
12;2025-12-10;11;1956.7591367011405
12;2025-12-10;12;1991.629367822567
12;2025-12-10;13;1988.2073294579209
12;2025-12-10;14;1963.218362746661
12;2025-12-10;15;2244.5947594339177
12;2025-12-10;16;2702.277289854396
12;2025-12-10;17;2944.8554273952595
12;2025-12-10;18;3048.005923348567
12;2025-12-10;19;2430.5658074645826
12;2025-12-10;20;1452.2315015302527
12;2025-12-10;21;874.5150254321704
12;2025-12-10;22;472.9408667718608
12;2025-12-10;23;245.4562401889757
12;2025-12-11;0;48.75213003414183
12;2025-12-11;1;0.0
12;2025-12-11;2;0.0
12;2025-12-11;3;0.0
12;2025-12-11;4;8.709445330370727
12;2025-12-11;5;300.01842687671774
12;2025-12-11;6;1268.156867419191
12;2025-12-11;7;2694.852667221595
12;2025-12-11;8;3287.623570589129
12;2025-12-11;9;2332.7770535612794
12;2025-12-11;10;1964.8129031039837
12;2025-12-11;11;1955.578971949745
12;2025-12-11;12;1972.9708016849431
12;2025-12-11;13;1992.0453858734343
12;2025-12-11;14;1988.1652138413328
12;2025-12-11;15;2260.2409976454037
12;2025-12-11;16;2727.6146188011717
12;2025-12-11;17;2943.7169008194196
12;2025-12-11;18;3088.0793788699157
12;2025-12-11;19;2446.351330900864
12;2025-12-11;20;1445.1119996904206
12;2025-12-11;21;866.7967699118869
12;2025-12-11;22;465.4932683069545
12;2025-12-11;23;239.87512478079066
12;2025-12-12;0;52.67269579209551
12;2025-12-12;1;0.0
12;2025-12-12;2;0.0
12;2025-12-12;3;0.0
12;2025-12-12;4;0.0
12;2025-12-12;5;299.30856165726414
12;2025-12-12;6;1319.4671384186245
12;2025-12-12;7;2661.1117502571446
12;2025-12-12;8;3301.0331160827336
12;2025-12-12;9;2388.497211288293
12;2025-12-12;10;2044.030154272757
12;2025-12-12;11;1957.9593649667681
12;2025-12-12;12;1926.2613160014898
12;2025-12-12;13;1999.4263262745185
12;2025-12-12;14;1981.6506342859102
12;2025-12-12;15;2253.9109773421433
12;2025-12-12;16;2738.921661680328
12;2025-12-12;17;2890.9287110165315
12;2025-12-12;18;2686.775631408311
12;2025-12-12;19;2339.2791058543753
12;2025-12-12;20;1430.6871058016957
12;2025-12-12;21;867.4207604145822
12;2025-12-12;22;451.01329422048445
12;2025-12-12;23;202.3987847789374
12;2025-12-13;0;60.49643578939617
12;2025-12-13;1;0.0
12;2025-12-13;2;0.0
12;2025-12-13;3;0.0
12;2025-12-13;4;0.0
12;2025-12-13;5;168.75434730224674
12;2025-12-13;6;638.6165957689427
12;2025-12-13;7;785.3624395761173
12;2025-12-13;8;876.7725526665445
12;2025-12-13;9;1085.7614694497865
12;2025-12-13;10;1337.2206568916145
12;2025-12-13;11;1449.344170152728
12;2025-12-13;12;1495.9564346675322
12;2025-12-13;13;1659.6370400788196
12;2025-12-13;14;1645.1551907621163
12;2025-12-13;15;1551.5746829754623
12;2025-12-13;16;1585.4246237421348
12;2025-12-13;17;1534.1341831141585
12;2025-12-13;18;1484.3929463731004
12;2025-12-13;19;1378.4757943368636
12;2025-12-13;20;891.6725274528824
12;2025-12-13;21;633.7969641456053
12;2025-12-13;22;421.8142165698955
12;2025-12-13;23;245.4747662978789
12;2025-12-14;0;94.60991186009073
12;2025-12-14;1;0.0
12;2025-12-14;2;0.0
12;2025-12-14;3;0.0
12;2025-12-14;4;28.33082883441807
12;2025-12-14;5;156.2114860761926
12;2025-12-14;6;455.87368395719625
12;2025-12-14;7;638.3595350065187
12;2025-12-14;8;737.300460151115
12;2025-12-14;9;914.2480543480895
12;2025-12-14;10;1138.3417085860551
12;2025-12-14;11;1286.0397273680526
12;2025-12-14;12;1306.4980003033468
12;2025-12-14;13;1531.0242104634988
12;2025-12-14;14;1535.2293638732465
12;2025-12-14;15;1398.9479101147656
12;2025-12-14;16;1489.2543380985217
12;2025-12-14;17;1466.1729982127604
12;2025-12-14;18;1309.605972820749
12;2025-12-14;19;1032.4330181441997
12;2025-12-14;20;714.744424682139
12;2025-12-14;21;579.4257855877114
12;2025-12-14;22;349.3355368062746
12;2025-12-14;23;196.46465341480598
12;2025-12-15;0;43.27882850667697
12;2025-12-15;1;0.0
12;2025-12-15;2;0.0
12;2025-12-15;3;0.0
12;2025-12-15;4;0.0
12;2025-12-15;5;277.32213515156036
12;2025-12-15;6;1232.2559618769462
12;2025-12-15;7;2640.7988002323254
12;2025-12-15;8;3254.1294078286346
12;2025-12-15;9;2309.1812730192214
12;2025-12-15;10;1961.2123445570455
12;2025-12-15;11;1896.9360568693628
12;2025-12-15;12;1915.8413143635362
12;2025-12-15;13;1931.2649749219777
12;2025-12-15;14;1891.4840813708913
12;2025-12-15;15;2224.1625047223642
12;2025-12-15;16;2673.5529412020423
12;2025-12-15;17;2908.147135938661
12;2025-12-15;18;3003.157004466013
12;2025-12-15;19;2398.452104934896
12;2025-12-15;20;1462.3759328332753
12;2025-12-15;21;847.0495746569596
12;2025-12-15;22;456.3655670615316
12;2025-12-15;23;220.3950148481074
12;2025-12-16;0;51.899274368017814
12;2025-12-16;1;0.0
12;2025-12-16;2;0.0
12;2025-12-16;3;0.0
12;2025-12-16;4;8.303685596054947
12;2025-12-16;5;300.19285829893283
12;2025-12-16;6;1310.3891093585225
12;2025-12-16;7;2779.2144127833826
12;2025-12-16;8;3419.461825303245
12;2025-12-16;9;2427.929503724605
12;2025-12-16;10;2048.6161743494313
12;2025-12-16;11;1969.3189841323585
12;2025-12-16;12;1990.6561840130948
12;2025-12-16;13;2041.2762570502418
12;2025-12-16;14;1981.2024657373213
12;2025-12-16;15;2277.1422180184863
12;2025-12-16;16;2711.928710996136
12;2025-12-16;17;2983.2535163331377
12;2025-12-16;18;3185.3783737925387
12;2025-12-16;19;2525.9253336438032
12;2025-12-16;20;1486.3797502950426
12;2025-12-16;21;865.8829309391049
12;2025-12-16;22;455.6533721019491
12;2025-12-16;23;222.0278719316973
12;2025-12-17;0;48.08412211059681
12;2025-12-17;1;0.0
12;2025-12-17;2;0.0
12;2025-12-17;3;0.0
12;2025-12-17;4;9.483970145222429
12;2025-12-17;5;313.44540285886023
12;2025-12-17;6;1296.1921321183554
12;2025-12-17;7;2736.621299830803
12;2025-12-17;8;3426.462415158363
12;2025-12-17;9;2441.164602513735
12;2025-12-17;10;2088.4394673472107
12;2025-12-17;11;1985.1490239183752
12;2025-12-17;12;2000.0828031902902
12;2025-12-17;13;2029.5275290464895
12;2025-12-17;14;1995.2141337769813
12;2025-12-17;15;2282.430390338401
12;2025-12-17;16;2746.699061422687
12;2025-12-17;17;2986.919987531581
12;2025-12-17;18;3119.606438281017
12;2025-12-17;19;2484.17189740748
12;2025-12-17;20;1473.6806367312352
12;2025-12-17;21;869.2613828853018
12;2025-12-17;22;479.09182730513965
12;2025-12-17;23;240.60651140570212
12;2025-12-18;0;48.201471651785596
12;2025-12-18;1;0.0
12;2025-12-18;2;0.0
12;2025-12-18;3;0.0
12;2025-12-18;4;0.0
12;2025-12-18;5;289.210818974379
12;2025-12-18;6;1274.6892229183718
12;2025-12-18;7;2701.326029531103
12;2025-12-18;8;3354.3665815623503
12;2025-12-18;9;2392.0861959878634
12;2025-12-18;10;2006.884850759159
12;2025-12-18;11;1946.9302223348368
12;2025-12-18;12;1956.626276562521
12;2025-12-18;13;2005.541655131211
12;2025-12-18;14;1986.0099978135518
12;2025-12-18;15;2278.7536855661383
12;2025-12-18;16;2753.78967525669
12;2025-12-18;17;3006.731163743837
12;2025-12-18;18;3144.7540601846913
12;2025-12-18;19;2474.5560266809057
12;2025-12-18;20;1462.5095466484224
12;2025-12-18;21;898.965697946086
12;2025-12-18;22;481.3081535754201
12;2025-12-18;23;242.5200096894248
12;2025-12-19;0;58.41357724828845
12;2025-12-19;1;0.0
12;2025-12-19;2;0.0
12;2025-12-19;3;0.0
12;2025-12-19;4;0.0
12;2025-12-19;5;288.27353317664324
12;2025-12-19;6;1277.0956507814751
12;2025-12-19;7;2679.0202255948093
12;2025-12-19;8;3289.753597985389
12;2025-12-19;9;2395.524202090258
12;2025-12-19;10;2000.3253872001142
12;2025-12-19;11;1884.2965551321356
12;2025-12-19;12;1935.1522522223054
12;2025-12-19;13;1976.6675697759533
12;2025-12-19;14;1988.201405089089
12;2025-12-19;15;2306.9822500184328
12;2025-12-19;16;2809.5894490358723
12;2025-12-19;17;2862.452846107956
12;2025-12-19;18;2716.5896743037165
12;2025-12-19;19;2300.014408501079
12;2025-12-19;20;1442.0959598174531
12;2025-12-19;21;884.0444826005015
12;2025-12-19;22;489.95918042979656
12;2025-12-19;23;249.7090596034393
12;2025-12-20;0;77.844840217399
12;2025-12-20;1;0.0
12;2025-12-20;2;0.0
12;2025-12-20;3;0.0
12;2025-12-20;4;5.3473392624591725
12;2025-12-20;5;213.26474694955186
12;2025-12-20;6;652.2741488443554
12;2025-12-20;7;855.2380172223866
12;2025-12-20;8;922.8035173970782
12;2025-12-20;9;1090.6240374696301
12;2025-12-20;10;1313.476841299413
12;2025-12-20;11;1423.511301064939
12;2025-12-20;12;1447.0529949453173
12;2025-12-20;13;1633.013255223224
12;2025-12-20;14;1633.3623455588215
12;2025-12-20;15;1503.6597103764352
12;2025-12-20;16;1576.5992085861387
12;2025-12-20;17;1528.3235907130197
12;2025-12-20;18;1439.76286134427
12;2025-12-20;19;1297.511709224747
12;2025-12-20;20;876.7597596212237
12;2025-12-20;21;640.2197830348555
12;2025-12-20;22;410.56211460349846
12;2025-12-20;23;236.46752389541984
12;2025-12-21;0;69.88314329640616
12;2025-12-21;1;0.0
12;2025-12-21;2;0.0
12;2025-12-21;3;0.0
12;2025-12-21;4;0.5204844858812976
12;2025-12-21;5;119.94205702709996
12;2025-12-21;6;417.19900645424934
12;2025-12-21;7;603.4998507163826
12;2025-12-21;8;692.0106813539386
12;2025-12-21;9;857.3088184403658
12;2025-12-21;10;1096.5712275366204
12;2025-12-21;11;1246.8028464115646
12;2025-12-21;12;1289.8072455431484
12;2025-12-21;13;1493.5157909471566
12;2025-12-21;14;1495.9919527548564
12;2025-12-21;15;1326.4709665234066
12;2025-12-21;16;1453.5750707689683
12;2025-12-21;17;1418.509316265163
12;2025-12-21;18;1254.6425009982472
12;2025-12-21;19;998.7265079776051
12;2025-12-21;20;705.3978596113955
12;2025-12-21;21;576.7252246662727
12;2025-12-21;22;344.07880489695776
12;2025-12-21;23;205.35983386660314
12;2025-12-22;0;23.816241823401015
12;2025-12-22;1;0.0
12;2025-12-22;2;0.0
12;2025-12-22;3;0.0
12;2025-12-22;4;0.0
12;2025-12-22;5;268.74608101503077
12;2025-12-22;6;1261.8310515426713
12;2025-12-22;7;2643.768682860571
12;2025-12-22;8;3269.1150882222946
12;2025-12-22;9;2339.616068378703
12;2025-12-22;10;1989.3545145199841
12;2025-12-22;11;1890.8377064840429
12;2025-12-22;12;1914.5012796763979
12;2025-12-22;13;1919.7926162513731
12;2025-12-22;14;1901.976094509957
12;2025-12-22;15;2203.790224373706
12;2025-12-22;16;2644.1046780837946
12;2025-12-22;17;2855.7858409899513
12;2025-12-22;18;2973.666784403493
12;2025-12-22;19;2359.0144225305235
12;2025-12-22;20;1404.1760219966854
12;2025-12-22;21;806.8475803875884
12;2025-12-22;22;429.6814509305091
12;2025-12-22;23;202.9349556860834
12;2025-12-23;0;55.37966194460614
12;2025-12-23;1;0.0
12;2025-12-23;2;0.0
12;2025-12-23;3;0.0
12;2025-12-23;4;9.068173890021171
12;2025-12-23;5;291.7732415567282
12;2025-12-23;6;1228.9119867674174
12;2025-12-23;7;2674.832304779118
12;2025-12-23;8;3317.982046495798
12;2025-12-23;9;2366.264798523008
12;2025-12-23;10;1943.6563116708317
12;2025-12-23;11;1852.1890468672614
12;2025-12-23;12;1874.5561594581686
12;2025-12-23;13;1872.6421222769875
12;2025-12-23;14;1857.7057420369626
12;2025-12-23;15;2173.1198579232373
12;2025-12-23;16;2625.264695056376
12;2025-12-23;17;2897.9290583477036
12;2025-12-23;18;3071.2018415635725
12;2025-12-23;19;2428.401110912689
12;2025-12-23;20;1451.3977971052423
12;2025-12-23;21;854.9801133708918
12;2025-12-23;22;449.9414709879096
12;2025-12-23;23;219.41219361359913
12;2025-12-24;0;51.830045918494534
12;2025-12-24;1;0.0
12;2025-12-24;2;0.0
12;2025-12-24;3;0.0
12;2025-12-24;4;0.0
12;2025-12-24;5;284.51623702852066
12;2025-12-24;6;1254.26985182432
12;2025-12-24;7;2739.8765298696812
12;2025-12-24;8;3374.7979707466484
12;2025-12-24;9;2388.694983656583
12;2025-12-24;10;1949.101786609487
12;2025-12-24;11;1853.2440851321498
12;2025-12-24;12;1926.6425208846854
12;2025-12-24;13;1968.9566401857942
12;2025-12-24;14;1950.1772581529208
12;2025-12-24;15;2252.21333644396
12;2025-12-24;16;2712.0718410294508
12;2025-12-24;17;2979.881835959627
12;2025-12-24;18;3110.2878420807015
12;2025-12-24;19;2475.0460526901197
12;2025-12-24;20;1479.8299578444257
12;2025-12-24;21;889.3148423736213
12;2025-12-24;22;463.00248954303333
12;2025-12-24;23;219.58535773054837
12;2025-12-25;0;39.82461653320888
12;2025-12-25;1;0.0
12;2025-12-25;2;0.0
12;2025-12-25;3;0.0
12;2025-12-25;4;0.0
12;2025-12-25;5;276.8352504765385
12;2025-12-25;6;1292.6883810628221
12;2025-12-25;7;2688.8657363183247
12;2025-12-25;8;3339.81248969849
12;2025-12-25;9;2390.4708680801878
12;2025-12-25;10;1993.804400983472
12;2025-12-25;11;1907.8919920589983
12;2025-12-25;12;1954.8953705800468
12;2025-12-25;13;1998.679487972307
12;2025-12-25;14;1977.2808862191566
12;2025-12-25;15;2267.4285142661124
12;2025-12-25;16;2742.11649282064
12;2025-12-25;17;3027.8462435681304
12;2025-12-25;18;3137.558743334741
12;2025-12-25;19;2517.4568441271413
12;2025-12-25;20;1486.7281815265198
12;2025-12-25;21;845.7302932074974
12;2025-12-25;22;437.48945537169413
12;2025-12-25;23;225.48839565351545
12;2025-12-26;0;63.90312681582259
12;2025-12-26;1;0.0
12;2025-12-26;2;0.0
12;2025-12-26;3;0.0
12;2025-12-26;4;0.0
12;2025-12-26;5;308.445695519232
12;2025-12-26;6;1273.8547322098757
12;2025-12-26;7;2633.3361461201375
12;2025-12-26;8;3231.3767783105513
12;2025-12-26;9;2290.360092140419
12;2025-12-26;10;1935.4533213074815
12;2025-12-26;11;1946.1816218659337
12;2025-12-26;12;1897.6314633145032
12;2025-12-26;13;1950.0280259062993
12;2025-12-26;14;1970.7715036518352
12;2025-12-26;15;2268.063791939263
12;2025-12-26;16;2737.6925224630913
12;2025-12-26;17;2883.9292424526707
12;2025-12-26;18;2664.0953852720813
12;2025-12-26;19;2326.0089562351295
12;2025-12-26;20;1436.9683721181764
12;2025-12-26;21;838.0144626457435
12;2025-12-26;22;447.12181007358004
12;2025-12-26;23;219.0047712462042
12;2025-12-27;0;43.833577816267734
12;2025-12-27;1;0.0
12;2025-12-27;2;0.0
12;2025-12-27;3;0.0
12;2025-12-27;4;0.0
12;2025-12-27;5;179.38311136978928
12;2025-12-27;6;588.7321821599762
12;2025-12-27;7;764.8907334833317
12;2025-12-27;8;834.6095492714936
12;2025-12-27;9;1001.0119730523243
12;2025-12-27;10;1288.873167969026
12;2025-12-27;11;1429.796675073818
12;2025-12-27;12;1409.3649474176477
12;2025-12-27;13;1653.1198178352015
12;2025-12-27;14;1625.7596120143812
12;2025-12-27;15;1480.6579526243052
12;2025-12-27;16;1544.8471922798597
12;2025-12-27;17;1476.5341458673088
12;2025-12-27;18;1389.0124985000118
12;2025-12-27;19;1273.6766542283133
12;2025-12-27;20;829.7875622580301
12;2025-12-27;21;605.3076792885524
12;2025-12-27;22;377.73064607248193
12;2025-12-27;23;218.04007600341356
12;2025-12-28;0;65.61511774983342
12;2025-12-28;1;0.0
12;2025-12-28;2;0.0
12;2025-12-28;3;0.0
12;2025-12-28;4;0.0
12;2025-12-28;5;105.81710957522796
12;2025-12-28;6;404.201968341805
12;2025-12-28;7;547.693541097162
12;2025-12-28;8;564.81548568568
12;2025-12-28;9;762.1490575289699
12;2025-12-28;10;984.3072311961239
12;2025-12-28;11;1123.7253758204226
12;2025-12-28;12;1161.2265472171596
12;2025-12-28;13;1425.8432061061649
12;2025-12-28;14;1414.5370601967843
12;2025-12-28;15;1228.6857547177674
12;2025-12-28;16;1352.1360855873463
12;2025-12-28;17;1340.4879503464392
12;2025-12-28;18;1181.7262424992582
12;2025-12-28;19;936.5566166414931
12;2025-12-28;20;618.2704885361994
12;2025-12-28;21;517.4210161883735
12;2025-12-28;22;312.2095159061746
12;2025-12-28;23;174.97389023653295
12;2025-12-29;0;28.427954518367187
12;2025-12-29;1;0.0
12;2025-12-29;2;0.0
12;2025-12-29;3;0.0
12;2025-12-29;4;0.0
12;2025-12-29;5;248.54864532688384
12;2025-12-29;6;1259.9794103595796
12;2025-12-29;7;2653.326565552749
12;2025-12-29;8;3259.47113554522
12;2025-12-29;9;2297.0849316056906
12;2025-12-29;10;1942.9723358440287
12;2025-12-29;11;1878.5091587345087
12;2025-12-29;12;1885.6476136247272
12;2025-12-29;13;1928.3379534495125
12;2025-12-29;14;1859.7226358527898
12;2025-12-29;15;2188.6895365848513
12;2025-12-29;16;2628.5075898511527
12;2025-12-29;17;2882.599532317269
12;2025-12-29;18;2941.3115822315094
12;2025-12-29;19;2364.158061478967
12;2025-12-29;20;1397.3596668061377
12;2025-12-29;21;796.0298644950408
12;2025-12-29;22;402.09140151344513
12;2025-12-29;23;174.3992222054626
12;2025-12-30;0;15.089619160585471
12;2025-12-30;1;0.0
12;2025-12-30;2;0.0
12;2025-12-30;3;0.0
12;2025-12-30;4;0.0
12;2025-12-30;5;261.0007023062376
12;2025-12-30;6;1260.170181940459
12;2025-12-30;7;2679.629507426648
12;2025-12-30;8;3272.6178799187983
12;2025-12-30;9;2326.8003621161515
12;2025-12-30;10;1987.2032863617912
12;2025-12-30;11;1897.4039823461926
12;2025-12-30;12;1857.400070405287
12;2025-12-30;13;1872.4297391216041
12;2025-12-30;14;1826.729097392471
12;2025-12-30;15;2119.156815114393
12;2025-12-30;16;2551.6175564687533
12;2025-12-30;17;2822.8952650512333
12;2025-12-30;18;2938.529514185826
12;2025-12-30;19;2399.256480125201
12;2025-12-30;20;1397.0221303780602
12;2025-12-30;21;771.9076394573995
12;2025-12-30;22;394.57704606361995
12;2025-12-30;23;170.0473851418094
12;2025-12-31;0;40.32051775312766
12;2025-12-31;1;0.0
12;2025-12-31;2;0.0
12;2025-12-31;3;0.0
12;2025-12-31;4;0.0
12;2025-12-31;5;137.7981572421338
12;2025-12-31;6;411.5008259106902
12;2025-12-31;7;518.6102168342115
12;2025-12-31;8;732.2827196978611
12;2025-12-31;9;620.7419954176271
12;2025-12-31;10;798.195124561686
12;2025-12-31;11;893.7620765215186
12;2025-12-31;12;921.595491146648
12;2025-12-31;13;1124.4612095360917
12;2025-12-31;14;1094.1826405603179
12;2025-12-31;15;916.6009012268993
12;2025-12-31;16;1142.662966067165
12;2025-12-31;17;1190.4932232593108
12;2025-12-31;18;1123.9716775907636
12;2025-12-31;19;884.0110767577557
12;2025-12-31;20;616.5902440904113
12;2025-12-31;21;549.4572519948151
12;2025-12-31;22;334.021817676351
12;2025-12-31;23;179.66896285651524
17;2025-11-01;0;344.58881866435854
17;2025-11-01;1;0.0
17;2025-11-01;2;0.0
17;2025-11-01;3;0.0
17;2025-11-01;4;202.8579558527572
17;2025-11-01;5;389.9734974430546
17;2025-11-01;6;1346.2035582567041
17;2025-11-01;7;3262.9258181076734
17;2025-11-01;8;3985.920040161412
17;2025-11-01;9;3384.6078868383293
17;2025-11-01;10;2973.981149684566
17;2025-11-01;11;3055.651041130407
17;2025-11-01;12;3137.6210772329578
17;2025-11-01;13;3224.18282769038
17;2025-11-01;14;3264.759267023037
17;2025-11-01;15;3456.8798941167524
17;2025-11-01;16;3684.774659446689
17;2025-11-01;17;3920.936075354952
17;2025-11-01;18;3649.077973107758
17;2025-11-01;19;3068.203457763608
17;2025-11-01;20;2256.5720457511047
17;2025-11-01;21;1573.1533246165636
17;2025-11-01;22;1032.1159537103545
17;2025-11-01;23;608.4555253222477
17;2025-11-02;0;168.0025601012794
17;2025-11-02;1;0.0
17;2025-11-02;2;0.0
17;2025-11-02;3;0.0
17;2025-11-02;4;0.0
17;2025-11-02;5;84.56576389202974
17;2025-11-02;6;407.32803091367373
17;2025-11-02;7;838.1513155656403
17;2025-11-02;8;1232.7334099332388
17;2025-11-02;9;1649.4225104559052
17;2025-11-02;10;1973.815766766178
17;2025-11-02;11;2572.5026162127624
17;2025-11-02;12;2881.5436414662927
17;2025-11-02;13;3090.6054754271254
17;2025-11-02;14;3293.187130181203
17;2025-11-02;15;3288.6021205321463
17;2025-11-02;16;3149.8668763146657
17;2025-11-02;17;2950.150843707298
17;2025-11-02;18;2632.9818800108433
17;2025-11-02;19;2118.0665213423445
17;2025-11-02;20;1661.341779559005
17;2025-11-02;21;1151.7583015905275
17;2025-11-02;22;705.4121737564144
17;2025-11-02;23;338.6019549931448
17;2025-11-03;0;172.4480251875175
17;2025-11-03;1;0.0
17;2025-11-03;2;0.0
17;2025-11-03;3;0.0
17;2025-11-03;4;16.75905027951694
17;2025-11-03;5;129.7436352621662
17;2025-11-03;6;633.9777565540128
17;2025-11-03;7;1323.523054668433
17;2025-11-03;8;1925.0299260001425
17;2025-11-03;9;1722.9885043437744
17;2025-11-03;10;1775.503863882238
17;2025-11-03;11;2110.912051925149
17;2025-11-03;12;2280.2755158438426
17;2025-11-03;13;2522.4059624813453
17;2025-11-03;14;2656.8545636601493
17;2025-11-03;15;2786.0141121783536
17;2025-11-03;16;2973.9307352032874
17;2025-11-03;17;3036.181270272564
17;2025-11-03;18;3069.8903760089033
17;2025-11-03;19;2260.000517629467
17;2025-11-03;20;1772.3607769435957
17;2025-11-03;21;1236.0839479719
17;2025-11-03;22;752.9767377545634
17;2025-11-03;23;416.8052242110098
17;2025-11-04;0;187.2572147615624
17;2025-11-04;1;0.0
17;2025-11-04;2;0.0
17;2025-11-04;3;0.0
17;2025-11-04;4;30.556193634670763
17;2025-11-04;5;138.41252737358627
17;2025-11-04;6;641.4403806388484
17;2025-11-04;7;1327.291273000604
17;2025-11-04;8;1798.3348840282347
17;2025-11-04;9;1690.6430503411555
17;2025-11-04;10;1763.1318843490048
17;2025-11-04;11;2076.9506208413823
17;2025-11-04;12;2312.9730338099566
17;2025-11-04;13;2680.771767672941
17;2025-11-04;14;3052.003027201768
17;2025-11-04;15;3118.3408970113414
17;2025-11-04;16;3058.1292720231863
17;2025-11-04;17;3083.5027432325232
17;2025-11-04;18;3107.462078947195
17;2025-11-04;19;2259.623544932368
17;2025-11-04;20;1782.903753932575
17;2025-11-04;21;1256.9069993066043
17;2025-11-04;22;769.9617482144531
17;2025-11-04;23;397.77309508868075
17;2025-11-05;0;148.477638774983
17;2025-11-05;1;0.0
17;2025-11-05;2;0.0
17;2025-11-05;3;0.0
17;2025-11-05;4;29.432404837989452
17;2025-11-05;5;302.17776651557347
17;2025-11-05;6;1519.5434448712754
17;2025-11-05;7;4194.650486900018
17;2025-11-05;8;5216.352403749933
17;2025-11-05;9;3797.8556831895303
17;2025-11-05;10;3067.7780094407935
17;2025-11-05;11;2952.366961671802
17;2025-11-05;12;2985.3220893201424
17;2025-11-05;13;3123.175661054912
17;2025-11-05;14;3213.4687917538913
17;2025-11-05;15;3357.1661850228975
17;2025-11-05;16;3656.841499388952
17;2025-11-05;17;4480.299431522157
17;2025-11-05;18;4878.113881488328
17;2025-11-05;19;3450.4614615439295
17;2025-11-05;20;2398.8206531429014
17;2025-11-05;21;1427.4075815321364
17;2025-11-05;22;823.8196254396262
17;2025-11-05;23;380.046399811067
17;2025-11-06;0;131.09726891278115
17;2025-11-06;1;0.0
17;2025-11-06;2;0.0
17;2025-11-06;3;0.0
17;2025-11-06;4;36.01400274615662
17;2025-11-06;5;307.56011995257563
17;2025-11-06;6;1523.8756301428057
17;2025-11-06;7;4157.524269677782
17;2025-11-06;8;5184.825828943133
17;2025-11-06;9;3759.5666595256585
17;2025-11-06;10;3039.783820953351
17;2025-11-06;11;2929.10240365396
17;2025-11-06;12;3023.67765158782
17;2025-11-06;13;3106.4755991269913
17;2025-11-06;14;3203.869312534489
17;2025-11-06;15;3364.849144144016
17;2025-11-06;16;3721.4575379787666
17;2025-11-06;17;4535.242859894301
17;2025-11-06;18;4866.382795809695
17;2025-11-06;19;3476.574733009279
17;2025-11-06;20;2280.465763939221
17;2025-11-06;21;1453.29286294003
17;2025-11-06;22;845.9822493384054
17;2025-11-06;23;380.6664675585828
17;2025-11-07;0;170.22376431664725
17;2025-11-07;1;0.0
17;2025-11-07;2;0.0
17;2025-11-07;3;0.0
17;2025-11-07;4;57.978837664877574
17;2025-11-07;5;325.03819396080075
17;2025-11-07;6;1534.1065062623738
17;2025-11-07;7;4119.130327888659
17;2025-11-07;8;5035.271532101038
17;2025-11-07;9;3784.4983958301864
17;2025-11-07;10;3123.3977058616124
17;2025-11-07;11;3045.9588480310895
17;2025-11-07;12;3119.357101379721
17;2025-11-07;13;3249.0423429962034
17;2025-11-07;14;3360.158904134056
17;2025-11-07;15;3662.76064335906
17;2025-11-07;16;4161.771555819685
17;2025-11-07;17;4610.069655419711
17;2025-11-07;18;4544.338531443121
17;2025-11-07;19;3413.925035181176
17;2025-11-07;20;2435.396832518046
17;2025-11-07;21;1513.1000348327912
17;2025-11-07;22;910.6110604110197
17;2025-11-07;23;442.8892342331369
17;2025-11-08;0;196.74814600687432
17;2025-11-08;1;0.0
17;2025-11-08;2;0.0
17;2025-11-08;3;0.0
17;2025-11-08;4;27.694712997632905
17;2025-11-08;5;143.38801759037096
17;2025-11-08;6;593.7904183351136
17;2025-11-08;7;1262.9494110252137
17;2025-11-08;8;1717.008026382211
17;2025-11-08;9;2129.7792186397264
17;2025-11-08;10;2435.870957107919
17;2025-11-08;11;2964.733916453356
17;2025-11-08;12;3238.744927771265
17;2025-11-08;13;3507.413533207905
17;2025-11-08;14;3593.3339299784648
17;2025-11-08;15;3630.1763921397232
17;2025-11-08;16;3542.206162531696
17;2025-11-08;17;3320.657222728073
17;2025-11-08;18;3059.2547538202316
17;2025-11-08;19;2394.685987765366
17;2025-11-08;20;1899.5728618312983
17;2025-11-08;21;1320.4923691749107
17;2025-11-08;22;836.6334062949827
17;2025-11-08;23;444.39627194601417
17;2025-11-09;0;197.24218265819172
17;2025-11-09;1;0.0
17;2025-11-09;2;0.0
17;2025-11-09;3;0.0
17;2025-11-09;4;16.94345121431752
17;2025-11-09;5;127.55384491457244
17;2025-11-09;6;450.1563280820826
17;2025-11-09;7;902.5805061149285
17;2025-11-09;8;1290.1964585082055
17;2025-11-09;9;1718.2998620890028
17;2025-11-09;10;2018.1868182979401
17;2025-11-09;11;2568.245193011169
17;2025-11-09;12;2825.6654223087885
17;2025-11-09;13;3139.5759409652433
17;2025-11-09;14;3289.2421690764804
17;2025-11-09;15;3291.1790749302936
17;2025-11-09;16;3220.211746767638
17;2025-11-09;17;2970.0667888428725
17;2025-11-09;18;2755.123201108604
17;2025-11-09;19;2172.895997222814
17;2025-11-09;20;1675.3085283115834
17;2025-11-09;21;1164.9657748389518
17;2025-11-09;22;717.876979695533
17;2025-11-09;23;357.36379616785007
17;2025-11-10;0;103.7806425214385
17;2025-11-10;1;0.0
17;2025-11-10;2;0.0
17;2025-11-10;3;0.0
17;2025-11-10;4;29.291322141362798
17;2025-11-10;5;309.33318133876696
17;2025-11-10;6;1515.5398449707022
17;2025-11-10;7;4189.481070269412
17;2025-11-10;8;5262.10456531646
17;2025-11-10;9;3750.1823381051136
17;2025-11-10;10;2981.67802580865
17;2025-11-10;11;2879.0374921923967
17;2025-11-10;12;2918.563154872051
17;2025-11-10;13;2989.176159033429
17;2025-11-10;14;3046.3278930216065
17;2025-11-10;15;3227.796660339456
17;2025-11-10;16;3636.6351561448646
17;2025-11-10;17;4423.819419730976
17;2025-11-10;18;4757.94060724424
17;2025-11-10;19;3400.3698458946933
17;2025-11-10;20;2311.7899455780994
17;2025-11-10;21;1330.0671279344228
17;2025-11-10;22;731.5809617887937
17;2025-11-10;23;311.5555834723309
17;2025-11-11;0;103.29899341985765
17;2025-11-11;1;0.0
17;2025-11-11;2;0.0
17;2025-11-11;3;0.0
17;2025-11-11;4;27.813941019912363
17;2025-11-11;5;295.4092356599674
17;2025-11-11;6;1511.4646307230605
17;2025-11-11;7;4191.000007283043
17;2025-11-11;8;5261.13883387914
17;2025-11-11;9;3780.543140800104
17;2025-11-11;10;2989.401173869259
17;2025-11-11;11;2876.374010987285
17;2025-11-11;12;2895.127609508989
17;2025-11-11;13;3018.388931365238
17;2025-11-11;14;3086.809140453716
17;2025-11-11;15;3179.851725267177
17;2025-11-11;16;3648.657449878399
17;2025-11-11;17;4438.848013555415
17;2025-11-11;18;4789.382328084686
17;2025-11-11;19;3447.982835527905
17;2025-11-11;20;2356.0212324942368
17;2025-11-11;21;1363.0761943655489
17;2025-11-11;22;753.4784137782931
17;2025-11-11;23;325.7253175895944
17;2025-11-12;0;117.36719700344838
17;2025-11-12;1;0.0
17;2025-11-12;2;0.0
17;2025-11-12;3;0.0
17;2025-11-12;4;47.49991834242019
17;2025-11-12;5;303.5109627937104
17;2025-11-12;6;1493.5659368241163
17;2025-11-12;7;4115.026510287252
17;2025-11-12;8;5151.022218941205
17;2025-11-12;9;3687.488664059544
17;2025-11-12;10;2918.8436022629007
17;2025-11-12;11;2781.392505011969
17;2025-11-12;12;2795.091794768457
17;2025-11-12;13;2901.8283119597036
17;2025-11-12;14;3023.2117044218926
17;2025-11-12;15;3203.7152788528874
17;2025-11-12;16;3574.3250699731525
17;2025-11-12;17;4383.363741306326
17;2025-11-12;18;4753.528412964896
17;2025-11-12;19;3380.6642366153424
17;2025-11-12;20;2372.76018729565
17;2025-11-12;21;1413.291542253307
17;2025-11-12;22;798.8781588228646
17;2025-11-12;23;354.30565795820644
17;2025-11-13;0;129.25167885250812
17;2025-11-13;1;0.0
17;2025-11-13;2;0.0
17;2025-11-13;3;0.0
17;2025-11-13;4;25.924944937333294
17;2025-11-13;5;298.9834049703966
17;2025-11-13;6;1474.185197182347
17;2025-11-13;7;4141.644870524345
17;2025-11-13;8;5166.126179924752
17;2025-11-13;9;3729.6779927908296
17;2025-11-13;10;3006.101069602582
17;2025-11-13;11;2918.730676676729
17;2025-11-13;12;2962.7857443063244
17;2025-11-13;13;3056.3447574043785
17;2025-11-13;14;3072.38544061665
17;2025-11-13;15;3282.654458569684
17;2025-11-13;16;3627.6414281918314
17;2025-11-13;17;4425.53138466112
17;2025-11-13;18;4782.291535271741
17;2025-11-13;19;3432.117226243344
17;2025-11-13;20;2373.0293607529184
17;2025-11-13;21;1429.8002753210153
17;2025-11-13;22;819.2196941800423
17;2025-11-13;23;376.66894505400296
17;2025-11-14;0;143.59048323457637
17;2025-11-14;1;0.0
17;2025-11-14;2;0.0
17;2025-11-14;3;0.0
17;2025-11-14;4;27.212672200664656
17;2025-11-14;5;300.11684975864773
17;2025-11-14;6;1477.9390085267287
17;2025-11-14;7;3991.857077905607
17;2025-11-14;8;4876.1390994337635
17;2025-11-14;9;3711.1379496042664
17;2025-11-14;10;3006.6345986709493
17;2025-11-14;11;2896.180500301521
17;2025-11-14;12;2974.342214288167
17;2025-11-14;13;3110.253880000078
17;2025-11-14;14;3172.012714530065
17;2025-11-14;15;3435.743793594651
17;2025-11-14;16;3942.2108618953002
17;2025-11-14;17;4434.540148878506
17;2025-11-14;18;4321.2096147602
17;2025-11-14;19;3327.099928907117
17;2025-11-14;20;2316.901652271046
17;2025-11-14;21;1410.9047123501425
17;2025-11-14;22;833.4131831143748
17;2025-11-14;23;382.698664831875
17;2025-11-15;0;139.59343562048525
17;2025-11-15;1;0.0
17;2025-11-15;2;0.0
17;2025-11-15;3;0.0
17;2025-11-15;4;0.0
17;2025-11-15;5;110.21366277413199
17;2025-11-15;6;546.5796749747121
17;2025-11-15;7;933.1777381681568
17;2025-11-15;8;1302.2695984191646
17;2025-11-15;9;1715.1248510048927
17;2025-11-15;10;2012.533940591914
17;2025-11-15;11;2418.290902736019
17;2025-11-15;12;2707.580622585133
17;2025-11-15;13;3176.2702612396533
17;2025-11-15;14;3461.183000041311
17;2025-11-15;15;3531.463847856823
17;2025-11-15;16;3423.5187427139117
17;2025-11-15;17;3163.88199663545
17;2025-11-15;18;2975.53264661871
17;2025-11-15;19;2339.8267656844373
17;2025-11-15;20;1897.6282817561298
17;2025-11-15;21;1336.7312734949965
17;2025-11-15;22;854.7282989442472
17;2025-11-15;23;430.57113850518226
17;2025-11-16;0;170.51777123907505
17;2025-11-16;1;0.0
17;2025-11-16;2;0.0
17;2025-11-16;3;0.0
17;2025-11-16;4;1.6159027339776912
17;2025-11-16;5;124.12780994481955
17;2025-11-16;6;426.23195597477024
17;2025-11-16;7;774.4493069263347
17;2025-11-16;8;1163.6680641973505
17;2025-11-16;9;1585.7991042054327
17;2025-11-16;10;1899.1229783951217
17;2025-11-16;11;2482.677819355733
17;2025-11-16;12;2770.7881541599822
17;2025-11-16;13;3076.53851944314
17;2025-11-16;14;3161.0106961800416
17;2025-11-16;15;3193.520181472989
17;2025-11-16;16;3134.36633990247
17;2025-11-16;17;2874.1163673589576
17;2025-11-16;18;2584.239915693867
17;2025-11-16;19;2086.021779767271
17;2025-11-16;20;1666.6558272208474
17;2025-11-16;21;1160.1867637120513
17;2025-11-16;22;722.903029144737
17;2025-11-16;23;340.22543210471395
17;2025-11-17;0;115.43357883952422
17;2025-11-17;1;0.0
17;2025-11-17;2;0.0
17;2025-11-17;3;0.0
17;2025-11-17;4;33.591268999163276
17;2025-11-17;5;316.3135629368535
17;2025-11-17;6;1453.6802037671437
17;2025-11-17;7;4000.764127398039
17;2025-11-17;8;5000.8564603080995
17;2025-11-17;9;3671.092166535342
17;2025-11-17;10;2883.8155019816895
17;2025-11-17;11;2771.3033922039936
17;2025-11-17;12;2778.126810587689
17;2025-11-17;13;2742.144290324261
17;2025-11-17;14;2885.517942904247
17;2025-11-17;15;3019.2879434132524
17;2025-11-17;16;3446.5106597792983
17;2025-11-17;17;4282.275489335327
17;2025-11-17;18;4675.349442724175
17;2025-11-17;19;3398.041585324718
17;2025-11-17;20;2317.047171265264
17;2025-11-17;21;1303.852489761638
17;2025-11-17;22;741.4398254034577
17;2025-11-17;23;318.79691798124895
17;2025-11-18;0;110.24596372535007
17;2025-11-18;1;0.0
17;2025-11-18;2;0.0
17;2025-11-18;3;0.0
17;2025-11-18;4;15.513381600398588
17;2025-11-18;5;207.77035399543183
17;2025-11-18;6;1392.0039135742497
17;2025-11-18;7;3920.2582696629197
17;2025-11-18;8;4902.637023465981
17;2025-11-18;9;3651.05593023039
17;2025-11-18;10;2770.4651576013703
17;2025-11-18;11;2810.005033420754
17;2025-11-18;12;2834.47374115617
17;2025-11-18;13;2904.28159674332
17;2025-11-18;14;3013.5576242697152
17;2025-11-18;15;3163.2948150523625
17;2025-11-18;16;3524.457847447201
17;2025-11-18;17;4363.65997414925
17;2025-11-18;18;4777.227334369615
17;2025-11-18;19;3393.8726607187286
17;2025-11-18;20;2300.3459308682336
17;2025-11-18;21;1316.51292117263
17;2025-11-18;22;727.1609906608594
17;2025-11-18;23;313.7893947657126
17;2025-11-19;0;109.28783940059748
17;2025-11-19;1;0.0
17;2025-11-19;2;0.0
17;2025-11-19;3;0.0
17;2025-11-19;4;34.37686312779624
17;2025-11-19;5;301.61703903986745
17;2025-11-19;6;1424.532573207232
17;2025-11-19;7;3957.7629539115424
17;2025-11-19;8;5008.1267181180665
17;2025-11-19;9;3651.655380878213
17;2025-11-19;10;2923.436696901253
17;2025-11-19;11;2841.894311256574
17;2025-11-19;12;2899.2823322614813
17;2025-11-19;13;2996.0465887284317
17;2025-11-19;14;3059.7317017789987
17;2025-11-19;15;3231.0072864191743
17;2025-11-19;16;3605.3943753033964
17;2025-11-19;17;4404.875069391797
17;2025-11-19;18;4751.459277466704
17;2025-11-19;19;3402.1531675861474
17;2025-11-19;20;2403.510627374933
17;2025-11-19;21;1444.2843532572022
17;2025-11-19;22;828.318711188587
17;2025-11-19;23;376.4567500638034
17;2025-11-20;0;107.04512737673258
17;2025-11-20;1;0.0
17;2025-11-20;2;0.0
17;2025-11-20;3;0.0
17;2025-11-20;4;31.623826370904226
17;2025-11-20;5;309.3460927550807
17;2025-11-20;6;1459.1676796229547
17;2025-11-20;7;4019.151339570304
17;2025-11-20;8;5081.759761293355
17;2025-11-20;9;3708.6552331749904
17;2025-11-20;10;2971.5928434936886
17;2025-11-20;11;2871.1028432284897
17;2025-11-20;12;2925.0783240915757
17;2025-11-20;13;3030.1896692908676
17;2025-11-20;14;3072.5830584646465
17;2025-11-20;15;3229.5474610197907
17;2025-11-20;16;3616.4781009698727
17;2025-11-20;17;4430.697546973882
17;2025-11-20;18;4755.568083992217
17;2025-11-20;19;3438.5304796746814
17;2025-11-20;20;2399.521225793091
17;2025-11-20;21;1441.9470875513414
17;2025-11-20;22;819.8277355803709
17;2025-11-20;23;376.971889177584
17;2025-11-21;0;144.2085925032884
17;2025-11-21;1;0.0
17;2025-11-21;2;0.0
17;2025-11-21;3;0.0
17;2025-11-21;4;37.23053386897709
17;2025-11-21;5;327.0524757917792
17;2025-11-21;6;1446.9474300556346
17;2025-11-21;7;3937.5701937556623
17;2025-11-21;8;4883.623915411195
17;2025-11-21;9;3633.206444712684
17;2025-11-21;10;2981.247034584826
17;2025-11-21;11;2911.6752320354362
17;2025-11-21;12;2970.3359678764587
17;2025-11-21;13;3132.020498612967
17;2025-11-21;14;3199.925696561262
17;2025-11-21;15;3449.7472732736774
17;2025-11-21;16;3971.419681771344
17;2025-11-21;17;4452.6175993194165
17;2025-11-21;18;4321.033985868912
17;2025-11-21;19;3326.908297184371
17;2025-11-21;20;2405.238491449939
17;2025-11-21;21;1483.5557424468598
17;2025-11-21;22;860.0082374830786
17;2025-11-21;23;414.5610364235015
17;2025-11-22;0;198.1711257204306
17;2025-11-22;1;0.0
17;2025-11-22;2;0.0
17;2025-11-22;3;0.0
17;2025-11-22;4;52.67915661755342
17;2025-11-22;5;100.63291470657896
17;2025-11-22;6;501.4047676028931
17;2025-11-22;7;1097.114646168856
17;2025-11-22;8;1512.3438004219677
17;2025-11-22;9;1937.9365375956152
17;2025-11-22;10;2330.207762342432
17;2025-11-22;11;2868.411119826814
17;2025-11-22;12;3141.189791111446
17;2025-11-22;13;3414.344507940145
17;2025-11-22;14;3492.0447564665114
17;2025-11-22;15;3540.550168963964
17;2025-11-22;16;3481.6858231119304
17;2025-11-22;17;3260.814836879993
17;2025-11-22;18;2949.5432365612337
17;2025-11-22;19;2341.8287707943564
17;2025-11-22;20;1903.7374830665735
17;2025-11-22;21;1234.7414262074185
17;2025-11-22;22;768.718626200269
17;2025-11-22;23;373.6918469737948
17;2025-11-23;0;135.28825931881056
17;2025-11-23;1;0.0
17;2025-11-23;2;0.0
17;2025-11-23;3;0.0
17;2025-11-23;4;22.6346710412613
17;2025-11-23;5;123.53364356818383
17;2025-11-23;6;430.07556577393484
17;2025-11-23;7;796.6012619534035
17;2025-11-23;8;1186.4769456876936
17;2025-11-23;9;1625.3976239823587
17;2025-11-23;10;1939.3743894786694
17;2025-11-23;11;2530.2822907979025
17;2025-11-23;12;2814.4587648496613
17;2025-11-23;13;3126.69340910168
17;2025-11-23;14;3210.180386770616
17;2025-11-23;15;3233.350969095934
17;2025-11-23;16;3022.6482972056547
17;2025-11-23;17;2908.3706918767
17;2025-11-23;18;2716.184475236993
17;2025-11-23;19;2112.039157084121
17;2025-11-23;20;1644.1087821719614
17;2025-11-23;21;1170.3806186229729
17;2025-11-23;22;723.233626566423
17;2025-11-23;23;345.9607954837845
17;2025-11-24;0;83.0289730837826
17;2025-11-24;1;0.0
17;2025-11-24;2;0.0
17;2025-11-24;3;0.0
17;2025-11-24;4;7.596168047065021
17;2025-11-24;5;251.2104074323688
17;2025-11-24;6;1452.4299004818345
17;2025-11-24;7;4027.572390180056
17;2025-11-24;8;5006.806875704051
17;2025-11-24;9;3744.327679679396
17;2025-11-24;10;2869.7837651111554
17;2025-11-24;11;2696.2223660675418
17;2025-11-24;12;2829.5663282788464
17;2025-11-24;13;2890.3941878031064
17;2025-11-24;14;2944.5461324357784
17;2025-11-24;15;3093.137717782988
17;2025-11-24;16;3560.3343493961693
17;2025-11-24;17;4354.191312155787
17;2025-11-24;18;4791.431456731587
17;2025-11-24;19;3396.297471139401
17;2025-11-24;20;2255.5349596501414
17;2025-11-24;21;1301.3893976568625
17;2025-11-24;22;717.1419985486064
17;2025-11-24;23;289.6561090927671
17;2025-11-25;0;92.8314016716181
17;2025-11-25;1;0.0
17;2025-11-25;2;0.0
17;2025-11-25;3;0.0
17;2025-11-25;4;32.9499643635113
17;2025-11-25;5;299.0488706839326
17;2025-11-25;6;1510.9708614334547
17;2025-11-25;7;4138.792822489967
17;2025-11-25;8;5204.259188733015
17;2025-11-25;9;3747.8645228964588
17;2025-11-25;10;2996.2488416191945
17;2025-11-25;11;2886.5579252293574
17;2025-11-25;12;2885.996630945099
17;2025-11-25;13;2967.8303266314633
17;2025-11-25;14;3001.4946096278845
17;2025-11-25;15;3187.6722430443892
17;2025-11-25;16;3581.972264821134
17;2025-11-25;17;4429.868506787993
17;2025-11-25;18;4792.538764426873
17;2025-11-25;19;3454.512139147888
17;2025-11-25;20;2362.510934359301
17;2025-11-25;21;1378.2311875545174
17;2025-11-25;22;769.8542551701373
17;2025-11-25;23;329.0094285687444
17;2025-11-26;0;100.84035579857209
17;2025-11-26;1;0.0
17;2025-11-26;2;0.0
17;2025-11-26;3;0.0
17;2025-11-26;4;48.06861286966341
17;2025-11-26;5;315.152915160425
17;2025-11-26;6;1497.8228768560944
17;2025-11-26;7;4054.083867647073
17;2025-11-26;8;5106.344118003273
17;2025-11-26;9;3625.045220408705
17;2025-11-26;10;2886.25841916011
17;2025-11-26;11;2757.640377398251
17;2025-11-26;12;2830.1117325916766
17;2025-11-26;13;2962.6815921007696
17;2025-11-26;14;3014.3902216571314
17;2025-11-26;15;3209.583581710035
17;2025-11-26;16;3504.9760202588177
17;2025-11-26;17;4340.789461621993
17;2025-11-26;18;4758.176501302024
17;2025-11-26;19;3363.7798962609622
17;2025-11-26;20;2345.5347957763884
17;2025-11-26;21;1367.5698821666115
17;2025-11-26;22;768.5407946614348
17;2025-11-26;23;337.4596840456868
17;2025-11-27;0;107.29035528676604
17;2025-11-27;1;0.0
17;2025-11-27;2;0.0
17;2025-11-27;3;0.0
17;2025-11-27;4;30.952720961827254
17;2025-11-27;5;296.0222682495894
17;2025-11-27;6;1507.5724277568056
17;2025-11-27;7;4130.529302931329
17;2025-11-27;8;5132.337798996928
17;2025-11-27;9;3701.7999576201664
17;2025-11-27;10;2971.708235467534
17;2025-11-27;11;2767.2744680697488
17;2025-11-27;12;2780.5614185635304
17;2025-11-27;13;2912.187915753998
17;2025-11-27;14;2983.3313820808676
17;2025-11-27;15;3233.842776650268
17;2025-11-27;16;3598.0111267616758
17;2025-11-27;17;4361.768656678356
17;2025-11-27;18;4656.0784383196915
17;2025-11-27;19;3371.0221889318
17;2025-11-27;20;2348.054389905995
17;2025-11-27;21;1417.550719592602
17;2025-11-27;22;769.8838302238885
17;2025-11-27;23;384.85103954013107
17;2025-11-28;0;150.13972188812795
17;2025-11-28;1;0.0
17;2025-11-28;2;0.0
17;2025-11-28;3;0.0
17;2025-11-28;4;59.18347029361394
17;2025-11-28;5;268.4658829998998
17;2025-11-28;6;1484.191770164849
17;2025-11-28;7;4068.4123712308683
17;2025-11-28;8;5048.98239399653
17;2025-11-28;9;3660.230766827978
17;2025-11-28;10;2999.423103526672
17;2025-11-28;11;2899.3551212349735
17;2025-11-28;12;2986.299561763455
17;2025-11-28;13;3118.9427176492127
17;2025-11-28;14;3221.7943442621354
17;2025-11-28;15;3521.1661090143552
17;2025-11-28;16;4050.572111463225
17;2025-11-28;17;4541.099726826273
17;2025-11-28;18;4502.343006054345
17;2025-11-28;19;3370.401469348626
17;2025-11-28;20;2394.0916976384515
17;2025-11-28;21;1454.652508938233
17;2025-11-28;22;865.1305392893626
17;2025-11-28;23;410.097767643294
17;2025-11-29;0;193.5847539567435
17;2025-11-29;1;0.0
17;2025-11-29;2;0.0
17;2025-11-29;3;0.0
17;2025-11-29;4;1.8312838093711434
17;2025-11-29;5;121.60294388630382
17;2025-11-29;6;551.34169092157
17;2025-11-29;7;1162.7556521976521
17;2025-11-29;8;1649.8042529538207
17;2025-11-29;9;2031.747800899195
17;2025-11-29;10;2327.1074526925054
17;2025-11-29;11;2857.9556751076284
17;2025-11-29;12;3117.348909023691
17;2025-11-29;13;3392.587072482047
17;2025-11-29;14;3508.927231517909
17;2025-11-29;15;3548.067641846609
17;2025-11-29;16;3508.9199129858935
17;2025-11-29;17;3301.0032204694357
17;2025-11-29;18;3022.0504800499248
17;2025-11-29;19;2401.594169763575
17;2025-11-29;20;1927.966634270797
17;2025-11-29;21;1325.8896178698492
17;2025-11-29;22;855.8612644074292
17;2025-11-29;23;445.99008208659006
17;2025-11-30;0;165.2424473288188
17;2025-11-30;1;0.0
17;2025-11-30;2;0.0
17;2025-11-30;3;0.0
17;2025-11-30;4;0.0
17;2025-11-30;5;107.41841681603773
17;2025-11-30;6;423.3183860847182
17;2025-11-30;7;806.0941613966193
17;2025-11-30;8;1212.7033821955126
17;2025-11-30;9;1635.3910230632696
17;2025-11-30;10;1926.6633275591898
17;2025-11-30;11;2508.871567482869
17;2025-11-30;12;2833.114068422211
17;2025-11-30;13;3103.710740602269
17;2025-11-30;14;3230.7156381791447
17;2025-11-30;15;3297.609242634566
17;2025-11-30;16;3215.853813032071
17;2025-11-30;17;2966.7652599489265
17;2025-11-30;18;2679.245623690458
17;2025-11-30;19;2168.0270206228547
17;2025-11-30;20;1677.1177259864492
17;2025-11-30;21;1146.0240877716087
17;2025-11-30;22;706.2372307638018
17;2025-11-30;23;342.0547124406917
17;2025-12-01;0;103.20727414026851
17;2025-12-01;1;0.0
17;2025-12-01;2;0.0
17;2025-12-01;3;0.0
17;2025-12-01;4;37.81677353465102
17;2025-12-01;5;306.7511774858865
17;2025-12-01;6;1502.3436976824187
17;2025-12-01;7;4113.048708035495
17;2025-12-01;8;5115.184646416506
17;2025-12-01;9;3652.9818695509875
17;2025-12-01;10;2847.1101740776217
17;2025-12-01;11;2754.8924961302246
17;2025-12-01;12;2772.530060294812
17;2025-12-01;13;2855.5202446716125
17;2025-12-01;14;2920.007968118812
17;2025-12-01;15;3107.004140407187
17;2025-12-01;16;3495.8915337774542
17;2025-12-01;17;4315.219543130612
17;2025-12-01;18;4665.367284185698
17;2025-12-01;19;3332.1130958879453
17;2025-12-01;20;2307.200776789442
17;2025-12-01;21;1338.5660426993682
17;2025-12-01;22;758.7048434458709
17;2025-12-01;23;321.29674152329017
17;2025-12-02;0;104.87376402416658
17;2025-12-02;1;0.0
17;2025-12-02;2;0.0
17;2025-12-02;3;0.0
17;2025-12-02;4;47.228580700725615
17;2025-12-02;5;310.7214721540172
17;2025-12-02;6;1519.5672056897079
17;2025-12-02;7;4177.0169798789275
17;2025-12-02;8;5189.325747686543
17;2025-12-02;9;3701.5197375798753
17;2025-12-02;10;2929.7725495828863
17;2025-12-02;11;2822.5453778680658
17;2025-12-02;12;2879.8442551898834
17;2025-12-02;13;2951.1364593428393
17;2025-12-02;14;3004.2048274382732
17;2025-12-02;15;3169.105876367416
17;2025-12-02;16;3535.949100135716
17;2025-12-02;17;4378.036077488562
17;2025-12-02;18;4748.737771239041
17;2025-12-02;19;3418.934700674614
17;2025-12-02;20;2348.1042990136134
17;2025-12-02;21;1358.9002436274454
17;2025-12-02;22;752.2796439696581
17;2025-12-02;23;319.38125509393944
17;2025-12-03;0;124.326345883067
17;2025-12-03;1;0.0
17;2025-12-03;2;0.0
17;2025-12-03;3;0.0
17;2025-12-03;4;38.386268783268406
17;2025-12-03;5;308.04306686810787
17;2025-12-03;6;1501.1495742882769
17;2025-12-03;7;4166.131439163983
17;2025-12-03;8;5185.7431582132285
17;2025-12-03;9;3753.993665767835
17;2025-12-03;10;2983.761903889561
17;2025-12-03;11;2893.4662355349947
17;2025-12-03;12;2936.6229110455743
17;2025-12-03;13;3022.4551467165174
17;2025-12-03;14;3077.7341993220575
17;2025-12-03;15;3260.1314146425584
17;2025-12-03;16;3638.297389110045
17;2025-12-03;17;4418.470355665428
17;2025-12-03;18;4772.811129736322
17;2025-12-03;19;3407.95274172709
17;2025-12-03;20;2384.8051211890597
17;2025-12-03;21;1425.1631566483848
17;2025-12-03;22;811.2622921481036
17;2025-12-03;23;376.7825447895091
17;2025-12-04;0;123.27980314702245
17;2025-12-04;1;0.0
17;2025-12-04;2;0.0
17;2025-12-04;3;0.0
17;2025-12-04;4;34.826476180827285
17;2025-12-04;5;310.14632504190627
17;2025-12-04;6;1524.8449805961277
17;2025-12-04;7;4166.532655278462
17;2025-12-04;8;5197.5391613175725
17;2025-12-04;9;3729.5658571546815
17;2025-12-04;10;2994.0211295511926
17;2025-12-04;11;2904.413577880726
17;2025-12-04;12;2954.1417123075257
17;2025-12-04;13;3057.6030006287124
17;2025-12-04;14;3108.24225462242
17;2025-12-04;15;3308.8529398646633
17;2025-12-04;16;3699.741132528016
17;2025-12-04;17;4501.991587094559
17;2025-12-04;18;4823.515139550545
17;2025-12-04;19;3466.4930973400974
17;2025-12-04;20;2422.5349863582146
17;2025-12-04;21;1452.9448229351
17;2025-12-04;22;831.8627923277033
17;2025-12-04;23;379.47411380034146
17;2025-12-05;0;148.01364059908747
17;2025-12-05;1;0.0
17;2025-12-05;2;0.0
17;2025-12-05;3;0.0
17;2025-12-05;4;34.39385106873215
17;2025-12-05;5;312.8108067699684
17;2025-12-05;6;1509.4313332404263
17;2025-12-05;7;4103.682260283562
17;2025-12-05;8;5064.992691077463
17;2025-12-05;9;3735.862643657627
17;2025-12-05;10;3042.2320137478528
17;2025-12-05;11;2960.1247048175846
17;2025-12-05;12;3029.2618790564024
17;2025-12-05;13;3152.5289941824626
17;2025-12-05;14;3262.8356650367095
17;2025-12-05;15;3545.7041468841408
17;2025-12-05;16;4068.4204641036713
17;2025-12-05;17;4536.339817908976
17;2025-12-05;18;4486.036589146935
17;2025-12-05;19;3383.5318086265684
17;2025-12-05;20;2406.026075396284
17;2025-12-05;21;1479.8865980077162
17;2025-12-05;22;872.5876096150635
17;2025-12-05;23;411.2846314975325
17;2025-12-06;0;180.98918181736644
17;2025-12-06;1;0.0
17;2025-12-06;2;0.0
17;2025-12-06;3;0.0
17;2025-12-06;4;0.0
17;2025-12-06;5;106.36149226488988
17;2025-12-06;6;527.344460670731
17;2025-12-06;7;1157.6834081015427
17;2025-12-06;8;1663.217291874555
17;2025-12-06;9;2063.002382056216
17;2025-12-06;10;2361.419717617205
17;2025-12-06;11;2903.8877088602167
17;2025-12-06;12;3204.6928600017286
17;2025-12-06;13;3478.8866976653308
17;2025-12-06;14;3546.95040222558
17;2025-12-06;15;3601.7952758958763
17;2025-12-06;16;3549.2363553291925
17;2025-12-06;17;3322.7461468786123
17;2025-12-06;18;3048.948859967046
17;2025-12-06;19;2418.054840671227
17;2025-12-06;20;1914.6936749532783
17;2025-12-06;21;1330.9964857036873
17;2025-12-06;22;855.8096055595672
17;2025-12-06;23;440.2407904570921
17;2025-12-07;0;171.77215827135706
17;2025-12-07;1;0.0
17;2025-12-07;2;0.0
17;2025-12-07;3;0.0
17;2025-12-07;4;7.328888397626542
17;2025-12-07;5;115.92329819684028
17;2025-12-07;6;424.3747354275463
17;2025-12-07;7;803.7566068864453
17;2025-12-07;8;1220.747627862878
17;2025-12-07;9;1636.4988855557317
17;2025-12-07;10;1948.9220043973528
17;2025-12-07;11;2510.376692859408
17;2025-12-07;12;2799.9256001004314
17;2025-12-07;13;3098.7030135145133
17;2025-12-07;14;3212.8960378514216
17;2025-12-07;15;3224.1676273713856
17;2025-12-07;16;3155.0890295142735
17;2025-12-07;17;2952.039325328944
17;2025-12-07;18;2648.1342804720903
17;2025-12-07;19;2119.9626135320304
17;2025-12-07;20;1677.8760730516426
17;2025-12-07;21;1154.510646726359
17;2025-12-07;22;714.1667437447961
17;2025-12-07;23;343.0079951187613
17;2025-12-08;0;107.21147964774582
17;2025-12-08;1;0.0
17;2025-12-08;2;0.0
17;2025-12-08;3;0.0
17;2025-12-08;4;30.48201808783824
17;2025-12-08;5;309.2745521600523
17;2025-12-08;6;1511.2630838365617
17;2025-12-08;7;4129.3242533129505
17;2025-12-08;8;5161.102248452918
17;2025-12-08;9;3644.910139630233
17;2025-12-08;10;2855.299066867386
17;2025-12-08;11;2742.888929735425
17;2025-12-08;12;2804.54506521525
17;2025-12-08;13;2866.623405603574
17;2025-12-08;14;2933.6661407960187
17;2025-12-08;15;3122.0362090793233
17;2025-12-08;16;3508.484936699883
17;2025-12-08;17;4321.184431032974
17;2025-12-08;18;4702.391896669446
17;2025-12-08;19;3359.960320501181
17;2025-12-08;20;2334.040253049828
17;2025-12-08;21;1331.3815839477518
17;2025-12-08;22;749.0831051820342
17;2025-12-08;23;319.83910809768076
17;2025-12-09;0;103.99942621588889
17;2025-12-09;1;0.0
17;2025-12-09;2;0.0
17;2025-12-09;3;0.0
17;2025-12-09;4;38.216079564332176
17;2025-12-09;5;305.95697573027655
17;2025-12-09;6;1515.0229292145054
17;2025-12-09;7;4165.663654029956
17;2025-12-09;8;5180.682851601274
17;2025-12-09;9;3692.914019536014
17;2025-12-09;10;2928.1065158386264
17;2025-12-09;11;2827.389745275102
17;2025-12-09;12;2848.2934721884712
17;2025-12-09;13;2926.2056627923976
17;2025-12-09;14;2974.1055231979444
17;2025-12-09;15;3152.1340986320665
17;2025-12-09;16;3511.6469185834703
17;2025-12-09;17;4386.087941828329
17;2025-12-09;18;4804.780482215094
17;2025-12-09;19;3436.4108896260814
17;2025-12-09;20;2348.8197271415625
17;2025-12-09;21;1351.3615340757144
17;2025-12-09;22;739.396240477452
17;2025-12-09;23;307.6912505716764
17;2025-12-10;0;112.97325315287571
17;2025-12-10;1;0.0
17;2025-12-10;2;0.0
17;2025-12-10;3;0.0
17;2025-12-10;4;44.17515234214443
17;2025-12-10;5;320.67002679958046
17;2025-12-10;6;1456.4918602480643
17;2025-12-10;7;3989.157311238052
17;2025-12-10;8;5069.439581076182
17;2025-12-10;9;3635.0478723057254
17;2025-12-10;10;2908.152487462887
17;2025-12-10;11;2796.6503269850787
17;2025-12-10;12;2893.37846624139
17;2025-12-10;13;2991.4586274474723
17;2025-12-10;14;3061.933349540812
17;2025-12-10;15;3247.74053277494
17;2025-12-10;16;3620.7360755933705
17;2025-12-10;17;4429.573868911279
17;2025-12-10;18;4725.561808439661
17;2025-12-10;19;3403.959057219231
17;2025-12-10;20;2394.9356420045906
17;2025-12-10;21;1425.6389320241256
17;2025-12-10;22;815.1345483994378
17;2025-12-10;23;370.49967850665143
17;2025-12-11;0;128.01630500173815
17;2025-12-11;1;0.0
17;2025-12-11;2;0.0
17;2025-12-11;3;0.0
17;2025-12-11;4;32.765672311260005
17;2025-12-11;5;296.2997220445068
17;2025-12-11;6;1486.639347885452
17;2025-12-11;7;4023.383064356276
17;2025-12-11;8;5045.0420163347135
17;2025-12-11;9;3669.9159442049017
17;2025-12-11;10;2956.058598822666
17;2025-12-11;11;2841.2763115524494
17;2025-12-11;12;2897.3510060992216
17;2025-12-11;13;2983.851947693739
17;2025-12-11;14;3071.1869574100133
17;2025-12-11;15;3251.2372364928874
17;2025-12-11;16;3614.3809481870785
17;2025-12-11;17;4388.839314859621
17;2025-12-11;18;4729.324559452103
17;2025-12-11;19;3395.4309993144543
17;2025-12-11;20;2346.035199668457
17;2025-12-11;21;1385.6751017886331
17;2025-12-11;22;797.4096159985913
17;2025-12-11;23;353.4684260257127
17;2025-12-12;0;139.3389848308998
17;2025-12-12;1;0.0
17;2025-12-12;2;0.0
17;2025-12-12;3;0.0
17;2025-12-12;4;27.16822678155131
17;2025-12-12;5;313.41836084617967
17;2025-12-12;6;1412.8762212350912
17;2025-12-12;7;3974.125948366347
17;2025-12-12;8;4910.390926906988
17;2025-12-12;9;3686.110023314003
17;2025-12-12;10;3012.890126849004
17;2025-12-12;11;2936.960141149779
17;2025-12-12;12;2967.003946626431
17;2025-12-12;13;3080.871344765221
17;2025-12-12;14;3116.6840792131093
17;2025-12-12;15;3265.8146948446833
17;2025-12-12;16;3744.4061874569393
17;2025-12-12;17;4294.555001557227
17;2025-12-12;18;4220.607778993879
17;2025-12-12;19;3244.951750024945
17;2025-12-12;20;2304.566909169984
17;2025-12-12;21;1405.143389828857
17;2025-12-12;22;823.6571438754015
17;2025-12-12;23;405.8501174890239
17;2025-12-13;0;158.0868331339011
17;2025-12-13;1;0.0
17;2025-12-13;2;0.0
17;2025-12-13;3;0.0
17;2025-12-13;4;0.0
17;2025-12-13;5;66.8255892940133
17;2025-12-13;6;425.5801494122461
17;2025-12-13;7;967.9837710863287
17;2025-12-13;8;1432.3063438973622
17;2025-12-13;9;1800.136449662976
17;2025-12-13;10;2144.202592588278
17;2025-12-13;11;2682.7156525053792
17;2025-12-13;12;2923.322366953065
17;2025-12-13;13;3195.4526812250188
17;2025-12-13;14;3295.798121506692
17;2025-12-13;15;3367.2791343539648
17;2025-12-13;16;3213.391201456411
17;2025-12-13;17;3146.5212668713552
17;2025-12-13;18;2828.1071147543034
17;2025-12-13;19;2287.4849468900907
17;2025-12-13;20;1740.1365088858374
17;2025-12-13;21;1254.0694009121487
17;2025-12-13;22;793.6911574280516
17;2025-12-13;23;409.90148949060745
17;2025-12-14;0;180.5257694560596
17;2025-12-14;1;0.0
17;2025-12-14;2;0.0
17;2025-12-14;3;0.0
17;2025-12-14;4;0.0
17;2025-12-14;5;106.54354723406595
17;2025-12-14;6;419.31981186069515
17;2025-12-14;7;788.2810719504223
17;2025-12-14;8;1162.2026358798555
17;2025-12-14;9;1602.1448048221305
17;2025-12-14;10;1913.9411948544737
17;2025-12-14;11;2469.501039521525
17;2025-12-14;12;2722.8280306162037
17;2025-12-14;13;3025.611847289755
17;2025-12-14;14;3157.0038948123192
17;2025-12-14;15;3169.17798768428
17;2025-12-14;16;3077.530999520157
17;2025-12-14;17;2872.842877317673
17;2025-12-14;18;2679.1967012638665
17;2025-12-14;19;2102.823467795994
17;2025-12-14;20;1634.3941367968596
17;2025-12-14;21;1148.8188184529197
17;2025-12-14;22;712.7770190549954
17;2025-12-14;23;350.4832450343697
17;2025-12-15;0;106.72832863198437
17;2025-12-15;1;0.0
17;2025-12-15;2;0.0
17;2025-12-15;3;0.0
17;2025-12-15;4;31.038984302200788
17;2025-12-15;5;296.8317119782205
17;2025-12-15;6;1490.6095401876446
17;2025-12-15;7;4093.189156366884
17;2025-12-15;8;5176.101046153153
17;2025-12-15;9;3654.7686457434656
17;2025-12-15;10;2867.885314260856
17;2025-12-15;11;2714.407630841549
17;2025-12-15;12;2807.6968844524117
17;2025-12-15;13;2893.8009946688207
17;2025-12-15;14;2968.1393650395125
17;2025-12-15;15;3157.6712222738543
17;2025-12-15;16;3606.8864924318937
17;2025-12-15;17;4389.464742023254
17;2025-12-15;18;4705.0607439796195
17;2025-12-15;19;3420.8882932033507
17;2025-12-15;20;2322.5584337737737
17;2025-12-15;21;1335.8493409253783
17;2025-12-15;22;746.3087224486924
17;2025-12-15;23;318.6742345563282
17;2025-12-16;0;99.2579799681921
17;2025-12-16;1;0.0
17;2025-12-16;2;0.0
17;2025-12-16;3;0.0
17;2025-12-16;4;31.320453085843837
17;2025-12-16;5;266.54819880849436
17;2025-12-16;6;1473.9677370379288
17;2025-12-16;7;4121.80318012149
17;2025-12-16;8;5172.321244888698
17;2025-12-16;9;3663.719957753663
17;2025-12-16;10;2839.285212274932
17;2025-12-16;11;2682.249948348617
17;2025-12-16;12;2730.5939476151516
17;2025-12-16;13;2801.102581088423
17;2025-12-16;14;2943.573992198457
17;2025-12-16;15;3159.3698368507594
17;2025-12-16;16;3558.835667883109
17;2025-12-16;17;4386.454054961038
17;2025-12-16;18;4750.2803354915995
17;2025-12-16;19;3398.40889235599
17;2025-12-16;20;2315.987932888099
17;2025-12-16;21;1344.2472073196127
17;2025-12-16;22;755.2032528100215
17;2025-12-16;23;314.4049290887931
17;2025-12-17;0;113.14046790403518
17;2025-12-17;1;0.0
17;2025-12-17;2;0.0
17;2025-12-17;3;0.0
17;2025-12-17;4;32.38028156594282
17;2025-12-17;5;297.6582757219278
17;2025-12-17;6;1438.57542286425
17;2025-12-17;7;4029.541988422974
17;2025-12-17;8;5095.843942988018
17;2025-12-17;9;3663.2983235249526
17;2025-12-17;10;2933.8113909369627
17;2025-12-17;11;2848.619413066246
17;2025-12-17;12;2912.8480328607066
17;2025-12-17;13;3016.9538195482546
17;2025-12-17;14;3100.0177004144834
17;2025-12-17;15;3290.5206489337415
17;2025-12-17;16;3649.17956125291
17;2025-12-17;17;4449.013922732764
17;2025-12-17;18;4791.741653002347
17;2025-12-17;19;3420.4344271464283
17;2025-12-17;20;2392.995772844909
17;2025-12-17;21;1440.722827362189
17;2025-12-17;22;823.8112969590654
17;2025-12-17;23;370.8539299249776
17;2025-12-18;0;119.56064775359482
17;2025-12-18;1;0.0
17;2025-12-18;2;0.0
17;2025-12-18;3;0.0
17;2025-12-18;4;36.180167861605696
17;2025-12-18;5;290.80190960807477
17;2025-12-18;6;1485.5198978981407
17;2025-12-18;7;4031.1811026748715
17;2025-12-18;8;5107.337400401894
17;2025-12-18;9;3679.438129409087
17;2025-12-18;10;2916.9756158557816
17;2025-12-18;11;2805.751984665293
17;2025-12-18;12;2881.7796874878695
17;2025-12-18;13;3027.9899475355523
17;2025-12-18;14;3092.2773925071474
17;2025-12-18;15;3285.5049361322804
17;2025-12-18;16;3704.5381465169676
17;2025-12-18;17;4432.5109854180155
17;2025-12-18;18;4735.800220270644
17;2025-12-18;19;3390.264579599102
17;2025-12-18;20;2357.7264447294856
17;2025-12-18;21;1425.4864330902642
17;2025-12-18;22;821.4078209092263
17;2025-12-18;23;362.50132477892043
17;2025-12-19;0;145.51709787250502
17;2025-12-19;1;0.0
17;2025-12-19;2;0.0
17;2025-12-19;3;0.0
17;2025-12-19;4;16.38701450321014
17;2025-12-19;5;286.6159639394414
17;2025-12-19;6;1470.3456545519
17;2025-12-19;7;3967.756410029625
17;2025-12-19;8;4934.955062198345
17;2025-12-19;9;3663.3517930706303
17;2025-12-19;10;2982.5069272190435
17;2025-12-19;11;2891.911133385895
17;2025-12-19;12;2974.6366855346478
17;2025-12-19;13;3090.6678587101255
17;2025-12-19;14;3184.742404216787
17;2025-12-19;15;3509.936052091956
17;2025-12-19;16;4030.1243135922487
17;2025-12-19;17;4468.039767085704
17;2025-12-19;18;4446.8847748393755
17;2025-12-19;19;3349.5267912260515
17;2025-12-19;20;2376.2154438987814
17;2025-12-19;21;1470.841273690257
17;2025-12-19;22;874.1017490222382
17;2025-12-19;23;402.254013391085
17;2025-12-20;0;177.1184462985616
17;2025-12-20;1;0.0
17;2025-12-20;2;0.0
17;2025-12-20;3;0.0
17;2025-12-20;4;0.0
17;2025-12-20;5;104.8171167249775
17;2025-12-20;6;503.79756245170483
17;2025-12-20;7;1096.2160826597406
17;2025-12-20;8;1547.304705131169
17;2025-12-20;9;1926.4775184214004
17;2025-12-20;10;2232.6039809079944
17;2025-12-20;11;2789.7178831549672
17;2025-12-20;12;3103.5018892984617
17;2025-12-20;13;3374.8332659304647
17;2025-12-20;14;3465.820264654184
17;2025-12-20;15;3518.624683462542
17;2025-12-20;16;3463.2624101724664
17;2025-12-20;17;3195.894144355977
17;2025-12-20;18;2963.349998478684
17;2025-12-20;19;2348.2892132655043
17;2025-12-20;20;1878.8453671726265
17;2025-12-20;21;1294.881046822533
17;2025-12-20;22;841.596553592879
17;2025-12-20;23;420.2585986528045
17;2025-12-21;0;184.98616810117528
17;2025-12-21;1;0.0
17;2025-12-21;2;0.0
17;2025-12-21;3;0.0
17;2025-12-21;4;0.0
17;2025-12-21;5;87.93148725086485
17;2025-12-21;6;390.9247065604152
17;2025-12-21;7;716.8595599417608
17;2025-12-21;8;1091.3668166246443
17;2025-12-21;9;1480.757916617952
17;2025-12-21;10;1789.9584564767856
17;2025-12-21;11;2415.367508298114
17;2025-12-21;12;2782.331348772555
17;2025-12-21;13;3112.279264673768
17;2025-12-21;14;3260.3064710140934
17;2025-12-21;15;3270.5873542840063
17;2025-12-21;16;3205.019993350437
17;2025-12-21;17;2970.620967646465
17;2025-12-21;18;2677.7459548990105
17;2025-12-21;19;2112.5183533672302
17;2025-12-21;20;1644.9655773234645
17;2025-12-21;21;1144.02661049828
17;2025-12-21;22;652.4698750578955
17;2025-12-21;23;328.73979034470176
17;2025-12-22;0;91.03919067463266
17;2025-12-22;1;0.0
17;2025-12-22;2;0.0
17;2025-12-22;3;0.0
17;2025-12-22;4;21.527188896143798
17;2025-12-22;5;259.36222186330724
17;2025-12-22;6;1437.4873436592497
17;2025-12-22;7;3946.278705713951
17;2025-12-22;8;4957.827737626476
17;2025-12-22;9;3597.398799421715
17;2025-12-22;10;2793.695598731125
17;2025-12-22;11;2712.8181189304128
17;2025-12-22;12;2768.242088425321
17;2025-12-22;13;2862.092044541445
17;2025-12-22;14;2873.242558512584
17;2025-12-22;15;2989.55210708322
17;2025-12-22;16;3477.8189651739312
17;2025-12-22;17;4272.995487410273
17;2025-12-22;18;4600.224308277933
17;2025-12-22;19;3298.061373705537
17;2025-12-22;20;2172.253423040922
17;2025-12-22;21;1257.8451992454106
17;2025-12-22;22;731.6678424286413
17;2025-12-22;23;292.0348908729229
17;2025-12-23;0;89.43852819581343
17;2025-12-23;1;0.0
17;2025-12-23;2;0.0
17;2025-12-23;3;0.0
17;2025-12-23;4;47.33147717333077
17;2025-12-23;5;302.1698407528738
17;2025-12-23;6;1464.0889114000706
17;2025-12-23;7;4019.912609822687
17;2025-12-23;8;5070.746339194375
17;2025-12-23;9;3566.6667595138915
17;2025-12-23;10;2822.6182802295693
17;2025-12-23;11;2689.770834694693
17;2025-12-23;12;2698.964025719625
17;2025-12-23;13;2778.730853585751
17;2025-12-23;14;2881.867079119776
17;2025-12-23;15;3040.405363767345
17;2025-12-23;16;3480.0420169923627
17;2025-12-23;17;4287.70748536714
17;2025-12-23;18;4651.876698100404
17;2025-12-23;19;3357.9206743364966
17;2025-12-23;20;2307.5948981062215
17;2025-12-23;21;1329.4997558667164
17;2025-12-23;22;748.4555305035558
17;2025-12-23;23;318.2951636085031
17;2025-12-24;0;111.34190222702
17;2025-12-24;1;0.0
17;2025-12-24;2;0.0
17;2025-12-24;3;0.0
17;2025-12-24;4;14.908852195133477
17;2025-12-24;5;236.52309279141582
17;2025-12-24;6;1398.6315485535297
17;2025-12-24;7;3930.2027692152656
17;2025-12-24;8;4992.694344934736
17;2025-12-24;9;3573.563106386841
17;2025-12-24;10;2835.017011652861
17;2025-12-24;11;2730.16435834405
17;2025-12-24;12;2773.5530853411647
17;2025-12-24;13;2875.405479365667
17;2025-12-24;14;2936.3097643884403
17;2025-12-24;15;3078.143473935354
17;2025-12-24;16;3498.1000322246437
17;2025-12-24;17;4296.38925852033
17;2025-12-24;18;4643.7525303276625
17;2025-12-24;19;3304.8229116995026
17;2025-12-24;20;2314.779485116638
17;2025-12-24;21;1364.190945134119
17;2025-12-24;22;776.4837513896439
17;2025-12-24;23;325.62137923210935
17;2025-12-25;0;92.07365602334175
17;2025-12-25;1;0.0
17;2025-12-25;2;0.0
17;2025-12-25;3;0.0
17;2025-12-25;4;34.193691181287704
17;2025-12-25;5;280.6589104931759
17;2025-12-25;6;1441.558760947632
17;2025-12-25;7;3903.024588925012
17;2025-12-25;8;4969.341749999554
17;2025-12-25;9;3560.983924109158
17;2025-12-25;10;2822.8787855805467
17;2025-12-25;11;2730.4762920505564
17;2025-12-25;12;2826.2843103640243
17;2025-12-25;13;2931.213549828451
17;2025-12-25;14;2968.611348036473
17;2025-12-25;15;3118.449729711323
17;2025-12-25;16;3510.0274200317317
17;2025-12-25;17;4288.851230758304
17;2025-12-25;18;4629.398517529925
17;2025-12-25;19;3334.1987578797393
17;2025-12-25;20;2274.5241575619993
17;2025-12-25;21;1346.9956705385505
17;2025-12-25;22;784.1562309579308
17;2025-12-25;23;315.40213827157277
17;2025-12-26;0;125.6132076827871
17;2025-12-26;1;0.0
17;2025-12-26;2;0.0
17;2025-12-26;3;0.0
17;2025-12-26;4;52.10914147436051
17;2025-12-26;5;258.25263910885906
17;2025-12-26;6;1394.0406625365065
17;2025-12-26;7;3755.947962962866
17;2025-12-26;8;4723.7482552719985
17;2025-12-26;9;3476.7088847889954
17;2025-12-26;10;2775.8209831153376
17;2025-12-26;11;2683.007989289731
17;2025-12-26;12;2760.563355256071
17;2025-12-26;13;2899.9809181622168
17;2025-12-26;14;3002.508709912316
17;2025-12-26;15;3306.9326010231116
17;2025-12-26;16;3742.8279769332585
17;2025-12-26;17;4235.841633243454
17;2025-12-26;18;4116.435182287416
17;2025-12-26;19;3145.7849514579943
17;2025-12-26;20;2262.4888018670686
17;2025-12-26;21;1379.3909668452611
17;2025-12-26;22;825.2722460419457
17;2025-12-26;23;355.094906449835
17;2025-12-27;0;152.94932092784666
17;2025-12-27;1;0.0
17;2025-12-27;2;0.0
17;2025-12-27;3;0.0
17;2025-12-27;4;0.0
17;2025-12-27;5;86.52224106967924
17;2025-12-27;6;443.7025626210759
17;2025-12-27;7;970.5940147888059
17;2025-12-27;8;1369.7134529566974
17;2025-12-27;9;1711.1135517673024
17;2025-12-27;10;2037.8060350800338
17;2025-12-27;11;2493.694410035813
17;2025-12-27;12;2743.079575152715
17;2025-12-27;13;3065.482780560148
17;2025-12-27;14;3227.292554757838
17;2025-12-27;15;3368.738801093812
17;2025-12-27;16;3255.7994004800094
17;2025-12-27;17;3044.015474026973
17;2025-12-27;18;2672.774931746813
17;2025-12-27;19;2222.6480158850254
17;2025-12-27;20;1759.4206575152025
17;2025-12-27;21;1224.5487189356047
17;2025-12-27;22;760.8383366933215
17;2025-12-27;23;368.29596040429146
17;2025-12-28;0;146.41563942161838
17;2025-12-28;1;0.0
17;2025-12-28;2;0.0
17;2025-12-28;3;0.0
17;2025-12-28;4;0.0
17;2025-12-28;5;173.448151441984
17;2025-12-28;6;439.054900595213
17;2025-12-28;7;564.0094962075509
17;2025-12-28;8;915.1302389529385
17;2025-12-28;9;1327.2671412009513
17;2025-12-28;10;1701.5554093292797
17;2025-12-28;11;2158.8383278686674
17;2025-12-28;12;2539.221491363685
17;2025-12-28;13;2880.134860534088
17;2025-12-28;14;3046.665780994903
17;2025-12-28;15;3080.4959897991594
17;2025-12-28;16;3016.61622897094
17;2025-12-28;17;2830.836388812384
17;2025-12-28;18;2560.955557975815
17;2025-12-28;19;2019.6842644176895
17;2025-12-28;20;1593.8576212241517
17;2025-12-28;21;1182.9842337105763
17;2025-12-28;22;772.5502778387579
17;2025-12-28;23;430.3769841145463
17;2025-12-29;0;102.17741176415302
17;2025-12-29;1;0.0
17;2025-12-29;2;0.0
17;2025-12-29;3;0.0
17;2025-12-29;4;57.10111261961856
17;2025-12-29;5;306.54664722750454
17;2025-12-29;6;1460.108918805553
17;2025-12-29;7;3959.770655141144
17;2025-12-29;8;4951.301529580378
17;2025-12-29;9;3581.8145821987964
17;2025-12-29;10;2806.008370767566
17;2025-12-29;11;2694.032127016051
17;2025-12-29;12;2782.228103246866
17;2025-12-29;13;2868.279083763402
17;2025-12-29;14;2935.951696316829
17;2025-12-29;15;3147.6329584570844
17;2025-12-29;16;3587.158532225746
17;2025-12-29;17;4357.081760684965
17;2025-12-29;18;4579.243058630256
17;2025-12-29;19;3368.9152296108587
17;2025-12-29;20;2306.0230396992233
17;2025-12-29;21;1336.6868479260136
17;2025-12-29;22;758.7030465106955
17;2025-12-29;23;326.56701885355824
17;2025-12-30;0;224.15350546561695
17;2025-12-30;1;0.0
17;2025-12-30;2;0.0
17;2025-12-30;3;0.0
17;2025-12-30;4;139.1760771942054
17;2025-12-30;5;347.3296044192509
17;2025-12-30;6;1449.4672720440897
17;2025-12-30;7;3886.990116553605
17;2025-12-30;8;4945.57049940874
17;2025-12-30;9;3532.433924574818
17;2025-12-30;10;2714.1049139980028
17;2025-12-30;11;2658.9833632125833
17;2025-12-30;12;2702.6135799052354
17;2025-12-30;13;2765.629045519293
17;2025-12-30;14;2853.0668431644044
17;2025-12-30;15;3060.072532951701
17;2025-12-30;16;3515.1816773085884
17;2025-12-30;17;4300.436826333484
17;2025-12-30;18;4673.685550366779
17;2025-12-30;19;3319.866578755681
17;2025-12-30;20;2326.075289006396
17;2025-12-30;21;1422.1405885444017
17;2025-12-30;22;878.8125997849286
17;2025-12-30;23;424.5427233628193
17;2025-12-31;0;94.66465270722028
17;2025-12-31;1;0.0
17;2025-12-31;2;0.0
17;2025-12-31;3;0.0
17;2025-12-31;4;0.0
17;2025-12-31;5;0.0
17;2025-12-31;6;372.03632060442806
17;2025-12-31;7;754.9412533565671
17;2025-12-31;8;1316.711040018198
17;2025-12-31;9;1139.6651232394781
17;2025-12-31;10;1270.2049852592693
17;2025-12-31;11;1685.0057158551097
17;2025-12-31;12;2086.0968784611205
17;2025-12-31;13;2380.474290703413
17;2025-12-31;14;2536.8893723596166
17;2025-12-31;15;2684.358670930694
17;2025-12-31;16;2792.6550671484156
17;2025-12-31;17;2762.5811850224613
17;2025-12-31;18;2743.2436048871814
17;2025-12-31;19;2053.9390724254076
17;2025-12-31;20;1708.8324457102622
17;2025-12-31;21;1208.5028207250361
17;2025-12-31;22;729.9660871708372
17;2025-12-31;23;317.2624290466672
25;2025-11-01;0;24.71022882448841
25;2025-11-01;1;0.0
25;2025-11-01;2;0.0
25;2025-11-01;3;0.0
25;2025-11-01;4;74.14766242424122
25;2025-11-01;5;31.989807825730907
25;2025-11-01;6;154.28559266004663
25;2025-11-01;7;400.8299763305422
25;2025-11-01;8;606.3572599990944
25;2025-11-01;9;401.2202669545801
25;2025-11-01;10;333.19731186031527
25;2025-11-01;11;400.03777647804066
25;2025-11-01;12;399.2808028945924
25;2025-11-01;13;517.3683437942814
25;2025-11-01;14;515.7368753492156
25;2025-11-01;15;604.7531449293135
25;2025-11-01;16;672.8567878150343
25;2025-11-01;17;646.9608434723324
25;2025-11-01;18;596.0129724371434
25;2025-11-01;19;471.69093909676786
25;2025-11-01;20;299.9641189418044
25;2025-11-01;21;201.71975168890543
25;2025-11-01;22;127.58657075774167
25;2025-11-01;23;38.786140503445836
25;2025-11-02;0;17.26229822206909
25;2025-11-02;1;0.0
25;2025-11-02;2;0.0
25;2025-11-02;3;0.0
25;2025-11-02;4;25.01767954850129
25;2025-11-02;5;1.5944818279852484
25;2025-11-02;6;49.85241169698327
25;2025-11-02;7;93.92202570089657
25;2025-11-02;8;193.51630220298105
25;2025-11-02;9;205.11369737866116
25;2025-11-02;10;216.00457906827978
25;2025-11-02;11;288.61770928607046
25;2025-11-02;12;331.29419487824276
25;2025-11-02;13;435.41628417165896
25;2025-11-02;14;488.5527368775513
25;2025-11-02;15;559.4614667311621
25;2025-11-02;16;489.0975274889829
25;2025-11-02;17;447.28636558172343
25;2025-11-02;18;418.9917046060656
25;2025-11-02;19;314.7126759623931
25;2025-11-02;20;215.2429188173635
25;2025-11-02;21;156.5668913583492
25;2025-11-02;22;98.96653117504835
25;2025-11-02;23;39.82144687499931
25;2025-11-03;0;32.75517917363425
25;2025-11-03;1;0.0
25;2025-11-03;2;0.0
25;2025-11-03;3;0.0
25;2025-11-03;4;57.719235425772865
25;2025-11-03;5;18.166453310059467
25;2025-11-03;6;88.62715453266904
25;2025-11-03;7;224.74440257554664
25;2025-11-03;8;390.3219820468678
25;2025-11-03;9;266.8059141719872
25;2025-11-03;10;241.82487289310805
25;2025-11-03;11;295.42059912945695
25;2025-11-03;12;308.61943018029996
25;2025-11-03;13;399.0187286942263
25;2025-11-03;14;377.86523903032656
25;2025-11-03;15;453.4367352844799
25;2025-11-03;16;483.7605772557148
25;2025-11-03;17;478.6592437883123
25;2025-11-03;18;495.284715835336
25;2025-11-03;19;367.75290048104324
25;2025-11-03;20;242.4666828964558
25;2025-11-03;21;180.49887602957682
25;2025-11-03;22;111.91874626574281
25;2025-11-03;23;37.49959890944319
25;2025-11-04;0;39.60628672736976
25;2025-11-04;1;0.0
25;2025-11-04;2;0.0
25;2025-11-04;3;0.0
25;2025-11-04;4;60.9163128957955
25;2025-11-04;5;27.278766556024095
25;2025-11-04;6;97.81797655184033
25;2025-11-04;7;219.69653705257892
25;2025-11-04;8;363.4272623116255
25;2025-11-04;9;264.1687536801213
25;2025-11-04;10;237.43372013600518
25;2025-11-04;11;282.08921070692827
25;2025-11-04;12;300.9321809826093
25;2025-11-04;13;395.26859597167703
25;2025-11-04;14;403.1095026012763
25;2025-11-04;15;486.9821927324544
25;2025-11-04;16;500.02693845688464
25;2025-11-04;17;490.09318589429927
25;2025-11-04;18;498.98107403097424
25;2025-11-04;19;387.7388860643786
25;2025-11-04;20;240.84381271130206
25;2025-11-04;21;194.67445047893608
25;2025-11-04;22;120.53494928996636
25;2025-11-04;23;40.85561798761137
25;2025-11-05;0;1.9729799822603695
25;2025-11-05;1;0.0
25;2025-11-05;2;0.0
25;2025-11-05;3;0.0
25;2025-11-05;4;61.06934143802789
25;2025-11-05;5;5.853957561986931
25;2025-11-05;6;162.3058301910113
25;2025-11-05;7;545.3358537945185
25;2025-11-05;8;864.8438518081794
25;2025-11-05;9;458.75333574670685
25;2025-11-05;10;351.6885652253505
25;2025-11-05;11;409.60547309845
25;2025-11-05;12;410.0805693793244
25;2025-11-05;13;496.3982301897338
25;2025-11-05;14;468.38364165561575
25;2025-11-05;15;576.4698535967318
25;2025-11-05;16;686.5350223459861
25;2025-11-05;17;720.971839168411
25;2025-11-05;18;760.4091727352669
25;2025-11-05;19;523.5433637388692
25;2025-11-05;20;301.2186980969788
25;2025-11-05;21;178.74670136856457
25;2025-11-05;22;100.01323009632677
25;2025-11-05;23;3.6503408493527445
25;2025-11-06;0;1.2590400294937467
25;2025-11-06;1;0.0
25;2025-11-06;2;0.0
25;2025-11-06;3;0.0
25;2025-11-06;4;83.70961414666738
25;2025-11-06;5;10.678481239889607
25;2025-11-06;6;160.9459737970941
25;2025-11-06;7;534.0435030472775
25;2025-11-06;8;842.3485417907251
25;2025-11-06;9;457.8244993580781
25;2025-11-06;10;353.21406831374634
25;2025-11-06;11;401.16746019174286
25;2025-11-06;12;419.52758726936673
25;2025-11-06;13;495.108135016663
25;2025-11-06;14;484.58012032161395
25;2025-11-06;15;583.925338852841
25;2025-11-06;16;677.0501985788023
25;2025-11-06;17;716.8689663141881
25;2025-11-06;18;759.1449280944712
25;2025-11-06;19;546.2114495946751
25;2025-11-06;20;315.10799398953947
25;2025-11-06;21;187.99491063922744
25;2025-11-06;22;101.6921105736738
25;2025-11-06;23;8.694865827756416
25;2025-11-07;0;4.582171980329008
25;2025-11-07;1;0.0
25;2025-11-07;2;0.0
25;2025-11-07;3;0.0
25;2025-11-07;4;79.03461675404458
25;2025-11-07;5;13.190264444339277
25;2025-11-07;6;152.2315257304155
25;2025-11-07;7;530.2025997334429
25;2025-11-07;8;824.279273595806
25;2025-11-07;9;452.3311311049836
25;2025-11-07;10;349.5178977697786
25;2025-11-07;11;399.44356655751784
25;2025-11-07;12;404.3812369114137
25;2025-11-07;13;493.20803624160203
25;2025-11-07;14;499.05677771055673
25;2025-11-07;15;595.3503141347715
25;2025-11-07;16;702.1442836785882
25;2025-11-07;17;717.6541900953314
25;2025-11-07;18;696.3015615600746
25;2025-11-07;19;510.4084134425241
25;2025-11-07;20;299.24533398294045
25;2025-11-07;21;183.91142551559741
25;2025-11-07;22;107.68431138775682
25;2025-11-07;23;12.529319239076699
25;2025-11-08;0;16.254582535590373
25;2025-11-08;1;0.0
25;2025-11-08;2;0.0
25;2025-11-08;3;0.0
25;2025-11-08;4;40.56889847021603
25;2025-11-08;5;1.9943556951600385
25;2025-11-08;6;62.59361825065173
25;2025-11-08;7;153.78983106835815
25;2025-11-08;8;288.30194574155354
25;2025-11-08;9;263.5951144198658
25;2025-11-08;10;268.654289476309
25;2025-11-08;11;354.804916143252
25;2025-11-08;12;377.9354117359597
25;2025-11-08;13;516.9769705513319
25;2025-11-08;14;514.6600250120371
25;2025-11-08;15;588.6970564594053
25;2025-11-08;16;540.4267115554095
25;2025-11-08;17;509.5617901852481
25;2025-11-08;18;470.8999006735844
25;2025-11-08;19;391.24959773610743
25;2025-11-08;20;249.29213980150746
25;2025-11-08;21;192.70027579001163
25;2025-11-08;22;126.19901497485682
25;2025-11-08;23;53.541817852220504
25;2025-11-09;0;17.152630430674037
25;2025-11-09;1;0.0
25;2025-11-09;2;0.0
25;2025-11-09;3;0.0
25;2025-11-09;4;28.729937267630646
25;2025-11-09;5;0.0
25;2025-11-09;6;43.94901843370263
25;2025-11-09;7;96.14956663215662
25;2025-11-09;8;202.67550577887954
25;2025-11-09;9;205.88853491133335
25;2025-11-09;10;218.11547386627754
25;2025-11-09;11;285.9154061918871
25;2025-11-09;12;323.36974655769035
25;2025-11-09;13;436.57332891290287
25;2025-11-09;14;461.9238666431461
25;2025-11-09;15;534.9238120502264
25;2025-11-09;16;460.9278374300411
25;2025-11-09;17;432.114742121326
25;2025-11-09;18;403.4547218143306
25;2025-11-09;19;298.0001284397838
25;2025-11-09;20;208.45573176014702
25;2025-11-09;21;148.58871777080702
25;2025-11-09;22;91.97395292612961
25;2025-11-09;23;41.394731614556065
25;2025-11-10;0;4.911441459188609
25;2025-11-10;1;0.0
25;2025-11-10;2;0.0
25;2025-11-10;3;0.0
25;2025-11-10;4;63.092630903965244
25;2025-11-10;5;7.828432837698415
25;2025-11-10;6;153.70925326267405
25;2025-11-10;7;534.8816241966963
25;2025-11-10;8;832.6859452872654
25;2025-11-10;9;439.5280029531668
25;2025-11-10;10;316.8894270705288
25;2025-11-10;11;368.9544426330387
25;2025-11-10;12;373.11797141008435
25;2025-11-10;13;449.42976002259076
25;2025-11-10;14;430.19039205403783
25;2025-11-10;15;511.7924523952105
25;2025-11-10;16;628.632496455831
25;2025-11-10;17;683.4390130136734
25;2025-11-10;18;716.1273969872861
25;2025-11-10;19;471.57527684568583
25;2025-11-10;20;264.17646464737334
25;2025-11-10;21;153.03491120677396
25;2025-11-10;22;90.72184488793076
25;2025-11-10;23;0.7402416759117614
25;2025-11-11;0;2.2706276344656544
25;2025-11-11;1;0.0
25;2025-11-11;2;0.0
25;2025-11-11;3;0.0
25;2025-11-11;4;51.753499786922646
25;2025-11-11;5;4.042728634280877
25;2025-11-11;6;154.3061810282048
25;2025-11-11;7;524.1887256291062
25;2025-11-11;8;844.2209517715473
25;2025-11-11;9;464.7252553627512
25;2025-11-11;10;334.7704843250478
25;2025-11-11;11;384.6157791630504
25;2025-11-11;12;380.438097167734
25;2025-11-11;13;462.04738599129075
25;2025-11-11;14;436.97064522285285
25;2025-11-11;15;521.2846193701881
25;2025-11-11;16;638.6222934341702
25;2025-11-11;17;700.7622967724774
25;2025-11-11;18;746.3916873002931
25;2025-11-11;19;514.6692119563647
25;2025-11-11;20;284.4597871988957
25;2025-11-11;21;169.9128200430935
25;2025-11-11;22;100.32254317189623
25;2025-11-11;23;5.664313609471094
25;2025-11-12;0;6.410269243819016
25;2025-11-12;1;0.0
25;2025-11-12;2;0.0
25;2025-11-12;3;0.0
25;2025-11-12;4;89.3665756247031
25;2025-11-12;5;11.333890776166584
25;2025-11-12;6;159.1068489535102
25;2025-11-12;7;546.3681004321222
25;2025-11-12;8;876.9815001966581
25;2025-11-12;9;449.24242385131436
25;2025-11-12;10;334.0962503011071
25;2025-11-12;11;383.1981103109497
25;2025-11-12;12;394.73325433851653
25;2025-11-12;13;470.5447843977056
25;2025-11-12;14;442.89333766766896
25;2025-11-12;15;533.7067403937186
25;2025-11-12;16;650.9774027669808
25;2025-11-12;17;695.0482311257012
25;2025-11-12;18;740.4692320026878
25;2025-11-12;19;511.61391128696056
25;2025-11-12;20;298.5144083861022
25;2025-11-12;21;180.14157983549748
25;2025-11-12;22;109.09264755612901
25;2025-11-12;23;12.362440648185043
25;2025-11-13;0;6.051583761512859
25;2025-11-13;1;0.0
25;2025-11-13;2;0.0
25;2025-11-13;3;0.0
25;2025-11-13;4;81.948066650372
25;2025-11-13;5;6.940121923356969
25;2025-11-13;6;168.20260390816642
25;2025-11-13;7;516.9144854603048
25;2025-11-13;8;821.0363589102578
25;2025-11-13;9;455.9668610479051
25;2025-11-13;10;343.9928032946865
25;2025-11-13;11;393.81450630957926
25;2025-11-13;12;397.81373113262913
25;2025-11-13;13;480.8592002674444
25;2025-11-13;14;464.79917833617594
25;2025-11-13;15;555.4627541563045
25;2025-11-13;16;652.2164219940662
25;2025-11-13;17;695.6592785477155
25;2025-11-13;18;726.8103389155259
25;2025-11-13;19;514.4928213001438
25;2025-11-13;20;296.0606230865826
25;2025-11-13;21;178.03235834988766
25;2025-11-13;22;106.61161697520694
25;2025-11-13;23;10.717699472416598
25;2025-11-14;0;12.096053978754128
25;2025-11-14;1;0.0
25;2025-11-14;2;0.0
25;2025-11-14;3;0.0
25;2025-11-14;4;61.38597078750695
25;2025-11-14;5;9.534675060834786
25;2025-11-14;6;153.38584044942226
25;2025-11-14;7;506.70414713672716
25;2025-11-14;8;800.9590923331051
25;2025-11-14;9;452.0370848215007
25;2025-11-14;10;343.3366533169222
25;2025-11-14;11;400.2161807895138
25;2025-11-14;12;401.70650642974454
25;2025-11-14;13;480.5520810619887
25;2025-11-14;14;477.38181130713434
25;2025-11-14;15;570.6246248000593
25;2025-11-14;16;668.5541344119271
25;2025-11-14;17;685.1056999238476
25;2025-11-14;18;677.0721524395904
25;2025-11-14;19;495.7842045803411
25;2025-11-14;20;293.9479213003749
25;2025-11-14;21;178.7607106879087
25;2025-11-14;22;109.74549005277476
25;2025-11-14;23;19.503603164498486
25;2025-11-15;0;17.392537227802393
25;2025-11-15;1;0.0
25;2025-11-15;2;0.0
25;2025-11-15;3;0.0
25;2025-11-15;4;37.49806024210153
25;2025-11-15;5;14.316906571904894
25;2025-11-15;6;66.27573621352133
25;2025-11-15;7;150.3348241583602
25;2025-11-15;8;244.8796083337266
25;2025-11-15;9;204.1244783050652
25;2025-11-15;10;225.63326316777233
25;2025-11-15;11;288.50795932692927
25;2025-11-15;12;321.89737187289444
25;2025-11-15;13;429.40688793472737
25;2025-11-15;14;464.40886672411966
25;2025-11-15;15;545.2398078352905
25;2025-11-15;16;505.8314752769105
25;2025-11-15;17;460.010193977878
25;2025-11-15;18;429.1602233169145
25;2025-11-15;19;351.9902953529361
25;2025-11-15;20;233.8147555811987
25;2025-11-15;21;169.7975520752386
25;2025-11-15;22;110.48277268861077
25;2025-11-15;23;42.501942628884535
25;2025-11-16;0;13.108138763223224
25;2025-11-16;1;0.0
25;2025-11-16;2;0.0
25;2025-11-16;3;0.0
25;2025-11-16;4;22.805443098489093
25;2025-11-16;5;0.0
25;2025-11-16;6;36.87436397574521
25;2025-11-16;7;82.9092140933387
25;2025-11-16;8;173.2569918126357
25;2025-11-16;9;176.11395938400366
25;2025-11-16;10;191.67491870855912
25;2025-11-16;11;260.52128377440096
25;2025-11-16;12;296.59490805924844
25;2025-11-16;13;404.5860960505868
25;2025-11-16;14;414.59547812100755
25;2025-11-16;15;477.09956149427944
25;2025-11-16;16;416.867431644191
25;2025-11-16;17;379.2039757483241
25;2025-11-16;18;353.6011154102153
25;2025-11-16;19;266.8631176246102
25;2025-11-16;20;196.27674992360977
25;2025-11-16;21;139.6660752542764
25;2025-11-16;22;86.91781870597711
25;2025-11-16;23;37.354505664270846
25;2025-11-17;0;12.845150950595155
25;2025-11-17;1;0.0
25;2025-11-17;2;0.0
25;2025-11-17;3;0.0
25;2025-11-17;4;72.57040068478216
25;2025-11-17;5;19.36649180978526
25;2025-11-17;6;154.8847122220196
25;2025-11-17;7;512.1381728843655
25;2025-11-17;8;787.0057242755004
25;2025-11-17;9;409.9502824728419
25;2025-11-17;10;296.59076369627934
25;2025-11-17;11;345.82650164625863
25;2025-11-17;12;347.11921690332935
25;2025-11-17;13;392.55901619037087
25;2025-11-17;14;367.8103150880338
25;2025-11-17;15;457.4184529111674
25;2025-11-17;16;578.7045713176235
25;2025-11-17;17;638.4505828122234
25;2025-11-17;18;665.8233564510933
25;2025-11-17;19;453.78644287135256
25;2025-11-17;20;269.99909544808725
25;2025-11-17;21;172.42558935316328
25;2025-11-17;22;101.77932038480091
25;2025-11-17;23;9.22409298233498
25;2025-11-18;0;0.0
25;2025-11-18;1;0.0
25;2025-11-18;2;0.0
25;2025-11-18;3;0.0
25;2025-11-18;4;65.55175535322917
25;2025-11-18;5;22.055011497315093
25;2025-11-18;6;163.26519325577473
25;2025-11-18;7;505.1441494127329
25;2025-11-18;8;785.9945149781181
25;2025-11-18;9;447.59865654490744
25;2025-11-18;10;314.61033450725057
25;2025-11-18;11;354.5791804648976
25;2025-11-18;12;359.3201450818775
25;2025-11-18;13;416.16924164728994
25;2025-11-18;14;400.9729769697112
25;2025-11-18;15;472.8154287524374
25;2025-11-18;16;594.0818311422217
25;2025-11-18;17;646.6700023572146
25;2025-11-18;18;667.2477554153784
25;2025-11-18;19;473.3260717745562
25;2025-11-18;20;262.78074742997256
25;2025-11-18;21;153.04075229127366
25;2025-11-18;22;95.27758105437138
25;2025-11-18;23;0.0
25;2025-11-19;0;8.079732337699738
25;2025-11-19;1;0.0
25;2025-11-19;2;0.0
25;2025-11-19;3;0.0
25;2025-11-19;4;56.174886151808835
25;2025-11-19;5;9.212576652797281
25;2025-11-19;6;153.09442221547764
25;2025-11-19;7;514.0094052293924
25;2025-11-19;8;803.8535216761461
25;2025-11-19;9;431.86395306069016
25;2025-11-19;10;329.0146855256904
25;2025-11-19;11;372.2189612963385
25;2025-11-19;12;372.4360925553273
25;2025-11-19;13;432.2118907113586
25;2025-11-19;14;415.31801600223486
25;2025-11-19;15;515.4259685785073
25;2025-11-19;16;638.1585044592841
25;2025-11-19;17;683.1185219003669
25;2025-11-19;18;709.6451809790781
25;2025-11-19;19;500.47794867431236
25;2025-11-19;20;283.63344998419427
25;2025-11-19;21;168.74909031303042
25;2025-11-19;22;100.74399494808529
25;2025-11-19;23;6.98086496219679
25;2025-11-20;0;4.615777920142534
25;2025-11-20;1;0.0
25;2025-11-20;2;0.0
25;2025-11-20;3;0.0
25;2025-11-20;4;86.86663167641123
25;2025-11-20;5;19.769574544405202
25;2025-11-20;6;154.96161534788376
25;2025-11-20;7;518.0268361637526
25;2025-11-20;8;806.3399240655133
25;2025-11-20;9;433.4568681069859
25;2025-11-20;10;326.8529142867044
25;2025-11-20;11;367.3171428369817
25;2025-11-20;12;373.6880058258614
25;2025-11-20;13;445.51968328088054
25;2025-11-20;14;440.5085789150905
25;2025-11-20;15;541.3687699045524
25;2025-11-20;16;645.0251978507756
25;2025-11-20;17;684.5884812356583
25;2025-11-20;18;719.2663754621631
25;2025-11-20;19;500.49261376595314
25;2025-11-20;20;266.0110203167029
25;2025-11-20;21;156.35186281081278
25;2025-11-20;22;101.74182271996435
25;2025-11-20;23;9.265839795573811
25;2025-11-21;0;12.685153285891147
25;2025-11-21;1;0.0
25;2025-11-21;2;0.0
25;2025-11-21;3;0.0
25;2025-11-21;4;97.2684777135922
25;2025-11-21;5;24.3210698354402
25;2025-11-21;6;159.22655306897335
25;2025-11-21;7;488.9192493103753
25;2025-11-21;8;768.2269158197732
25;2025-11-21;9;413.3618678520922
25;2025-11-21;10;309.44874753770296
25;2025-11-21;11;351.7198795996542
25;2025-11-21;12;358.26717001656044
25;2025-11-21;13;442.12087464186726
25;2025-11-21;14;459.03436701400176
25;2025-11-21;15;541.8554649028346
25;2025-11-21;16;637.8256753899718
25;2025-11-21;17;659.885408311166
25;2025-11-21;18;638.37285294618
25;2025-11-21;19;468.25967435339
25;2025-11-21;20;271.7888423160559
25;2025-11-21;21;173.02681307794205
25;2025-11-21;22;111.66637903541522
25;2025-11-21;23;19.116542093690498
25;2025-11-22;0;12.692518326295726
25;2025-11-22;1;0.0
25;2025-11-22;2;0.0
25;2025-11-22;3;0.0
25;2025-11-22;4;29.389761657301108
25;2025-11-22;5;3.034072822220253
25;2025-11-22;6;64.82650308846434
25;2025-11-22;7;108.1236015727884
25;2025-11-22;8;223.46438401793927
25;2025-11-22;9;219.1810901267812
25;2025-11-22;10;237.1105418302384
25;2025-11-22;11;306.23350297125734
25;2025-11-22;12;334.37353583956866
25;2025-11-22;13;457.802132758658
25;2025-11-22;14;460.15467249663755
25;2025-11-22;15;551.2489284740366
25;2025-11-22;16;496.3108461210954
25;2025-11-22;17;454.8174931840666
25;2025-11-22;18;411.73705952738436
25;2025-11-22;19;340.6710836286859
25;2025-11-22;20;216.86165123777073
25;2025-11-22;21;152.8235490545153
25;2025-11-22;22;104.58981001191677
25;2025-11-22;23;42.75198529435494
25;2025-11-23;0;20.268076242823156
25;2025-11-23;1;0.0
25;2025-11-23;2;0.0
25;2025-11-23;3;0.0
25;2025-11-23;4;29.41387930449099
25;2025-11-23;5;0.0
25;2025-11-23;6;35.08862802833096
25;2025-11-23;7;69.5013658659301
25;2025-11-23;8;154.6605565797741
25;2025-11-23;9;160.7044769453349
25;2025-11-23;10;184.88730746329549
25;2025-11-23;11;253.00489750944277
25;2025-11-23;12;283.0002919212435
25;2025-11-23;13;376.5219360438708
25;2025-11-23;14;395.6602928466067
25;2025-11-23;15;442.30889385763305
25;2025-11-23;16;376.78404510258207
25;2025-11-23;17;351.63759478937857
25;2025-11-23;18;319.44728374262365
25;2025-11-23;19;248.74792166355286
25;2025-11-23;20;179.9090934656781
25;2025-11-23;21;136.50225118638647
25;2025-11-23;22;80.47157108042586
25;2025-11-23;23;36.59063671667877
25;2025-11-24;0;7.317026580297522
25;2025-11-24;1;0.0
25;2025-11-24;2;0.0
25;2025-11-24;3;0.0
25;2025-11-24;4;62.85848145850298
25;2025-11-24;5;17.00569721748252
25;2025-11-24;6;166.4816332941115
25;2025-11-24;7;503.33412730673626
25;2025-11-24;8;786.1421834296432
25;2025-11-24;9;402.47091045902084
25;2025-11-24;10;292.1794639968746
25;2025-11-24;11;325.23982793042643
25;2025-11-24;12;344.0325227022593
25;2025-11-24;13;419.72106812584644
25;2025-11-24;14;378.4078358714996
25;2025-11-24;15;462.93754004458947
25;2025-11-24;16;598.2797805730851
25;2025-11-24;17;654.2433919954874
25;2025-11-24;18;683.1748623291357
25;2025-11-24;19;464.4097481029627
25;2025-11-24;20;273.8526344662517
25;2025-11-24;21;163.62813580824871
25;2025-11-24;22;109.42175078352247
25;2025-11-24;23;27.761849275245254
25;2025-11-25;0;6.1710385987881295
25;2025-11-25;1;0.0
25;2025-11-25;2;0.0
25;2025-11-25;3;0.0
25;2025-11-25;4;45.3220785656045
25;2025-11-25;5;10.977652105473112
25;2025-11-25;6;151.06043389504
25;2025-11-25;7;512.3724433847904
25;2025-11-25;8;811.3165643046864
25;2025-11-25;9;431.0285719756222
25;2025-11-25;10;299.07507615975453
25;2025-11-25;11;338.9760130600805
25;2025-11-25;12;343.2270356003615
25;2025-11-25;13;426.4338107202933
25;2025-11-25;14;399.155719401924
25;2025-11-25;15;485.16169071658464
25;2025-11-25;16;618.2404124362479
25;2025-11-25;17;674.3995335008532
25;2025-11-25;18;706.8176553768757
25;2025-11-25;19;478.97454747795604
25;2025-11-25;20;256.98627125958956
25;2025-11-25;21;147.61248649179439
25;2025-11-25;22;87.7698321329357
25;2025-11-25;23;0.0
25;2025-11-26;0;7.817224401248097
25;2025-11-26;1;0.0
25;2025-11-26;2;0.0
25;2025-11-26;3;0.0
25;2025-11-26;4;90.33636645802255
25;2025-11-26;5;16.703326814554373
25;2025-11-26;6;173.3609973436231
25;2025-11-26;7;514.061204863623
25;2025-11-26;8;810.4835688831278
25;2025-11-26;9;420.7568599753988
25;2025-11-26;10;295.6238491135303
25;2025-11-26;11;340.9067945689859
25;2025-11-26;12;352.0255870594148
25;2025-11-26;13;425.8448203107617
25;2025-11-26;14;407.3237262297114
25;2025-11-26;15;495.0820018059575
25;2025-11-26;16;625.0580554942053
25;2025-11-26;17;662.432895223809
25;2025-11-26;18;710.8458856895302
25;2025-11-26;19;468.04800226601606
25;2025-11-26;20;263.70261856457057
25;2025-11-26;21;163.23761690217833
25;2025-11-26;22;111.23292720903581
25;2025-11-26;23;12.668502891863227
25;2025-11-27;0;15.65531159384193
25;2025-11-27;1;0.0
25;2025-11-27;2;0.0
25;2025-11-27;3;0.0
25;2025-11-27;4;83.6226793380925
25;2025-11-27;5;2.4736912445318353
25;2025-11-27;6;160.72199541827632
25;2025-11-27;7;509.1846779186791
25;2025-11-27;8;800.2111020387752
25;2025-11-27;9;411.5964814427366
25;2025-11-27;10;314.2335672569807
25;2025-11-27;11;351.8837872620118
25;2025-11-27;12;353.6826466527161
25;2025-11-27;13;413.33379006028696
25;2025-11-27;14;390.2187905406236
25;2025-11-27;15;500.9755625513933
25;2025-11-27;16;613.3403103594037
25;2025-11-27;17;655.8148000642652
25;2025-11-27;18;665.9151398103263
25;2025-11-27;19;448.10454642586194
25;2025-11-27;20;253.9865438256212
25;2025-11-27;21;150.46696480402866
25;2025-11-27;22;94.32392680866911
25;2025-11-27;23;2.960927659063884
25;2025-11-28;0;4.6290203468893765
25;2025-11-28;1;0.0
25;2025-11-28;2;0.0
25;2025-11-28;3;0.0
25;2025-11-28;4;64.53273014103661
25;2025-11-28;5;13.262161184132367
25;2025-11-28;6;147.32879882698035
25;2025-11-28;7;494.71726162249786
25;2025-11-28;8;783.3569041926391
25;2025-11-28;9;409.34276132720686
25;2025-11-28;10;302.4953221595906
25;2025-11-28;11;347.0727321204741
25;2025-11-28;12;349.6006934597144
25;2025-11-28;13;419.8643255235318
25;2025-11-28;14;429.8232608697468
25;2025-11-28;15;523.9148294346172
25;2025-11-28;16;647.9486848461593
25;2025-11-28;17;656.8942529869221
25;2025-11-28;18;629.1101178662843
25;2025-11-28;19;441.4091855759701
25;2025-11-28;20;252.7918689229767
25;2025-11-28;21;150.44782310965485
25;2025-11-28;22;94.25569805830358
25;2025-11-28;23;2.673498484702691
25;2025-11-29;0;15.97923016822216
25;2025-11-29;1;0.0
25;2025-11-29;2;0.0
25;2025-11-29;3;0.0
25;2025-11-29;4;36.218127448006726
25;2025-11-29;5;0.33758733542521213
25;2025-11-29;6;49.76705806726409
25;2025-11-29;7;114.02953799012573
25;2025-11-29;8;241.8261549642922
25;2025-11-29;9;217.86330550900672
25;2025-11-29;10;212.9638438752154
25;2025-11-29;11;294.67394541860153
25;2025-11-29;12;310.85357881888723
25;2025-11-29;13;408.01947648357515
25;2025-11-29;14;410.58576508337603
25;2025-11-29;15;494.9360068548598
25;2025-11-29;16;470.35906150891185
25;2025-11-29;17;424.6997399464326
25;2025-11-29;18;374.84727999145997
25;2025-11-29;19;320.2861982102283
25;2025-11-29;20;206.84478185523255
25;2025-11-29;21;151.68825723186274
25;2025-11-29;22;101.07987419756816
25;2025-11-29;23;38.97690257735593
25;2025-11-30;0;11.162965141151005
25;2025-11-30;1;0.0
25;2025-11-30;2;0.0
25;2025-11-30;3;0.0
25;2025-11-30;4;21.613241262417148
25;2025-11-30;5;0.0
25;2025-11-30;6;31.467251889813667
25;2025-11-30;7;78.74291894698646
25;2025-11-30;8;163.40614843710375
25;2025-11-30;9;159.8751080757695
25;2025-11-30;10;161.571248225751
25;2025-11-30;11;235.1385444228343
25;2025-11-30;12;266.42992910439267
25;2025-11-30;13;363.35467741606976
25;2025-11-30;14;391.2707431568014
25;2025-11-30;15;456.4811793100894
25;2025-11-30;16;406.7624995897175
25;2025-11-30;17;371.2228362592196
25;2025-11-30;18;342.00654737275767
25;2025-11-30;19;255.76020752214606
25;2025-11-30;20;176.99693255838736
25;2025-11-30;21;133.22217940043365
25;2025-11-30;22;82.70645477764779
25;2025-11-30;23;28.301982796617835
25;2025-12-01;0;15.491520182347301
25;2025-12-01;1;0.0
25;2025-12-01;2;0.0
25;2025-12-01;3;0.0
25;2025-12-01;4;86.40258891296227
25;2025-12-01;5;12.586018535912558
25;2025-12-01;6;150.35491651552815
25;2025-12-01;7;507.8217034601555
25;2025-12-01;8;786.1411830133816
25;2025-12-01;9;376.60736386449094
25;2025-12-01;10;271.9953371720483
25;2025-12-01;11;297.3107744661019
25;2025-12-01;12;304.51094547359986
25;2025-12-01;13;368.60519028233415
25;2025-12-01;14;342.9544963814406
25;2025-12-01;15;430.4667328856933
25;2025-12-01;16;569.3481129221454
25;2025-12-01;17;616.6218330019028
25;2025-12-01;18;644.8448437287282
25;2025-12-01;19;395.56926396131354
25;2025-12-01;20;226.7165998903713
25;2025-12-01;21;129.16475016909976
25;2025-12-01;22;78.27135226286853
25;2025-12-01;23;0.0
25;2025-12-02;0;10.19109796362011
25;2025-12-02;1;0.0
25;2025-12-02;2;0.0
25;2025-12-02;3;0.0
25;2025-12-02;4;76.85301257877575
25;2025-12-02;5;22.010707047054552
25;2025-12-02;6;155.7239912065643
25;2025-12-02;7;507.39410350976345
25;2025-12-02;8;793.6874437298966
25;2025-12-02;9;404.3674020904963
25;2025-12-02;10;279.35145377836733
25;2025-12-02;11;315.663044525237
25;2025-12-02;12;318.5015050125649
25;2025-12-02;13;384.31385663944224
25;2025-12-02;14;374.4336431004347
25;2025-12-02;15;466.31526526965405
25;2025-12-02;16;603.9633908497652
25;2025-12-02;17;641.7723695967767
25;2025-12-02;18;665.1789437246279
25;2025-12-02;19;444.7656356154363
25;2025-12-02;20;231.7633300063208
25;2025-12-02;21;136.76369820200517
25;2025-12-02;22;79.8815604938122
25;2025-12-02;23;0.0
25;2025-12-03;0;0.0
25;2025-12-03;1;0.0
25;2025-12-03;2;0.0
25;2025-12-03;3;0.0
25;2025-12-03;4;64.80774900035391
25;2025-12-03;5;4.34520908288988
25;2025-12-03;6;153.90898702381529
25;2025-12-03;7;499.3211431250218
25;2025-12-03;8;785.2342494572845
25;2025-12-03;9;384.69466088097744
25;2025-12-03;10;280.32862763627367
25;2025-12-03;11;315.7739963683499
25;2025-12-03;12;328.73165812324174
25;2025-12-03;13;378.22331235274726
25;2025-12-03;14;361.1487339041356
25;2025-12-03;15;462.91837430431667
25;2025-12-03;16;603.2012121934044
25;2025-12-03;17;627.4526511702966
25;2025-12-03;18;682.3820358904311
25;2025-12-03;19;438.86816974936806
25;2025-12-03;20;246.20427889693497
25;2025-12-03;21;153.7057159248601
25;2025-12-03;22;93.62432416629883
25;2025-12-03;23;0.0
25;2025-12-04;0;1.393432050834349
25;2025-12-04;1;0.0
25;2025-12-04;2;0.0
25;2025-12-04;3;0.0
25;2025-12-04;4;77.69022900394035
25;2025-12-04;5;11.509804284742017
25;2025-12-04;6;159.47306520053547
25;2025-12-04;7;499.91875707340665
25;2025-12-04;8;778.3286193659252
25;2025-12-04;9;403.53394981974793
25;2025-12-04;10;298.39718259184616
25;2025-12-04;11;330.0260912733082
25;2025-12-04;12;334.34650939683814
25;2025-12-04;13;396.91587611183445
25;2025-12-04;14;390.7880648808872
25;2025-12-04;15;498.6004070019877
25;2025-12-04;16;619.3959819911146
25;2025-12-04;17;651.5576742682583
25;2025-12-04;18;687.2819318524424
25;2025-12-04;19;448.03399609857615
25;2025-12-04;20;251.6831447236114
25;2025-12-04;21;156.3874709098944
25;2025-12-04;22;100.69615150780947
25;2025-12-04;23;1.8346380395971096
25;2025-12-05;0;15.430562635233116
25;2025-12-05;1;0.0
25;2025-12-05;2;0.0
25;2025-12-05;3;0.0
25;2025-12-05;4;81.06208243104001
25;2025-12-05;5;13.358449371377844
25;2025-12-05;6;152.38225755581263
25;2025-12-05;7;489.4157724629992
25;2025-12-05;8;756.4125372808777
25;2025-12-05;9;403.8761528513682
25;2025-12-05;10;296.3063489901557
25;2025-12-05;11;330.44466937174064
25;2025-12-05;12;336.2101622036077
25;2025-12-05;13;402.6604465409808
25;2025-12-05;14;417.18673924783974
25;2025-12-05;15;516.5588968333717
25;2025-12-05;16;634.2011646793864
25;2025-12-05;17;649.1222542372586
25;2025-12-05;18;620.0380263275073
25;2025-12-05;19;429.33685571005543
25;2025-12-05;20;259.90573799834607
25;2025-12-05;21;160.270716805378
25;2025-12-05;22;100.39432501854307
25;2025-12-05;23;6.18145818678056
25;2025-12-06;0;15.237837640562077
25;2025-12-06;1;0.0
25;2025-12-06;2;0.0
25;2025-12-06;3;0.0
25;2025-12-06;4;34.97351112066423
25;2025-12-06;5;0.0
25;2025-12-06;6;43.122842732503614
25;2025-12-06;7;104.16810629378236
25;2025-12-06;8;234.5269391789597
25;2025-12-06;9;212.52306982170916
25;2025-12-06;10;214.9656657458555
25;2025-12-06;11;283.37295610986627
25;2025-12-06;12;297.2838734312257
25;2025-12-06;13;404.50525610602597
25;2025-12-06;14;401.3418579486032
25;2025-12-06;15;491.2750645741945
25;2025-12-06;16;451.8083285311663
25;2025-12-06;17;398.72189653973356
25;2025-12-06;18;345.51917836863487
25;2025-12-06;19;299.7837826172704
25;2025-12-06;20;197.4543105501188
25;2025-12-06;21;151.27579147603564
25;2025-12-06;22;101.89639033535647
25;2025-12-06;23;31.84660210819726
25;2025-12-07;0;15.149295853312708
25;2025-12-07;1;0.0
25;2025-12-07;2;0.0
25;2025-12-07;3;0.0
25;2025-12-07;4;42.35334893369708
25;2025-12-07;5;1.2287867878172278
25;2025-12-07;6;34.452467873831495
25;2025-12-07;7;73.72978201244118
25;2025-12-07;8;149.38010152677646
25;2025-12-07;9;157.90482648537665
25;2025-12-07;10;173.54931907310265
25;2025-12-07;11;224.75136279507703
25;2025-12-07;12;249.2105059204792
25;2025-12-07;13;338.60151627984527
25;2025-12-07;14;367.759615713117
25;2025-12-07;15;413.4364935729154
25;2025-12-07;16;375.3633234863641
25;2025-12-07;17;343.2799423018625
25;2025-12-07;18;311.83466536755867
25;2025-12-07;19;238.4690003953417
25;2025-12-07;20;176.3528441540826
25;2025-12-07;21;136.2347194830792
25;2025-12-07;22;86.56104284287295
25;2025-12-07;23;32.249103937960285
25;2025-12-08;0;13.32654557547039
25;2025-12-08;1;0.0
25;2025-12-08;2;0.0
25;2025-12-08;3;0.0
25;2025-12-08;4;81.90492322864358
25;2025-12-08;5;17.56831760880226
25;2025-12-08;6;155.40608600632737
25;2025-12-08;7;510.9466186704426
25;2025-12-08;8;794.6297630511818
25;2025-12-08;9;389.78092490502854
25;2025-12-08;10;279.17084285950614
25;2025-12-08;11;304.6872065274467
25;2025-12-08;12;312.56411609856957
25;2025-12-08;13;376.853411797741
25;2025-12-08;14;354.33518200427096
25;2025-12-08;15;437.552319574181
25;2025-12-08;16;577.3281761486326
25;2025-12-08;17;633.2842785874598
25;2025-12-08;18;677.4296538389979
25;2025-12-08;19;420.6127405196348
25;2025-12-08;20;243.54140266748135
25;2025-12-08;21;146.34033207668244
25;2025-12-08;22;94.57560114970826
25;2025-12-08;23;7.854551075816005
25;2025-12-09;0;0.7068455425765023
25;2025-12-09;1;0.0
25;2025-12-09;2;0.0
25;2025-12-09;3;0.0
25;2025-12-09;4;84.35202207775541
25;2025-12-09;5;19.963221277831565
25;2025-12-09;6;159.01510331202655
25;2025-12-09;7;526.4736535698091
25;2025-12-09;8;820.3845196908941
25;2025-12-09;9;423.07588791405
25;2025-12-09;10;301.38651591550723
25;2025-12-09;11;310.8534606239459
25;2025-12-09;12;310.99530207527556
25;2025-12-09;13;372.4285996728065
25;2025-12-09;14;363.35468821121617
25;2025-12-09;15;445.0361425018782
25;2025-12-09;16;575.2077083733734
25;2025-12-09;17;628.4933561761454
25;2025-12-09;18;665.7208136027868
25;2025-12-09;19;443.7981380890426
25;2025-12-09;20;245.38691128101493
25;2025-12-09;21;142.45688609922985
25;2025-12-09;22;92.19738425369863
25;2025-12-09;23;5.393600133932068
25;2025-12-10;0;9.204979968564203
25;2025-12-10;1;0.0
25;2025-12-10;2;0.0
25;2025-12-10;3;0.0
25;2025-12-10;4;57.24048926243324
25;2025-12-10;5;16.515859496177654
25;2025-12-10;6;164.10832839431998
25;2025-12-10;7;489.66087034464505
25;2025-12-10;8;756.7257564884375
25;2025-12-10;9;380.84316469219345
25;2025-12-10;10;284.1497326603876
25;2025-12-10;11;313.10995461539994
25;2025-12-10;12;316.7900558704775
25;2025-12-10;13;366.30142953643605
25;2025-12-10;14;350.26610013339206
25;2025-12-10;15;438.3863147020979
25;2025-12-10;16;585.4174035869689
25;2025-12-10;17;641.9714974412987
25;2025-12-10;18;681.0425279089418
25;2025-12-10;19;450.02486137948955
25;2025-12-10;20;252.5043218715353
25;2025-12-10;21;151.1389569145319
25;2025-12-10;22;93.67967324063613
25;2025-12-10;23;0.40166113760994904
25;2025-12-11;0;4.541170902174088
25;2025-12-11;1;0.0
25;2025-12-11;2;0.0
25;2025-12-11;3;0.0
25;2025-12-11;4;58.424038071019766
25;2025-12-11;5;10.79823340265716
25;2025-12-11;6;149.16611456834477
25;2025-12-11;7;474.0483590266888
25;2025-12-11;8;749.946598959337
25;2025-12-11;9;381.3790936651784
25;2025-12-11;10;277.78312527498235
25;2025-12-11;11;307.4947345998867
25;2025-12-11;12;320.0993765675952
25;2025-12-11;13;378.3251570499758
25;2025-12-11;14;370.5311205336806
25;2025-12-11;15;455.2048458247236
25;2025-12-11;16;569.637968790573
25;2025-12-11;17;601.7552952701085
25;2025-12-11;18;621.068302239704
25;2025-12-11;19;410.2457547523147
25;2025-12-11;20;244.92177917638753
25;2025-12-11;21;153.9906026375359
25;2025-12-11;22;110.87486657502382
25;2025-12-11;23;16.82880117888402
25;2025-12-12;0;16.539162838495542
25;2025-12-12;1;0.0
25;2025-12-12;2;0.0
25;2025-12-12;3;0.0
25;2025-12-12;4;59.9417863853277
25;2025-12-12;5;15.110438042371527
25;2025-12-12;6;169.8256606182643
25;2025-12-12;7;463.93215383133077
25;2025-12-12;8;726.1400211795956
25;2025-12-12;9;402.0986059972693
25;2025-12-12;10;294.86584536143096
25;2025-12-12;11;334.01966191749284
25;2025-12-12;12;330.8301560969278
25;2025-12-12;13;393.5158949949702
25;2025-12-12;14;396.61791748322935
25;2025-12-12;15;420.13704338067225
25;2025-12-12;16;546.4926788351684
25;2025-12-12;17;572.6492307821519
25;2025-12-12;18;575.0522515175154
25;2025-12-12;19;398.4651391845242
25;2025-12-12;20;249.6608808571289
25;2025-12-12;21;152.8793172945094
25;2025-12-12;22;91.6456679328279
25;2025-12-12;23;1.560837301552226
25;2025-12-13;0;13.506677157403828
25;2025-12-13;1;0.0
25;2025-12-13;2;0.0
25;2025-12-13;3;0.0
25;2025-12-13;4;39.378142876515994
25;2025-12-13;5;3.2713397381397726
25;2025-12-13;6;43.40976800043762
25;2025-12-13;7;94.7566943710502
25;2025-12-13;8;197.92343100096335
25;2025-12-13;9;203.72270499384092
25;2025-12-13;10;202.8213965664114
25;2025-12-13;11;283.0816244761516
25;2025-12-13;12;300.5375316483905
25;2025-12-13;13;381.0433334063211
25;2025-12-13;14;389.429910319232
25;2025-12-13;15;462.7457690013872
25;2025-12-13;16;415.5705741785739
25;2025-12-13;17;379.714609952023
25;2025-12-13;18;337.45930642541396
25;2025-12-13;19;293.13021792119173
25;2025-12-13;20;198.1018254886217
25;2025-12-13;21;149.27970312464467
25;2025-12-13;22;98.59563318119797
25;2025-12-13;23;50.88004563848358
25;2025-12-14;0;17.761455307501137
25;2025-12-14;1;0.0
25;2025-12-14;2;0.0
25;2025-12-14;3;0.0
25;2025-12-14;4;41.716337796381254
25;2025-12-14;5;0.0
25;2025-12-14;6;30.37697675112065
25;2025-12-14;7;74.3123038309451
25;2025-12-14;8;139.77784731912436
25;2025-12-14;9;154.75192937659136
25;2025-12-14;10;167.68261164737066
25;2025-12-14;11;229.28421674257606
25;2025-12-14;12;252.78538179928785
25;2025-12-14;13;336.81667993130804
25;2025-12-14;14;349.27566322447785
25;2025-12-14;15;411.76878568036534
25;2025-12-14;16;359.93329558848194
25;2025-12-14;17;332.5577833028506
25;2025-12-14;18;311.5003128092084
25;2025-12-14;19;229.06441334825007
25;2025-12-14;20;164.6839146052155
25;2025-12-14;21;125.65553334692746
25;2025-12-14;22;75.52413703940832
25;2025-12-14;23;27.213663263788135
25;2025-12-15;0;7.0911116779041095
25;2025-12-15;1;0.0
25;2025-12-15;2;0.0
25;2025-12-15;3;0.0
25;2025-12-15;4;73.22854035174296
25;2025-12-15;5;11.983923316304129
25;2025-12-15;6;149.25889896610022
25;2025-12-15;7;507.83286284842825
25;2025-12-15;8;770.2600349778288
25;2025-12-15;9;379.7079927858342
25;2025-12-15;10;266.73559678953103
25;2025-12-15;11;301.41395753540405
25;2025-12-15;12;304.0033329695494
25;2025-12-15;13;368.0275324603687
25;2025-12-15;14;356.6814754579948
25;2025-12-15;15;450.06418918199074
25;2025-12-15;16;580.3580311531933
25;2025-12-15;17;625.0350192290359
25;2025-12-15;18;664.8664756102377
25;2025-12-15;19;430.9303840735566
25;2025-12-15;20;231.56948485105454
25;2025-12-15;21;139.28512279956993
25;2025-12-15;22;91.42449845848986
25;2025-12-15;23;6.387623367192816
25;2025-12-16;0;8.139594378685729
25;2025-12-16;1;0.0
25;2025-12-16;2;0.0
25;2025-12-16;3;0.0
25;2025-12-16;4;74.92216762919995
25;2025-12-16;5;15.604657810996287
25;2025-12-16;6;157.8041990325944
25;2025-12-16;7;524.572897097798
25;2025-12-16;8;794.5729938031927
25;2025-12-16;9;407.5619610247936
25;2025-12-16;10;276.92257175678265
25;2025-12-16;11;303.96304886880915
25;2025-12-16;12;308.1512552560727
25;2025-12-16;13;357.777470426077
25;2025-12-16;14;355.3627470725602
25;2025-12-16;15;439.6221631017672
25;2025-12-16;16;578.8971789947875
25;2025-12-16;17;627.6484976565825
25;2025-12-16;18;649.5994614297327
25;2025-12-16;19;431.08869462598267
25;2025-12-16;20;234.58548450179427
25;2025-12-16;21;143.90914530951616
25;2025-12-16;22;90.83071947495094
25;2025-12-16;23;0.2732750347329329
25;2025-12-17;0;10.700349015433233
25;2025-12-17;1;0.0
25;2025-12-17;2;0.0
25;2025-12-17;3;0.0
25;2025-12-17;4;85.85083111889051
25;2025-12-17;5;11.932868544455914
25;2025-12-17;6;151.24791064468818
25;2025-12-17;7;498.84959330984253
25;2025-12-17;8;796.2496246661121
25;2025-12-17;9;393.0286504432288
25;2025-12-17;10;291.6723373229044
25;2025-12-17;11;323.8072465627719
25;2025-12-17;12;335.0245001573623
25;2025-12-17;13;388.2997069533988
25;2025-12-17;14;368.6741445078969
25;2025-12-17;15;464.871658180849
25;2025-12-17;16;600.3785610460857
25;2025-12-17;17;637.7180721114403
25;2025-12-17;18;678.8259323440046
25;2025-12-17;19;431.72913560018986
25;2025-12-17;20;243.3669858851731
25;2025-12-17;21;149.5735434540854
25;2025-12-17;22;92.92895605543231
25;2025-12-17;23;0.271141232644311
25;2025-12-18;0;6.074658551388325
25;2025-12-18;1;0.0
25;2025-12-18;2;0.0
25;2025-12-18;3;0.0
25;2025-12-18;4;75.30597310829492
25;2025-12-18;5;7.255821887490981
25;2025-12-18;6;145.31912624934293
25;2025-12-18;7;494.0636615922265
25;2025-12-18;8;774.1832094557291
25;2025-12-18;9;397.6812297345951
25;2025-12-18;10;290.4403805056434
25;2025-12-18;11;323.79041539028674
25;2025-12-18;12;327.4534486317007
25;2025-12-18;13;389.78800321491025
25;2025-12-18;14;379.77801799023143
25;2025-12-18;15;460.60430140346887
25;2025-12-18;16;592.5622918546519
25;2025-12-18;17;630.3857370486572
25;2025-12-18;18;663.5742336329774
25;2025-12-18;19;424.0172005398317
25;2025-12-18;20;248.63526076739214
25;2025-12-18;21;153.026393750703
25;2025-12-18;22;96.3978868301642
25;2025-12-18;23;1.3955118023124555
25;2025-12-19;0;7.267437374805013
25;2025-12-19;1;0.0
25;2025-12-19;2;0.0
25;2025-12-19;3;0.0
25;2025-12-19;4;82.13515852197295
25;2025-12-19;5;14.530248852758064
25;2025-12-19;6;145.36144735075803
25;2025-12-19;7;480.3180593201671
25;2025-12-19;8;748.8631955966341
25;2025-12-19;9;398.0551372412309
25;2025-12-19;10;286.1353890788718
25;2025-12-19;11;321.31871887393015
25;2025-12-19;12;326.8246990166909
25;2025-12-19;13;387.5675036363002
25;2025-12-19;14;395.37117604243235
25;2025-12-19;15;486.665974105795
25;2025-12-19;16;596.4664056538604
25;2025-12-19;17;613.4239387380852
25;2025-12-19;18;595.3793268978195
25;2025-12-19;19;420.0600581143035
25;2025-12-19;20;250.23524259249214
25;2025-12-19;21;158.3554936579547
25;2025-12-19;22;96.19821558261418
25;2025-12-19;23;5.796530953789784
25;2025-12-20;0;12.785790351729588
25;2025-12-20;1;0.0
25;2025-12-20;2;0.0
25;2025-12-20;3;0.0
25;2025-12-20;4;35.93569656235047
25;2025-12-20;5;0.0
25;2025-12-20;6;41.85250379955414
25;2025-12-20;7;102.71009632023848
25;2025-12-20;8;224.1593903668202
25;2025-12-20;9;200.11975612795277
25;2025-12-20;10;200.11575333262377
25;2025-12-20;11;271.04443354718245
25;2025-12-20;12;286.93205870743884
25;2025-12-20;13;381.4361602819208
25;2025-12-20;14;382.5768033296953
25;2025-12-20;15;457.14435684685327
25;2025-12-20;16;423.17236242969074
25;2025-12-20;17;383.1337792081902
25;2025-12-20;18;331.2463781024954
25;2025-12-20;19;281.14830224479755
25;2025-12-20;20;193.57235766907522
25;2025-12-20;21;141.78901221067267
25;2025-12-20;22;94.95379295459244
25;2025-12-20;23;35.37473891039514
25;2025-12-21;0;6.413173538119452
25;2025-12-21;1;0.0
25;2025-12-21;2;0.0
25;2025-12-21;3;0.0
25;2025-12-21;4;24.969841434564444
25;2025-12-21;5;0.0
25;2025-12-21;6;26.20105061227406
25;2025-12-21;7;64.35501448564708
25;2025-12-21;8;135.73130627788868
25;2025-12-21;9;151.85836226193308
25;2025-12-21;10;166.49438887569792
25;2025-12-21;11;223.64296752434456
25;2025-12-21;12;260.2126134145091
25;2025-12-21;13;338.6261183564485
25;2025-12-21;14;370.4894381146235
25;2025-12-21;15;411.23470619739294
25;2025-12-21;16;366.3649994635046
25;2025-12-21;17;331.126597521117
25;2025-12-21;18;306.0311754254264
25;2025-12-21;19;224.01964872709829
25;2025-12-21;20;167.48938127448952
25;2025-12-21;21;126.84354064183398
25;2025-12-21;22;74.59875547966405
25;2025-12-21;23;31.452270319789534
25;2025-12-22;0;17.658314051003515
25;2025-12-22;1;0.0
25;2025-12-22;2;0.0
25;2025-12-22;3;0.0
25;2025-12-22;4;54.45046037086382
25;2025-12-22;5;20.005260714262874
25;2025-12-22;6;144.41645453760324
25;2025-12-22;7;490.08424190573646
25;2025-12-22;8;756.0959385956147
25;2025-12-22;9;380.57893613011163
25;2025-12-22;10;275.0625514997877
25;2025-12-22;11;305.7194436927779
25;2025-12-22;12;312.9792608363607
25;2025-12-22;13;369.39508005593325
25;2025-12-22;14;337.28148620900816
25;2025-12-22;15;429.66790676664
25;2025-12-22;16;543.8351791318042
25;2025-12-22;17;597.5299365157883
25;2025-12-22;18;638.0748464099458
25;2025-12-22;19;398.6623692916454
25;2025-12-22;20;232.1343252453363
25;2025-12-22;21;148.820645431166
25;2025-12-22;22;92.28244123305791
25;2025-12-22;23;6.221446258463402
25;2025-12-23;0;0.0
25;2025-12-23;1;0.0
25;2025-12-23;2;0.0
25;2025-12-23;3;0.0
25;2025-12-23;4;47.66914319798258
25;2025-12-23;5;0.0
25;2025-12-23;6;127.27171007720483
25;2025-12-23;7;476.9185944989297
25;2025-12-23;8;758.734084464093
25;2025-12-23;9;387.5133466082286
25;2025-12-23;10;264.79367383476233
25;2025-12-23;11;295.4423459552019
25;2025-12-23;12;297.72744005512357
25;2025-12-23;13;350.8475856556197
25;2025-12-23;14;338.8020161121453
25;2025-12-23;15;411.3826030167953
25;2025-12-23;16;550.5115600853088
25;2025-12-23;17;624.1925077512672
25;2025-12-23;18;673.7009452599702
25;2025-12-23;19;434.3886118390761
25;2025-12-23;20;226.57981993133632
25;2025-12-23;21;136.83003055049844
25;2025-12-23;22;79.18602830168214
25;2025-12-23;23;0.0
25;2025-12-24;0;0.0
25;2025-12-24;1;0.0
25;2025-12-24;2;0.0
25;2025-12-24;3;0.0
25;2025-12-24;4;88.42195298140979
25;2025-12-24;5;7.621713947595822
25;2025-12-24;6;143.68972074504515
25;2025-12-24;7;492.99820547935906
25;2025-12-24;8;788.5011551329226
25;2025-12-24;9;375.93997060130545
25;2025-12-24;10;269.3777987744669
25;2025-12-24;11;310.68775834733776
25;2025-12-24;12;322.8232894288005
25;2025-12-24;13;364.9887361945419
25;2025-12-24;14;334.2054977780212
25;2025-12-24;15;433.23579897797674
25;2025-12-24;16;582.3377009787746
25;2025-12-24;17;634.2017657663591
25;2025-12-24;18;685.5523406790803
25;2025-12-24;19;415.3937076123075
25;2025-12-24;20;238.25537889298732
25;2025-12-24;21;142.12898228597592
25;2025-12-24;22;84.77855103258662
25;2025-12-24;23;0.0
25;2025-12-25;0;8.081978531821164
25;2025-12-25;1;0.0
25;2025-12-25;2;0.0
25;2025-12-25;3;0.0
25;2025-12-25;4;84.2365887177506
25;2025-12-25;5;10.696188938468481
25;2025-12-25;6;147.85729631400127
25;2025-12-25;7;484.46561784967764
25;2025-12-25;8;770.8833772161829
25;2025-12-25;9;391.3494586679538
25;2025-12-25;10;284.8002473619803
25;2025-12-25;11;321.87793336990006
25;2025-12-25;12;327.1540547581062
25;2025-12-25;13;386.5141068645527
25;2025-12-25;14;374.79266903403476
25;2025-12-25;15;462.39667766920445
25;2025-12-25;16;581.650719457154
25;2025-12-25;17;602.9071465635457
25;2025-12-25;18;630.2730430404483
25;2025-12-25;19;402.4819030760651
25;2025-12-25;20;240.13700079538236
25;2025-12-25;21;144.9966490310464
25;2025-12-25;22;95.15725040245178
25;2025-12-25;23;9.528664694443307
25;2025-12-26;0;18.165852075073587
25;2025-12-26;1;0.0
25;2025-12-26;2;0.0
25;2025-12-26;3;0.0
25;2025-12-26;4;66.15288350400107
25;2025-12-26;5;16.266411409993054
25;2025-12-26;6;141.2733772504947
25;2025-12-26;7;470.5627441137249
25;2025-12-26;8;722.6891954652168
25;2025-12-26;9;385.72496339459855
25;2025-12-26;10;280.83993055888703
25;2025-12-26;11;302.33742870011963
25;2025-12-26;12;302.706435039456
25;2025-12-26;13;371.52627921147075
25;2025-12-26;14;379.63323365149023
25;2025-12-26;15;459.5286563245073
25;2025-12-26;16;567.5258430791093
25;2025-12-26;17;598.1722983182353
25;2025-12-26;18;608.5270041311343
25;2025-12-26;19;393.79903041103114
25;2025-12-26;20;236.3339385063148
25;2025-12-26;21;161.08344950021493
25;2025-12-26;22;100.4101655072999
25;2025-12-26;23;9.807843685302146
25;2025-12-27;0;0.0
25;2025-12-27;1;0.0
25;2025-12-27;2;0.0
25;2025-12-27;3;0.0
25;2025-12-27;4;39.346851919730966
25;2025-12-27;5;2.3532163782873567
25;2025-12-27;6;42.63520768577081
25;2025-12-27;7;109.98140430260892
25;2025-12-27;8;201.13039519226766
25;2025-12-27;9;185.26848893634096
25;2025-12-27;10;205.75533818706305
25;2025-12-27;11;278.02982885318556
25;2025-12-27;12;295.7908676033876
25;2025-12-27;13;385.4671184334894
25;2025-12-27;14;395.6031906436674
25;2025-12-27;15;482.94487562916964
25;2025-12-27;16;449.33465552274555
25;2025-12-27;17;427.76269636366345
25;2025-12-27;18;371.45155544010913
25;2025-12-27;19;292.2023682211034
25;2025-12-27;20;188.41354540594148
25;2025-12-27;21;147.98432027243175
25;2025-12-27;22;97.68645235742923
25;2025-12-27;23;31.04538178563979
25;2025-12-28;0;8.147549556986576
25;2025-12-28;1;0.0
25;2025-12-28;2;0.0
25;2025-12-28;3;0.0
25;2025-12-28;4;28.12847520321702
25;2025-12-28;5;1.552137856331683
25;2025-12-28;6;29.612004329394495
25;2025-12-28;7;55.59095894887815
25;2025-12-28;8;119.69305803206368
25;2025-12-28;9;127.52064971818109
25;2025-12-28;10;154.37455719900538
25;2025-12-28;11;197.09005887762493
25;2025-12-28;12;239.25990026290154
25;2025-12-28;13;322.77773859210436
25;2025-12-28;14;335.1816993004593
25;2025-12-28;15;394.8110009539997
25;2025-12-28;16;360.3552208894129
25;2025-12-28;17;350.70756030628314
25;2025-12-28;18;313.9689611506563
25;2025-12-28;19;234.54317938881013
25;2025-12-28;20;158.4512562971485
25;2025-12-28;21;126.90072487712206
25;2025-12-28;22;77.62884985067248
25;2025-12-28;23;27.71761863406948
25;2025-12-29;0;17.061942555700227
25;2025-12-29;1;0.0
25;2025-12-29;2;0.0
25;2025-12-29;3;0.0
25;2025-12-29;4;76.6979073253732
25;2025-12-29;5;16.06291375073505
25;2025-12-29;6;146.9281687066779
25;2025-12-29;7;478.76288031704587
25;2025-12-29;8;738.4272435919834
25;2025-12-29;9;393.4386914633973
25;2025-12-29;10;266.81423654103685
25;2025-12-29;11;306.8579118396985
25;2025-12-29;12;316.857662558402
25;2025-12-29;13;378.73596696193613
25;2025-12-29;14;352.4973111940496
25;2025-12-29;15;451.2100232186474
25;2025-12-29;16;563.427776709019
25;2025-12-29;17;627.4498660462541
25;2025-12-29;18;641.1250097617683
25;2025-12-29;19;414.80872352929634
25;2025-12-29;20;240.27145982430045
25;2025-12-29;21;155.87986856790613
25;2025-12-29;22;106.18134205514326
25;2025-12-29;23;16.06816464801983
25;2025-12-30;0;5.664501359669828
25;2025-12-30;1;0.0
25;2025-12-30;2;0.0
25;2025-12-30;3;0.0
25;2025-12-30;4;67.96370392052432
25;2025-12-30;5;8.727740955812806
25;2025-12-30;6;144.30391706143277
25;2025-12-30;7;460.5581981029302
25;2025-12-30;8;738.6831769283798
25;2025-12-30;9;410.6942354867423
25;2025-12-30;10;257.5260560643319
25;2025-12-30;11;299.128817525074
25;2025-12-30;12;306.77641074157793
25;2025-12-30;13;363.5679323560088
25;2025-12-30;14;336.4614955596592
25;2025-12-30;15;409.885448662033
25;2025-12-30;16;537.7695805004573
25;2025-12-30;17;581.4878913090743
25;2025-12-30;18;633.4381342105551
25;2025-12-30;19;406.1133293673518
25;2025-12-30;20;250.35492618921342
25;2025-12-30;21;162.08921686368032
25;2025-12-30;22;103.71015317870746
25;2025-12-30;23;8.905105528649528
25;2025-12-31;0;0.0
25;2025-12-31;1;0.0
25;2025-12-31;2;0.0
25;2025-12-31;3;0.0
25;2025-12-31;4;35.74493969806406
25;2025-12-31;5;0.0
25;2025-12-31;6;32.29819917418894
25;2025-12-31;7;83.56467484819916
25;2025-12-31;8;187.25143867448043
25;2025-12-31;9;131.56677899812917
25;2025-12-31;10;121.92226027793944
25;2025-12-31;11;162.0073084566316
25;2025-12-31;12;186.79861806413666
25;2025-12-31;13;260.72785724027386
25;2025-12-31;14;254.8164831635089
25;2025-12-31;15;315.1184324133512
25;2025-12-31;16;329.5370188418122
25;2025-12-31;17;329.66256763249504
25;2025-12-31;18;344.8599123218526
25;2025-12-31;19;267.46153541448894
25;2025-12-31;20;178.7687566983311
25;2025-12-31;21;144.09172107997173
25;2025-12-31;22;92.53963311066016
25;2025-12-31;23;23.84471170282029
26;2025-11-01;0;197.17327759251646
26;2025-11-01;1;0.0
26;2025-11-01;2;0.0
26;2025-11-01;3;0.0
26;2025-11-01;4;167.3491301613027
26;2025-11-01;5;237.52338913609185
26;2025-11-01;6;561.039855964214
26;2025-11-01;7;851.333379312735
26;2025-11-01;8;1468.0261893157144
26;2025-11-01;9;1227.1160230978971
26;2025-11-01;10;1013.4929606782853
26;2025-11-01;11;995.7209556027876
26;2025-11-01;12;1023.2415525055394
26;2025-11-01;13;1080.9570333081647
26;2025-11-01;14;1132.4921717943155
26;2025-11-01;15;1204.984697225811
26;2025-11-01;16;1338.075316996015
26;2025-11-01;17;1385.2685748549848
26;2025-11-01;18;1279.9263645050314
26;2025-11-01;19;1041.110540010053
26;2025-11-01;20;730.231172124109
26;2025-11-01;21;533.268154698578
26;2025-11-01;22;379.8052988951654
26;2025-11-01;23;284.2514745412154
26;2025-11-02;0;68.59020652041693
26;2025-11-02;1;0.0
26;2025-11-02;2;0.0
26;2025-11-02;3;0.0
26;2025-11-02;4;28.36098373644404
26;2025-11-02;5;54.786383290901995
26;2025-11-02;6;173.90310979905018
26;2025-11-02;7;296.8783454081856
26;2025-11-02;8;475.54520171769695
26;2025-11-02;9;544.7405099306237
26;2025-11-02;10;661.1888611908739
26;2025-11-02;11;862.04125819142
26;2025-11-02;12;885.6314114044912
26;2025-11-02;13;889.8820814910468
26;2025-11-02;14;933.4366007242684
26;2025-11-02;15;895.1947346390838
26;2025-11-02;16;868.0681064115043
26;2025-11-02;17;830.9354716719058
26;2025-11-02;18;765.2463333904896
26;2025-11-02;19;583.9567719455189
26;2025-11-02;20;441.3659159242448
26;2025-11-02;21;309.3823973778106
26;2025-11-02;22;198.0067875616569
26;2025-11-02;23;133.71786269919107
26;2025-11-03;0;110.65345928120041
26;2025-11-03;1;0.0
26;2025-11-03;2;0.0
26;2025-11-03;3;0.0
26;2025-11-03;4;66.17980405140634
26;2025-11-03;5;121.93987220882468
26;2025-11-03;6;298.72994888485266
26;2025-11-03;7;376.22637504676607
26;2025-11-03;8;649.2686446554244
26;2025-11-03;9;570.9960905927812
26;2025-11-03;10;627.9809602059613
26;2025-11-03;11;709.7416906646612
26;2025-11-03;12;736.9160320404046
26;2025-11-03;13;777.3928681281263
26;2025-11-03;14;783.3054812340882
26;2025-11-03;15;771.0821231078487
26;2025-11-03;16;782.150212933592
26;2025-11-03;17;821.6537977374725
26;2025-11-03;18;857.2065611701503
26;2025-11-03;19;644.8474310722983
26;2025-11-03;20;476.8612693032067
26;2025-11-03;21;353.1796775469322
26;2025-11-03;22;244.95174762991076
26;2025-11-03;23;163.73212887557622
26;2025-11-04;0;77.72360803946208
26;2025-11-04;1;0.0
26;2025-11-04;2;0.0
26;2025-11-04;3;0.0
26;2025-11-04;4;33.68255056285011
26;2025-11-04;5;88.70091953870906
26;2025-11-04;6;272.59185980146367
26;2025-11-04;7;365.6419817108222
26;2025-11-04;8;629.9032728054176
26;2025-11-04;9;570.1178365762268
26;2025-11-04;10;629.0022700970923
26;2025-11-04;11;716.6589929294075
26;2025-11-04;12;741.297229355608
26;2025-11-04;13;787.5544361522442
26;2025-11-04;14;829.8919469878739
26;2025-11-04;15;794.7226609332603
26;2025-11-04;16;819.6279969099888
26;2025-11-04;17;873.4096216945014
26;2025-11-04;18;903.8121562034304
26;2025-11-04;19;698.0846116629697
26;2025-11-04;20;475.5306474703274
26;2025-11-04;21;339.4984077301568
26;2025-11-04;22;234.45200745689897
26;2025-11-04;23;143.8820102367522
26;2025-11-05;0;32.22876637186289
26;2025-11-05;1;0.0
26;2025-11-05;2;0.0
26;2025-11-05;3;0.0
26;2025-11-05;4;0.0
26;2025-11-05;5;79.0278342732189
26;2025-11-05;6;478.31431431379485
26;2025-11-05;7;1090.254405581024
26;2025-11-05;8;2024.2438965382632
26;2025-11-05;9;1482.3513625172397
26;2025-11-05;10;1204.6816018402862
26;2025-11-05;11;1110.1479688670183
26;2025-11-05;12;1118.5989680046064
26;2025-11-05;13;1167.108106263988
26;2025-11-05;14;1233.6003814830965
26;2025-11-05;15;1358.048017239587
26;2025-11-05;16;1495.2123867074656
26;2025-11-05;17;1664.8462726608761
26;2025-11-05;18;1792.8671176544626
26;2025-11-05;19;1204.5487245420504
26;2025-11-05;20;741.6006367641595
26;2025-11-05;21;437.56105906681825
26;2025-11-05;22;227.86188291827222
26;2025-11-05;23;118.14793920960949
26;2025-11-06;0;33.29880646898505
26;2025-11-06;1;0.0
26;2025-11-06;2;0.0
26;2025-11-06;3;0.0
26;2025-11-06;4;8.909697976800885
26;2025-11-06;5;98.31517222480511
26;2025-11-06;6;482.80961947748233
26;2025-11-06;7;1101.5494940593303
26;2025-11-06;8;2031.8509168234536
26;2025-11-06;9;1491.1156149441608
26;2025-11-06;10;1209.0486502937545
26;2025-11-06;11;1104.0525470407135
26;2025-11-06;12;1147.468748278078
26;2025-11-06;13;1188.1542264381596
26;2025-11-06;14;1252.3268363898428
26;2025-11-06;15;1350.1368504334614
26;2025-11-06;16;1497.8128253404564
26;2025-11-06;17;1689.0111521375634
26;2025-11-06;18;1814.2941498451473
26;2025-11-06;19;1227.846931552515
26;2025-11-06;20;733.6770378604602
26;2025-11-06;21;445.27365783714106
26;2025-11-06;22;235.0964376242536
26;2025-11-06;23;121.29347885066738
26;2025-11-07;0;37.318232079727636
26;2025-11-07;1;0.0
26;2025-11-07;2;0.0
26;2025-11-07;3;0.0
26;2025-11-07;4;7.384600742624571
26;2025-11-07;5;97.65460483017273
26;2025-11-07;6;485.4133057689678
26;2025-11-07;7;1057.3972265558223
26;2025-11-07;8;1941.1713696630684
26;2025-11-07;9;1421.7653407474704
26;2025-11-07;10;1187.7652430843732
26;2025-11-07;11;1119.741925285543
26;2025-11-07;12;1139.6021455959735
26;2025-11-07;13;1191.5226450520215
26;2025-11-07;14;1249.2246694493056
26;2025-11-07;15;1373.3498779356464
26;2025-11-07;16;1543.920476514407
26;2025-11-07;17;1635.1448114658874
26;2025-11-07;18;1501.7846373593484
26;2025-11-07;19;1139.2436804143704
26;2025-11-07;20;736.5056835840604
26;2025-11-07;21;424.0589845549955
26;2025-11-07;22;230.0106303292747
26;2025-11-07;23;125.62252003187484
26;2025-11-08;0;44.190286437045984
26;2025-11-08;1;0.0
26;2025-11-08;2;0.0
26;2025-11-08;3;0.0
26;2025-11-08;4;1.4313812711126275
26;2025-11-08;5;52.13561289347865
26;2025-11-08;6;236.3820017848331
26;2025-11-08;7;353.2496251575182
26;2025-11-08;8;584.5760672978806
26;2025-11-08;9;655.8687383890675
26;2025-11-08;10;777.1422072945456
26;2025-11-08;11;928.678126731544
26;2025-11-08;12;956.9746554866207
26;2025-11-08;13;989.3269613122214
26;2025-11-08;14;992.5352384179782
26;2025-11-08;15;962.6285138862557
26;2025-11-08;16;950.876185607276
26;2025-11-08;17;927.5421992697055
26;2025-11-08;18;882.7006015848923
26;2025-11-08;19;739.145979259406
26;2025-11-08;20;518.1382530647909
26;2025-11-08;21;348.4809320168057
26;2025-11-08;22;211.83805050706388
26;2025-11-08;23;127.87219912717694
26;2025-11-09;0;44.90826758031369
26;2025-11-09;1;0.0
26;2025-11-09;2;0.0
26;2025-11-09;3;0.0
26;2025-11-09;4;0.0
26;2025-11-09;5;22.689235188063435
26;2025-11-09;6;148.411457618025
26;2025-11-09;7;248.3245414706094
26;2025-11-09;8;406.99788719461435
26;2025-11-09;9;490.61323886442614
26;2025-11-09;10;617.092501503001
26;2025-11-09;11;796.9166546197296
26;2025-11-09;12;823.6709903555324
26;2025-11-09;13;864.2071888130765
26;2025-11-09;14;867.7654962188373
26;2025-11-09;15;830.1414740596383
26;2025-11-09;16;811.8832484441932
26;2025-11-09;17;780.242262446375
26;2025-11-09;18;725.3400609889275
26;2025-11-09;19;547.9543519189124
26;2025-11-09;20;398.89846772235495
26;2025-11-09;21;267.7971539175004
26;2025-11-09;22;162.84055993087065
26;2025-11-09;23;96.37924575829697
26;2025-11-10;0;30.21849280680067
26;2025-11-10;1;0.0
26;2025-11-10;2;0.0
26;2025-11-10;3;0.0
26;2025-11-10;4;7.049371192038848
26;2025-11-10;5;90.32447408642122
26;2025-11-10;6;476.8788891990815
26;2025-11-10;7;1069.714430498276
26;2025-11-10;8;2001.980146644466
26;2025-11-10;9;1446.35739175651
26;2025-11-10;10;1172.4591195186092
26;2025-11-10;11;1088.2225384072965
26;2025-11-10;12;1097.5416173153242
26;2025-11-10;13;1157.4802156277317
26;2025-11-10;14;1207.1865331339043
26;2025-11-10;15;1314.1524615854858
26;2025-11-10;16;1465.7422883742736
26;2025-11-10;17;1668.5235937052666
26;2025-11-10;18;1796.4388014649721
26;2025-11-10;19;1212.1061119585045
26;2025-11-10;20;733.5347164721744
26;2025-11-10;21;423.0564647084603
26;2025-11-10;22;217.80260138091808
26;2025-11-10;23;109.22572280144811
26;2025-11-11;0;25.376212941834297
26;2025-11-11;1;0.0
26;2025-11-11;2;0.0
26;2025-11-11;3;0.0
26;2025-11-11;4;4.437939030894995
26;2025-11-11;5;91.2449708696198
26;2025-11-11;6;475.0787955026467
26;2025-11-11;7;1068.886565109217
26;2025-11-11;8;1999.565796149856
26;2025-11-11;9;1457.3021986215892
26;2025-11-11;10;1195.1840624727927
26;2025-11-11;11;1096.5932431182014
26;2025-11-11;12;1109.5201096235246
26;2025-11-11;13;1159.1492290435444
26;2025-11-11;14;1217.9638292740499
26;2025-11-11;15;1318.6451923397085
26;2025-11-11;16;1478.358521634859
26;2025-11-11;17;1709.1692034850166
26;2025-11-11;18;1834.9908859065324
26;2025-11-11;19;1234.0544566835674
26;2025-11-11;20;730.8495853447723
26;2025-11-11;21;428.17596381843276
26;2025-11-11;22;215.5731129018743
26;2025-11-11;23;106.60609705303455
26;2025-11-12;0;32.24814720546772
26;2025-11-12;1;0.0
26;2025-11-12;2;0.0
26;2025-11-12;3;0.0
26;2025-11-12;4;3.6176170815490423
26;2025-11-12;5;86.56442846551033
26;2025-11-12;6;472.0578358523494
26;2025-11-12;7;1077.0122820881395
26;2025-11-12;8;1978.7943274112033
26;2025-11-12;9;1451.9530042930485
26;2025-11-12;10;1142.937375732929
26;2025-11-12;11;1047.5820499983272
26;2025-11-12;12;1053.2322617428995
26;2025-11-12;13;1093.0929439160857
26;2025-11-12;14;1150.9936089268865
26;2025-11-12;15;1268.7091219356696
26;2025-11-12;16;1424.3773090859281
26;2025-11-12;17;1616.3296352780178
26;2025-11-12;18;1763.7396713926803
26;2025-11-12;19;1187.4815812296051
26;2025-11-12;20;718.0648832157144
26;2025-11-12;21;428.85968935234047
26;2025-11-12;22;221.08987970746932
26;2025-11-12;23;113.72753471465796
26;2025-11-13;0;29.483640825060775
26;2025-11-13;1;0.0
26;2025-11-13;2;0.0
26;2025-11-13;3;0.0
26;2025-11-13;4;3.5896243431579933
26;2025-11-13;5;92.7460441931155
26;2025-11-13;6;476.3869112760637
26;2025-11-13;7;1059.186299984462
26;2025-11-13;8;1973.0040327420772
26;2025-11-13;9;1455.6383466122522
26;2025-11-13;10;1166.4221673422076
26;2025-11-13;11;1089.3628639944886
26;2025-11-13;12;1103.8813404086993
26;2025-11-13;13;1168.1670674855104
26;2025-11-13;14;1203.344580812625
26;2025-11-13;15;1305.7266833538733
26;2025-11-13;16;1438.5026944669648
26;2025-11-13;17;1612.8263929503541
26;2025-11-13;18;1722.5982569443097
26;2025-11-13;19;1190.6848870858448
26;2025-11-13;20;732.3833542793429
26;2025-11-13;21;431.7598924890296
26;2025-11-13;22;225.51978915182258
26;2025-11-13;23;116.22856708514757
26;2025-11-14;0;32.77811190187856
26;2025-11-14;1;0.0
26;2025-11-14;2;0.0
26;2025-11-14;3;0.0
26;2025-11-14;4;3.2656183721311436
26;2025-11-14;5;87.01360739716233
26;2025-11-14;6;476.78411730567655
26;2025-11-14;7;1049.9074979946263
26;2025-11-14;8;1876.6222853301426
26;2025-11-14;9;1384.0219425004743
26;2025-11-14;10;1146.6854739856892
26;2025-11-14;11;1058.8128256174143
26;2025-11-14;12;1084.33835864658
26;2025-11-14;13;1138.9433835228676
26;2025-11-14;14;1191.6497025138478
26;2025-11-14;15;1311.5300419576117
26;2025-11-14;16;1470.8725398794672
26;2025-11-14;17;1558.481105104768
26;2025-11-14;18;1414.6311414097718
26;2025-11-14;19;1112.8006166675975
26;2025-11-14;20;708.7387976715593
26;2025-11-14;21;418.2413862914483
26;2025-11-14;22;216.32283094704297
26;2025-11-14;23;115.88223096762908
26;2025-11-15;0;44.28146460527
26;2025-11-15;1;0.0
26;2025-11-15;2;0.0
26;2025-11-15;3;0.0
26;2025-11-15;4;5.591640447991267
26;2025-11-15;5;48.24743483463169
26;2025-11-15;6;243.9362603515787
26;2025-11-15;7;345.1475111250514
26;2025-11-15;8;555.3731019745765
26;2025-11-15;9;592.7220111124936
26;2025-11-15;10;713.7937975719112
26;2025-11-15;11;830.8485332964991
26;2025-11-15;12;862.6356842723696
26;2025-11-15;13;888.1136857870039
26;2025-11-15;14;900.2488289896982
26;2025-11-15;15;873.6169574754337
26;2025-11-15;16;851.0021969983042
26;2025-11-15;17;827.0405699723216
26;2025-11-15;18;785.9817182161739
26;2025-11-15;19;678.9234788802285
26;2025-11-15;20;485.2649344030957
26;2025-11-15;21;319.39262050724415
26;2025-11-15;22;200.72976278591227
26;2025-11-15;23;120.6360401244209
26;2025-11-16;0;51.70424827421368
26;2025-11-16;1;0.0
26;2025-11-16;2;0.0
26;2025-11-16;3;0.0
26;2025-11-16;4;6.598773189392091
26;2025-11-16;5;26.79623627518231
26;2025-11-16;6;152.95744898737803
26;2025-11-16;7;219.38069014131662
26;2025-11-16;8;370.87251328414817
26;2025-11-16;9;451.3240216111856
26;2025-11-16;10;580.2437964495977
26;2025-11-16;11;735.6070218730833
26;2025-11-16;12;754.7919589563937
26;2025-11-16;13;787.7828758086786
26;2025-11-16;14;786.2450786292285
26;2025-11-16;15;755.1722049240537
26;2025-11-16;16;733.4750305942032
26;2025-11-16;17;693.8740698787944
26;2025-11-16;18;663.9630791680742
26;2025-11-16;19;514.612602559735
26;2025-11-16;20;390.11811927102
26;2025-11-16;21;264.56057992800504
26;2025-11-16;22;156.10310255743116
26;2025-11-16;23;90.11515536030572
26;2025-11-17;0;34.0445506324412
26;2025-11-17;1;0.0
26;2025-11-17;2;0.0
26;2025-11-17;3;0.0
26;2025-11-17;4;4.588483237605487
26;2025-11-17;5;82.37280453274877
26;2025-11-17;6;467.8150301437271
26;2025-11-17;7;1010.5104696129845
26;2025-11-17;8;1836.6259130159995
26;2025-11-17;9;1349.6568828735585
26;2025-11-17;10;1077.9216299744753
26;2025-11-17;11;982.4203535938877
26;2025-11-17;12;988.8350128269385
26;2025-11-17;13;1000.1265194120583
26;2025-11-17;14;1042.3342026272765
26;2025-11-17;15;1133.8355138993059
26;2025-11-17;16;1299.3282005401327
26;2025-11-17;17;1506.8189285949825
26;2025-11-17;18;1637.2729714346751
26;2025-11-17;19;1134.4741660423683
26;2025-11-17;20;687.2159819391609
26;2025-11-17;21;397.32293073042945
26;2025-11-17;22;202.26219402905178
26;2025-11-17;23;100.10141196811742
26;2025-11-18;0;35.85877449958684
26;2025-11-18;1;0.0
26;2025-11-18;2;0.0
26;2025-11-18;3;0.0
26;2025-11-18;4;0.40136208683509267
26;2025-11-18;5;91.22698726550539
26;2025-11-18;6;480.9273941449771
26;2025-11-18;7;1037.1393050252552
26;2025-11-18;8;1860.091780532921
26;2025-11-18;9;1340.2840439978527
26;2025-11-18;10;1074.993988140775
26;2025-11-18;11;1010.7416455671008
26;2025-11-18;12;1017.0200326249326
26;2025-11-18;13;1042.9591547048751
26;2025-11-18;14;1076.0829912141814
26;2025-11-18;15;1181.888180296658
26;2025-11-18;16;1328.4627099557947
26;2025-11-18;17;1534.0600839884726
26;2025-11-18;18;1631.1292710584426
26;2025-11-18;19;1138.7522863396682
26;2025-11-18;20;693.7168857546377
26;2025-11-18;21;399.38273849323235
26;2025-11-18;22;203.17396056071397
26;2025-11-18;23;96.14668499070967
26;2025-11-19;0;27.910292609817702
26;2025-11-19;1;0.0
26;2025-11-19;2;0.0
26;2025-11-19;3;0.0
26;2025-11-19;4;6.134317965950345
26;2025-11-19;5;90.8462563792209
26;2025-11-19;6;476.0173937007176
26;2025-11-19;7;1020.3092729243722
26;2025-11-19;8;1851.822188715042
26;2025-11-19;9;1363.2136565855
26;2025-11-19;10;1125.7692247541283
26;2025-11-19;11;1031.9569684850155
26;2025-11-19;12;1024.5362480753847
26;2025-11-19;13;1058.1325466199507
26;2025-11-19;14;1095.8227985853468
26;2025-11-19;15;1199.5391606036355
26;2025-11-19;16;1367.6516665560914
26;2025-11-19;17;1553.963557131745
26;2025-11-19;18;1683.5944008518582
26;2025-11-19;19;1180.6123022722286
26;2025-11-19;20;707.7552155746924
26;2025-11-19;21;422.1176746521453
26;2025-11-19;22;216.90030562342645
26;2025-11-19;23;115.1045837608383
26;2025-11-20;0;43.695281742163615
26;2025-11-20;1;0.0
26;2025-11-20;2;0.0
26;2025-11-20;3;0.0
26;2025-11-20;4;8.182350332089982
26;2025-11-20;5;89.24714206824763
26;2025-11-20;6;478.7749698664001
26;2025-11-20;7;1006.3648298820833
26;2025-11-20;8;1848.31590270603
26;2025-11-20;9;1373.477636839139
26;2025-11-20;10;1114.9366465207765
26;2025-11-20;11;1024.0481221496782
26;2025-11-20;12;1035.2540537955847
26;2025-11-20;13;1089.1923475880437
26;2025-11-20;14;1119.5746390076768
26;2025-11-20;15;1228.0058150306281
26;2025-11-20;16;1364.8545811040076
26;2025-11-20;17;1563.6319798811444
26;2025-11-20;18;1721.1248519245512
26;2025-11-20;19;1190.449747505967
26;2025-11-20;20;710.2056644322962
26;2025-11-20;21;428.17655263594406
26;2025-11-20;22;219.6386347551309
26;2025-11-20;23;121.72984497146831
26;2025-11-21;0;38.460499645855975
26;2025-11-21;1;0.0
26;2025-11-21;2;0.0
26;2025-11-21;3;0.0
26;2025-11-21;4;2.0534288581269493
26;2025-11-21;5;76.62550050698508
26;2025-11-21;6;455.4233859455208
26;2025-11-21;7;976.6262119522037
26;2025-11-21;8;1791.9813016658647
26;2025-11-21;9;1317.3698512435114
26;2025-11-21;10;1084.2866392678925
26;2025-11-21;11;1018.6587578955949
26;2025-11-21;12;1030.8952015854175
26;2025-11-21;13;1096.3685776309553
26;2025-11-21;14;1145.445700765896
26;2025-11-21;15;1248.2005124876343
26;2025-11-21;16;1404.7833786355645
26;2025-11-21;17;1504.1518101000497
26;2025-11-21;18;1390.031404184552
26;2025-11-21;19;1095.5615071563839
26;2025-11-21;20;692.9720422682144
26;2025-11-21;21;408.6222421090407
26;2025-11-21;22;214.2676306543476
26;2025-11-21;23;112.6946236133931
26;2025-11-22;0;48.390999744791316
26;2025-11-22;1;0.0
26;2025-11-22;2;0.0
26;2025-11-22;3;0.0
26;2025-11-22;4;0.0
26;2025-11-22;5;33.75342797176438
26;2025-11-22;6;224.0761543392848
26;2025-11-22;7;320.70242311704345
26;2025-11-22;8;538.675640856112
26;2025-11-22;9;590.9741856924136
26;2025-11-22;10;724.7259968177099
26;2025-11-22;11;853.6580564779501
26;2025-11-22;12;894.5905266263975
26;2025-11-22;13;937.2591779220824
26;2025-11-22;14;921.1465848047247
26;2025-11-22;15;892.3952365256603
26;2025-11-22;16;862.9094192488127
26;2025-11-22;17;859.4218523661837
26;2025-11-22;18;814.5957101450358
26;2025-11-22;19;710.3426313459474
26;2025-11-22;20;504.3616038635239
26;2025-11-22;21;310.06620224608054
26;2025-11-22;22;188.94376102797696
26;2025-11-22;23;114.99935451335216
26;2025-11-23;0;43.748129478465216
26;2025-11-23;1;0.0
26;2025-11-23;2;0.0
26;2025-11-23;3;0.0
26;2025-11-23;4;2.0065570705788787
26;2025-11-23;5;42.09968742831916
26;2025-11-23;6;166.2481083085653
26;2025-11-23;7;244.0790967316048
26;2025-11-23;8;402.9399704813716
26;2025-11-23;9;468.31752567827266
26;2025-11-23;10;603.1913493291349
26;2025-11-23;11;750.102246303983
26;2025-11-23;12;777.178301936344
26;2025-11-23;13;824.5834846247785
26;2025-11-23;14;799.2532980605985
26;2025-11-23;15;763.9663602352251
26;2025-11-23;16;708.3449743204234
26;2025-11-23;17;695.313613720511
26;2025-11-23;18;651.2356558267917
26;2025-11-23;19;513.570445853567
26;2025-11-23;20;370.6365090235219
26;2025-11-23;21;268.86900423926215
26;2025-11-23;22;160.50476496885597
26;2025-11-23;23;94.6927610519424
26;2025-11-24;0;21.399608946445596
26;2025-11-24;1;0.0
26;2025-11-24;2;0.0
26;2025-11-24;3;0.0
26;2025-11-24;4;8.184119691485876
26;2025-11-24;5;89.33681405872505
26;2025-11-24;6;470.9888594016404
26;2025-11-24;7;1020.1591829777201
26;2025-11-24;8;1891.6175184075082
26;2025-11-24;9;1363.920537199106
26;2025-11-24;10;1061.4524998664297
26;2025-11-24;11;970.7518654057105
26;2025-11-24;12;1016.5876067238876
26;2025-11-24;13;1055.5165620410025
26;2025-11-24;14;1102.550693287711
26;2025-11-24;15;1212.7023498472172
26;2025-11-24;16;1377.7591398170018
26;2025-11-24;17;1564.384747145035
26;2025-11-24;18;1705.09270613549
26;2025-11-24;19;1149.6197113913856
26;2025-11-24;20;706.9652618949248
26;2025-11-24;21;408.0432123438374
26;2025-11-24;22;204.9991423707325
26;2025-11-24;23;102.42537265774376
26;2025-11-25;0;30.818110629044895
26;2025-11-25;1;0.0
26;2025-11-25;2;0.0
26;2025-11-25;3;0.0
26;2025-11-25;4;13.759770988724767
26;2025-11-25;5;100.23196645463906
26;2025-11-25;6;484.0753875219789
26;2025-11-25;7;1041.5243337838115
26;2025-11-25;8;1908.9110514604745
26;2025-11-25;9;1403.423383386269
26;2025-11-25;10;1116.3681793786504
26;2025-11-25;11;1035.0478197297225
26;2025-11-25;12;1037.6450061296769
26;2025-11-25;13;1078.9466582778807
26;2025-11-25;14;1124.904533395984
26;2025-11-25;15;1253.424788114612
26;2025-11-25;16;1400.271932912573
26;2025-11-25;17;1588.396669329608
26;2025-11-25;18;1720.91316073403
26;2025-11-25;19;1167.59021906752
26;2025-11-25;20;713.7476137306186
26;2025-11-25;21;415.122928074391
26;2025-11-25;22;213.69806140942444
26;2025-11-25;23;105.91671666844456
26;2025-11-26;0;30.345250612216432
26;2025-11-26;1;0.0
26;2025-11-26;2;0.0
26;2025-11-26;3;0.0
26;2025-11-26;4;14.25271370314772
26;2025-11-26;5;82.23417192357226
26;2025-11-26;6;468.50732504929624
26;2025-11-26;7;993.2767608140123
26;2025-11-26;8;1891.685662366507
26;2025-11-26;9;1350.9498459096894
26;2025-11-26;10;1083.7454652702152
26;2025-11-26;11;996.908915720679
26;2025-11-26;12;1037.2136791171138
26;2025-11-26;13;1065.833709165343
26;2025-11-26;14;1135.7453978865576
26;2025-11-26;15;1231.4842849998176
26;2025-11-26;16;1366.8540457103918
26;2025-11-26;17;1535.4767235109757
26;2025-11-26;18;1710.1673817516103
26;2025-11-26;19;1169.24204340828
26;2025-11-26;20;700.4073581721523
26;2025-11-26;21;409.47054081680227
26;2025-11-26;22;216.68884297152294
26;2025-11-26;23;111.65953543793614
26;2025-11-27;0;37.157002915168846
26;2025-11-27;1;0.0
26;2025-11-27;2;0.0
26;2025-11-27;3;0.0
26;2025-11-27;4;7.766251837488198
26;2025-11-27;5;84.71358219274373
26;2025-11-27;6;463.44394322246967
26;2025-11-27;7;989.6435050984576
26;2025-11-27;8;1863.6348210703186
26;2025-11-27;9;1356.536604080708
26;2025-11-27;10;1070.8667564057914
26;2025-11-27;11;972.8772368488707
26;2025-11-27;12;983.5278060282538
26;2025-11-27;13;1048.9583400233034
26;2025-11-27;14;1081.1478674485961
26;2025-11-27;15;1216.8855413812676
26;2025-11-27;16;1344.143382706004
26;2025-11-27;17;1498.8777017436687
26;2025-11-27;18;1644.614506167698
26;2025-11-27;19;1128.9099187833158
26;2025-11-27;20;680.0374942256661
26;2025-11-27;21;403.86368132776136
26;2025-11-27;22;217.35957128141058
26;2025-11-27;23;108.40777255932846
26;2025-11-28;0;33.430904356431256
26;2025-11-28;1;0.0
26;2025-11-28;2;0.0
26;2025-11-28;3;0.0
26;2025-11-28;4;5.77479855403908
26;2025-11-28;5;88.11198879466554
26;2025-11-28;6;466.91566842479585
26;2025-11-28;7;997.6664087096433
26;2025-11-28;8;1850.982439883862
26;2025-11-28;9;1350.297962109574
26;2025-11-28;10;1107.3664534279733
26;2025-11-28;11;1037.8725587186973
26;2025-11-28;12;1046.1114711340363
26;2025-11-28;13;1105.1357553628482
26;2025-11-28;14;1161.4096990006092
26;2025-11-28;15;1291.026926662662
26;2025-11-28;16;1461.407137509682
26;2025-11-28;17;1538.054609572072
26;2025-11-28;18;1429.6679958153873
26;2025-11-28;19;1079.7990226535444
26;2025-11-28;20;697.3257601083602
26;2025-11-28;21;405.4599014602445
26;2025-11-28;22;216.72692081775114
26;2025-11-28;23;118.62061539808224
26;2025-11-29;0;56.43534731414729
26;2025-11-29;1;0.0
26;2025-11-29;2;0.0
26;2025-11-29;3;0.0
26;2025-11-29;4;14.486117114146737
26;2025-11-29;5;67.66833319895693
26;2025-11-29;6;240.42217037964008
26;2025-11-29;7;332.51931154603034
26;2025-11-29;8;541.0971653729722
26;2025-11-29;9;612.9449425064671
26;2025-11-29;10;741.6133894221524
26;2025-11-29;11;878.8224189058028
26;2025-11-29;12;913.3825200205392
26;2025-11-29;13;944.3324431060527
26;2025-11-29;14;945.0427074462488
26;2025-11-29;15;930.7253412047453
26;2025-11-29;16;909.657195051634
26;2025-11-29;17;868.3453697087486
26;2025-11-29;18;804.9676154048944
26;2025-11-29;19;708.5573367409337
26;2025-11-29;20;516.2737481111708
26;2025-11-29;21;332.2951279833421
26;2025-11-29;22;210.4490778210673
26;2025-11-29;23;121.49957129835968
26;2025-11-30;0;54.57526348305862
26;2025-11-30;1;0.0
26;2025-11-30;2;0.0
26;2025-11-30;3;0.0
26;2025-11-30;4;0.0
26;2025-11-30;5;21.579827102666513
26;2025-11-30;6;149.50872029169386
26;2025-11-30;7;205.37997916301686
26;2025-11-30;8;355.6703107645037
26;2025-11-30;9;450.51825464045857
26;2025-11-30;10;565.1502386449408
26;2025-11-30;11;741.466433386703
26;2025-11-30;12;772.0393876009437
26;2025-11-30;13;818.0467340302632
26;2025-11-30;14;815.2288420454705
26;2025-11-30;15;794.143874108607
26;2025-11-30;16;769.5378429390541
26;2025-11-30;17;716.6671356143189
26;2025-11-30;18;659.8621635208788
26;2025-11-30;19;508.37945514034595
26;2025-11-30;20;396.84834624628877
26;2025-11-30;21;270.67106162452825
26;2025-11-30;22;165.70092313654277
26;2025-11-30;23;98.06455884662773
26;2025-12-01;0;21.151240283032053
26;2025-12-01;1;0.0
26;2025-12-01;2;0.0
26;2025-12-01;3;0.0
26;2025-12-01;4;8.993666978940496
26;2025-12-01;5;82.6925340553505
26;2025-12-01;6;460.55684000130594
26;2025-12-01;7;969.0954331480219
26;2025-12-01;8;1861.3728028106411
26;2025-12-01;9;1339.781654032721
26;2025-12-01;10;1048.066107500096
26;2025-12-01;11;960.4596894676376
26;2025-12-01;12;973.2754024476803
26;2025-12-01;13;1035.7753535082622
26;2025-12-01;14;1072.093875153644
26;2025-12-01;15;1202.4906913543603
26;2025-12-01;16;1328.0439564579206
26;2025-12-01;17;1507.9613919976016
26;2025-12-01;18;1627.4292185650852
26;2025-12-01;19;1100.4820181833002
26;2025-12-01;20;671.4520560791091
26;2025-12-01;21;382.616112141971
26;2025-12-01;22;193.55097170273314
26;2025-12-01;23;91.78246928571627
26;2025-12-02;0;25.034794313792077
26;2025-12-02;1;0.0
26;2025-12-02;2;0.0
26;2025-12-02;3;0.0
26;2025-12-02;4;4.476347060071703
26;2025-12-02;5;79.40021267987004
26;2025-12-02;6;448.1818788428364
26;2025-12-02;7;968.9839671676916
26;2025-12-02;8;1832.096212894787
26;2025-12-02;9;1338.4606742242509
26;2025-12-02;10;1058.009577984529
26;2025-12-02;11;977.1254698351559
26;2025-12-02;12;996.8151751526561
26;2025-12-02;13;1060.5984861051907
26;2025-12-02;14;1106.9316041085453
26;2025-12-02;15;1224.476218628456
26;2025-12-02;16;1355.086826810158
26;2025-12-02;17;1539.939579294348
26;2025-12-02;18;1672.354401266269
26;2025-12-02;19;1142.0112663447871
26;2025-12-02;20;684.0269679067447
26;2025-12-02;21;398.82517569293185
26;2025-12-02;22;202.27675249131778
26;2025-12-02;23;97.21476938889009
26;2025-12-03;0;29.909826341063763
26;2025-12-03;1;0.0
26;2025-12-03;2;0.0
26;2025-12-03;3;0.0
26;2025-12-03;4;7.512580443304046
26;2025-12-03;5;82.82889645337332
26;2025-12-03;6;459.5521648244694
26;2025-12-03;7;972.0261238786986
26;2025-12-03;8;1858.6499818574387
26;2025-12-03;9;1345.381447247671
26;2025-12-03;10;1067.3859553303537
26;2025-12-03;11;995.710589908427
26;2025-12-03;12;990.6899014017167
26;2025-12-03;13;1040.5839467473
26;2025-12-03;14;1089.7839730333212
26;2025-12-03;15;1207.9722375416918
26;2025-12-03;16;1379.0651094634677
26;2025-12-03;17;1546.3122589882632
26;2025-12-03;18;1683.7834279681424
26;2025-12-03;19;1123.6547033578124
26;2025-12-03;20;674.4922382227815
26;2025-12-03;21;406.7441528049321
26;2025-12-03;22;205.90418447904955
26;2025-12-03;23;104.34892879706558
26;2025-12-04;0;35.70102708736829
26;2025-12-04;1;0.0
26;2025-12-04;2;0.0
26;2025-12-04;3;0.0
26;2025-12-04;4;8.049187911375611
26;2025-12-04;5;85.82414640677587
26;2025-12-04;6;469.07967793554417
26;2025-12-04;7;982.4403846834521
26;2025-12-04;8;1853.5390011019765
26;2025-12-04;9;1349.671223274584
26;2025-12-04;10;1063.9296845895706
26;2025-12-04;11;976.712731315432
26;2025-12-04;12;998.42262712043
26;2025-12-04;13;1059.348645923593
26;2025-12-04;14;1111.97253196613
26;2025-12-04;15;1231.8809520631985
26;2025-12-04;16;1359.1532053883197
26;2025-12-04;17;1512.4429755031485
26;2025-12-04;18;1657.6101192190426
26;2025-12-04;19;1124.8809076212763
26;2025-12-04;20;696.9729515396917
26;2025-12-04;21;408.5023292283646
26;2025-12-04;22;208.83197878812183
26;2025-12-04;23;108.29644000853136
26;2025-12-05;0;30.963470139297783
26;2025-12-05;1;0.0
26;2025-12-05;2;0.0
26;2025-12-05;3;0.0
26;2025-12-05;4;10.178645145824248
26;2025-12-05;5;86.0001355713423
26;2025-12-05;6;469.2436927331314
26;2025-12-05;7;967.8558423695563
26;2025-12-05;8;1820.9526588058968
26;2025-12-05;9;1330.1487546902185
26;2025-12-05;10;1066.058806064181
26;2025-12-05;11;1008.6518547678646
26;2025-12-05;12;1029.5233071613807
26;2025-12-05;13;1109.015506885479
26;2025-12-05;14;1162.8304072862834
26;2025-12-05;15;1286.3302682363746
26;2025-12-05;16;1440.2270481818189
26;2025-12-05;17;1507.20496347512
26;2025-12-05;18;1404.040627177339
26;2025-12-05;19;1086.7771034643836
26;2025-12-05;20;704.3631025881771
26;2025-12-05;21;411.13081137968067
26;2025-12-05;22;217.70802806872302
26;2025-12-05;23;116.88004990312243
26;2025-12-06;0;48.59799421726984
26;2025-12-06;1;0.0
26;2025-12-06;2;0.0
26;2025-12-06;3;0.0
26;2025-12-06;4;6.600112695056396
26;2025-12-06;5;51.544555379876215
26;2025-12-06;6;230.04442872431076
26;2025-12-06;7;303.0426366015171
26;2025-12-06;8;506.51510004689146
26;2025-12-06;9;577.9907789427812
26;2025-12-06;10;711.0927524457537
26;2025-12-06;11;862.0747506568872
26;2025-12-06;12;892.5208560785361
26;2025-12-06;13;925.6829369010424
26;2025-12-06;14;921.8743926183931
26;2025-12-06;15;913.3446867994638
26;2025-12-06;16;905.8835822199353
26;2025-12-06;17;853.5438681026938
26;2025-12-06;18;793.627370057197
26;2025-12-06;19;699.1679879461069
26;2025-12-06;20;519.4682152641626
26;2025-12-06;21;324.17128868758783
26;2025-12-06;22;197.80853525235966
26;2025-12-06;23;111.00187773269624
26;2025-12-07;0;50.99745688919029
26;2025-12-07;1;0.0
26;2025-12-07;2;0.0
26;2025-12-07;3;0.0
26;2025-12-07;4;1.7376170268704527
26;2025-12-07;5;23.47430814358654
26;2025-12-07;6;148.64664536306168
26;2025-12-07;7;203.7049445017047
26;2025-12-07;8;339.30797758291254
26;2025-12-07;9;426.32780568883305
26;2025-12-07;10;549.710061015758
26;2025-12-07;11;725.5446394191023
26;2025-12-07;12;748.9628930287262
26;2025-12-07;13;795.8980825541953
26;2025-12-07;14;795.1825629393068
26;2025-12-07;15;772.9814967633495
26;2025-12-07;16;752.402935218878
26;2025-12-07;17;691.1964055352541
26;2025-12-07;18;616.394528988411
26;2025-12-07;19;497.7136877594926
26;2025-12-07;20;383.6063243679013
26;2025-12-07;21;265.69851935822686
26;2025-12-07;22;162.37365121506457
26;2025-12-07;23;98.54939539634233
26;2025-12-08;0;25.475304480553177
26;2025-12-08;1;0.0
26;2025-12-08;2;0.0
26;2025-12-08;3;0.0
26;2025-12-08;4;5.103094781206323
26;2025-12-08;5;79.8624080708646
26;2025-12-08;6;466.392194586428
26;2025-12-08;7;978.4648856176422
26;2025-12-08;8;1876.775539217828
26;2025-12-08;9;1350.9096924044925
26;2025-12-08;10;1046.1203052220872
26;2025-12-08;11;960.7380445485085
26;2025-12-08;12;971.1183040509871
26;2025-12-08;13;1023.3923579787635
26;2025-12-08;14;1050.295671475894
26;2025-12-08;15;1183.0486188567975
26;2025-12-08;16;1322.5269817021979
26;2025-12-08;17;1492.9654418371128
26;2025-12-08;18;1617.9264018711854
26;2025-12-08;19;1077.0255142620608
26;2025-12-08;20;667.8128122276673
26;2025-12-08;21;375.1575181130045
26;2025-12-08;22;187.36899159024813
26;2025-12-08;23;81.24597435629471
26;2025-12-09;0;12.729410452298339
26;2025-12-09;1;0.0
26;2025-12-09;2;0.0
26;2025-12-09;3;0.0
26;2025-12-09;4;0.683725730453034
26;2025-12-09;5;71.96842782871738
26;2025-12-09;6;456.36775114376474
26;2025-12-09;7;979.5934215736993
26;2025-12-09;8;1846.5514227811234
26;2025-12-09;9;1345.6611063451062
26;2025-12-09;10;1048.8617501295298
26;2025-12-09;11;964.361330345209
26;2025-12-09;12;982.8644319386515
26;2025-12-09;13;1029.7223951859487
26;2025-12-09;14;1055.4149081499215
26;2025-12-09;15;1171.8542160799432
26;2025-12-09;16;1296.7995427529258
26;2025-12-09;17;1483.2626800957173
26;2025-12-09;18;1597.0985231474765
26;2025-12-09;19;1091.2747322585162
26;2025-12-09;20;656.2666192852574
26;2025-12-09;21;371.9493851061354
26;2025-12-09;22;190.5511301922138
26;2025-12-09;23;86.56976426094491
26;2025-12-10;0;15.869615462808156
26;2025-12-10;1;0.0
26;2025-12-10;2;0.0
26;2025-12-10;3;0.0
26;2025-12-10;4;7.301670183621582
26;2025-12-10;5;71.05153447774364
26;2025-12-10;6;448.81631373420095
26;2025-12-10;7;957.956893751972
26;2025-12-10;8;1812.2168144532718
26;2025-12-10;9;1324.2747751527495
26;2025-12-10;10;1019.4734352321655
26;2025-12-10;11;935.5703928444781
26;2025-12-10;12;975.5378001767081
26;2025-12-10;13;1021.4024442989105
26;2025-12-10;14;1067.6894425428297
26;2025-12-10;15;1193.5718527087943
26;2025-12-10;16;1336.4418317147718
26;2025-12-10;17;1516.9518643717101
26;2025-12-10;18;1620.3255600732382
26;2025-12-10;19;1122.479762583227
26;2025-12-10;20;674.6768234987375
26;2025-12-10;21;400.043803401368
26;2025-12-10;22;204.39069251803005
26;2025-12-10;23;101.61302081359474
26;2025-12-11;0;32.68356704575626
26;2025-12-11;1;0.0
26;2025-12-11;2;0.0
26;2025-12-11;3;0.0
26;2025-12-11;4;8.31979619581125
26;2025-12-11;5;79.51078819015936
26;2025-12-11;6;460.43898828009156
26;2025-12-11;7;970.131608185952
26;2025-12-11;8;1807.0138267769248
26;2025-12-11;9;1292.761965713647
26;2025-12-11;10;1040.509926286121
26;2025-12-11;11;978.7057117697996
26;2025-12-11;12;988.1140614649806
26;2025-12-11;13;1040.3045758978044
26;2025-12-11;14;1074.834513749307
26;2025-12-11;15;1195.1260587180013
26;2025-12-11;16;1329.1308703516374
26;2025-12-11;17;1480.6328695682878
26;2025-12-11;18;1583.511488731453
26;2025-12-11;19;1105.4516374208097
26;2025-12-11;20;672.5269374870883
26;2025-12-11;21;396.65932112996273
26;2025-12-11;22;201.4747055130398
26;2025-12-11;23;107.29680383344021
26;2025-12-12;0;27.952224827854366
26;2025-12-12;1;0.0
26;2025-12-12;2;0.0
26;2025-12-12;3;0.0
26;2025-12-12;4;3.6080640617694826
26;2025-12-12;5;75.99539498033312
26;2025-12-12;6;461.933711338761
26;2025-12-12;7;964.2646690987201
26;2025-12-12;8;1806.8704376537974
26;2025-12-12;9;1289.6073835840516
26;2025-12-12;10;1050.1458711080468
26;2025-12-12;11;973.892004448908
26;2025-12-12;12;991.6642349193264
26;2025-12-12;13;1034.4808587011494
26;2025-12-12;14;1081.306127256958
26;2025-12-12;15;1201.6933854000417
26;2025-12-12;16;1343.2270165364384
26;2025-12-12;17;1437.812521187758
26;2025-12-12;18;1279.5176941125324
26;2025-12-12;19;1021.1151645136289
26;2025-12-12;20;654.626042301043
26;2025-12-12;21;366.3077918741204
26;2025-12-12;22;185.59108572496427
26;2025-12-12;23;98.04200279980682
26;2025-12-13;0;37.37177155152767
26;2025-12-13;1;0.0
26;2025-12-13;2;0.0
26;2025-12-13;3;0.0
26;2025-12-13;4;0.0
26;2025-12-13;5;35.0074450272142
26;2025-12-13;6;221.23893452526954
26;2025-12-13;7;292.3531540824164
26;2025-12-13;8;504.7256348747444
26;2025-12-13;9;560.7513243684332
26;2025-12-13;10;682.088724931633
26;2025-12-13;11;822.8138903650953
26;2025-12-13;12;845.6778291999609
26;2025-12-13;13;895.2675377241155
26;2025-12-13;14;891.7907585285624
26;2025-12-13;15;867.8602696582343
26;2025-12-13;16;855.8240704638278
26;2025-12-13;17;801.7979255708091
26;2025-12-13;18;786.2908253910514
26;2025-12-13;19;675.4927314221475
26;2025-12-13;20;475.22390629109725
26;2025-12-13;21;307.2033453396316
26;2025-12-13;22;196.3916248868137
26;2025-12-13;23;112.98494720592544
26;2025-12-14;0;47.71891339607703
26;2025-12-14;1;0.0
26;2025-12-14;2;0.0
26;2025-12-14;3;0.0
26;2025-12-14;4;2.222977763918948
26;2025-12-14;5;24.639485378056634
26;2025-12-14;6;148.70014553256408
26;2025-12-14;7;190.97416107709046
26;2025-12-14;8;362.7249177377428
26;2025-12-14;9;423.81306722721473
26;2025-12-14;10;557.7060210468449
26;2025-12-14;11;740.8923576197379
26;2025-12-14;12;760.7227203566241
26;2025-12-14;13;804.532440306683
26;2025-12-14;14;787.7222849941874
26;2025-12-14;15;764.6500144481662
26;2025-12-14;16;736.1212775023565
26;2025-12-14;17;690.6843153251792
26;2025-12-14;18;663.5550092590788
26;2025-12-14;19;503.9480210381733
26;2025-12-14;20;380.57128402277795
26;2025-12-14;21;261.94441626827245
26;2025-12-14;22;161.8533248145378
26;2025-12-14;23;97.01132499794915
26;2025-12-15;0;29.515109187519442
26;2025-12-15;1;0.0
26;2025-12-15;2;0.0
26;2025-12-15;3;0.0
26;2025-12-15;4;0.0
26;2025-12-15;5;85.85238345732807
26;2025-12-15;6;457.0708245740781
26;2025-12-15;7;976.517103165527
26;2025-12-15;8;1827.5669184448848
26;2025-12-15;9;1321.2806888334826
26;2025-12-15;10;1035.1004698398133
26;2025-12-15;11;943.3206454507824
26;2025-12-15;12;974.8195572586385
26;2025-12-15;13;1041.9343660132495
26;2025-12-15;14;1074.2738609314727
26;2025-12-15;15;1191.7120821869871
26;2025-12-15;16;1336.4268043946938
26;2025-12-15;17;1540.6052969873015
26;2025-12-15;18;1671.2642104892789
26;2025-12-15;19;1134.3771984638242
26;2025-12-15;20;685.4722157279975
26;2025-12-15;21;384.12542195646415
26;2025-12-15;22;192.06209315419153
26;2025-12-15;23;88.38933716535064
26;2025-12-16;0;17.56589177241517
26;2025-12-16;1;0.0
26;2025-12-16;2;0.0
26;2025-12-16;3;0.0
26;2025-12-16;4;4.850117241056751
26;2025-12-16;5;76.34522746025982
26;2025-12-16;6;459.15421402481627
26;2025-12-16;7;966.96233252105
26;2025-12-16;8;1854.4169110013595
26;2025-12-16;9;1335.152874322023
26;2025-12-16;10;1035.405394089205
26;2025-12-16;11;938.0299138069887
26;2025-12-16;12;950.5208916887495
26;2025-12-16;13;1002.487902034314
26;2025-12-16;14;1061.0710322455384
26;2025-12-16;15;1186.0075675201338
26;2025-12-16;16;1330.8946421012881
26;2025-12-16;17;1510.6265122000818
26;2025-12-16;18;1610.0236830688827
26;2025-12-16;19;1095.7672102594288
26;2025-12-16;20;673.2347018800725
26;2025-12-16;21;387.0085813850978
26;2025-12-16;22;197.68881989994202
26;2025-12-16;23;94.0266220225268
26;2025-12-17;0;28.291156872952
26;2025-12-17;1;0.0
26;2025-12-17;2;0.0
26;2025-12-17;3;0.0
26;2025-12-17;4;9.926257961093825
26;2025-12-17;5;85.81436614745678
26;2025-12-17;6;469.4448630931664
26;2025-12-17;7;1020.6073911602082
26;2025-12-17;8;1880.0968894692621
26;2025-12-17;9;1374.8881813265948
26;2025-12-17;10;1080.3661453970785
26;2025-12-17;11;990.2703613290339
26;2025-12-17;12;1006.4254015361489
26;2025-12-17;13;1065.9323295153376
26;2025-12-17;14;1102.9258327550842
26;2025-12-17;15;1223.6542598398585
26;2025-12-17;16;1364.1371375685976
26;2025-12-17;17;1543.0834497872606
26;2025-12-17;18;1661.6208328870912
26;2025-12-17;19;1140.1459845394463
26;2025-12-17;20;691.1261398055295
26;2025-12-17;21;407.4541371670702
26;2025-12-17;22;206.73875537688866
26;2025-12-17;23;104.03419671519316
26;2025-12-18;0;33.62329019165816
26;2025-12-18;1;0.0
26;2025-12-18;2;0.0
26;2025-12-18;3;0.0
26;2025-12-18;4;8.385747027086154
26;2025-12-18;5;89.65779505266687
26;2025-12-18;6;470.47588585243386
26;2025-12-18;7;998.5132093224787
26;2025-12-18;8;1855.286685919429
26;2025-12-18;9;1359.7382849641492
26;2025-12-18;10;1091.2715933269085
26;2025-12-18;11;1005.4236009409447
26;2025-12-18;12;1021.033557593764
26;2025-12-18;13;1077.840367709563
26;2025-12-18;14;1111.0591911978997
26;2025-12-18;15;1217.6629951144184
26;2025-12-18;16;1361.7835756201184
26;2025-12-18;17;1513.9324104813577
26;2025-12-18;18;1613.9345121135962
26;2025-12-18;19;1117.7148494785538
26;2025-12-18;20;689.8867136397049
26;2025-12-18;21;403.0059314033203
26;2025-12-18;22;209.64068546125304
26;2025-12-18;23;108.86126287128377
26;2025-12-19;0;36.01754106281362
26;2025-12-19;1;0.0
26;2025-12-19;2;0.0
26;2025-12-19;3;0.0
26;2025-12-19;4;10.266976861305807
26;2025-12-19;5;87.55496027896334
26;2025-12-19;6;463.2744342747789
26;2025-12-19;7;977.5758397143784
26;2025-12-19;8;1799.0873889367147
26;2025-12-19;9;1339.3842999472035
26;2025-12-19;10;1087.208628659242
26;2025-12-19;11;1019.0805425046843
26;2025-12-19;12;1034.9036887003663
26;2025-12-19;13;1095.1988225269429
26;2025-12-19;14;1141.2212243071663
26;2025-12-19;15;1278.519771669773
26;2025-12-19;16;1426.5752198889418
26;2025-12-19;17;1512.7068640584675
26;2025-12-19;18;1432.696857099514
26;2025-12-19;19;1073.0042483057528
26;2025-12-19;20;701.2733290957736
26;2025-12-19;21;410.8851847267131
26;2025-12-19;22;216.90525643826402
26;2025-12-19;23;116.34827910198987
26;2025-12-20;0;47.843267260787115
26;2025-12-20;1;0.0
26;2025-12-20;2;0.0
26;2025-12-20;3;0.0
26;2025-12-20;4;8.179887041981601
26;2025-12-20;5;56.67719546098135
26;2025-12-20;6;232.83938532043146
26;2025-12-20;7;305.94048645172535
26;2025-12-20;8;506.3804022044749
26;2025-12-20;9;590.6815511723793
26;2025-12-20;10;694.7682033436524
26;2025-12-20;11;834.9616108959408
26;2025-12-20;12;859.4889311553193
26;2025-12-20;13;898.623264958637
26;2025-12-20;14;890.2884607636979
26;2025-12-20;15;876.1926409081392
26;2025-12-20;16;861.0359001617641
26;2025-12-20;17;810.993627662396
26;2025-12-20;18;770.8479305247466
26;2025-12-20;19;668.1976665901371
26;2025-12-20;20;471.7741531795
26;2025-12-20;21;309.64485063519555
26;2025-12-20;22;191.7683062173885
26;2025-12-20;23;114.96549201114476
26;2025-12-21;0;47.00890728704803
26;2025-12-21;1;0.0
26;2025-12-21;2;0.0
26;2025-12-21;3;0.0
26;2025-12-21;4;1.0676947278732314
26;2025-12-21;5;26.232943916036334
26;2025-12-21;6;149.11890881920817
26;2025-12-21;7;215.39722805049183
26;2025-12-21;8;358.1533011425312
26;2025-12-21;9;415.1283156738176
26;2025-12-21;10;545.0578105805446
26;2025-12-21;11;727.3710026398637
26;2025-12-21;12;754.7248463174305
26;2025-12-21;13;801.4517323178031
26;2025-12-21;14;792.4229139917684
26;2025-12-21;15;748.6168521709923
26;2025-12-21;16;732.2052104334425
26;2025-12-21;17;690.1971218733387
26;2025-12-21;18;641.8254997717991
26;2025-12-21;19;497.4576088229165
26;2025-12-21;20;378.8154118019355
26;2025-12-21;21;259.44081305314586
26;2025-12-21;22;151.82704282368627
26;2025-12-21;23;94.21768810481944
26;2025-12-22;0;25.93118337578892
26;2025-12-22;1;0.0
26;2025-12-22;2;0.0
26;2025-12-22;3;0.0
26;2025-12-22;4;7.874963865608834
26;2025-12-22;5;80.23362214157055
26;2025-12-22;6;463.3972626103873
26;2025-12-22;7;974.2380216322306
26;2025-12-22;8;1832.456142068986
26;2025-12-22;9;1344.63196987555
26;2025-12-22;10;1065.68899201881
26;2025-12-22;11;978.358147987565
26;2025-12-22;12;996.4520211558621
26;2025-12-22;13;1012.5596565789585
26;2025-12-22;14;1056.8140945763098
26;2025-12-22;15;1158.4226030611535
26;2025-12-22;16;1297.0220316365853
26;2025-12-22;17;1475.15338808443
26;2025-12-22;18;1615.9862939032091
26;2025-12-22;19;1109.5561394082827
26;2025-12-22;20;658.2842045068949
26;2025-12-22;21;391.8585552390772
26;2025-12-22;22;185.65608568449784
26;2025-12-22;23;81.31557490874457
26;2025-12-23;0;26.15495398261612
26;2025-12-23;1;0.0
26;2025-12-23;2;0.0
26;2025-12-23;3;0.0
26;2025-12-23;4;0.6299623767197318
26;2025-12-23;5;85.41396555781785
26;2025-12-23;6;462.1365366359098
26;2025-12-23;7;1000.2900872015546
26;2025-12-23;8;1869.0862800773975
26;2025-12-23;9;1359.8442079827728
26;2025-12-23;10;1051.4550094446915
26;2025-12-23;11;970.1883053605566
26;2025-12-23;12;969.55220448704
26;2025-12-23;13;1010.9960490027322
26;2025-12-23;14;1059.6695784331891
26;2025-12-23;15;1167.4197347777576
26;2025-12-23;16;1316.001846253621
26;2025-12-23;17;1508.182272361981
26;2025-12-23;18;1634.4988375886187
26;2025-12-23;19;1142.7555938363907
26;2025-12-23;20;690.9600574540775
26;2025-12-23;21;388.9686351188673
26;2025-12-23;22;202.4576485370725
26;2025-12-23;23;97.44438901207025
26;2025-12-24;0;23.6284420709635
26;2025-12-24;1;0.0
26;2025-12-24;2;0.0
26;2025-12-24;3;0.0
26;2025-12-24;4;2.013168668043477
26;2025-12-24;5;77.7626140333814
26;2025-12-24;6;443.6922378046769
26;2025-12-24;7;989.1564904822158
26;2025-12-24;8;1864.5763538289873
26;2025-12-24;9;1347.4226272211984
26;2025-12-24;10;1057.8396911723867
26;2025-12-24;11;957.2677710763037
26;2025-12-24;12;967.7172963804354
26;2025-12-24;13;1028.9511300580284
26;2025-12-24;14;1062.073386621032
26;2025-12-24;15;1170.7975982141788
26;2025-12-24;16;1291.852819643585
26;2025-12-24;17;1472.5868085015468
26;2025-12-24;18;1565.698909901114
26;2025-12-24;19;1068.3190754191066
26;2025-12-24;20;670.5988517903785
26;2025-12-24;21;386.1647543088171
26;2025-12-24;22;193.29354380846212
26;2025-12-24;23;91.00952363589545
26;2025-12-25;0;29.178635471414623
26;2025-12-25;1;0.0
26;2025-12-25;2;0.0
26;2025-12-25;3;0.0
26;2025-12-25;4;6.439917844523507
26;2025-12-25;5;86.80304104327092
26;2025-12-25;6;450.38626615619796
26;2025-12-25;7;1003.6815488861691
26;2025-12-25;8;1861.7028164648864
26;2025-12-25;9;1364.3202207028612
26;2025-12-25;10;1089.0357253637837
26;2025-12-25;11;1000.5857973152519
26;2025-12-25;12;1016.2474726933611
26;2025-12-25;13;1063.5385950144082
26;2025-12-25;14;1091.079637957201
26;2025-12-25;15;1213.4874438778952
26;2025-12-25;16;1351.4618787893937
26;2025-12-25;17;1500.8979432373935
26;2025-12-25;18;1577.8136004543105
26;2025-12-25;19;1108.2890453403577
26;2025-12-25;20;664.2547829396105
26;2025-12-25;21;383.9316897791638
26;2025-12-25;22;200.92867441515796
26;2025-12-25;23;109.03155644291951
26;2025-12-26;0;15.77479408434283
26;2025-12-26;1;0.0
26;2025-12-26;2;0.0
26;2025-12-26;3;0.0
26;2025-12-26;4;0.05492817265621852
26;2025-12-26;5;69.05331618881053
26;2025-12-26;6;443.35630285595045
26;2025-12-26;7;948.0266227139109
26;2025-12-26;8;1736.7402376585014
26;2025-12-26;9;1300.975974856803
26;2025-12-26;10;1031.4801333290416
26;2025-12-26;11;963.5828518879196
26;2025-12-26;12;972.4091496863198
26;2025-12-26;13;1036.6409364794724
26;2025-12-26;14;1092.9377991792617
26;2025-12-26;15;1201.447846363249
26;2025-12-26;16;1345.8848891425312
26;2025-12-26;17;1426.0213317967227
26;2025-12-26;18;1304.2704376152788
26;2025-12-26;19;1032.3075987506681
26;2025-12-26;20;638.8404408332458
26;2025-12-26;21;370.1326094166636
26;2025-12-26;22;197.72172973822205
26;2025-12-26;23;112.38153907881167
26;2025-12-27;0;51.36169197239224
26;2025-12-27;1;0.0
26;2025-12-27;2;0.0
26;2025-12-27;3;0.0
26;2025-12-27;4;9.383989873982841
26;2025-12-27;5;52.17843325394131
26;2025-12-27;6;230.66726820959764
26;2025-12-27;7;277.00388679684266
26;2025-12-27;8;456.2589162045614
26;2025-12-27;9;546.9116312597341
26;2025-12-27;10;659.1523297905862
26;2025-12-27;11;795.7055551317081
26;2025-12-27;12;831.9563238807164
26;2025-12-27;13;881.7786626925904
26;2025-12-27;14;875.3794070805747
26;2025-12-27;15;845.2503501417242
26;2025-12-27;16;846.0921526341826
26;2025-12-27;17;803.7070808090465
26;2025-12-27;18;747.2266211259317
26;2025-12-27;19;649.2934305398576
26;2025-12-27;20;444.2612200656016
26;2025-12-27;21;292.68937594992326
26;2025-12-27;22;177.48008472478853
26;2025-12-27;23;105.86324531943444
26;2025-12-28;0;46.006968165785906
26;2025-12-28;1;0.0
26;2025-12-28;2;0.0
26;2025-12-28;3;0.0
26;2025-12-28;4;0.1341130024928816
26;2025-12-28;5;26.967919401648146
26;2025-12-28;6;144.21058553617297
26;2025-12-28;7;202.32696112893063
26;2025-12-28;8;319.0707713351884
26;2025-12-28;9;392.01257254663
26;2025-12-28;10;517.93976799118
26;2025-12-28;11;683.0913043616674
26;2025-12-28;12;710.7712531953259
26;2025-12-28;13;753.5447091431499
26;2025-12-28;14;737.5700192747128
26;2025-12-28;15;711.3412157274172
26;2025-12-28;16;712.5935118132003
26;2025-12-28;17;660.3857239468922
26;2025-12-28;18;610.1764246852582
26;2025-12-28;19;472.17231266776326
26;2025-12-28;20;342.51766664465583
26;2025-12-28;21;237.33892335975236
26;2025-12-28;22;142.49990625879514
26;2025-12-28;23;86.33198547978986
26;2025-12-29;0;35.55604424469243
26;2025-12-29;1;0.0
26;2025-12-29;2;0.0
26;2025-12-29;3;0.0
26;2025-12-29;4;22.189604779003048
26;2025-12-29;5;86.79155950254267
26;2025-12-29;6;456.45461046148466
26;2025-12-29;7;970.0389338278194
26;2025-12-29;8;1811.8849295282819
26;2025-12-29;9;1312.978273567046
26;2025-12-29;10;1010.1950812249646
26;2025-12-29;11;926.6351844187484
26;2025-12-29;12;946.0040185560141
26;2025-12-29;13;996.5834688548803
26;2025-12-29;14;1039.089887200006
26;2025-12-29;15;1147.6354308569967
26;2025-12-29;16;1286.3853131462952
26;2025-12-29;17;1480.951962896093
26;2025-12-29;18;1601.717338491303
26;2025-12-29;19;1124.3319718157986
26;2025-12-29;20;673.7676408563867
26;2025-12-29;21;376.1712831048506
26;2025-12-29;22;200.96387101775395
26;2025-12-29;23;96.47552719855526
26;2025-12-30;0;22.9202315614599
26;2025-12-30;1;0.0
26;2025-12-30;2;0.0
26;2025-12-30;3;0.0
26;2025-12-30;4;19.71806102389337
26;2025-12-30;5;77.98185313635963
26;2025-12-30;6;445.41592390507475
26;2025-12-30;7;959.3670544686477
26;2025-12-30;8;1802.358306646239
26;2025-12-30;9;1297.739843520091
26;2025-12-30;10;1031.0212266760318
26;2025-12-30;11;933.4776688347038
26;2025-12-30;12;936.8668258352852
26;2025-12-30;13;970.5672656239258
26;2025-12-30;14;1017.5893387489762
26;2025-12-30;15;1115.5038028823312
26;2025-12-30;16;1269.5320617415591
26;2025-12-30;17;1465.5175215868098
26;2025-12-30;18;1526.760297515304
26;2025-12-30;19;1106.37609845299
26;2025-12-30;20;661.6861545590251
26;2025-12-30;21;374.8748346441167
26;2025-12-30;22;206.19828441529324
26;2025-12-30;23;106.47848433207832
26;2025-12-31;0;40.53375917665244
26;2025-12-31;1;0.0
26;2025-12-31;2;0.0
26;2025-12-31;3;0.0
26;2025-12-31;4;0.0
26;2025-12-31;5;7.057427202654708
26;2025-12-31;6;190.12969267247945
26;2025-12-31;7;171.44485228105918
26;2025-12-31;8;345.446771074556
26;2025-12-31;9;306.2774587805803
26;2025-12-31;10;357.6568766640882
26;2025-12-31;11;443.7890071129246
26;2025-12-31;12;499.65131094742344
26;2025-12-31;13;513.1105169980552
26;2025-12-31;14;510.8300345689869
26;2025-12-31;15;515.2152815880902
26;2025-12-31;16;532.684263445022
26;2025-12-31;17;570.4944999659604
26;2025-12-31;18;629.1187520164297
26;2025-12-31;19;474.32970549069023
26;2025-12-31;20;301.15004059663664
26;2025-12-31;21;213.67447908009984
26;2025-12-31;22;119.2753963145542
26;2025-12-31;23;59.99811688944237
28;2025-11-01;0;91.55634984045315
28;2025-11-01;1;0.0
28;2025-11-01;2;0.0
28;2025-11-01;3;0.0
28;2025-11-01;4;103.88163044536486
28;2025-11-01;5;144.10421394206202
28;2025-11-01;6;262.4684995848127
28;2025-11-01;7;597.2589182156012
28;2025-11-01;8;787.4357084133799
28;2025-11-01;9;691.8195154793152
28;2025-11-01;10;583.7691531803985
28;2025-11-01;11;589.4255646150878
28;2025-11-01;12;647.7398944297465
28;2025-11-01;13;661.4647228050612
28;2025-11-01;14;632.9009444669264
28;2025-11-01;15;674.2085250377297
28;2025-11-01;16;765.827785002784
28;2025-11-01;17;782.9674128907759
28;2025-11-01;18;723.6457432933217
28;2025-11-01;19;592.3593357566274
28;2025-11-01;20;435.9752545111851
28;2025-11-01;21;352.9668709502044
28;2025-11-01;22;218.26605271190132
28;2025-11-01;23;112.59041190274536
28;2025-11-02;0;9.912506992329554
28;2025-11-02;1;0.0
28;2025-11-02;2;0.0
28;2025-11-02;3;0.0
28;2025-11-02;4;3.9005434457703245
28;2025-11-02;5;31.12762203790288
28;2025-11-02;6;80.47246705778213
28;2025-11-02;7;157.70066615010518
28;2025-11-02;8;250.85706363433334
28;2025-11-02;9;309.40162034041805
28;2025-11-02;10;338.8721956281039
28;2025-11-02;11;362.18760222671705
28;2025-11-02;12;452.6547912947616
28;2025-11-02;13;487.7322175130392
28;2025-11-02;14;497.71811061807887
28;2025-11-02;15;513.5203070724149
28;2025-11-02;16;502.2456508498456
28;2025-11-02;17;469.5662089370278
28;2025-11-02;18;438.2555927944738
28;2025-11-02;19;354.0386890607017
28;2025-11-02;20;295.99859012708987
28;2025-11-02;21;225.63629741533018
28;2025-11-02;22;102.25368802970871
28;2025-11-02;23;14.131170795751814
28;2025-11-03;0;19.84691931520473
28;2025-11-03;1;0.0
28;2025-11-03;2;0.0
28;2025-11-03;3;0.0
28;2025-11-03;4;0.0
28;2025-11-03;5;33.84201305934346
28;2025-11-03;6;114.63662736908054
28;2025-11-03;7;244.59803295034632
28;2025-11-03;8;419.64319618851056
28;2025-11-03;9;385.75271701323186
28;2025-11-03;10;363.4200421341189
28;2025-11-03;11;353.80736052502687
28;2025-11-03;12;440.1936450472086
28;2025-11-03;13;463.1219829943673
28;2025-11-03;14;450.36211878863264
28;2025-11-03;15;466.65305294978066
28;2025-11-03;16;456.08233318975414
28;2025-11-03;17;490.07545296673874
28;2025-11-03;18;456.3316285939245
28;2025-11-03;19;353.3754596737516
28;2025-11-03;20;270.7784512810225
28;2025-11-03;21;214.13723347966632
28;2025-11-03;22;91.35374951690164
28;2025-11-03;23;11.683306145193
28;2025-11-04;0;8.78824077231127
28;2025-11-04;1;0.0
28;2025-11-04;2;0.0
28;2025-11-04;3;0.0
28;2025-11-04;4;0.0
28;2025-11-04;5;34.8089880204808
28;2025-11-04;6;112.15679033749132
28;2025-11-04;7;227.44961828738337
28;2025-11-04;8;381.0914075751905
28;2025-11-04;9;359.1698340206569
28;2025-11-04;10;333.0130488980643
28;2025-11-04;11;329.0481066116781
28;2025-11-04;12;394.4311888056798
28;2025-11-04;13;421.1325397640892
28;2025-11-04;14;431.5281417062509
28;2025-11-04;15;458.50982701066624
28;2025-11-04;16;450.37524009214604
28;2025-11-04;17;488.97528621393565
28;2025-11-04;18;474.7435585802101
28;2025-11-04;19;362.82592693955746
28;2025-11-04;20;268.9816492252406
28;2025-11-04;21;229.27231306881367
28;2025-11-04;22;116.589513145534
28;2025-11-04;23;26.79617120340845
28;2025-11-05;0;9.226450641312056
28;2025-11-05;1;0.0
28;2025-11-05;2;0.0
28;2025-11-05;3;0.0
28;2025-11-05;4;0.17981892995379667
28;2025-11-05;5;77.38840945725775
28;2025-11-05;6;258.7980501626371
28;2025-11-05;7;791.987662123476
28;2025-11-05;8;1145.7226572066381
28;2025-11-05;9;862.7896787339448
28;2025-11-05;10;600.4795715255414
28;2025-11-05;11;552.8216321547246
28;2025-11-05;12;634.8775928514932
28;2025-11-05;13;649.7591097630524
28;2025-11-05;14;641.525467157045
28;2025-11-05;15;694.8776175673278
28;2025-11-05;16;869.6791017499605
28;2025-11-05;17;934.0423128306122
28;2025-11-05;18;936.601649098146
28;2025-11-05;19;719.6537730709274
28;2025-11-05;20;493.74589971444516
28;2025-11-05;21;295.15742959901127
28;2025-11-05;22;140.76757731240406
28;2025-11-05;23;23.00989927128768
28;2025-11-06;0;15.156417819784394
28;2025-11-06;1;0.0
28;2025-11-06;2;0.0
28;2025-11-06;3;0.0
28;2025-11-06;4;10.536537630520058
28;2025-11-06;5;89.1111706062531
28;2025-11-06;6;261.9804089884658
28;2025-11-06;7;780.6745022550884
28;2025-11-06;8;1114.625752719544
28;2025-11-06;9;826.5164070108494
28;2025-11-06;10;595.0611089430778
28;2025-11-06;11;574.6161236238277
28;2025-11-06;12;649.3159526048745
28;2025-11-06;13;675.7515950628331
28;2025-11-06;14;655.8166093556823
28;2025-11-06;15;687.1527955382783
28;2025-11-06;16;829.2872384226375
28;2025-11-06;17;921.0671676316291
28;2025-11-06;18;897.4203079247378
28;2025-11-06;19;718.2735084562391
28;2025-11-06;20;467.6893099254267
28;2025-11-06;21;285.2111363966575
28;2025-11-06;22;126.17236433547379
28;2025-11-06;23;12.5390446788399
28;2025-11-07;0;1.4962255037763725
28;2025-11-07;1;0.0
28;2025-11-07;2;0.0
28;2025-11-07;3;0.0
28;2025-11-07;4;3.1539792576340346
28;2025-11-07;5;81.71370682239632
28;2025-11-07;6;249.04754617800631
28;2025-11-07;7;753.889946384396
28;2025-11-07;8;1082.1062096649005
28;2025-11-07;9;798.3183403162229
28;2025-11-07;10;588.8416263063355
28;2025-11-07;11;565.6606435585724
28;2025-11-07;12;643.8050853966098
28;2025-11-07;13;652.795383634792
28;2025-11-07;14;630.0284052165266
28;2025-11-07;15;682.9503476501961
28;2025-11-07;16;863.3079321836076
28;2025-11-07;17;897.8241639112167
28;2025-11-07;18;842.1689069220815
28;2025-11-07;19;668.0509387070512
28;2025-11-07;20;459.92657475269533
28;2025-11-07;21;282.756801779955
28;2025-11-07;22;127.89951777701964
28;2025-11-07;23;11.13231826966387
28;2025-11-08;0;10.844147692701881
28;2025-11-08;1;0.0
28;2025-11-08;2;0.0
28;2025-11-08;3;0.0
28;2025-11-08;4;3.402252508221352
28;2025-11-08;5;40.559727759623854
28;2025-11-08;6;95.9609079825455
28;2025-11-08;7;216.82807419337288
28;2025-11-08;8;353.4185019553369
28;2025-11-08;9;433.67999237147615
28;2025-11-08;10;467.19993546190574
28;2025-11-08;11;481.1690050357292
28;2025-11-08;12;539.8973441254882
28;2025-11-08;13;560.1544175612698
28;2025-11-08;14;551.2558274435979
28;2025-11-08;15;561.4163180693853
28;2025-11-08;16;524.4835359301991
28;2025-11-08;17;509.13542470670467
28;2025-11-08;18;456.73161924465643
28;2025-11-08;19;369.7950932078787
28;2025-11-08;20;290.912108443346
28;2025-11-08;21;217.62676948651549
28;2025-11-08;22;101.13113016509232
28;2025-11-08;23;7.511336141853462
28;2025-11-09;0;7.680439454316058
28;2025-11-09;1;0.0
28;2025-11-09;2;0.0
28;2025-11-09;3;0.0
28;2025-11-09;4;2.6955636647511483
28;2025-11-09;5;34.96041552371821
28;2025-11-09;6;87.14580822484692
28;2025-11-09;7;157.60659653474448
28;2025-11-09;8;252.33554820237362
28;2025-11-09;9;316.8195032627607
28;2025-11-09;10;361.39708664189413
28;2025-11-09;11;389.0329724647128
28;2025-11-09;12;457.776361413786
28;2025-11-09;13;496.72039119876104
28;2025-11-09;14;504.01027860463546
28;2025-11-09;15;523.4938937751131
28;2025-11-09;16;488.0542766190306
28;2025-11-09;17;468.6889839196333
28;2025-11-09;18;445.0207867641771
28;2025-11-09;19;362.43605972300475
28;2025-11-09;20;292.5177976266109
28;2025-11-09;21;224.58222776475898
28;2025-11-09;22;104.77338351934935
28;2025-11-09;23;14.333515052082419
28;2025-11-10;0;0.735781246741908
28;2025-11-10;1;0.0
28;2025-11-10;2;0.0
28;2025-11-10;3;0.0
28;2025-11-10;4;0.0
28;2025-11-10;5;72.70591695841841
28;2025-11-10;6;254.92280874084187
28;2025-11-10;7;791.2223118469926
28;2025-11-10;8;1151.1751395451809
28;2025-11-10;9;828.512784481635
28;2025-11-10;10;582.0257151934425
28;2025-11-10;11;549.7152594141143
28;2025-11-10;12;623.3605341888906
28;2025-11-10;13;636.7296263286369
28;2025-11-10;14;613.9209071917315
28;2025-11-10;15;670.7597317522445
28;2025-11-10;16;842.5710486656336
28;2025-11-10;17;933.5359794151218
28;2025-11-10;18;922.6493329054053
28;2025-11-10;19;702.3811458859747
28;2025-11-10;20;458.4401039230268
28;2025-11-10;21;267.54613070130074
28;2025-11-10;22;111.44807405321706
28;2025-11-10;23;0.0
28;2025-11-11;0;1.8827792300314172
28;2025-11-11;1;0.0
28;2025-11-11;2;0.0
28;2025-11-11;3;0.0
28;2025-11-11;4;0.0
28;2025-11-11;5;77.60742704826248
28;2025-11-11;6;252.27120944971728
28;2025-11-11;7;785.9974596397144
28;2025-11-11;8;1135.0283205799274
28;2025-11-11;9;840.5644225349233
28;2025-11-11;10;593.5499017383192
28;2025-11-11;11;574.0503305516025
28;2025-11-11;12;650.1943719328708
28;2025-11-11;13;676.7958557042142
28;2025-11-11;14;638.0302423071433
28;2025-11-11;15;675.1624189708139
28;2025-11-11;16;879.5828334386869
28;2025-11-11;17;960.4566026930462
28;2025-11-11;18;961.4907101650268
28;2025-11-11;19;749.4277419783348
28;2025-11-11;20;499.3766365323692
28;2025-11-11;21;280.04361106643734
28;2025-11-11;22;122.98533839047013
28;2025-11-11;23;13.13217914757763
28;2025-11-12;0;1.1396974318524258
28;2025-11-12;1;0.0
28;2025-11-12;2;0.0
28;2025-11-12;3;0.0
28;2025-11-12;4;5.69973268313953
28;2025-11-12;5;86.78978194300805
28;2025-11-12;6;260.73263022409134
28;2025-11-12;7;802.024237566603
28;2025-11-12;8;1160.604210854989
28;2025-11-12;9;849.9774544752568
28;2025-11-12;10;601.0605563020046
28;2025-11-12;11;566.6873152581014
28;2025-11-12;12;644.1480148474392
28;2025-11-12;13;680.9983603525898
28;2025-11-12;14;648.6107800436885
28;2025-11-12;15;682.3897578250956
28;2025-11-12;16;822.5721675176214
28;2025-11-12;17;930.0614085009161
28;2025-11-12;18;934.8173008848464
28;2025-11-12;19;740.3610149650378
28;2025-11-12;20;498.91752027355165
28;2025-11-12;21;290.3947450708746
28;2025-11-12;22;135.48985929483365
28;2025-11-12;23;22.11546852746733
28;2025-11-13;0;3.2409902170998066
28;2025-11-13;1;0.0
28;2025-11-13;2;0.0
28;2025-11-13;3;0.0
28;2025-11-13;4;1.9845957212696703
28;2025-11-13;5;81.07290080549706
28;2025-11-13;6;255.80926036494475
28;2025-11-13;7;802.8007621626464
28;2025-11-13;8;1160.443722701013
28;2025-11-13;9;869.3271536338169
28;2025-11-13;10;622.6962163155102
28;2025-11-13;11;600.2190592126736
28;2025-11-13;12;664.6591944701245
28;2025-11-13;13;671.7931727270043
28;2025-11-13;14;662.096950720764
28;2025-11-13;15;685.4570083905126
28;2025-11-13;16;858.177953141826
28;2025-11-13;17;929.0753381566891
28;2025-11-13;18;926.3767754306114
28;2025-11-13;19;717.4718665672924
28;2025-11-13;20;497.9342767438837
28;2025-11-13;21;298.04955801531827
28;2025-11-13;22;137.78496828391542
28;2025-11-13;23;18.02051075240354
28;2025-11-14;0;16.361530410239766
28;2025-11-14;1;0.0
28;2025-11-14;2;0.0
28;2025-11-14;3;0.0
28;2025-11-14;4;17.81119144017856
28;2025-11-14;5;88.76749933173784
28;2025-11-14;6;257.14281072680205
28;2025-11-14;7;789.4810483585995
28;2025-11-14;8;1107.4680777715075
28;2025-11-14;9;814.749399048279
28;2025-11-14;10;602.8586068361826
28;2025-11-14;11;600.0699149699299
28;2025-11-14;12;676.2403751322205
28;2025-11-14;13;673.9640401666385
28;2025-11-14;14;642.6460730589209
28;2025-11-14;15;696.6122587477621
28;2025-11-14;16;866.9154700127565
28;2025-11-14;17;915.8564056645793
28;2025-11-14;18;884.2315756220112
28;2025-11-14;19;701.9170516539577
28;2025-11-14;20;483.7900334245204
28;2025-11-14;21;298.6092383732765
28;2025-11-14;22;142.60569483027012
28;2025-11-14;23;24.190342013371094
28;2025-11-15;0;10.677127804318957
28;2025-11-15;1;0.0
28;2025-11-15;2;0.0
28;2025-11-15;3;0.0
28;2025-11-15;4;4.351605612412641
28;2025-11-15;5;45.548840068379775
28;2025-11-15;6;103.69671422433765
28;2025-11-15;7;201.34688762843157
28;2025-11-15;8;347.13426489459073
28;2025-11-15;9;405.2280261974942
28;2025-11-15;10;441.05840291840434
28;2025-11-15;11;448.6315155596512
28;2025-11-15;12;541.6100070788153
28;2025-11-15;13;566.3515969028234
28;2025-11-15;14;564.917797020436
28;2025-11-15;15;571.8534915188847
28;2025-11-15;16;537.9646581759997
28;2025-11-15;17;521.0694583157881
28;2025-11-15;18;483.09837522175997
28;2025-11-15;19;378.43274031989165
28;2025-11-15;20;298.1209067451392
28;2025-11-15;21;235.67974830689027
28;2025-11-15;22;114.4006345298468
28;2025-11-15;23;20.867900019361116
28;2025-11-16;0;11.265918342030318
28;2025-11-16;1;0.0
28;2025-11-16;2;0.0
28;2025-11-16;3;0.0
28;2025-11-16;4;2.1757429283399006
28;2025-11-16;5;30.009738910750457
28;2025-11-16;6;73.57705516484123
28;2025-11-16;7;151.99435949787443
28;2025-11-16;8;247.50303266040143
28;2025-11-16;9;303.6720390645287
28;2025-11-16;10;352.55844757057275
28;2025-11-16;11;378.3361226456966
28;2025-11-16;12;456.3857775008981
28;2025-11-16;13;487.80202271494295
28;2025-11-16;14;483.8234054431315
28;2025-11-16;15;492.2982705091101
28;2025-11-16;16;460.6767822202037
28;2025-11-16;17;445.83333294262025
28;2025-11-16;18;418.09756559444224
28;2025-11-16;19;339.44113154848634
28;2025-11-16;20;288.72444829321813
28;2025-11-16;21;232.04572225892355
28;2025-11-16;22;118.39757636836623
28;2025-11-16;23;15.885051307069318
28;2025-11-17;0;6.328701922260166
28;2025-11-17;1;0.0
28;2025-11-17;2;0.0
28;2025-11-17;3;0.0
28;2025-11-17;4;0.0
28;2025-11-17;5;77.04940201933653
28;2025-11-17;6;245.94999632321841
28;2025-11-17;7;739.9267948339193
28;2025-11-17;8;1081.0684129693668
28;2025-11-17;9;803.4066479811976
28;2025-11-17;10;568.8478216063374
28;2025-11-17;11;550.6503705634327
28;2025-11-17;12;622.1495468887431
28;2025-11-17;13;649.09121494329
28;2025-11-17;14;600.2438748106376
28;2025-11-17;15;643.641649652893
28;2025-11-17;16;812.9791018796066
28;2025-11-17;17;912.0359992598192
28;2025-11-17;18;873.1469446627434
28;2025-11-17;19;705.0169767145035
28;2025-11-17;20;491.7903009240234
28;2025-11-17;21;290.2470781961718
28;2025-11-17;22;127.25968458445806
28;2025-11-17;23;14.102177462410566
28;2025-11-18;0;5.667174895410653
28;2025-11-18;1;0.0
28;2025-11-18;2;0.0
28;2025-11-18;3;0.0
28;2025-11-18;4;3.754944202052002
28;2025-11-18;5;88.06424571171192
28;2025-11-18;6;247.88277319928093
28;2025-11-18;7;757.8490193567325
28;2025-11-18;8;1077.9500189154874
28;2025-11-18;9;827.3971074766054
28;2025-11-18;10;577.8653475324118
28;2025-11-18;11;557.9486556684401
28;2025-11-18;12;611.6369220392694
28;2025-11-18;13;637.3808696124881
28;2025-11-18;14;603.4086726052117
28;2025-11-18;15;638.9538948512285
28;2025-11-18;16;790.8991349940524
28;2025-11-18;17;890.1359366724967
28;2025-11-18;18;880.0137796974702
28;2025-11-18;19;704.2363059415774
28;2025-11-18;20;470.9742823369229
28;2025-11-18;21;276.7025695925261
28;2025-11-18;22;126.78962301391624
28;2025-11-18;23;8.669282957920302
28;2025-11-19;0;16.433115812553353
28;2025-11-19;1;0.0
28;2025-11-19;2;0.0
28;2025-11-19;3;0.0
28;2025-11-19;4;0.06220674578855778
28;2025-11-19;5;73.66417615038279
28;2025-11-19;6;246.66155013990556
28;2025-11-19;7;731.8921755571014
28;2025-11-19;8;1040.7643923713176
28;2025-11-19;9;788.0275059374887
28;2025-11-19;10;541.4816677543806
28;2025-11-19;11;516.8548599785395
28;2025-11-19;12;608.0346740532887
28;2025-11-19;13;625.3848999552043
28;2025-11-19;14;596.3263740659664
28;2025-11-19;15;640.7612226363779
28;2025-11-19;16;828.6105788836837
28;2025-11-19;17;923.5317655525652
28;2025-11-19;18;918.6788326137746
28;2025-11-19;19;735.529626391495
28;2025-11-19;20;491.0161281918891
28;2025-11-19;21;302.1435070784727
28;2025-11-19;22;142.98165186303714
28;2025-11-19;23;20.374250649830458
28;2025-11-20;0;13.039566981159794
28;2025-11-20;1;0.0
28;2025-11-20;2;0.0
28;2025-11-20;3;0.0
28;2025-11-20;4;9.971746760399867
28;2025-11-20;5;84.96592788261205
28;2025-11-20;6;255.6851977290286
28;2025-11-20;7;762.8257295176301
28;2025-11-20;8;1085.7896846298108
28;2025-11-20;9;827.0443132719048
28;2025-11-20;10;585.1789348558875
28;2025-11-20;11;561.281852992796
28;2025-11-20;12;646.7611375453678
28;2025-11-20;13;671.8649343648822
28;2025-11-20;14;644.127612280605
28;2025-11-20;15;678.9687329431993
28;2025-11-20;16;845.4521372929008
28;2025-11-20;17;921.7123608444738
28;2025-11-20;18;916.2657335112291
28;2025-11-20;19;726.0447892295058
28;2025-11-20;20;497.7375256605392
28;2025-11-20;21;296.61288512861927
28;2025-11-20;22;134.27143862952317
28;2025-11-20;23;18.41662713052716
28;2025-11-21;0;7.540181693911563
28;2025-11-21;1;0.0
28;2025-11-21;2;0.0
28;2025-11-21;3;0.0
28;2025-11-21;4;4.322482485710225
28;2025-11-21;5;76.1876987029409
28;2025-11-21;6;240.4993468146254
28;2025-11-21;7;741.7407600654813
28;2025-11-21;8;1042.303440381585
28;2025-11-21;9;795.2923717891533
28;2025-11-21;10;575.9452265576448
28;2025-11-21;11;551.9928810433122
28;2025-11-21;12;643.5457092800702
28;2025-11-21;13;671.970424804256
28;2025-11-21;14;641.8285535595209
28;2025-11-21;15;685.8015412139237
28;2025-11-21;16;846.8397003702626
28;2025-11-21;17;903.2755403264443
28;2025-11-21;18;856.1392347463602
28;2025-11-21;19;704.7378772113466
28;2025-11-21;20;483.40087378565937
28;2025-11-21;21;288.2682906172113
28;2025-11-21;22;130.96762219083104
28;2025-11-21;23;20.264981413570695
28;2025-11-22;0;16.74555022190674
28;2025-11-22;1;0.0
28;2025-11-22;2;0.0
28;2025-11-22;3;0.0
28;2025-11-22;4;16.570929450619985
28;2025-11-22;5;28.98458000698804
28;2025-11-22;6;94.19522623528974
28;2025-11-22;7;213.38293727792558
28;2025-11-22;8;356.56648345029214
28;2025-11-22;9;427.0406412237966
28;2025-11-22;10;463.13021809347765
28;2025-11-22;11;463.22435424217457
28;2025-11-22;12;536.5756327509275
28;2025-11-22;13;563.0654576856617
28;2025-11-22;14;553.3663093205643
28;2025-11-22;15;560.6377390974702
28;2025-11-22;16;530.9153749171605
28;2025-11-22;17;528.4812508916947
28;2025-11-22;18;476.17112613431
28;2025-11-22;19;382.8715739035003
28;2025-11-22;20;309.36922507216934
28;2025-11-22;21;238.09923016104213
28;2025-11-22;22;117.17259677777668
28;2025-11-22;23;16.535159885993437
28;2025-11-23;0;11.347926730817505
28;2025-11-23;1;0.0
28;2025-11-23;2;0.0
28;2025-11-23;3;0.0
28;2025-11-23;4;6.054030595401343
28;2025-11-23;5;30.793317879024983
28;2025-11-23;6;86.20140348492725
28;2025-11-23;7;165.80606066455596
28;2025-11-23;8;263.102507011787
28;2025-11-23;9;335.8948719591244
28;2025-11-23;10;375.58782236401936
28;2025-11-23;11;397.9928553181335
28;2025-11-23;12;486.6903204162793
28;2025-11-23;13;524.6068944359059
28;2025-11-23;14;524.4669312098955
28;2025-11-23;15;527.5410775478762
28;2025-11-23;16;503.3905661034156
28;2025-11-23;17;461.98860321335275
28;2025-11-23;18;432.1170138080346
28;2025-11-23;19;366.8846792654181
28;2025-11-23;20;301.5919743262664
28;2025-11-23;21;252.77120818878902
28;2025-11-23;22;134.80692439275919
28;2025-11-23;23;46.75461079187164
28;2025-11-24;0;0.0
28;2025-11-24;1;0.0
28;2025-11-24;2;0.0
28;2025-11-24;3;0.0
28;2025-11-24;4;8.70536659891684
28;2025-11-24;5;72.11987042235347
28;2025-11-24;6;247.98727017940917
28;2025-11-24;7;772.9728792911649
28;2025-11-24;8;1137.7912550394985
28;2025-11-24;9;858.9035209364317
28;2025-11-24;10;568.9458776763665
28;2025-11-24;11;570.3226775225373
28;2025-11-24;12;618.2710253742861
28;2025-11-24;13;634.9631128545244
28;2025-11-24;14;608.3046162867673
28;2025-11-24;15;664.8445570916056
28;2025-11-24;16;807.4445208643675
28;2025-11-24;17;892.8598286683276
28;2025-11-24;18;879.4643753019445
28;2025-11-24;19;684.2420270480659
28;2025-11-24;20;463.2859375142958
28;2025-11-24;21;261.4397782812176
28;2025-11-24;22;110.51245043009402
28;2025-11-24;23;11.037577559725378
28;2025-11-25;0;17.026599734108856
28;2025-11-25;1;0.0
28;2025-11-25;2;0.0
28;2025-11-25;3;0.0
28;2025-11-25;4;6.83819458824928
28;2025-11-25;5;73.51893552380636
28;2025-11-25;6;245.55867941374305
28;2025-11-25;7;791.0325674485015
28;2025-11-25;8;1133.9613800085917
28;2025-11-25;9;830.8369236160217
28;2025-11-25;10;591.1045494302855
28;2025-11-25;11;563.1288925001046
28;2025-11-25;12;632.4041496318686
28;2025-11-25;13;687.7623187286986
28;2025-11-25;14;647.6942738644857
28;2025-11-25;15;681.8792262956199
28;2025-11-25;16;865.7452160833093
28;2025-11-25;17;965.7044264363727
28;2025-11-25;18;948.2249295934027
28;2025-11-25;19;756.2247584808285
28;2025-11-25;20;510.6928364307658
28;2025-11-25;21;300.23070021552036
28;2025-11-25;22;139.1467237138807
28;2025-11-25;23;21.8858376969975
28;2025-11-26;0;9.831387097675702
28;2025-11-26;1;0.0
28;2025-11-26;2;0.0
28;2025-11-26;3;0.0
28;2025-11-26;4;3.5286927486317268
28;2025-11-26;5;82.6259805578348
28;2025-11-26;6;261.09774273597293
28;2025-11-26;7;819.2256447081938
28;2025-11-26;8;1177.1305862228112
28;2025-11-26;9;889.2292312625259
28;2025-11-26;10;610.1955735807869
28;2025-11-26;11;578.0936658752429
28;2025-11-26;12;648.9124895061133
28;2025-11-26;13;670.0490280757746
28;2025-11-26;14;632.7247248442804
28;2025-11-26;15;688.8661229551378
28;2025-11-26;16;869.604447458494
28;2025-11-26;17;971.7804675130049
28;2025-11-26;18;965.3029529007358
28;2025-11-26;19;764.196317913002
28;2025-11-26;20;497.63096706955275
28;2025-11-26;21;288.81285410873204
28;2025-11-26;22;121.82459533498042
28;2025-11-26;23;14.007105856913768
28;2025-11-27;0;8.834668302557986
28;2025-11-27;1;0.0
28;2025-11-27;2;0.0
28;2025-11-27;3;0.0
28;2025-11-27;4;14.002818228600802
28;2025-11-27;5;90.7351054997277
28;2025-11-27;6;268.2857918442427
28;2025-11-27;7;802.9623288164802
28;2025-11-27;8;1155.4129321607231
28;2025-11-27;9;854.8706580940624
28;2025-11-27;10;602.7054526334277
28;2025-11-27;11;577.8751127474958
28;2025-11-27;12;640.7955319460746
28;2025-11-27;13;666.6610311850918
28;2025-11-27;14;654.5042738760294
28;2025-11-27;15;703.1102774049758
28;2025-11-27;16;869.0835437412011
28;2025-11-27;17;951.9244462300703
28;2025-11-27;18;927.6462806224961
28;2025-11-27;19;742.9939500602452
28;2025-11-27;20;502.41765624357623
28;2025-11-27;21;297.5519936674574
28;2025-11-27;22;148.911052654802
28;2025-11-27;23;43.74395644236108
28;2025-11-28;0;7.678719871465546
28;2025-11-28;1;0.0
28;2025-11-28;2;0.0
28;2025-11-28;3;0.0
28;2025-11-28;4;0.0
28;2025-11-28;5;74.9684965042465
28;2025-11-28;6;241.42590898051333
28;2025-11-28;7;760.3083467418687
28;2025-11-28;8;1086.3807139047053
28;2025-11-28;9;804.2218867968653
28;2025-11-28;10;589.5296943318101
28;2025-11-28;11;560.8121505269029
28;2025-11-28;12;633.8224064032393
28;2025-11-28;13;642.212122874934
28;2025-11-28;14;622.1925434147989
28;2025-11-28;15;685.8014187915927
28;2025-11-28;16;848.9427044101537
28;2025-11-28;17;903.0549126698604
28;2025-11-28;18;849.0507374792637
28;2025-11-28;19;668.3172373856194
28;2025-11-28;20;455.41612513107987
28;2025-11-28;21;283.1131374742933
28;2025-11-28;22;123.86157368655347
28;2025-11-28;23;19.92220294054073
28;2025-11-29;0;15.194582027808906
28;2025-11-29;1;0.0
28;2025-11-29;2;0.0
28;2025-11-29;3;0.0
28;2025-11-29;4;4.8826354057209755
28;2025-11-29;5;39.79897496258127
28;2025-11-29;6;97.42730847035352
28;2025-11-29;7;215.36138684538392
28;2025-11-29;8;346.1332824008029
28;2025-11-29;9;417.5510899083793
28;2025-11-29;10;448.5789220133217
28;2025-11-29;11;460.2231136043042
28;2025-11-29;12;521.4974829350224
28;2025-11-29;13;544.8546937488021
28;2025-11-29;14;559.292204710562
28;2025-11-29;15;568.0632227462127
28;2025-11-29;16;562.2692493922384
28;2025-11-29;17;550.6865359228368
28;2025-11-29;18;505.004565284603
28;2025-11-29;19;404.2731812269214
28;2025-11-29;20;314.88727538048073
28;2025-11-29;21;249.80224047216336
28;2025-11-29;22;124.06660925287036
28;2025-11-29;23;23.952402390860925
28;2025-11-30;0;6.551747178976143
28;2025-11-30;1;0.0
28;2025-11-30;2;0.0
28;2025-11-30;3;0.0
28;2025-11-30;4;5.715488598651291
28;2025-11-30;5;31.64875315150607
28;2025-11-30;6;81.4296425575559
28;2025-11-30;7;146.8399969789745
28;2025-11-30;8;247.51358069188876
28;2025-11-30;9;308.9094738834959
28;2025-11-30;10;342.2146373373776
28;2025-11-30;11;368.5370330433292
28;2025-11-30;12;456.67914115289807
28;2025-11-30;13;483.60584067471177
28;2025-11-30;14;481.29368930889666
28;2025-11-30;15;508.0562731489775
28;2025-11-30;16;488.04926758039
28;2025-11-30;17;460.1371378381159
28;2025-11-30;18;425.1871816206152
28;2025-11-30;19;347.16583683934044
28;2025-11-30;20;297.57751643869244
28;2025-11-30;21;232.60652103278377
28;2025-11-30;22;109.10015923097643
28;2025-11-30;23;18.62259302336554
28;2025-12-01;0;10.952518533458033
28;2025-12-01;1;0.0
28;2025-12-01;2;0.0
28;2025-12-01;3;0.0
28;2025-12-01;4;7.8999578983095375
28;2025-12-01;5;77.89211497949759
28;2025-12-01;6;248.42534926844348
28;2025-12-01;7;785.2782403342484
28;2025-12-01;8;1153.6631413159241
28;2025-12-01;9;839.0418058083567
28;2025-12-01;10;564.8792038918401
28;2025-12-01;11;537.5999119933915
28;2025-12-01;12;604.8334060246913
28;2025-12-01;13;647.576064603326
28;2025-12-01;14;607.8301143454917
28;2025-12-01;15;663.4174704110758
28;2025-12-01;16;844.1977093253114
28;2025-12-01;17;918.3302969929327
28;2025-12-01;18;915.6060285389095
28;2025-12-01;19;708.8938399446611
28;2025-12-01;20;494.10361178799786
28;2025-12-01;21;285.03630720689523
28;2025-12-01;22;124.92634094556809
28;2025-12-01;23;14.662094920512402
28;2025-12-02;0;13.050544265619635
28;2025-12-02;1;0.0
28;2025-12-02;2;0.0
28;2025-12-02;3;0.0
28;2025-12-02;4;2.512174851778809
28;2025-12-02;5;83.9579964299117
28;2025-12-02;6;261.39988028594223
28;2025-12-02;7;816.3247115167144
28;2025-12-02;8;1182.8779879274298
28;2025-12-02;9;872.9252322621211
28;2025-12-02;10;608.7260334093511
28;2025-12-02;11;587.6383169654412
28;2025-12-02;12;655.022459556171
28;2025-12-02;13;673.2830505522237
28;2025-12-02;14;645.4616854222137
28;2025-12-02;15;689.3837590778388
28;2025-12-02;16;860.0393490978784
28;2025-12-02;17;958.0598408979428
28;2025-12-02;18;945.1273649837935
28;2025-12-02;19;751.9815586991881
28;2025-12-02;20;500.71578997320273
28;2025-12-02;21;292.5012988957771
28;2025-12-02;22;130.48245514372286
28;2025-12-02;23;20.119319928142943
28;2025-12-03;0;17.476507718924495
28;2025-12-03;1;0.0
28;2025-12-03;2;0.0
28;2025-12-03;3;0.0
28;2025-12-03;4;13.7462389501693
28;2025-12-03;5;91.5810399253865
28;2025-12-03;6;271.56861785031174
28;2025-12-03;7;817.6594538367402
28;2025-12-03;8;1164.1245335178326
28;2025-12-03;9;860.0739072318254
28;2025-12-03;10;587.7010550852326
28;2025-12-03;11;563.5354374279193
28;2025-12-03;12;657.0503894537048
28;2025-12-03;13;690.1225323976349
28;2025-12-03;14;657.0247621593032
28;2025-12-03;15;704.9312150095584
28;2025-12-03;16;878.6541942914113
28;2025-12-03;17;964.012167734967
28;2025-12-03;18;957.0520656378717
28;2025-12-03;19;754.48021965474
28;2025-12-03;20;497.11272157986866
28;2025-12-03;21;299.559535100331
28;2025-12-03;22;137.5649278630341
28;2025-12-03;23;27.628632838722865
28;2025-12-04;0;7.855489868345103
28;2025-12-04;1;0.0
28;2025-12-04;2;0.0
28;2025-12-04;3;0.0
28;2025-12-04;4;5.590086989584506
28;2025-12-04;5;80.321270496551
28;2025-12-04;6;258.41915970226285
28;2025-12-04;7;800.1071851343736
28;2025-12-04;8;1153.028370815694
28;2025-12-04;9;849.5126072031171
28;2025-12-04;10;599.3417343460189
28;2025-12-04;11;565.4349485716868
28;2025-12-04;12;646.524786825079
28;2025-12-04;13;678.6409748869768
28;2025-12-04;14;653.6637839635097
28;2025-12-04;15;708.966305635088
28;2025-12-04;16;874.9141063698282
28;2025-12-04;17;960.9304814430709
28;2025-12-04;18;942.6353628738401
28;2025-12-04;19;727.1861131999137
28;2025-12-04;20;488.1847953521418
28;2025-12-04;21;303.0836087508656
28;2025-12-04;22;141.9645552295512
28;2025-12-04;23;26.757448697149016
28;2025-12-05;0;10.424010754978724
28;2025-12-05;1;0.0
28;2025-12-05;2;0.0
28;2025-12-05;3;0.0
28;2025-12-05;4;11.165064120422585
28;2025-12-05;5;80.67851786716375
28;2025-12-05;6;248.55995911062504
28;2025-12-05;7;772.4074959816812
28;2025-12-05;8;1110.3228563207467
28;2025-12-05;9;812.141920510576
28;2025-12-05;10;583.9744018006049
28;2025-12-05;11;561.8804461015268
28;2025-12-05;12;645.8999056256595
28;2025-12-05;13;666.3305662619314
28;2025-12-05;14;642.842894048068
28;2025-12-05;15;702.1592012735757
28;2025-12-05;16;879.4047016652473
28;2025-12-05;17;925.0045165769433
28;2025-12-05;18;864.6704249926095
28;2025-12-05;19;700.6409891582555
28;2025-12-05;20;465.85857553722417
28;2025-12-05;21;285.1843206859827
28;2025-12-05;22;125.29737890167343
28;2025-12-05;23;18.710375077356446
28;2025-12-06;0;9.377705996023394
28;2025-12-06;1;0.0
28;2025-12-06;2;0.0
28;2025-12-06;3;0.0
28;2025-12-06;4;0.6824226113151326
28;2025-12-06;5;35.07738433543784
28;2025-12-06;6;93.44159212876968
28;2025-12-06;7;216.6927081594205
28;2025-12-06;8;343.59321196286845
28;2025-12-06;9;416.2245809494397
28;2025-12-06;10;447.40508467802437
28;2025-12-06;11;457.266189496344
28;2025-12-06;12;523.8030937947793
28;2025-12-06;13;545.7884849039284
28;2025-12-06;14;551.3105601226854
28;2025-12-06;15;573.4199540526087
28;2025-12-06;16;544.8699928654949
28;2025-12-06;17;525.2048930894789
28;2025-12-06;18;489.16176323428
28;2025-12-06;19;382.5226846161943
28;2025-12-06;20;306.70466568004895
28;2025-12-06;21;226.26950493160942
28;2025-12-06;22;105.44884047134582
28;2025-12-06;23;15.074033033932267
28;2025-12-07;0;7.184347717859566
28;2025-12-07;1;0.0
28;2025-12-07;2;0.0
28;2025-12-07;3;0.0
28;2025-12-07;4;4.964998309444979
28;2025-12-07;5;28.427066446894628
28;2025-12-07;6;76.704278925707
28;2025-12-07;7;143.92457074857572
28;2025-12-07;8;238.10535278501774
28;2025-12-07;9;298.55398221896723
28;2025-12-07;10;340.8406398101947
28;2025-12-07;11;358.89276843439734
28;2025-12-07;12;434.48390971854565
28;2025-12-07;13;468.8243199113888
28;2025-12-07;14;486.31911969616164
28;2025-12-07;15;494.32386565218377
28;2025-12-07;16;466.3732196355381
28;2025-12-07;17;447.64118748950096
28;2025-12-07;18;421.2589411941234
28;2025-12-07;19;335.98587817994917
28;2025-12-07;20;283.7712576922694
28;2025-12-07;21;220.79868318867878
28;2025-12-07;22;95.5319899627641
28;2025-12-07;23;9.437763138917148
28;2025-12-08;0;4.385595922120615
28;2025-12-08;1;0.0
28;2025-12-08;2;0.0
28;2025-12-08;3;0.0
28;2025-12-08;4;0.0
28;2025-12-08;5;72.43100828270673
28;2025-12-08;6;246.68617373547963
28;2025-12-08;7;786.4773666178796
28;2025-12-08;8;1162.4429930376014
28;2025-12-08;9;848.341996812585
28;2025-12-08;10;565.5109927964638
28;2025-12-08;11;541.1523176800341
28;2025-12-08;12;610.3757295953917
28;2025-12-08;13;629.9854061777623
28;2025-12-08;14;601.4596053854132
28;2025-12-08;15;655.8446407815574
28;2025-12-08;16;823.9284343577735
28;2025-12-08;17;904.5239756770975
28;2025-12-08;18;889.5452485280099
28;2025-12-08;19;698.0181634351987
28;2025-12-08;20;475.9752541791452
28;2025-12-08;21;270.12092108196543
28;2025-12-08;22;100.04569542424935
28;2025-12-08;23;0.0
28;2025-12-09;0;4.898183752313685
28;2025-12-09;1;0.0
28;2025-12-09;2;0.0
28;2025-12-09;3;0.0
28;2025-12-09;4;0.0
28;2025-12-09;5;63.20415458764444
28;2025-12-09;6;247.80249882330034
28;2025-12-09;7;795.6078851300753
28;2025-12-09;8;1166.5543690114232
28;2025-12-09;9;853.8720616250558
28;2025-12-09;10;573.2471789022956
28;2025-12-09;11;554.808967412909
28;2025-12-09;12;618.0526423819523
28;2025-12-09;13;652.2809860451339
28;2025-12-09;14;605.3363022448316
28;2025-12-09;15;648.0696308836473
28;2025-12-09;16;812.7131871138102
28;2025-12-09;17;876.6127955777847
28;2025-12-09;18;866.0445923367871
28;2025-12-09;19;704.725264726583
28;2025-12-09;20;469.8726799117987
28;2025-12-09;21;263.3775148859854
28;2025-12-09;22;123.24431728081282
28;2025-12-09;23;15.162519488228327
28;2025-12-10;0;0.0
28;2025-12-10;1;0.0
28;2025-12-10;2;0.0
28;2025-12-10;3;0.0
28;2025-12-10;4;5.885854198699917
28;2025-12-10;5;75.68262689407766
28;2025-12-10;6;244.017036219246
28;2025-12-10;7;770.3194227120985
28;2025-12-10;8;1120.6019577091326
28;2025-12-10;9;826.4263636347812
28;2025-12-10;10;590.0613507929785
28;2025-12-10;11;567.7756371326607
28;2025-12-10;12;618.7421799920963
28;2025-12-10;13;652.740302242683
28;2025-12-10;14;629.7668886376266
28;2025-12-10;15;684.0282600906232
28;2025-12-10;16;858.5244087674977
28;2025-12-10;17;932.2443028103587
28;2025-12-10;18;917.8807806330603
28;2025-12-10;19;732.1186076424702
28;2025-12-10;20;481.82851444117256
28;2025-12-10;21;281.381517103429
28;2025-12-10;22;122.21692469009645
28;2025-12-10;23;14.994156249426737
28;2025-12-11;0;5.83885073569536
28;2025-12-11;1;0.0
28;2025-12-11;2;0.0
28;2025-12-11;3;0.0
28;2025-12-11;4;3.480768883528526
28;2025-12-11;5;81.26183149263437
28;2025-12-11;6;252.60774400133266
28;2025-12-11;7;775.9335974784143
28;2025-12-11;8;1133.483902963028
28;2025-12-11;9;828.2069375394658
28;2025-12-11;10;580.7167215865503
28;2025-12-11;11;558.1231019209091
28;2025-12-11;12;617.5678299991976
28;2025-12-11;13;642.5944123566251
28;2025-12-11;14;609.9585075142431
28;2025-12-11;15;666.2288964212057
28;2025-12-11;16;807.7570156067491
28;2025-12-11;17;900.191056079377
28;2025-12-11;18;882.6700988326421
28;2025-12-11;19;703.4419940306311
28;2025-12-11;20;458.5830097077909
28;2025-12-11;21;268.78921459638707
28;2025-12-11;22;127.223065578444
28;2025-12-11;23;16.72534926855576
28;2025-12-12;0;6.243853331172829
28;2025-12-12;1;0.0
28;2025-12-12;2;0.0
28;2025-12-12;3;0.0
28;2025-12-12;4;3.7048251218420774
28;2025-12-12;5;74.53736826485698
28;2025-12-12;6;230.27122036494146
28;2025-12-12;7;747.2243351885188
28;2025-12-12;8;1068.4019419742804
28;2025-12-12;9;789.441510205211
28;2025-12-12;10;581.3175732504637
28;2025-12-12;11;559.5057318188174
28;2025-12-12;12;646.0459958847482
28;2025-12-12;13;644.1979842649006
28;2025-12-12;14;614.2278529940598
28;2025-12-12;15;657.6236601926826
28;2025-12-12;16;832.6488333829034
28;2025-12-12;17;894.6194645859174
28;2025-12-12;18;840.6940817175247
28;2025-12-12;19;684.1484020803584
28;2025-12-12;20;471.9067379970875
28;2025-12-12;21;270.88225401044804
28;2025-12-12;22;124.84037727028146
28;2025-12-12;23;19.373713727476684
28;2025-12-13;0;4.9097396781105545
28;2025-12-13;1;0.0
28;2025-12-13;2;0.0
28;2025-12-13;3;0.0
28;2025-12-13;4;0.0
28;2025-12-13;5;23.767793269778622
28;2025-12-13;6;98.84241154495726
28;2025-12-13;7;213.24631947963812
28;2025-12-13;8;348.5152210457773
28;2025-12-13;9;421.9581281454699
28;2025-12-13;10;447.6714060343441
28;2025-12-13;11;448.11497112480765
28;2025-12-13;12;506.2442211847997
28;2025-12-13;13;544.8364830214786
28;2025-12-13;14;540.7355099010391
28;2025-12-13;15;562.8580560926091
28;2025-12-13;16;520.8384957915553
28;2025-12-13;17;520.7285582613963
28;2025-12-13;18;478.3173052047397
28;2025-12-13;19;372.9117986407259
28;2025-12-13;20;295.5324415757732
28;2025-12-13;21;224.4256529650227
28;2025-12-13;22;97.9101234339472
28;2025-12-13;23;13.745411128146714
28;2025-12-14;0;0.0
28;2025-12-14;1;0.0
28;2025-12-14;2;0.0
28;2025-12-14;3;0.0
28;2025-12-14;4;0.0
28;2025-12-14;5;20.881104676917857
28;2025-12-14;6;72.50717242415595
28;2025-12-14;7;147.48299856448102
28;2025-12-14;8;237.00876820099353
28;2025-12-14;9;299.7390031477544
28;2025-12-14;10;338.7434941223728
28;2025-12-14;11;365.50892534413066
28;2025-12-14;12;433.3022880222
28;2025-12-14;13;467.8257931592701
28;2025-12-14;14;456.76996799659753
28;2025-12-14;15;475.2198020992666
28;2025-12-14;16;450.27729477834583
28;2025-12-14;17;446.03886569381865
28;2025-12-14;18;413.3441976340089
28;2025-12-14;19;317.51204033274473
28;2025-12-14;20;268.19023045268284
28;2025-12-14;21;202.8114606743525
28;2025-12-14;22;84.38941860464911
28;2025-12-14;23;6.214271652557841
28;2025-12-15;0;0.0
28;2025-12-15;1;0.0
28;2025-12-15;2;0.0
28;2025-12-15;3;0.0
28;2025-12-15;4;0.0
28;2025-12-15;5;65.36629580766015
28;2025-12-15;6;237.46711154908735
28;2025-12-15;7;757.8962630890497
28;2025-12-15;8;1127.0826399985385
28;2025-12-15;9;822.2509857108734
28;2025-12-15;10;557.1826532170153
28;2025-12-15;11;539.4274123693012
28;2025-12-15;12;578.962033811088
28;2025-12-15;13;616.0617469075255
28;2025-12-15;14;596.3783647357984
28;2025-12-15;15;648.0233407829639
28;2025-12-15;16;814.855793562193
28;2025-12-15;17;925.1509017786148
28;2025-12-15;18;927.4659026483585
28;2025-12-15;19;723.2809848094028
28;2025-12-15;20;500.6700972039162
28;2025-12-15;21;288.3666503491674
28;2025-12-15;22;123.3233426839978
28;2025-12-15;23;12.594783513560742
28;2025-12-16;0;10.884043211293545
28;2025-12-16;1;0.0
28;2025-12-16;2;0.0
28;2025-12-16;3;0.0
28;2025-12-16;4;4.740520380580335
28;2025-12-16;5;66.96894101932031
28;2025-12-16;6;245.58259212044183
28;2025-12-16;7;809.3277775338145
28;2025-12-16;8;1165.970569595949
28;2025-12-16;9;846.8387755726421
28;2025-12-16;10;596.3093644843669
28;2025-12-16;11;580.8003398481576
28;2025-12-16;12;630.9343730525347
28;2025-12-16;13;638.9120226749151
28;2025-12-16;14;609.1668719450897
28;2025-12-16;15;648.4737965807841
28;2025-12-16;16;799.821111119946
28;2025-12-16;17;882.0476044767178
28;2025-12-16;18;880.7045250761064
28;2025-12-16;19;703.6444472065066
28;2025-12-16;20;463.8701306033387
28;2025-12-16;21;266.32332447282835
28;2025-12-16;22;116.27293880942028
28;2025-12-16;23;8.682079626166967
28;2025-12-17;0;0.0
28;2025-12-17;1;0.0
28;2025-12-17;2;0.0
28;2025-12-17;3;0.0
28;2025-12-17;4;0.0
28;2025-12-17;5;58.431561738197445
28;2025-12-17;6;228.51483840453275
28;2025-12-17;7;768.5942038584202
28;2025-12-17;8;1105.879385269894
28;2025-12-17;9;815.3206029534845
28;2025-12-17;10;566.6973511486852
28;2025-12-17;11;539.0418700291495
28;2025-12-17;12;619.9109663599177
28;2025-12-17;13;641.9111709516064
28;2025-12-17;14;610.9463725605906
28;2025-12-17;15;670.6871818395518
28;2025-12-17;16;833.7226399501137
28;2025-12-17;17;919.2758667418094
28;2025-12-17;18;916.3135252296547
28;2025-12-17;19;714.484868688277
28;2025-12-17;20;471.1087214996883
28;2025-12-17;21;288.6152378960862
28;2025-12-17;22;127.62645197663636
28;2025-12-17;23;13.437061046121528
28;2025-12-18;0;4.165530753169492
28;2025-12-18;1;0.0
28;2025-12-18;2;0.0
28;2025-12-18;3;0.0
28;2025-12-18;4;3.5291096541058664
28;2025-12-18;5;75.90890448579779
28;2025-12-18;6;241.9953672289608
28;2025-12-18;7;783.8678896885742
28;2025-12-18;8;1116.9119395208631
28;2025-12-18;9;822.8610046484514
28;2025-12-18;10;565.7671570563919
28;2025-12-18;11;548.5745317730983
28;2025-12-18;12;599.9414776620348
28;2025-12-18;13;627.3975742095487
28;2025-12-18;14;605.1894212513748
28;2025-12-18;15;657.9455220334733
28;2025-12-18;16;800.1899680072338
28;2025-12-18;17;891.1029915492488
28;2025-12-18;18;894.8844383490273
28;2025-12-18;19;701.2578300655348
28;2025-12-18;20;458.1386911706245
28;2025-12-18;21;276.8569332267027
28;2025-12-18;22;121.16388985018426
28;2025-12-18;23;14.676832796936026
28;2025-12-19;0;0.0
28;2025-12-19;1;0.0
28;2025-12-19;2;0.0
28;2025-12-19;3;0.0
28;2025-12-19;4;0.0
28;2025-12-19;5;74.96215825395723
28;2025-12-19;6;238.28365092032988
28;2025-12-19;7;749.1490264331644
28;2025-12-19;8;1077.2408141308963
28;2025-12-19;9;777.9892823539471
28;2025-12-19;10;558.0464168401134
28;2025-12-19;11;526.8052234429015
28;2025-12-19;12;612.7033375728904
28;2025-12-19;13;606.7308119429907
28;2025-12-19;14;586.7906340227464
28;2025-12-19;15;653.2363027761045
28;2025-12-19;16;826.8822161643612
28;2025-12-19;17;868.1228615039167
28;2025-12-19;18;822.6725618221135
28;2025-12-19;19;662.232574044112
28;2025-12-19;20;446.0130332830616
28;2025-12-19;21;272.90677096771753
28;2025-12-19;22;119.20598391195716
28;2025-12-19;23;10.719879381626185
28;2025-12-20;0;3.0567008831486078
28;2025-12-20;1;0.0
28;2025-12-20;2;0.0
28;2025-12-20;3;0.0
28;2025-12-20;4;0.0
28;2025-12-20;5;27.53603145741033
28;2025-12-20;6;84.39750352165174
28;2025-12-20;7;195.0867003386663
28;2025-12-20;8;312.685104114189
28;2025-12-20;9;390.2603982565321
28;2025-12-20;10;417.606896912712
28;2025-12-20;11;436.6779860852731
28;2025-12-20;12;501.2308045945297
28;2025-12-20;13;521.8709620152929
28;2025-12-20;14;529.0695678279856
28;2025-12-20;15;532.4000757396698
28;2025-12-20;16;498.34477068313055
28;2025-12-20;17;474.0580469299142
28;2025-12-20;18;446.5095577756203
28;2025-12-20;19;359.31256238632
28;2025-12-20;20;284.9446693738362
28;2025-12-20;21;223.23748252961653
28;2025-12-20;22;100.04599637594526
28;2025-12-20;23;10.533687805181899
28;2025-12-21;0;2.2642212049074715
28;2025-12-21;1;0.0
28;2025-12-21;2;0.0
28;2025-12-21;3;0.0
28;2025-12-21;4;0.0
28;2025-12-21;5;23.27003801382517
28;2025-12-21;6;59.72560887609467
28;2025-12-21;7;144.82969335729103
28;2025-12-21;8;221.3873658798092
28;2025-12-21;9;288.7170018542239
28;2025-12-21;10;330.4637160622465
28;2025-12-21;11;360.2358902462287
28;2025-12-21;12;420.1682607090959
28;2025-12-21;13;451.8937464721035
28;2025-12-21;14;461.9382681954301
28;2025-12-21;15;479.4153210043862
28;2025-12-21;16;451.16267861704955
28;2025-12-21;17;416.6629948914765
28;2025-12-21;18;392.5476040115864
28;2025-12-21;19;314.0385167651322
28;2025-12-21;20;266.198451285047
28;2025-12-21;21;208.41202944491383
28;2025-12-21;22;85.5524254729113
28;2025-12-21;23;10.62226260035527
28;2025-12-22;0;2.428976226512418
28;2025-12-22;1;0.0
28;2025-12-22;2;0.0
28;2025-12-22;3;0.0
28;2025-12-22;4;0.0
28;2025-12-22;5;61.5555950419926
28;2025-12-22;6;230.15885015069176
28;2025-12-22;7;710.1805477449604
28;2025-12-22;8;1015.1555526312048
28;2025-12-22;9;746.1853145161315
28;2025-12-22;10;523.1155608254012
28;2025-12-22;11;509.54388206212536
28;2025-12-22;12;564.9238098447265
28;2025-12-22;13;580.2116934262972
28;2025-12-22;14;546.2417503426427
28;2025-12-22;15;593.9480757560702
28;2025-12-22;16;753.1041970603559
28;2025-12-22;17;849.7997115579626
28;2025-12-22;18;852.302202188559
28;2025-12-22;19;653.4351135711994
28;2025-12-22;20;437.6141722196031
28;2025-12-22;21;236.04467129503254
28;2025-12-22;22;100.96767183880036
28;2025-12-22;23;0.0
28;2025-12-23;0;0.0
28;2025-12-23;1;0.0
28;2025-12-23;2;0.0
28;2025-12-23;3;0.0
28;2025-12-23;4;0.0
28;2025-12-23;5;42.71083392773568
28;2025-12-23;6;196.2406624918855
28;2025-12-23;7;734.2223573795634
28;2025-12-23;8;1028.9621496920358
28;2025-12-23;9;768.2830087538547
28;2025-12-23;10;535.0455790012127
28;2025-12-23;11;482.301801252456
28;2025-12-23;12;514.9965075242453
28;2025-12-23;13;554.600512742905
28;2025-12-23;14;526.1024302281277
28;2025-12-23;15;569.659339668223
28;2025-12-23;16;732.851893037516
28;2025-12-23;17;803.7863674935949
28;2025-12-23;18;801.8433039270507
28;2025-12-23;19;627.2193329365313
28;2025-12-23;20;424.99719126173767
28;2025-12-23;21;250.30017584534625
28;2025-12-23;22;94.7161384803785
28;2025-12-23;23;0.0
28;2025-12-24;0;1.27384618642418
28;2025-12-24;1;0.0
28;2025-12-24;2;0.0
28;2025-12-24;3;0.0
28;2025-12-24;4;3.881921355679424
28;2025-12-24;5;71.58310585763275
28;2025-12-24;6;246.8095071085384
28;2025-12-24;7;773.0305495484436
28;2025-12-24;8;1059.3100635109058
28;2025-12-24;9;757.0535985592587
28;2025-12-24;10;516.3564059528779
28;2025-12-24;11;489.9606424788145
28;2025-12-24;12;558.3153970456358
28;2025-12-24;13;571.0893619437456
28;2025-12-24;14;522.5448021411992
28;2025-12-24;15;588.2816335978223
28;2025-12-24;16;711.1050903865897
28;2025-12-24;17;800.1667037209652
28;2025-12-24;18;804.1010545978475
28;2025-12-24;19;618.2247657875264
28;2025-12-24;20;410.6338473712481
28;2025-12-24;21;251.9004232982182
28;2025-12-24;22;97.9564345965423
28;2025-12-24;23;0.0
28;2025-12-25;0;0.0
28;2025-12-25;1;0.0
28;2025-12-25;2;0.0
28;2025-12-25;3;0.0
28;2025-12-25;4;0.0
28;2025-12-25;5;71.19285325653442
28;2025-12-25;6;244.15466395709632
28;2025-12-25;7;754.5449818998404
28;2025-12-25;8;1074.3610557160828
28;2025-12-25;9;776.3450069286348
28;2025-12-25;10;530.0389916116596
28;2025-12-25;11;501.640132729609
28;2025-12-25;12;571.7576466957725
28;2025-12-25;13;585.880047544534
28;2025-12-25;14;560.668349004851
28;2025-12-25;15;618.7704505640745
28;2025-12-25;16;750.7435573330584
28;2025-12-25;17;836.3284876918938
28;2025-12-25;18;824.8870331373696
28;2025-12-25;19;691.721846766793
28;2025-12-25;20;456.3414747935613
28;2025-12-25;21;274.6554245471308
28;2025-12-25;22;116.12586106323505
28;2025-12-25;23;13.100165441373463
28;2025-12-26;0;8.60956962860979
28;2025-12-26;1;0.0
28;2025-12-26;2;0.0
28;2025-12-26;3;0.0
28;2025-12-26;4;4.6326335636347835
28;2025-12-26;5;67.46935480831104
28;2025-12-26;6;214.47999027930035
28;2025-12-26;7;732.3396532524869
28;2025-12-26;8;1015.4050243820521
28;2025-12-26;9;748.8494111508219
28;2025-12-26;10;561.9603712024085
28;2025-12-26;11;547.0354965605475
28;2025-12-26;12;611.6388699181116
28;2025-12-26;13;620.6803823042064
28;2025-12-26;14;595.1490541328068
28;2025-12-26;15;645.0582815063954
28;2025-12-26;16;808.8832506849265
28;2025-12-26;17;836.9997779575842
28;2025-12-26;18;807.8290688678997
28;2025-12-26;19;645.5273457827163
28;2025-12-26;20;438.1059112778581
28;2025-12-26;21;273.42287194518474
28;2025-12-26;22;120.91962979909937
28;2025-12-26;23;17.617094714422933
28;2025-12-27;0;17.150929447215844
28;2025-12-27;1;0.0
28;2025-12-27;2;0.0
28;2025-12-27;3;0.0
28;2025-12-27;4;0.0
28;2025-12-27;5;25.029648235009006
28;2025-12-27;6;77.44555651647175
28;2025-12-27;7;199.72028190289785
28;2025-12-27;8;307.65634774695036
28;2025-12-27;9;395.98906849870696
28;2025-12-27;10;418.96875913625126
28;2025-12-27;11;435.4151797136924
28;2025-12-27;12;496.93058072907314
28;2025-12-27;13;516.0724897598938
28;2025-12-27;14;531.2191560349022
28;2025-12-27;15;539.1073543681229
28;2025-12-27;16;493.45338019355927
28;2025-12-27;17;458.19370845686
28;2025-12-27;18;420.06005716938955
28;2025-12-27;19;363.54548898279586
28;2025-12-27;20;297.48732511992876
28;2025-12-27;21;226.07109403329045
28;2025-12-27;22;110.3167909359035
28;2025-12-27;23;17.401623661676922
28;2025-12-28;0;10.044803147144592
28;2025-12-28;1;0.0
28;2025-12-28;2;0.0
28;2025-12-28;3;0.0
28;2025-12-28;4;0.0
28;2025-12-28;5;18.2347086562537
28;2025-12-28;6;52.69875394785697
28;2025-12-28;7;127.98384228081926
28;2025-12-28;8;200.60427558704913
28;2025-12-28;9;278.7205701287346
28;2025-12-28;10;324.7977354621412
28;2025-12-28;11;340.94053189724093
28;2025-12-28;12;406.97299208696273
28;2025-12-28;13;444.44095605749663
28;2025-12-28;14;449.28736771989884
28;2025-12-28;15;475.3140619586687
28;2025-12-28;16;434.23095568420393
28;2025-12-28;17;392.5598179207017
28;2025-12-28;18;376.1140472542959
28;2025-12-28;19;301.72857918290634
28;2025-12-28;20;265.463267356541
28;2025-12-28;21;196.95814575695414
28;2025-12-28;22;85.10320061547833
28;2025-12-28;23;10.916108870816458
28;2025-12-29;0;1.0659227042277166
28;2025-12-29;1;0.0
28;2025-12-29;2;0.0
28;2025-12-29;3;0.0
28;2025-12-29;4;3.431293970650188
28;2025-12-29;5;67.68705026709324
28;2025-12-29;6;220.97605314973433
28;2025-12-29;7;751.1547932875128
28;2025-12-29;8;1061.7671493100931
28;2025-12-29;9;775.6854948915943
28;2025-12-29;10;521.5556511213682
28;2025-12-29;11;517.3178465085667
28;2025-12-29;12;558.6884691310024
28;2025-12-29;13;601.0661059256248
28;2025-12-29;14;567.5021850630731
28;2025-12-29;15;607.4937475806801
28;2025-12-29;16;771.0728573572676
28;2025-12-29;17;870.6319265660406
28;2025-12-29;18;853.9803465809019
28;2025-12-29;19;682.2495160132747
28;2025-12-29;20;463.3608990374888
28;2025-12-29;21;265.5976648086506
28;2025-12-29;22;114.34274087264521
28;2025-12-29;23;18.045833184013816
28;2025-12-30;0;11.500404075260178
28;2025-12-30;1;0.0
28;2025-12-30;2;0.0
28;2025-12-30;3;0.0
28;2025-12-30;4;0.10600706343774391
28;2025-12-30;5;69.28343516750374
28;2025-12-30;6;236.09307230002764
28;2025-12-30;7;784.4732532899794
28;2025-12-30;8;1083.1968172639372
28;2025-12-30;9;794.2984324690419
28;2025-12-30;10;547.6900762894343
28;2025-12-30;11;538.4592870463139
28;2025-12-30;12;588.0283566907552
28;2025-12-30;13;583.3019671991067
28;2025-12-30;14;558.9504695351305
28;2025-12-30;15;605.579043145445
28;2025-12-30;16;771.849458655078
28;2025-12-30;17;852.725550200728
28;2025-12-30;18;870.0988618856354
28;2025-12-30;19;688.5733049524929
28;2025-12-30;20;457.94413268298945
28;2025-12-30;21;262.49117006867544
28;2025-12-30;22;110.42699750909293
28;2025-12-30;23;17.24753103322979
28;2025-12-31;0;22.431075943124483
28;2025-12-31;1;0.0
28;2025-12-31;2;0.0
28;2025-12-31;3;0.0
28;2025-12-31;4;0.0
28;2025-12-31;5;1.3933965959824945
28;2025-12-31;6;60.40103110707463
28;2025-12-31;7;108.08330261738251
28;2025-12-31;8;197.08623906611956
28;2025-12-31;9;237.77554957124795
28;2025-12-31;10;233.24000618743258
28;2025-12-31;11;244.51507398145395
28;2025-12-31;12;316.70289764408597
28;2025-12-31;13;347.7316665703725
28;2025-12-31;14;363.7965561169851
28;2025-12-31;15;375.6771159124875
28;2025-12-31;16;369.1617005935984
28;2025-12-31;17;381.7052836179823
28;2025-12-31;18;381.24213107263125
28;2025-12-31;19;299.924252226146
28;2025-12-31;20;238.09806147743427
28;2025-12-31;21;211.9969761756029
28;2025-12-31;22;108.23251692552128
28;2025-12-31;23;23.5654478033768
50;2025-11-01;0;182.23684075682127
50;2025-11-01;1;0.0
50;2025-11-01;2;0.0
50;2025-11-01;3;0.0
50;2025-11-01;4;192.53873867681853
50;2025-11-01;5;228.2280031487685
50;2025-11-01;6;601.749257396197
50;2025-11-01;7;1377.098179083431
50;2025-11-01;8;1797.6003668923454
50;2025-11-01;9;1616.6282059638772
50;2025-11-01;10;1404.0896743246203
50;2025-11-01;11;1332.575200457688
50;2025-11-01;12;1302.217819383913
50;2025-11-01;13;1279.0193737502764
50;2025-11-01;14;1247.836746432202
50;2025-11-01;15;1394.1001276636975
50;2025-11-01;16;1494.9087947178539
50;2025-11-01;17;1652.3650913684542
50;2025-11-01;18;1523.3437912592667
50;2025-11-01;19;1014.9732155603092
50;2025-11-01;20;716.4963052182839
50;2025-11-01;21;563.0281564935578
50;2025-11-01;22;356.72273519374585
50;2025-11-01;23;258.54997455858404
50;2025-11-02;0;26.75945135529753
50;2025-11-02;1;0.0
50;2025-11-02;2;0.0
50;2025-11-02;3;0.0
50;2025-11-02;4;0.3794805304585225
50;2025-11-02;5;0.0
50;2025-11-02;6;55.662702019760445
50;2025-11-02;7;11.130506715597903
50;2025-11-02;8;77.3441013393159
50;2025-11-02;9;109.9616248966638
50;2025-11-02;10;89.97669790823784
50;2025-11-02;11;176.2326347006791
50;2025-11-02;12;212.96997803676004
50;2025-11-02;13;253.98752030148177
50;2025-11-02;14;270.51676400510496
50;2025-11-02;15;272.8168106527247
50;2025-11-02;16;264.1433097627417
50;2025-11-02;17;252.30962108169052
50;2025-11-02;18;216.20737286896247
50;2025-11-02;19;151.3957327240896
50;2025-11-02;20;122.68547910066957
50;2025-11-02;21;85.51793288293868
50;2025-11-02;22;64.69560892081711
50;2025-11-02;23;25.943604754048465
50;2025-11-03;0;65.35459885282819
50;2025-11-03;1;0.0
50;2025-11-03;2;0.0
50;2025-11-03;3;0.0
50;2025-11-03;4;38.91412753844759
50;2025-11-03;5;51.83169816076804
50;2025-11-03;6;148.44051321977918
50;2025-11-03;7;214.0032089327243
50;2025-11-03;8;537.3187640945663
50;2025-11-03;9;378.0848766576117
50;2025-11-03;10;262.2235004769424
50;2025-11-03;11;316.19633852820124
50;2025-11-03;12;335.1970966018779
50;2025-11-03;13;363.1742649066624
50;2025-11-03;14;387.50778558223965
50;2025-11-03;15;363.765599018265
50;2025-11-03;16;394.8353080206924
50;2025-11-03;17;515.2893845285112
50;2025-11-03;18;584.6165818230395
50;2025-11-03;19;412.91484929254517
50;2025-11-03;20;234.99530509682347
50;2025-11-03;21;193.39628595208308
50;2025-11-03;22;154.94383290186647
50;2025-11-03;23;110.32212929703883
50;2025-11-04;0;65.26168909813305
50;2025-11-04;1;0.0
50;2025-11-04;2;0.0
50;2025-11-04;3;0.0
50;2025-11-04;4;35.08180440639512
50;2025-11-04;5;61.65627720393627
50;2025-11-04;6;161.83990176156442
50;2025-11-04;7;227.73270545694902
50;2025-11-04;8;528.6782067607403
50;2025-11-04;9;375.81387903324537
50;2025-11-04;10;254.35131412415853
50;2025-11-04;11;329.61649592771585
50;2025-11-04;12;326.6881430189226
50;2025-11-04;13;375.5745100948422
50;2025-11-04;14;393.2101285678914
50;2025-11-04;15;397.6331998759357
50;2025-11-04;16;356.06393430118686
50;2025-11-04;17;601.1459491122379
50;2025-11-04;18;604.5209336567066
50;2025-11-04;19;437.3055797554458
50;2025-11-04;20;251.79995570378338
50;2025-11-04;21;204.83969954179815
50;2025-11-04;22;150.92003615112822
50;2025-11-04;23;103.35074639795357
50;2025-11-05;0;30.499801993658366
50;2025-11-05;1;0.0
50;2025-11-05;2;0.0
50;2025-11-05;3;0.0
50;2025-11-05;4;9.445452588996659
50;2025-11-05;5;83.76612578443792
50;2025-11-05;6;573.2461933930916
50;2025-11-05;7;1736.3976345993574
50;2025-11-05;8;2537.046432297866
50;2025-11-05;9;2088.869111619537
50;2025-11-05;10;1616.5100982476704
50;2025-11-05;11;1500.722130428922
50;2025-11-05;12;1452.8910790842556
50;2025-11-05;13;1430.2957726000632
50;2025-11-05;14;1399.9713604016144
50;2025-11-05;15;1588.9515142587347
50;2025-11-05;16;1704.9197753027224
50;2025-11-05;17;2284.1961311706227
50;2025-11-05;18;2382.2050767576584
50;2025-11-05;19;1455.8190540761025
50;2025-11-05;20;894.5069080770811
50;2025-11-05;21;585.6720610676243
50;2025-11-05;22;260.86801870989297
50;2025-11-05;23;143.42418385527583
50;2025-11-06;0;38.035146308270896
50;2025-11-06;1;0.0
50;2025-11-06;2;0.0
50;2025-11-06;3;0.0
50;2025-11-06;4;14.135777700504036
50;2025-11-06;5;75.06674239324298
50;2025-11-06;6;564.8171862033811
50;2025-11-06;7;1720.9062940081476
50;2025-11-06;8;2538.2187511496127
50;2025-11-06;9;2050.3523131368665
50;2025-11-06;10;1594.2929320911871
50;2025-11-06;11;1486.747221016295
50;2025-11-06;12;1426.6581975576405
50;2025-11-06;13;1392.9145172985095
50;2025-11-06;14;1385.625267124552
50;2025-11-06;15;1564.868523591544
50;2025-11-06;16;1695.1351621523852
50;2025-11-06;17;2204.8110666493185
50;2025-11-06;18;2368.309989383125
50;2025-11-06;19;1407.0342736304958
50;2025-11-06;20;872.0154811856545
50;2025-11-06;21;592.412097332772
50;2025-11-06;22;260.40264425622786
50;2025-11-06;23;136.018603495099
50;2025-11-07;0;36.00704955908043
50;2025-11-07;1;0.0
50;2025-11-07;2;0.0
50;2025-11-07;3;0.0
50;2025-11-07;4;8.612938086089912
50;2025-11-07;5;67.89894062121937
50;2025-11-07;6;570.657105062231
50;2025-11-07;7;1675.2523049290285
50;2025-11-07;8;2439.032459829078
50;2025-11-07;9;1992.3088444977109
50;2025-11-07;10;1590.0043520114668
50;2025-11-07;11;1510.062050752113
50;2025-11-07;12;1465.8722072337914
50;2025-11-07;13;1472.719741214127
50;2025-11-07;14;1452.0960720796934
50;2025-11-07;15;1633.0532819068658
50;2025-11-07;16;1843.339040350147
50;2025-11-07;17;2029.8797045483486
50;2025-11-07;18;1882.1658027630783
50;2025-11-07;19;1213.4193700973965
50;2025-11-07;20;847.9997225389772
50;2025-11-07;21;564.9207955271894
50;2025-11-07;22;267.42996807567994
50;2025-11-07;23;143.1090601057357
50;2025-11-08;0;30.182649042827506
50;2025-11-08;1;0.0
50;2025-11-08;2;0.0
50;2025-11-08;3;0.0
50;2025-11-08;4;0.0
50;2025-11-08;5;1.1321286113139877
50;2025-11-08;6;95.13190863408306
50;2025-11-08;7;104.85987663376989
50;2025-11-08;8;201.95107570310927
50;2025-11-08;9;179.00266398325812
50;2025-11-08;10;133.07523872871252
50;2025-11-08;11;185.5841616106303
50;2025-11-08;12;192.83737038699712
50;2025-11-08;13;211.55420750613996
50;2025-11-08;14;237.02803925843784
50;2025-11-08;15;257.303394224464
50;2025-11-08;16;249.32051308097107
50;2025-11-08;17;283.466606387138
50;2025-11-08;18;235.71673824821357
50;2025-11-08;19;201.72148816589606
50;2025-11-08;20;166.626454689375
50;2025-11-08;21;147.38015043073779
50;2025-11-08;22;85.37600090372564
50;2025-11-08;23;26.421215986009088
50;2025-11-09;0;33.82419888722927
50;2025-11-09;1;0.0
50;2025-11-09;2;0.0
50;2025-11-09;3;0.0
50;2025-11-09;4;8.657299781746019
50;2025-11-09;5;8.93464222254022
50;2025-11-09;6;75.80170816768975
50;2025-11-09;7;57.94747920732232
50;2025-11-09;8;93.95881492523847
50;2025-11-09;9;135.74399937723388
50;2025-11-09;10;129.4121317562234
50;2025-11-09;11;217.69735356710748
50;2025-11-09;12;261.87720396672097
50;2025-11-09;13;291.1068291360132
50;2025-11-09;14;303.4864807584171
50;2025-11-09;15;309.0077644628349
50;2025-11-09;16;292.4788608328081
50;2025-11-09;17;289.22094612888543
50;2025-11-09;18;258.1777220036312
50;2025-11-09;19;179.56286683893302
50;2025-11-09;20;143.8738616043529
50;2025-11-09;21;122.44751095471236
50;2025-11-09;22;79.19191587923115
50;2025-11-09;23;25.679279600007817
50;2025-11-10;0;32.47786207354204
50;2025-11-10;1;0.0
50;2025-11-10;2;0.0
50;2025-11-10;3;0.0
50;2025-11-10;4;25.002648596732797
50;2025-11-10;5;86.61888192649906
50;2025-11-10;6;570.2427360410625
50;2025-11-10;7;1792.8713465527512
50;2025-11-10;8;2584.7239444781576
50;2025-11-10;9;2115.2072712661566
50;2025-11-10;10;1644.6009473507136
50;2025-11-10;11;1482.1545313180804
50;2025-11-10;12;1414.1917761697778
50;2025-11-10;13;1397.9268402823054
50;2025-11-10;14;1375.6565545124508
50;2025-11-10;15;1560.6834182875734
50;2025-11-10;16;1739.099334752037
50;2025-11-10;17;2349.4743223071446
50;2025-11-10;18;2490.7693635466585
50;2025-11-10;19;1524.9069818382961
50;2025-11-10;20;939.639837061765
50;2025-11-10;21;619.9868149659901
50;2025-11-10;22;270.32251750238163
50;2025-11-10;23;142.6929363017971
50;2025-11-11;0;30.27232454281409
50;2025-11-11;1;0.0
50;2025-11-11;2;0.0
50;2025-11-11;3;0.0
50;2025-11-11;4;6.342061808297331
50;2025-11-11;5;69.12605414975792
50;2025-11-11;6;562.3376176861746
50;2025-11-11;7;1765.0957345131728
50;2025-11-11;8;2593.50129572233
50;2025-11-11;9;2136.22997893276
50;2025-11-11;10;1585.1986133406308
50;2025-11-11;11;1478.1741157632769
50;2025-11-11;12;1411.4956318922268
50;2025-11-11;13;1434.8322258055814
50;2025-11-11;14;1375.0786151737975
50;2025-11-11;15;1620.6736216404383
50;2025-11-11;16;1765.8845510527162
50;2025-11-11;17;2362.87616704938
50;2025-11-11;18;2491.322595177611
50;2025-11-11;19;1512.6016792653968
50;2025-11-11;20;920.8161057336447
50;2025-11-11;21;599.6866909912318
50;2025-11-11;22;251.39154412157598
50;2025-11-11;23;126.37843639600919
50;2025-11-12;0;25.910096270323038
50;2025-11-12;1;0.0
50;2025-11-12;2;0.0
50;2025-11-12;3;0.0
50;2025-11-12;4;12.153146676731922
50;2025-11-12;5;77.14477940160577
50;2025-11-12;6;578.8202942204341
50;2025-11-12;7;1800.6016990866865
50;2025-11-12;8;2621.329936117949
50;2025-11-12;9;2084.3437642122726
50;2025-11-12;10;1635.350038062606
50;2025-11-12;11;1498.7354704303016
50;2025-11-12;12;1442.3752937536374
50;2025-11-12;13;1429.5719108106214
50;2025-11-12;14;1404.7003549611354
50;2025-11-12;15;1573.8639385420224
50;2025-11-12;16;1707.5360700523383
50;2025-11-12;17;2265.3003447299043
50;2025-11-12;18;2412.2058355034833
50;2025-11-12;19;1460.725844583988
50;2025-11-12;20;920.0647529113791
50;2025-11-12;21;602.2750403852092
50;2025-11-12;22;258.5083138703334
50;2025-11-12;23;138.54215631996067
50;2025-11-13;0;27.64493695443423
50;2025-11-13;1;0.0
50;2025-11-13;2;0.0
50;2025-11-13;3;0.0
50;2025-11-13;4;13.161009055109389
50;2025-11-13;5;75.77243717415308
50;2025-11-13;6;571.3824706114897
50;2025-11-13;7;1714.008858510414
50;2025-11-13;8;2527.9402121516223
50;2025-11-13;9;2032.4668805250744
50;2025-11-13;10;1593.2980557224528
50;2025-11-13;11;1475.8138469028138
50;2025-11-13;12;1413.8267814171418
50;2025-11-13;13;1393.5449991294354
50;2025-11-13;14;1370.2886869035824
50;2025-11-13;15;1543.0215662711366
50;2025-11-13;16;1678.3636836211833
50;2025-11-13;17;2178.5664915932916
50;2025-11-13;18;2301.0833734275125
50;2025-11-13;19;1379.6888210205802
50;2025-11-13;20;859.8008885818897
50;2025-11-13;21;576.4920319000237
50;2025-11-13;22;251.36819016338882
50;2025-11-13;23;145.69254006614779
50;2025-11-14;0;39.798489279347336
50;2025-11-14;1;0.0
50;2025-11-14;2;0.0
50;2025-11-14;3;0.0
50;2025-11-14;4;0.0
50;2025-11-14;5;49.77379966174192
50;2025-11-14;6;548.5186146177593
50;2025-11-14;7;1652.8778470759007
50;2025-11-14;8;2398.63471454259
50;2025-11-14;9;1954.5701228989028
50;2025-11-14;10;1543.841804244573
50;2025-11-14;11;1472.3854569396162
50;2025-11-14;12;1439.9222270632213
50;2025-11-14;13;1421.8623838868439
50;2025-11-14;14;1422.4752134859368
50;2025-11-14;15;1601.8059466179654
50;2025-11-14;16;1808.4738499951145
50;2025-11-14;17;1996.3897316356965
50;2025-11-14;18;1828.359411082508
50;2025-11-14;19;1160.4603661561766
50;2025-11-14;20;826.4110531610919
50;2025-11-14;21;554.9581421232541
50;2025-11-14;22;267.36612572837817
50;2025-11-14;23;152.38181459834175
50;2025-11-15;0;32.08061723525441
50;2025-11-15;1;0.0
50;2025-11-15;2;0.0
50;2025-11-15;3;0.0
50;2025-11-15;4;21.092455705317548
50;2025-11-15;5;11.847335253046595
50;2025-11-15;6;140.41153781942387
50;2025-11-15;7;278.34567095348024
50;2025-11-15;8;337.4306086995545
50;2025-11-15;9;360.3618702877799
50;2025-11-15;10;320.28221112254806
50;2025-11-15;11;372.56289925800525
50;2025-11-15;12;440.0651633848019
50;2025-11-15;13;445.27326011222056
50;2025-11-15;14;438.2236725593255
50;2025-11-15;15;463.798205169182
50;2025-11-15;16;465.17554199272615
50;2025-11-15;17;437.9579561808866
50;2025-11-15;18;337.84068455319004
50;2025-11-15;19;299.45247928122046
50;2025-11-15;20;274.66875715395446
50;2025-11-15;21;196.50751529606885
50;2025-11-15;22;109.21412095622088
50;2025-11-15;23;63.252232504192875
50;2025-11-16;0;37.38920272556322
50;2025-11-16;1;0.0
50;2025-11-16;2;0.0
50;2025-11-16;3;0.0
50;2025-11-16;4;15.109878932179868
50;2025-11-16;5;4.765848877401254
50;2025-11-16;6;70.7193346761378
50;2025-11-16;7;126.7475120323453
50;2025-11-16;8;195.12602158852758
50;2025-11-16;9;241.4783966960075
50;2025-11-16;10;248.07398522104694
50;2025-11-16;11;336.867634916953
50;2025-11-16;12;384.08704948542214
50;2025-11-16;13;413.5399248614342
50;2025-11-16;14;406.34552740448106
50;2025-11-16;15;429.27274241422015
50;2025-11-16;16;414.5584922691215
50;2025-11-16;17;393.1083613451888
50;2025-11-16;18;316.156761141409
50;2025-11-16;19;289.4377146022431
50;2025-11-16;20;244.33067278809926
50;2025-11-16;21;174.485601098178
50;2025-11-16;22;95.1114295215184
50;2025-11-16;23;37.965464157376005
50;2025-11-17;0;17.726396040360896
50;2025-11-17;1;0.0
50;2025-11-17;2;0.0
50;2025-11-17;3;0.0
50;2025-11-17;4;8.012629378635324
50;2025-11-17;5;71.49599530428134
50;2025-11-17;6;552.7116431577733
50;2025-11-17;7;1733.2411172949073
50;2025-11-17;8;2546.896712795479
50;2025-11-17;9;2059.146324332097
50;2025-11-17;10;1597.2354322821516
50;2025-11-17;11;1425.1155185153225
50;2025-11-17;12;1349.4144972297654
50;2025-11-17;13;1312.8918861273394
50;2025-11-17;14;1302.4954047697838
50;2025-11-17;15;1444.2856628770896
50;2025-11-17;16;1602.4590329313833
50;2025-11-17;17;2142.5908406388035
50;2025-11-17;18;2312.420300703563
50;2025-11-17;19;1387.982003317808
50;2025-11-17;20;837.4754624238072
50;2025-11-17;21;575.0572286966341
50;2025-11-17;22;244.20822970669337
50;2025-11-17;23;124.1357469596876
50;2025-11-18;0;23.426464037363303
50;2025-11-18;1;0.0
50;2025-11-18;2;0.0
50;2025-11-18;3;0.0
50;2025-11-18;4;0.0
50;2025-11-18;5;48.04641177394001
50;2025-11-18;6;545.94797815525
50;2025-11-18;7;1681.0289646083502
50;2025-11-18;8;2469.675446695409
50;2025-11-18;9;1955.864400560401
50;2025-11-18;10;1515.6947777823698
50;2025-11-18;11;1408.690200956718
50;2025-11-18;12;1352.053281498097
50;2025-11-18;13;1312.449855490539
50;2025-11-18;14;1282.3920976530976
50;2025-11-18;15;1448.1752019980727
50;2025-11-18;16;1567.141313020547
50;2025-11-18;17;2146.1695341130344
50;2025-11-18;18;2259.1288261473737
50;2025-11-18;19;1348.3052764922245
50;2025-11-18;20;866.2552582268454
50;2025-11-18;21;578.739550122393
50;2025-11-18;22;250.03028259404095
50;2025-11-18;23;127.69349340458552
50;2025-11-19;0;43.23239261381639
50;2025-11-19;1;0.0
50;2025-11-19;2;0.0
50;2025-11-19;3;0.0
50;2025-11-19;4;8.7059861545996
50;2025-11-19;5;75.93293498738672
50;2025-11-19;6;563.1193073617292
50;2025-11-19;7;1705.868348414946
50;2025-11-19;8;2458.374679918059
50;2025-11-19;9;1975.80451117394
50;2025-11-19;10;1528.7336280250347
50;2025-11-19;11;1377.6033447888249
50;2025-11-19;12;1341.5913727171012
50;2025-11-19;13;1322.3278554242986
50;2025-11-19;14;1295.9183219592483
50;2025-11-19;15;1470.714398083223
50;2025-11-19;16;1669.9602088578156
50;2025-11-19;17;2217.280723262804
50;2025-11-19;18;2334.858231614793
50;2025-11-19;19;1390.1702664373436
50;2025-11-19;20;849.132526389179
50;2025-11-19;21;573.8229922163583
50;2025-11-19;22;257.0176120864648
50;2025-11-19;23;129.82562307474245
50;2025-11-20;0;29.498241752208628
50;2025-11-20;1;0.0
50;2025-11-20;2;0.0
50;2025-11-20;3;0.0
50;2025-11-20;4;10.83547321851745
50;2025-11-20;5;58.257518020282305
50;2025-11-20;6;561.9800382009906
50;2025-11-20;7;1673.693621848137
50;2025-11-20;8;2450.863165174471
50;2025-11-20;9;1986.9921703822336
50;2025-11-20;10;1535.829937169785
50;2025-11-20;11;1395.8115250215828
50;2025-11-20;12;1341.0714023074634
50;2025-11-20;13;1306.8137451720131
50;2025-11-20;14;1304.3041419708425
50;2025-11-20;15;1512.5485454148507
50;2025-11-20;16;1649.5032146541512
50;2025-11-20;17;2194.4504296769114
50;2025-11-20;18;2301.1853360971695
50;2025-11-20;19;1386.5985157591406
50;2025-11-20;20;842.5741840373948
50;2025-11-20;21;579.1065133947804
50;2025-11-20;22;260.1233090475307
50;2025-11-20;23;131.08167947572122
50;2025-11-21;0;13.987738251852988
50;2025-11-21;1;0.0
50;2025-11-21;2;0.0
50;2025-11-21;3;0.0
50;2025-11-21;4;0.0
50;2025-11-21;5;55.20846837239628
50;2025-11-21;6;561.5593780158438
50;2025-11-21;7;1673.3974932021429
50;2025-11-21;8;2403.265167146251
50;2025-11-21;9;1939.3522802220646
50;2025-11-21;10;1556.0742638591203
50;2025-11-21;11;1448.4909176520218
50;2025-11-21;12;1411.2528570684667
50;2025-11-21;13;1420.2404762350566
50;2025-11-21;14;1414.0345630868942
50;2025-11-21;15;1604.2753175527944
50;2025-11-21;16;1795.4991673002949
50;2025-11-21;17;1963.6070660124765
50;2025-11-21;18;1837.9692931323498
50;2025-11-21;19;1189.212545876846
50;2025-11-21;20;833.2826739663352
50;2025-11-21;21;578.2570857540247
50;2025-11-21;22;271.3635892960289
50;2025-11-21;23;141.52387688389922
50;2025-11-22;0;60.24554171227385
50;2025-11-22;1;0.0
50;2025-11-22;2;0.0
50;2025-11-22;3;0.0
50;2025-11-22;4;9.20106596075152
50;2025-11-22;5;6.9361795304503175
50;2025-11-22;6;88.88876920412008
50;2025-11-22;7;228.51887854902532
50;2025-11-22;8;366.9821835543283
50;2025-11-22;9;356.74617076176315
50;2025-11-22;10;343.2294537844918
50;2025-11-22;11;428.46030628362433
50;2025-11-22;12;487.0746401922842
50;2025-11-22;13;492.61282865494064
50;2025-11-22;14;493.63168276926245
50;2025-11-22;15;539.5821037737899
50;2025-11-22;16;532.8918978317834
50;2025-11-22;17;506.87791087808705
50;2025-11-22;18;415.01772554035625
50;2025-11-22;19;371.62484130835884
50;2025-11-22;20;332.2616326307752
50;2025-11-22;21;257.2956383809501
50;2025-11-22;22;135.65081397270671
50;2025-11-22;23;72.42489594219842
50;2025-11-23;0;70.46321649615356
50;2025-11-23;1;0.0
50;2025-11-23;2;0.0
50;2025-11-23;3;0.0
50;2025-11-23;4;27.241826268326577
50;2025-11-23;5;34.484257117680954
50;2025-11-23;6;108.09812291251376
50;2025-11-23;7;189.9317198606866
50;2025-11-23;8;262.27712667700496
50;2025-11-23;9;313.99061178305385
50;2025-11-23;10;330.7042460126157
50;2025-11-23;11;411.05523216700743
50;2025-11-23;12;469.7138374946863
50;2025-11-23;13;510.6502034997136
50;2025-11-23;14;534.2781859846332
50;2025-11-23;15;542.0781969471963
50;2025-11-23;16;536.7726665059689
50;2025-11-23;17;496.8067676594556
50;2025-11-23;18;493.53892167082324
50;2025-11-23;19;397.33428928307166
50;2025-11-23;20;319.49414829575136
50;2025-11-23;21;224.77875994149053
50;2025-11-23;22;141.03324873307156
50;2025-11-23;23;73.54871439183307
50;2025-11-24;0;55.46306083594436
50;2025-11-24;1;0.0
50;2025-11-24;2;0.0
50;2025-11-24;3;0.0
50;2025-11-24;4;20.347379144288084
50;2025-11-24;5;70.70691434539492
50;2025-11-24;6;562.9384317387268
50;2025-11-24;7;1783.9416463449033
50;2025-11-24;8;2552.187491160514
50;2025-11-24;9;2066.8496179562917
50;2025-11-24;10;1645.949503982618
50;2025-11-24;11;1470.5628693801866
50;2025-11-24;12;1416.4645629806278
50;2025-11-24;13;1405.2538427272912
50;2025-11-24;14;1374.1400857883427
50;2025-11-24;15;1535.5474479604536
50;2025-11-24;16;1658.392026603267
50;2025-11-24;17;2173.3512662714966
50;2025-11-24;18;2337.5438252809436
50;2025-11-24;19;1404.3000766930888
50;2025-11-24;20;832.681747802191
50;2025-11-24;21;573.6602331887359
50;2025-11-24;22;270.88359125364855
50;2025-11-24;23;148.45626461685333
50;2025-11-25;0;50.62449224227328
50;2025-11-25;1;0.0
50;2025-11-25;2;0.0
50;2025-11-25;3;0.0
50;2025-11-25;4;22.993275722784688
50;2025-11-25;5;77.70546947013679
50;2025-11-25;6;591.0021431811386
50;2025-11-25;7;1800.334572584734
50;2025-11-25;8;2566.3716553863005
50;2025-11-25;9;2068.50209158086
50;2025-11-25;10;1636.8353832851892
50;2025-11-25;11;1486.338499918606
50;2025-11-25;12;1428.806809639578
50;2025-11-25;13;1428.72180218934
50;2025-11-25;14;1438.4107332453445
50;2025-11-25;15;1605.2811964649345
50;2025-11-25;16;1727.8276590047444
50;2025-11-25;17;2310.9217693256314
50;2025-11-25;18;2461.0475606312266
50;2025-11-25;19;1472.08396832954
50;2025-11-25;20;896.0398039130139
50;2025-11-25;21;594.0188646655778
50;2025-11-25;22;273.6912100361872
50;2025-11-25;23;146.82484997223253
50;2025-11-26;0;50.238753532928854
50;2025-11-26;1;0.0
50;2025-11-26;2;0.0
50;2025-11-26;3;0.0
50;2025-11-26;4;14.180410125664253
50;2025-11-26;5;78.00750201475569
50;2025-11-26;6;572.179278230952
50;2025-11-26;7;1787.3100467658605
50;2025-11-26;8;2563.571449222074
50;2025-11-26;9;2090.160053726031
50;2025-11-26;10;1665.4404566876674
50;2025-11-26;11;1496.226183595351
50;2025-11-26;12;1443.346082390984
50;2025-11-26;13;1412.664023979787
50;2025-11-26;14;1418.6830195702055
50;2025-11-26;15;1600.7727392208537
50;2025-11-26;16;1758.347753104731
50;2025-11-26;17;2315.475912467929
50;2025-11-26;18;2425.5439757671365
50;2025-11-26;19;1476.8389434643418
50;2025-11-26;20;903.031402626182
50;2025-11-26;21;574.3700961223188
50;2025-11-26;22;262.713385856922
50;2025-11-26;23;128.21854586057384
50;2025-11-27;0;53.30451934276891
50;2025-11-27;1;0.0
50;2025-11-27;2;0.0
50;2025-11-27;3;0.0
50;2025-11-27;4;16.17090648419321
50;2025-11-27;5;84.84659551234017
50;2025-11-27;6;577.4543603604991
50;2025-11-27;7;1780.5025209617588
50;2025-11-27;8;2558.506883013014
50;2025-11-27;9;2056.9390539191554
50;2025-11-27;10;1616.0604385376232
50;2025-11-27;11;1514.445576667451
50;2025-11-27;12;1451.2230166237614
50;2025-11-27;13;1435.266643793209
50;2025-11-27;14;1414.8491146812198
50;2025-11-27;15;1566.6125074701495
50;2025-11-27;16;1723.2010333117364
50;2025-11-27;17;2270.656440874203
50;2025-11-27;18;2424.5717080567583
50;2025-11-27;19;1491.645153543363
50;2025-11-27;20;954.8332496496564
50;2025-11-27;21;645.020013167949
50;2025-11-27;22;296.65902203329733
50;2025-11-27;23;178.21843211296004
50;2025-11-28;0;78.87841573273624
50;2025-11-28;1;0.0
50;2025-11-28;2;0.0
50;2025-11-28;3;0.0
50;2025-11-28;4;35.28362098362402
50;2025-11-28;5;79.05138392198432
50;2025-11-28;6;574.4046982824079
50;2025-11-28;7;1724.2404972743398
50;2025-11-28;8;2424.1220433516633
50;2025-11-28;9;1927.992760982321
50;2025-11-28;10;1592.6869643437294
50;2025-11-28;11;1507.456384295197
50;2025-11-28;12;1489.9845681516647
50;2025-11-28;13;1473.9289101659424
50;2025-11-28;14;1467.0870648676919
50;2025-11-28;15;1641.5653191867864
50;2025-11-28;16;1899.9804346084018
50;2025-11-28;17;2054.1592732156614
50;2025-11-28;18;1937.590019934568
50;2025-11-28;19;1204.1435201989452
50;2025-11-28;20;864.2771117352263
50;2025-11-28;21;572.6930336740171
50;2025-11-28;22;293.2118525046703
50;2025-11-28;23;160.09655186407258
50;2025-11-29;0;57.56981928958396
50;2025-11-29;1;0.0
50;2025-11-29;2;0.0
50;2025-11-29;3;0.0
50;2025-11-29;4;20.553482819999772
50;2025-11-29;5;34.87477636041854
50;2025-11-29;6;134.26005147980118
50;2025-11-29;7;216.45307161665255
50;2025-11-29;8;308.01675340709
50;2025-11-29;9;317.6331514820917
50;2025-11-29;10;295.70638160586464
50;2025-11-29;11;398.0273723898052
50;2025-11-29;12;447.8646088129402
50;2025-11-29;13;464.7971577121922
50;2025-11-29;14;448.0934487173757
50;2025-11-29;15;467.88962906473597
50;2025-11-29;16;487.9312778980476
50;2025-11-29;17;472.21079995778666
50;2025-11-29;18;392.7239651680768
50;2025-11-29;19;323.43898320805624
50;2025-11-29;20;260.1411763112142
50;2025-11-29;21;211.94337534892338
50;2025-11-29;22;155.0438839060688
50;2025-11-29;23;96.35084104901932
50;2025-11-30;0;67.21752909871236
50;2025-11-30;1;0.0
50;2025-11-30;2;0.0
50;2025-11-30;3;0.0
50;2025-11-30;4;20.672878797460612
50;2025-11-30;5;17.444386220244382
50;2025-11-30;6;92.36033180282413
50;2025-11-30;7;117.66934118513939
50;2025-11-30;8;167.2545649875343
50;2025-11-30;9;225.67496391014834
50;2025-11-30;10;212.6709884490391
50;2025-11-30;11;332.18481199827585
50;2025-11-30;12;385.64410900932234
50;2025-11-30;13;438.6654316003874
50;2025-11-30;14;441.51216025752484
50;2025-11-30;15;445.1587662851814
50;2025-11-30;16;437.2294302027404
50;2025-11-30;17;416.23359854485636
50;2025-11-30;18;381.7522163543251
50;2025-11-30;19;293.62266903087766
50;2025-11-30;20;248.9082756905189
50;2025-11-30;21;185.03564270755237
50;2025-11-30;22;140.0535828660304
50;2025-11-30;23;81.48457401031942
50;2025-12-01;0;33.454849905593505
50;2025-12-01;1;0.0
50;2025-12-01;2;0.0
50;2025-12-01;3;0.0
50;2025-12-01;4;0.18460090442454202
50;2025-12-01;5;62.130015477104735
50;2025-12-01;6;563.1975623474588
50;2025-12-01;7;1732.8360339620851
50;2025-12-01;8;2508.069529592908
50;2025-12-01;9;1987.8944979294076
50;2025-12-01;10;1565.3053850018975
50;2025-12-01;11;1424.1105863637924
50;2025-12-01;12;1371.7647131137862
50;2025-12-01;13;1333.5033128863206
50;2025-12-01;14;1315.203728547885
50;2025-12-01;15;1512.885364433415
50;2025-12-01;16;1662.0865096129319
50;2025-12-01;17;2218.5702647910675
50;2025-12-01;18;2351.0430571147817
50;2025-12-01;19;1384.7347463083513
50;2025-12-01;20;828.6352602335288
50;2025-12-01;21;562.596893795673
50;2025-12-01;22;264.0693426454535
50;2025-12-01;23;137.5226820059712
50;2025-12-02;0;36.32250919503667
50;2025-12-02;1;0.0
50;2025-12-02;2;0.0
50;2025-12-02;3;0.0
50;2025-12-02;4;0.0
50;2025-12-02;5;60.22787690883274
50;2025-12-02;6;577.4155094713333
50;2025-12-02;7;1761.639289893526
50;2025-12-02;8;2537.3753309026533
50;2025-12-02;9;2027.280484659576
50;2025-12-02;10;1581.617884037897
50;2025-12-02;11;1477.3036830269928
50;2025-12-02;12;1423.015383990163
50;2025-12-02;13;1394.9144693023807
50;2025-12-02;14;1364.0666498267697
50;2025-12-02;15;1570.336074137607
50;2025-12-02;16;1713.6356691098958
50;2025-12-02;17;2324.3640470928285
50;2025-12-02;18;2447.9210527043906
50;2025-12-02;19;1462.8963018805166
50;2025-12-02;20;887.3787059886932
50;2025-12-02;21;609.1362590122432
50;2025-12-02;22;283.85683551577114
50;2025-12-02;23;155.73838964116533
50;2025-12-03;0;34.356229753408684
50;2025-12-03;1;0.0
50;2025-12-03;2;0.0
50;2025-12-03;3;0.0
50;2025-12-03;4;0.7933054664916881
50;2025-12-03;5;61.938570668765124
50;2025-12-03;6;568.8723720160997
50;2025-12-03;7;1750.8621419064043
50;2025-12-03;8;2525.7484044945913
50;2025-12-03;9;2011.5070670398663
50;2025-12-03;10;1548.888997973441
50;2025-12-03;11;1411.415565624796
50;2025-12-03;12;1395.7241437753178
50;2025-12-03;13;1355.066856797196
50;2025-12-03;14;1347.226306379837
50;2025-12-03;15;1555.5951598737242
50;2025-12-03;16;1722.064958870074
50;2025-12-03;17;2318.207500916784
50;2025-12-03;18;2445.53595228095
50;2025-12-03;19;1478.7083644589025
50;2025-12-03;20;897.768607694118
50;2025-12-03;21;611.9177761495782
50;2025-12-03;22;279.4971643660148
50;2025-12-03;23;155.34605924051755
50;2025-12-04;0;42.77088778663608
50;2025-12-04;1;0.0
50;2025-12-04;2;0.0
50;2025-12-04;3;0.0
50;2025-12-04;4;1.597098994432713
50;2025-12-04;5;68.24512797625516
50;2025-12-04;6;581.6246719197
50;2025-12-04;7;1732.210557986055
50;2025-12-04;8;2532.0743523578412
50;2025-12-04;9;2022.958422475818
50;2025-12-04;10;1597.7789227669814
50;2025-12-04;11;1489.1446850504508
50;2025-12-04;12;1423.7645334400174
50;2025-12-04;13;1383.892384295423
50;2025-12-04;14;1358.720647736758
50;2025-12-04;15;1579.2125406789237
50;2025-12-04;16;1723.4942694639963
50;2025-12-04;17;2277.914651871143
50;2025-12-04;18;2373.8187592079394
50;2025-12-04;19;1402.0601734029465
50;2025-12-04;20;874.1213535948344
50;2025-12-04;21;593.1550197800786
50;2025-12-04;22;284.03559806491955
50;2025-12-04;23;155.5100294422341
50;2025-12-05;0;47.87075232854852
50;2025-12-05;1;0.0
50;2025-12-05;2;0.0
50;2025-12-05;3;0.0
50;2025-12-05;4;4.979852924044621
50;2025-12-05;5;69.81309804262264
50;2025-12-05;6;577.2852384972659
50;2025-12-05;7;1716.675886214061
50;2025-12-05;8;2472.39217678007
50;2025-12-05;9;1987.6281921173122
50;2025-12-05;10;1568.590202421094
50;2025-12-05;11;1509.9274777063188
50;2025-12-05;12;1478.6896027211528
50;2025-12-05;13;1461.659938391352
50;2025-12-05;14;1452.9888690409446
50;2025-12-05;15;1659.0810338589445
50;2025-12-05;16;1873.053241094858
50;2025-12-05;17;2086.0052475416887
50;2025-12-05;18;1969.791164420367
50;2025-12-05;19;1243.586400761742
50;2025-12-05;20;866.4961236642328
50;2025-12-05;21;577.1482084949116
50;2025-12-05;22;291.28176626246
50;2025-12-05;23;160.64472713815428
50;2025-12-06;0;43.621611773312
50;2025-12-06;1;0.0
50;2025-12-06;2;0.0
50;2025-12-06;3;0.0
50;2025-12-06;4;0.0
50;2025-12-06;5;14.964302332493048
50;2025-12-06;6;123.36244703825764
50;2025-12-06;7;177.38164201278096
50;2025-12-06;8;318.7260724200215
50;2025-12-06;9;353.3613001736756
50;2025-12-06;10;341.11912497600434
50;2025-12-06;11;447.1340976747297
50;2025-12-06;12;498.33044480634817
50;2025-12-06;13;526.5681379009412
50;2025-12-06;14;521.7767095302022
50;2025-12-06;15;542.2374030503081
50;2025-12-06;16;521.9106620229506
50;2025-12-06;17;507.11449039059846
50;2025-12-06;18;446.2344726503846
50;2025-12-06;19;329.24342355266697
50;2025-12-06;20;278.7395917241311
50;2025-12-06;21;245.9470342404352
50;2025-12-06;22;174.5329743612465
50;2025-12-06;23;105.58349989140288
50;2025-12-07;0;40.639206010442194
50;2025-12-07;1;0.0
50;2025-12-07;2;0.0
50;2025-12-07;3;0.0
50;2025-12-07;4;0.0
50;2025-12-07;5;10.160167336510654
50;2025-12-07;6;97.93860391127441
50;2025-12-07;7;106.18513569608206
50;2025-12-07;8;203.60235902580837
50;2025-12-07;9;247.09963334606186
50;2025-12-07;10;259.58941229062
50;2025-12-07;11;384.7209302958078
50;2025-12-07;12;447.66897805739785
50;2025-12-07;13;491.56878873445163
50;2025-12-07;14;488.3817175781424
50;2025-12-07;15;493.7934157727934
50;2025-12-07;16;478.3825830295882
50;2025-12-07;17;451.54936095251725
50;2025-12-07;18;404.5017283854102
50;2025-12-07;19;309.3376815499535
50;2025-12-07;20;265.57324876920006
50;2025-12-07;21;225.23149598776638
50;2025-12-07;22;164.44961023893484
50;2025-12-07;23;97.55112173009388
50;2025-12-08;0;33.552129100085494
50;2025-12-08;1;0.0
50;2025-12-08;2;0.0
50;2025-12-08;3;0.0
50;2025-12-08;4;6.864597316537356
50;2025-12-08;5;68.02496775579982
50;2025-12-08;6;575.7864105558822
50;2025-12-08;7;1755.6003259935915
50;2025-12-08;8;2503.5335515028664
50;2025-12-08;9;1999.083484531436
50;2025-12-08;10;1580.289568067022
50;2025-12-08;11;1449.702778228087
50;2025-12-08;12;1404.3926811855592
50;2025-12-08;13;1387.8430543233058
50;2025-12-08;14;1347.376316841011
50;2025-12-08;15;1541.1650468915368
50;2025-12-08;16;1676.6206999498697
50;2025-12-08;17;2212.800096025411
50;2025-12-08;18;2343.8113623328086
50;2025-12-08;19;1382.8277188626055
50;2025-12-08;20;840.6006214710976
50;2025-12-08;21;554.908201033558
50;2025-12-08;22;270.9890621324306
50;2025-12-08;23;140.16644087966074
50;2025-12-09;0;41.327493497999626
50;2025-12-09;1;0.0
50;2025-12-09;2;0.0
50;2025-12-09;3;0.0
50;2025-12-09;4;0.0
50;2025-12-09;5;55.78937735573561
50;2025-12-09;6;565.9570618624367
50;2025-12-09;7;1753.5381578533875
50;2025-12-09;8;2546.393811526512
50;2025-12-09;9;2041.5946712983562
50;2025-12-09;10;1608.152902275611
50;2025-12-09;11;1509.2142861016935
50;2025-12-09;12;1434.1649638666793
50;2025-12-09;13;1409.1070218486473
50;2025-12-09;14;1391.7950053651875
50;2025-12-09;15;1552.4127983403314
50;2025-12-09;16;1697.3662241958505
50;2025-12-09;17;2283.4229304740475
50;2025-12-09;18;2390.2711582596403
50;2025-12-09;19;1445.6832774231864
50;2025-12-09;20;867.0626722937358
50;2025-12-09;21;571.0697284164636
50;2025-12-09;22;265.8825354246732
50;2025-12-09;23;147.12682215309974
50;2025-12-10;0;44.60953522422653
50;2025-12-10;1;0.0
50;2025-12-10;2;0.0
50;2025-12-10;3;0.0
50;2025-12-10;4;6.041864693612865
50;2025-12-10;5;76.20893388118611
50;2025-12-10;6;581.7318055516542
50;2025-12-10;7;1762.4586389210758
50;2025-12-10;8;2519.7968826537854
50;2025-12-10;9;2036.654320735051
50;2025-12-10;10;1613.4789712688184
50;2025-12-10;11;1498.1273457920172
50;2025-12-10;12;1429.2893978840593
50;2025-12-10;13;1403.2537576538705
50;2025-12-10;14;1381.8715438358536
50;2025-12-10;15;1585.379120608165
50;2025-12-10;16;1734.337858852713
50;2025-12-10;17;2312.779789431895
50;2025-12-10;18;2444.5365900923944
50;2025-12-10;19;1451.424242673931
50;2025-12-10;20;881.3469534576649
50;2025-12-10;21;599.7565293903679
50;2025-12-10;22;279.58799500039527
50;2025-12-10;23;154.32603626482717
50;2025-12-11;0;46.27936126171312
50;2025-12-11;1;0.0
50;2025-12-11;2;0.0
50;2025-12-11;3;0.0
50;2025-12-11;4;9.648742366143779
50;2025-12-11;5;74.65068049628871
50;2025-12-11;6;579.1862352773155
50;2025-12-11;7;1717.6634460494756
50;2025-12-11;8;2498.0834325919013
50;2025-12-11;9;2023.8022549213706
50;2025-12-11;10;1568.6322205993956
50;2025-12-11;11;1480.0252600594927
50;2025-12-11;12;1414.266121723324
50;2025-12-11;13;1392.796105072543
50;2025-12-11;14;1348.4975393250904
50;2025-12-11;15;1511.9566623600024
50;2025-12-11;16;1671.8985629954623
50;2025-12-11;17;2213.3735804592507
50;2025-12-11;18;2320.69778689529
50;2025-12-11;19;1362.9043012966335
50;2025-12-11;20;874.1847748537374
50;2025-12-11;21;607.517784442447
50;2025-12-11;22;288.4725984868591
50;2025-12-11;23;161.67785826198156
50;2025-12-12;0;49.598170959934464
50;2025-12-12;1;0.0
50;2025-12-12;2;0.0
50;2025-12-12;3;0.0
50;2025-12-12;4;4.721297781020326
50;2025-12-12;5;85.49534953248553
50;2025-12-12;6;597.2393947475059
50;2025-12-12;7;1720.2350611117308
50;2025-12-12;8;2412.3099952602383
50;2025-12-12;9;1959.4849275529587
50;2025-12-12;10;1563.8216880301097
50;2025-12-12;11;1507.8623793306388
50;2025-12-12;12;1462.9912352803367
50;2025-12-12;13;1432.167581063631
50;2025-12-12;14;1403.19593793767
50;2025-12-12;15;1570.4316500403047
50;2025-12-12;16;1781.353006338652
50;2025-12-12;17;1984.9953106141875
50;2025-12-12;18;1853.7041884261325
50;2025-12-12;19;1159.6469775085357
50;2025-12-12;20;824.2844521753966
50;2025-12-12;21;547.0994808039549
50;2025-12-12;22;254.68347946296996
50;2025-12-12;23;141.01459360475167
50;2025-12-13;0;24.864720477115043
50;2025-12-13;1;0.0
50;2025-12-13;2;0.0
50;2025-12-13;3;0.0
50;2025-12-13;4;2.277665103510458
50;2025-12-13;5;36.23790605344698
50;2025-12-13;6;145.2565649995862
50;2025-12-13;7;230.52326536366934
50;2025-12-13;8;354.5878005952155
50;2025-12-13;9;411.0715606054252
50;2025-12-13;10;404.7853733062898
50;2025-12-13;11;514.0830635653149
50;2025-12-13;12;553.1773914999221
50;2025-12-13;13;572.7610631795387
50;2025-12-13;14;560.1681920193521
50;2025-12-13;15;559.3832765339712
50;2025-12-13;16;539.2457686203834
50;2025-12-13;17;527.0841313630774
50;2025-12-13;18;484.83112071119086
50;2025-12-13;19;365.2449439998897
50;2025-12-13;20;292.1152876367744
50;2025-12-13;21;244.9370511536655
50;2025-12-13;22;163.15882430430895
50;2025-12-13;23;93.37546369188419
50;2025-12-14;0;56.00707486385954
50;2025-12-14;1;0.0
50;2025-12-14;2;0.0
50;2025-12-14;3;0.0
50;2025-12-14;4;19.22435436807791
50;2025-12-14;5;50.470790203959154
50;2025-12-14;6;117.35693136507689
50;2025-12-14;7;148.14285381969944
50;2025-12-14;8;245.8657381298209
50;2025-12-14;9;264.31384364191564
50;2025-12-14;10;289.2483104412193
50;2025-12-14;11;403.68637486468157
50;2025-12-14;12;441.8842390614077
50;2025-12-14;13;475.1779184111363
50;2025-12-14;14;509.21033954689347
50;2025-12-14;15;495.57447134371984
50;2025-12-14;16;480.63741163590316
50;2025-12-14;17;496.2611246374695
50;2025-12-14;18;468.9366339378863
50;2025-12-14;19;359.0932683795384
50;2025-12-14;20;275.5303804204437
50;2025-12-14;21;231.57930508953325
50;2025-12-14;22;156.98399972380207
50;2025-12-14;23;94.1560697937881
50;2025-12-15;0;42.62813488409142
50;2025-12-15;1;0.0
50;2025-12-15;2;0.0
50;2025-12-15;3;0.0
50;2025-12-15;4;4.914996582248932
50;2025-12-15;5;69.93910721164855
50;2025-12-15;6;585.96017315877
50;2025-12-15;7;1765.2745009684957
50;2025-12-15;8;2508.8309257031947
50;2025-12-15;9;2018.1357803573806
50;2025-12-15;10;1610.9002427973105
50;2025-12-15;11;1493.2572565708924
50;2025-12-15;12;1450.7114052560476
50;2025-12-15;13;1390.2163549029367
50;2025-12-15;14;1345.0957592166776
50;2025-12-15;15;1530.1593065939587
50;2025-12-15;16;1675.8958885848829
50;2025-12-15;17;2263.952388068231
50;2025-12-15;18;2432.606977619079
50;2025-12-15;19;1471.7728319521202
50;2025-12-15;20;900.1336707480148
50;2025-12-15;21;590.208828292383
50;2025-12-15;22;278.91860125309154
50;2025-12-15;23;143.88699757514246
50;2025-12-16;0;46.812905762164746
50;2025-12-16;1;0.0
50;2025-12-16;2;0.0
50;2025-12-16;3;0.0
50;2025-12-16;4;8.194370169143099
50;2025-12-16;5;72.17468908050694
50;2025-12-16;6;591.6859907956017
50;2025-12-16;7;1771.5062956958184
50;2025-12-16;8;2551.0331627264095
50;2025-12-16;9;2032.2958034239443
50;2025-12-16;10;1620.2393565087264
50;2025-12-16;11;1493.4256761002098
50;2025-12-16;12;1433.2472153216763
50;2025-12-16;13;1402.6940090781577
50;2025-12-16;14;1375.1434324244442
50;2025-12-16;15;1541.0031012026002
50;2025-12-16;16;1689.4698734379072
50;2025-12-16;17;2249.823086052592
50;2025-12-16;18;2374.1873317401823
50;2025-12-16;19;1385.7960834756843
50;2025-12-16;20;848.8673050726081
50;2025-12-16;21;556.6976167186391
50;2025-12-16;22;258.5335266568924
50;2025-12-16;23;140.18828251496996
50;2025-12-17;0;49.918857303839786
50;2025-12-17;1;0.0
50;2025-12-17;2;0.0
50;2025-12-17;3;0.0
50;2025-12-17;4;12.50946848495596
50;2025-12-17;5;82.36692950028669
50;2025-12-17;6;603.5786319499884
50;2025-12-17;7;1750.7401322100397
50;2025-12-17;8;2518.6964686798065
50;2025-12-17;9;2018.296029809217
50;2025-12-17;10;1577.7744376701853
50;2025-12-17;11;1458.26572986992
50;2025-12-17;12;1427.0452950292201
50;2025-12-17;13;1399.6318291156163
50;2025-12-17;14;1365.8329246162211
50;2025-12-17;15;1584.750599194157
50;2025-12-17;16;1750.0847007027864
50;2025-12-17;17;2350.6325811022625
50;2025-12-17;18;2463.5347500001603
50;2025-12-17;19;1465.1610957050252
50;2025-12-17;20;898.4615491029432
50;2025-12-17;21;603.1981310994262
50;2025-12-17;22;283.6063633523612
50;2025-12-17;23;154.42845708082803
50;2025-12-18;0;46.637962493993314
50;2025-12-18;1;0.0
50;2025-12-18;2;0.0
50;2025-12-18;3;0.0
50;2025-12-18;4;7.623690990500563
50;2025-12-18;5;76.08143323647607
50;2025-12-18;6;587.9534169731854
50;2025-12-18;7;1719.144828400299
50;2025-12-18;8;2453.946131531826
50;2025-12-18;9;1967.329311092182
50;2025-12-18;10;1543.5536139535325
50;2025-12-18;11;1440.5386342993163
50;2025-12-18;12;1395.4131743019534
50;2025-12-18;13;1375.1058828878608
50;2025-12-18;14;1329.3248313742647
50;2025-12-18;15;1514.8615743422383
50;2025-12-18;16;1677.690138255517
50;2025-12-18;17;2213.6581388993927
50;2025-12-18;18;2313.5631324441256
50;2025-12-18;19;1367.7781734157816
50;2025-12-18;20;860.938677528518
50;2025-12-18;21;537.7884635165594
50;2025-12-18;22;268.3617073660257
50;2025-12-18;23;144.51083512989476
50;2025-12-19;0;44.98450437170982
50;2025-12-19;1;0.0
50;2025-12-19;2;0.0
50;2025-12-19;3;0.0
50;2025-12-19;4;4.866706645190334
50;2025-12-19;5;71.14423850113428
50;2025-12-19;6;579.6652233109197
50;2025-12-19;7;1665.2097093054724
50;2025-12-19;8;2374.5917059758503
50;2025-12-19;9;1911.6333722878699
50;2025-12-19;10;1534.1048514365125
50;2025-12-19;11;1493.4822052298373
50;2025-12-19;12;1467.4012883794799
50;2025-12-19;13;1418.1333607314455
50;2025-12-19;14;1390.414503814215
50;2025-12-19;15;1599.2995817785659
50;2025-12-19;16;1810.8456528402696
50;2025-12-19;17;2031.4378551747238
50;2025-12-19;18;1943.0931018158703
50;2025-12-19;19;1202.2528889610871
50;2025-12-19;20;826.662958623196
50;2025-12-19;21;557.2940474881718
50;2025-12-19;22;279.4350865569889
50;2025-12-19;23;152.75388437379195
50;2025-12-20;0;40.007578233765685
50;2025-12-20;1;0.0
50;2025-12-20;2;0.0
50;2025-12-20;3;0.0
50;2025-12-20;4;1.6433902228895931
50;2025-12-20;5;29.011591060749083
50;2025-12-20;6;147.7507805058267
50;2025-12-20;7;199.28164392348197
50;2025-12-20;8;334.40915812818315
50;2025-12-20;9;386.89239596774917
50;2025-12-20;10;358.22656989389884
50;2025-12-20;11;478.8468871208499
50;2025-12-20;12;532.7170674538107
50;2025-12-20;13;544.9667347891424
50;2025-12-20;14;529.3526729348981
50;2025-12-20;15;533.9855223538176
50;2025-12-20;16;522.6839336394269
50;2025-12-20;17;526.0917441923339
50;2025-12-20;18;470.7991652636201
50;2025-12-20;19;345.7510621874757
50;2025-12-20;20;258.63688930183673
50;2025-12-20;21;244.52538780397174
50;2025-12-20;22;165.987691103786
50;2025-12-20;23;104.06561773444992
50;2025-12-21;0;39.342616547750026
50;2025-12-21;1;0.0
50;2025-12-21;2;0.0
50;2025-12-21;3;0.0
50;2025-12-21;4;0.0
50;2025-12-21;5;15.745179637339902
50;2025-12-21;6;111.48265014935009
50;2025-12-21;7;61.29666795310641
50;2025-12-21;8;159.99234164936615
50;2025-12-21;9;179.88942063215575
50;2025-12-21;10;210.13811689466445
50;2025-12-21;11;333.02528243905255
50;2025-12-21;12;393.9174523818289
50;2025-12-21;13;442.4925694433799
50;2025-12-21;14;422.1880571835757
50;2025-12-21;15;438.86749338123366
50;2025-12-21;16;445.963324389293
50;2025-12-21;17;408.8346825135453
50;2025-12-21;18;375.7803966648518
50;2025-12-21;19;256.49138457815843
50;2025-12-21;20;216.34303554162602
50;2025-12-21;21;200.8191863080724
50;2025-12-21;22;149.47483789958494
50;2025-12-21;23;81.69326239462146
50;2025-12-22;0;39.23243767695374
50;2025-12-22;1;0.0
50;2025-12-22;2;0.0
50;2025-12-22;3;0.0
50;2025-12-22;4;8.089092563907002
50;2025-12-22;5;74.77614734489123
50;2025-12-22;6;584.8336859840363
50;2025-12-22;7;1721.8134943919868
50;2025-12-22;8;2463.044345685803
50;2025-12-22;9;1987.1004004623705
50;2025-12-22;10;1550.9592492483416
50;2025-12-22;11;1427.9911058004195
50;2025-12-22;12;1384.3022616783032
50;2025-12-22;13;1331.178757516257
50;2025-12-22;14;1285.395422863287
50;2025-12-22;15;1453.4329917712867
50;2025-12-22;16;1594.975198308475
50;2025-12-22;17;2132.945877476066
50;2025-12-22;18;2285.1094519651497
50;2025-12-22;19;1367.054637036309
50;2025-12-22;20;839.4482025279392
50;2025-12-22;21;566.8888722816453
50;2025-12-22;22;254.47981863874247
50;2025-12-22;23;150.30855415068834
50;2025-12-23;0;50.83651626101755
50;2025-12-23;1;0.0
50;2025-12-23;2;0.0
50;2025-12-23;3;0.0
50;2025-12-23;4;6.016266590110945
50;2025-12-23;5;77.19626950560564
50;2025-12-23;6;594.2222078652665
50;2025-12-23;7;1747.9727905029572
50;2025-12-23;8;2512.8936742504584
50;2025-12-23;9;1993.3407966924854
50;2025-12-23;10;1562.5782579710262
50;2025-12-23;11;1446.970098037013
50;2025-12-23;12;1389.8269614052788
50;2025-12-23;13;1374.944277370962
50;2025-12-23;14;1343.3855271340522
50;2025-12-23;15;1488.2705584002933
50;2025-12-23;16;1635.3657104906174
50;2025-12-23;17;2220.707914699824
50;2025-12-23;18;2324.99286483334
50;2025-12-23;19;1410.5651609620022
50;2025-12-23;20;847.1003846249598
50;2025-12-23;21;558.196202389583
50;2025-12-23;22;275.9716874369161
50;2025-12-23;23;150.3686461712922
50;2025-12-24;0;27.679437777157432
50;2025-12-24;1;0.0
50;2025-12-24;2;0.0
50;2025-12-24;3;0.0
50;2025-12-24;4;0.0
50;2025-12-24;5;50.31117463831413
50;2025-12-24;6;572.8668729720328
50;2025-12-24;7;1694.4854888717985
50;2025-12-24;8;2466.516228347019
50;2025-12-24;9;1969.9402104787662
50;2025-12-24;10;1545.9099842302303
50;2025-12-24;11;1421.6717786076467
50;2025-12-24;12;1366.046371253543
50;2025-12-24;13;1354.1382888147727
50;2025-12-24;14;1321.412677167918
50;2025-12-24;15;1482.2342614705653
50;2025-12-24;16;1563.3806119239327
50;2025-12-24;17;2212.53489886225
50;2025-12-24;18;2338.5132770854166
50;2025-12-24;19;1297.9308420194252
50;2025-12-24;20;796.0217551583869
50;2025-12-24;21;536.8402018689665
50;2025-12-24;22;252.40441208948835
50;2025-12-24;23;132.15795181241901
50;2025-12-25;0;40.66773939211521
50;2025-12-25;1;0.0
50;2025-12-25;2;0.0
50;2025-12-25;3;0.0
50;2025-12-25;4;5.265011890455867
50;2025-12-25;5;63.577473393204286
50;2025-12-25;6;592.9756090325747
50;2025-12-25;7;1661.7808433031728
50;2025-12-25;8;2409.374399233706
50;2025-12-25;9;1921.7999592573499
50;2025-12-25;10;1489.0599427128882
50;2025-12-25;11;1397.402478457756
50;2025-12-25;12;1362.8107169764894
50;2025-12-25;13;1342.6068837279076
50;2025-12-25;14;1302.8879849752943
50;2025-12-25;15;1485.1154967504526
50;2025-12-25;16;1644.0733092362268
50;2025-12-25;17;2183.251709404565
50;2025-12-25;18;2313.903623462801
50;2025-12-25;19;1341.9854297898169
50;2025-12-25;20;848.0712774262904
50;2025-12-25;21;590.9691942594311
50;2025-12-25;22;284.91608411812484
50;2025-12-25;23;186.34869884641978
50;2025-12-26;0;82.41058138294227
50;2025-12-26;1;0.0
50;2025-12-26;2;0.0
50;2025-12-26;3;0.0
50;2025-12-26;4;0.0
50;2025-12-26;5;54.98646179086904
50;2025-12-26;6;585.8070285182098
50;2025-12-26;7;1646.3424593726916
50;2025-12-26;8;2340.9728056295444
50;2025-12-26;9;1876.4076023155571
50;2025-12-26;10;1513.28733624094
50;2025-12-26;11;1490.4453400176726
50;2025-12-26;12;1436.0714517433148
50;2025-12-26;13;1392.8881100707786
50;2025-12-26;14;1361.967076248745
50;2025-12-26;15;1543.9554872396297
50;2025-12-26;16;1750.75615632683
50;2025-12-26;17;1919.59656782471
50;2025-12-26;18;1797.5058844968148
50;2025-12-26;19;1107.3780431587245
50;2025-12-26;20;770.5107620763797
50;2025-12-26;21;534.189339215103
50;2025-12-26;22;262.8261825717236
50;2025-12-26;23;133.9061612428635
50;2025-12-27;0;56.29662813256448
50;2025-12-27;1;0.0
50;2025-12-27;2;0.0
50;2025-12-27;3;0.0
50;2025-12-27;4;0.0
50;2025-12-27;5;42.45991065494866
50;2025-12-27;6;152.30258553052965
50;2025-12-27;7;241.59373631090887
50;2025-12-27;8;371.563719608607
50;2025-12-27;9;435.8816069046734
50;2025-12-27;10;435.23231517610725
50;2025-12-27;11;562.5748534996217
50;2025-12-27;12;618.2941275280668
50;2025-12-27;13;631.2763718193138
50;2025-12-27;14;624.3434215835247
50;2025-12-27;15;626.4663959787051
50;2025-12-27;16;608.5703126958339
50;2025-12-27;17;596.8543507405741
50;2025-12-27;18;551.4809758749287
50;2025-12-27;19;381.14817188602956
50;2025-12-27;20;309.4714154494855
50;2025-12-27;21;249.1867209867694
50;2025-12-27;22;187.20636638512633
50;2025-12-27;23;111.46604173582261
50;2025-12-28;0;28.004938294857652
50;2025-12-28;1;0.0
50;2025-12-28;2;0.0
50;2025-12-28;3;0.0
50;2025-12-28;4;0.0
50;2025-12-28;5;18.749305173197286
50;2025-12-28;6;112.08685937967573
50;2025-12-28;7;98.82644621925283
50;2025-12-28;8;180.29056822948553
50;2025-12-28;9;248.82730011680326
50;2025-12-28;10;281.6342057518401
50;2025-12-28;11;367.48348782918026
50;2025-12-28;12;419.40009384737505
50;2025-12-28;13;468.06820913054196
50;2025-12-28;14;469.53388132163525
50;2025-12-28;15;453.44090772557945
50;2025-12-28;16;431.2681435984932
50;2025-12-28;17;402.3332303643987
50;2025-12-28;18;380.3793547705231
50;2025-12-28;19;264.6539988462245
50;2025-12-28;20;220.11284760938076
50;2025-12-28;21;198.9403703757523
50;2025-12-28;22;149.12382696417092
50;2025-12-28;23;78.41084496664041
50;2025-12-29;0;39.92225675717327
50;2025-12-29;1;0.0
50;2025-12-29;2;0.0
50;2025-12-29;3;0.0
50;2025-12-29;4;0.7101983471771973
50;2025-12-29;5;52.89761308610878
50;2025-12-29;6;582.8341383794898
50;2025-12-29;7;1764.4061627891715
50;2025-12-29;8;2501.46630352386
50;2025-12-29;9;2030.9784825615861
50;2025-12-29;10;1601.0312152120516
50;2025-12-29;11;1482.1013700357842
50;2025-12-29;12;1425.0502156279083
50;2025-12-29;13;1370.175846632676
50;2025-12-29;14;1346.9728623984993
50;2025-12-29;15;1528.7106471720106
50;2025-12-29;16;1677.5399768346006
50;2025-12-29;17;2236.0291558376784
50;2025-12-29;18;2422.7596036474138
50;2025-12-29;19;1463.9434309227001
50;2025-12-29;20;891.5086255888457
50;2025-12-29;21;589.3336576324662
50;2025-12-29;22;280.7314891662833
50;2025-12-29;23;144.99462024658214
50;2025-12-30;0;36.28685570369896
50;2025-12-30;1;0.0
50;2025-12-30;2;0.0
50;2025-12-30;3;0.0
50;2025-12-30;4;0.0
50;2025-12-30;5;68.6061214031522
50;2025-12-30;6;586.9903093223763
50;2025-12-30;7;1794.844785602185
50;2025-12-30;8;2557.6678574481493
50;2025-12-30;9;2081.4894801425
50;2025-12-30;10;1632.867118594991
50;2025-12-30;11;1478.8613487704129
50;2025-12-30;12;1406.1023439135397
50;2025-12-30;13;1369.8549980149521
50;2025-12-30;14;1328.3998490069143
50;2025-12-30;15;1509.801558872277
50;2025-12-30;16;1636.8593299354525
50;2025-12-30;17;2171.0147747666556
50;2025-12-30;18;2315.8514340601014
50;2025-12-30;19;1381.6266146945895
50;2025-12-30;20;825.4227020456926
50;2025-12-30;21;528.5575191450145
50;2025-12-30;22;240.93314985925542
50;2025-12-30;23;116.68941318950783
50;2025-12-31;0;53.367670522032654
50;2025-12-31;1;0.0
50;2025-12-31;2;0.0
50;2025-12-31;3;0.0
50;2025-12-31;4;36.69360456498998
50;2025-12-31;5;53.89728955512999
50;2025-12-31;6;212.99918263425275
50;2025-12-31;7;235.08956680026188
50;2025-12-31;8;464.2798889122237
50;2025-12-31;9;438.8260752345133
50;2025-12-31;10;401.6109188399508
50;2025-12-31;11;473.0203761851197
50;2025-12-31;12;529.6729222761626
50;2025-12-31;13;589.8356154520717
50;2025-12-31;14;601.9403360252693
50;2025-12-31;15;581.4216051235289
50;2025-12-31;16;568.305552670163
50;2025-12-31;17;588.851876722863
50;2025-12-31;18;585.9329117415257
50;2025-12-31;19;456.29140388850396
50;2025-12-31;20;333.3983826927136
50;2025-12-31;21;253.9916225043624
50;2025-12-31;22;175.29302098844266
50;2025-12-31;23;115.32306128864354
