route;date;hour;prediction
1;2025-11-01;0;61.90481451541723
1;2025-11-01;1;0.0
1;2025-11-01;2;0.0
1;2025-11-01;3;0.0
1;2025-11-01;4;61.305735471337584
1;2025-11-01;5;161.91521084696944
1;2025-11-01;6;547.7560681962614
1;2025-11-01;7;1373.1526104126986
1;2025-11-01;8;1666.4087169736526
1;2025-11-01;9;1376.2526240160153
1;2025-11-01;10;1289.005203858002
1;2025-11-01;11;1272.340572149538
1;2025-11-01;12;1332.5821433283636
1;2025-11-01;13;1342.1449613093118
1;2025-11-01;14;1323.7624523041422
1;2025-11-01;15;1394.6561032477175
1;2025-11-01;16;1473.6242171684062
1;2025-11-01;17;1614.2156574430885
1;2025-11-01;18;1477.1794077802438
1;2025-11-01;19;1128.5175132688241
1;2025-11-01;20;769.0877933306801
1;2025-11-01;21;474.2993604938114
1;2025-11-01;22;254.92582721904205
1;2025-11-01;23;87.68317988892147
1;2025-11-02;0;18.160166932324614
1;2025-11-02;1;0.0
1;2025-11-02;2;0.0
1;2025-11-02;3;0.0
1;2025-11-02;4;13.210012554433092
1;2025-11-02;5;18.82068860640709
1;2025-11-02;6;109.64891235095183
1;2025-11-02;7;263.16728031472127
1;2025-11-02;8;342.98539972341416
1;2025-11-02;9;572.8979740152031
1;2025-11-02;10;674.7126775008967
1;2025-11-02;11;673.045836085062
1;2025-11-02;12;807.2198466855111
1;2025-11-02;13;809.9276358392679
1;2025-11-02;14;800.7550987888771
1;2025-11-02;15;724.4017858934934
1;2025-11-02;16;648.4813072432423
1;2025-11-02;17;587.1222741209031
1;2025-11-02;18;538.3401661832982
1;2025-11-02;19;427.5642102858776
1;2025-11-02;20;334.07783981492565
1;2025-11-02;21;226.37689481297832
1;2025-11-02;22;104.73210110440982
1;2025-11-02;23;31.731974973959154
1;2025-11-03;0;48.550916368790126
1;2025-11-03;1;0.0
1;2025-11-03;2;0.0
1;2025-11-03;3;0.0
1;2025-11-03;4;41.26840377719077
1;2025-11-03;5;61.59489177950957
1;2025-11-03;6;140.86476752029785
1;2025-11-03;7;347.85620612790234
1;2025-11-03;8;462.9163104596656
1;2025-11-03;9;597.7338333003142
1;2025-11-03;10;648.1875104828041
1;2025-11-03;11;635.7972908875735
1;2025-11-03;12;728.4832649601458
1;2025-11-03;13;742.273751470102
1;2025-11-03;14;716.4455420355114
1;2025-11-03;15;695.9377327612171
1;2025-11-03;16;661.7272450191771
1;2025-11-03;17;673.2465497186363
1;2025-11-03;18;672.5783405877916
1;2025-11-03;19;539.8959233115518
1;2025-11-03;20;377.1857406606872
1;2025-11-03;21;255.14540247437765
1;2025-11-03;22;164.69973558843105
1;2025-11-03;23;75.57009736137923
1;2025-11-04;0;23.193545807435157
1;2025-11-04;1;0.0
1;2025-11-04;2;0.0
1;2025-11-04;3;0.0
1;2025-11-04;4;5.534652413334015
1;2025-11-04;5;55.85587024147401
1;2025-11-04;6;145.0244149458449
1;2025-11-04;7;334.61544065507263
1;2025-11-04;8;434.40975044398004
1;2025-11-04;9;567.5849673578227
1;2025-11-04;10;621.9591537016148
1;2025-11-04;11;645.3353767935073
1;2025-11-04;12;708.9592646307267
1;2025-11-04;13;772.5360054940112
1;2025-11-04;14;783.4453006494905
1;2025-11-04;15;740.9410917891607
1;2025-11-04;16;643.4261481849766
1;2025-11-04;17;612.4526103480723
1;2025-11-04;18;592.9076605844173
1;2025-11-04;19;514.6563974267476
1;2025-11-04;20;371.2058295942664
1;2025-11-04;21;247.06187744328327
1;2025-11-04;22;125.7831403672044
1;2025-11-04;23;33.6182453970348
1;2025-11-05;0;20.014073019289413
1;2025-11-05;1;0.0
1;2025-11-05;2;0.0
1;2025-11-05;3;0.0
1;2025-11-05;4;30.158533557923647
1;2025-11-05;5;143.88079927060983
1;2025-11-05;6;544.6812865173296
1;2025-11-05;7;1501.1787614398377
1;2025-11-05;8;1848.1759412490544
1;2025-11-05;9;1435.8987749835758
1;2025-11-05;10;1309.129245654999
1;2025-11-05;11;1316.5529112594868
1;2025-11-05;12;1352.675344875996
1;2025-11-05;13;1366.8664181525824
1;2025-11-05;14;1346.6750349605006
1;2025-11-05;15;1451.3893037995945
1;2025-11-05;16;1527.3087661756908
1;2025-11-05;17;1739.9869842080757
1;2025-11-05;18;1751.869838928637
1;2025-11-05;19;1318.4302857234968
1;2025-11-05;20;859.6231920299347
1;2025-11-05;21;474.6338305188784
1;2025-11-05;22;241.06354555580685
1;2025-11-05;23;57.7922680248588
1;2025-11-06;0;26.06770790739688
1;2025-11-06;1;0.0
1;2025-11-06;2;0.0
1;2025-11-06;3;0.0
1;2025-11-06;4;17.8309436910979
1;2025-11-06;5;140.33272842082533
1;2025-11-06;6;530.5542793177243
1;2025-11-06;7;1488.8441220488453
1;2025-11-06;8;1823.8380101963958
1;2025-11-06;9;1436.1155175890844
1;2025-11-06;10;1317.4742792387706
1;2025-11-06;11;1308.8994814636435
1;2025-11-06;12;1371.8805871182922
1;2025-11-06;13;1396.1716759268484
1;2025-11-06;14;1377.0410130240523
1;2025-11-06;15;1441.3787321452594
1;2025-11-06;16;1525.0000899387524
1;2025-11-06;17;1748.5433983205735
1;2025-11-06;18;1777.2077050059988
1;2025-11-06;19;1318.2197748722408
1;2025-11-06;20;851.4832590666637
1;2025-11-06;21;469.79829011889905
1;2025-11-06;22;242.19187520432388
1;2025-11-06;23;45.48341058188669
1;2025-11-07;0;17.285544898827425
1;2025-11-07;1;0.0
1;2025-11-07;2;0.0
1;2025-11-07;3;0.0
1;2025-11-07;4;16.989307924038144
1;2025-11-07;5;116.89835990186418
1;2025-11-07;6;528.8218747352133
1;2025-11-07;7;1465.2551710046082
1;2025-11-07;8;1782.5941838954052
1;2025-11-07;9;1413.0437930035764
1;2025-11-07;10;1359.4540220761685
1;2025-11-07;11;1365.0668728309283
1;2025-11-07;12;1364.1212773870357
1;2025-11-07;13;1377.905925911136
1;2025-11-07;14;1361.4597355355568
1;2025-11-07;15;1459.2421347041268
1;2025-11-07;16;1555.4289229266792
1;2025-11-07;17;1678.8707340887086
1;2025-11-07;18;1624.5105611333865
1;2025-11-07;19;1209.2007100098929
1;2025-11-07;20;818.5381528352658
1;2025-11-07;21;453.2757058839593
1;2025-11-07;22;229.1532950396861
1;2025-11-07;23;52.37899386690344
1;2025-11-08;0;19.656862177850144
1;2025-11-08;1;0.0
1;2025-11-08;2;0.0
1;2025-11-08;3;0.0
1;2025-11-08;4;32.07101767627819
1;2025-11-08;5;42.904211158113526
1;2025-11-08;6;151.10056536210243
1;2025-11-08;7;349.07489705702625
1;2025-11-08;8;444.8337503176555
1;2025-11-08;9;664.3890665787505
1;2025-11-08;10;755.988795688791
1;2025-11-08;11;783.7719410472675
1;2025-11-08;12;901.8718812138308
1;2025-11-08;13;938.4941340507996
1;2025-11-08;14;899.125274213198
1;2025-11-08;15;824.0269616400067
1;2025-11-08;16;747.0825556185407
1;2025-11-08;17;675.7502770631381
1;2025-11-08;18;617.1819648278343
1;2025-11-08;19;501.80868710476926
1;2025-11-08;20;397.4456160368848
1;2025-11-08;21;302.9587164730378
1;2025-11-08;22;172.30715538063941
1;2025-11-08;23;82.73493760599865
1;2025-11-09;0;18.767061342090074
1;2025-11-09;1;0.0
1;2025-11-09;2;0.0
1;2025-11-09;3;0.0
1;2025-11-09;4;23.650013656492433
1;2025-11-09;5;30.780561939659265
1;2025-11-09;6;126.04654389898315
1;2025-11-09;7;282.85518534193596
1;2025-11-09;8;363.86156721697853
1;2025-11-09;9;596.2849606061764
1;2025-11-09;10;672.891979837272
1;2025-11-09;11;687.3568887917653
1;2025-11-09;12;807.4895651522168
1;2025-11-09;13;836.7275673628934
1;2025-11-09;14;794.4838877513233
1;2025-11-09;15;719.8032320003856
1;2025-11-09;16;652.281935030116
1;2025-11-09;17;597.6508784246648
1;2025-11-09;18;552.9069288931076
1;2025-11-09;19;440.5902059332754
1;2025-11-09;20;361.68374582139285
1;2025-11-09;21;228.87081349127914
1;2025-11-09;22;111.85670529328115
1;2025-11-09;23;39.84131953482711
1;2025-11-10;0;12.612222463249282
1;2025-11-10;1;0.0
1;2025-11-10;2;0.0
1;2025-11-10;3;0.0
1;2025-11-10;4;23.37638485902835
1;2025-11-10;5;133.58734193712905
1;2025-11-10;6;530.106592060526
1;2025-11-10;7;1457.6715336927973
1;2025-11-10;8;1780.0912224825438
1;2025-11-10;9;1393.7352530532526
1;2025-11-10;10;1271.665318882915
1;2025-11-10;11;1283.5969067861215
1;2025-11-10;12;1323.4187821940986
1;2025-11-10;13;1344.9646511941414
1;2025-11-10;14;1333.6787022532399
1;2025-11-10;15;1427.3289738356152
1;2025-11-10;16;1501.7667128474507
1;2025-11-10;17;1735.4106028164456
1;2025-11-10;18;1747.232430547145
1;2025-11-10;19;1318.848332262783
1;2025-11-10;20;844.0896275608303
1;2025-11-10;21;439.86674745649174
1;2025-11-10;22;213.89164718008055
1;2025-11-10;23;47.352063427651956
1;2025-11-11;0;16.455911081849877
1;2025-11-11;1;0.0
1;2025-11-11;2;0.0
1;2025-11-11;3;0.0
1;2025-11-11;4;23.775120298984916
1;2025-11-11;5;145.5028539481989
1;2025-11-11;6;553.1761320061917
1;2025-11-11;7;1497.21407107606
1;2025-11-11;8;1838.3274118924405
1;2025-11-11;9;1445.5888326278614
1;2025-11-11;10;1331.7664504941165
1;2025-11-11;11;1348.7610071843728
1;2025-11-11;12;1387.6422686816977
1;2025-11-11;13;1384.6536499337446
1;2025-11-11;14;1371.7606724133057
1;2025-11-11;15;1434.2388446581867
1;2025-11-11;16;1512.3355092061468
1;2025-11-11;17;1729.925960868794
1;2025-11-11;18;1746.0060115168499
1;2025-11-11;19;1305.170858170656
1;2025-11-11;20;844.3854790199794
1;2025-11-11;21;450.2414399059261
1;2025-11-11;22;220.06483908530765
1;2025-11-11;23;49.48103326403873
1;2025-11-12;0;18.36777476506336
1;2025-11-12;1;0.0
1;2025-11-12;2;0.0
1;2025-11-12;3;0.0
1;2025-11-12;4;21.789455944329802
1;2025-11-12;5;148.70622579890676
1;2025-11-12;6;541.5581356883564
1;2025-11-12;7;1499.664664125206
1;2025-11-12;8;1840.3838366273817
1;2025-11-12;9;1447.627266187219
1;2025-11-12;10;1294.0170912767157
1;2025-11-12;11;1287.3065989682386
1;2025-11-12;12;1341.7248090823498
1;2025-11-12;13;1351.7979195244643
1;2025-11-12;14;1339.6033155460398
1;2025-11-12;15;1433.5625196608253
1;2025-11-12;16;1522.3038340520222
1;2025-11-12;17;1730.9997702315418
1;2025-11-12;18;1750.0749569232805
1;2025-11-12;19;1308.3639391751485
1;2025-11-12;20;863.3690433640194
1;2025-11-12;21;454.3693239298385
1;2025-11-12;22;222.4942605246291
1;2025-11-12;23;53.641199773966036
1;2025-11-13;0;17.89210268368481
1;2025-11-13;1;0.0
1;2025-11-13;2;0.0
1;2025-11-13;3;0.0
1;2025-11-13;4;23.550212747708315
1;2025-11-13;5;144.7364427569471
1;2025-11-13;6;526.7151023707821
1;2025-11-13;7;1492.487537197311
1;2025-11-13;8;1829.8009987350813
1;2025-11-13;9;1432.9301271703466
1;2025-11-13;10;1323.2087132840388
1;2025-11-13;11;1320.9811056556266
1;2025-11-13;12;1383.7852746294707
1;2025-11-13;13;1422.7204052307768
1;2025-11-13;14;1377.0982320594692
1;2025-11-13;15;1485.3212439332397
1;2025-11-13;16;1530.2730382994819
1;2025-11-13;17;1758.0083103246366
1;2025-11-13;18;1761.3644056411513
1;2025-11-13;19;1316.040942679189
1;2025-11-13;20;871.3148895517114
1;2025-11-13;21;471.92509619284107
1;2025-11-13;22;240.3942394520243
1;2025-11-13;23;61.28439543773618
1;2025-11-14;0;12.00496914094515
1;2025-11-14;1;0.0
1;2025-11-14;2;0.0
1;2025-11-14;3;0.0
1;2025-11-14;4;18.68945063121521
1;2025-11-14;5;146.3346484893392
1;2025-11-14;6;546.8573512678313
1;2025-11-14;7;1450.6666748401606
1;2025-11-14;8;1778.90278815681
1;2025-11-14;9;1432.513228338931
1;2025-11-14;10;1318.0284981148466
1;2025-11-14;11;1316.0878416755384
1;2025-11-14;12;1338.7567646535488
1;2025-11-14;13;1351.6478036520743
1;2025-11-14;14;1359.4395261068737
1;2025-11-14;15;1461.1809757829212
1;2025-11-14;16;1568.8229565158722
1;2025-11-14;17;1698.1036799869644
1;2025-11-14;18;1622.9448600676137
1;2025-11-14;19;1202.7225122991083
1;2025-11-14;20;815.0431272060722
1;2025-11-14;21;443.93852496295364
1;2025-11-14;22;216.26295222780482
1;2025-11-14;23;54.934921914814026
1;2025-11-15;0;82.67816665898545
1;2025-11-15;1;0.0
1;2025-11-15;2;0.0
1;2025-11-15;3;0.0
1;2025-11-15;4;0.0
1;2025-11-15;5;35.39050118533078
1;2025-11-15;6;169.92529058808498
1;2025-11-15;7;319.3688978840507
1;2025-11-15;8;390.5403364521759
1;2025-11-15;9;563.8244925715769
1;2025-11-15;10;686.7474993054732
1;2025-11-15;11;709.9707484030812
1;2025-11-15;12;852.018987232066
1;2025-11-15;13;919.8290384448152
1;2025-11-15;14;876.7850821463728
1;2025-11-15;15;810.491761948837
1;2025-11-15;16;721.4785504854347
1;2025-11-15;17;639.0756271274622
1;2025-11-15;18;590.9114098982725
1;2025-11-15;19;487.2221913422507
1;2025-11-15;20;414.53494248703026
1;2025-11-15;21;288.74580218642524
1;2025-11-15;22;159.9225939899992
1;2025-11-15;23;52.93598542596135
1;2025-11-16;0;29.220947192328367
1;2025-11-16;1;0.0
1;2025-11-16;2;0.0
1;2025-11-16;3;0.0
1;2025-11-16;4;19.22957621079604
1;2025-11-16;5;24.32090341589344
1;2025-11-16;6;116.46461056779037
1;2025-11-16;7;263.90787087278574
1;2025-11-16;8;334.6143285552549
1;2025-11-16;9;562.1191970596972
1;2025-11-16;10;662.7648417071554
1;2025-11-16;11;682.652875992489
1;2025-11-16;12;784.3981187320616
1;2025-11-16;13;810.6463972220125
1;2025-11-16;14;764.1179493322268
1;2025-11-16;15;691.9597283112754
1;2025-11-16;16;620.0729988802507
1;2025-11-16;17;555.1328669612074
1;2025-11-16;18;500.1221494805343
1;2025-11-16;19;402.824793595142
1;2025-11-16;20;343.4867204506533
1;2025-11-16;21;238.42754891963375
1;2025-11-16;22;117.48452863223122
1;2025-11-16;23;40.25883856051712
1;2025-11-17;0;16.217123567009935
1;2025-11-17;1;0.0
1;2025-11-17;2;0.0
1;2025-11-17;3;0.0
1;2025-11-17;4;25.330482581083174
1;2025-11-17;5;155.11257619783396
1;2025-11-17;6;545.0760549377806
1;2025-11-17;7;1386.6036090369876
1;2025-11-17;8;1715.2102869611479
1;2025-11-17;9;1344.5307451769281
1;2025-11-17;10;1202.0821354389439
1;2025-11-17;11;1215.6172231119017
1;2025-11-17;12;1235.5237055249527
1;2025-11-17;13;1196.2746388828302
1;2025-11-17;14;1204.3225961003182
1;2025-11-17;15;1320.0692590582357
1;2025-11-17;16;1443.049934437321
1;2025-11-17;17;1650.4625318845365
1;2025-11-17;18;1694.352672137998
1;2025-11-17;19;1307.9990635711333
1;2025-11-17;20;845.5886202569054
1;2025-11-17;21;454.925043486688
1;2025-11-17;22;205.0021276009585
1;2025-11-17;23;49.971052978036255
1;2025-11-18;0;18.64076263898346
1;2025-11-18;1;0.0
1;2025-11-18;2;0.0
1;2025-11-18;3;0.0
1;2025-11-18;4;32.8038190815123
1;2025-11-18;5;183.28967101599312
1;2025-11-18;6;522.4808361645354
1;2025-11-18;7;1340.4835599710204
1;2025-11-18;8;1700.8638712526003
1;2025-11-18;9;1353.0207490394168
1;2025-11-18;10;1218.8542911217226
1;2025-11-18;11;1292.0606763987935
1;2025-11-18;12;1298.9378366836809
1;2025-11-18;13;1254.7934223732802
1;2025-11-18;14;1258.5682111531967
1;2025-11-18;15;1354.9596174695664
1;2025-11-18;16;1441.007549601591
1;2025-11-18;17;1655.2595808457713
1;2025-11-18;18;1688.086894990132
1;2025-11-18;19;1295.908368327175
1;2025-11-18;20;899.5331997957836
1;2025-11-18;21;461.00654182113203
1;2025-11-18;22;241.52950653640755
1;2025-11-18;23;68.0236094271562
1;2025-11-19;0;18.360956363991136
1;2025-11-19;1;0.0
1;2025-11-19;2;0.0
1;2025-11-19;3;0.0
1;2025-11-19;4;10.824167762987372
1;2025-11-19;5;133.97814585755123
1;2025-11-19;6;544.7435402640111
1;2025-11-19;7;1408.5707976000563
1;2025-11-19;8;1768.9782463165825
1;2025-11-19;9;1399.018040496297
1;2025-11-19;10;1276.46232091613
1;2025-11-19;11;1284.137957222637
1;2025-11-19;12;1321.8954339512047
1;2025-11-19;13;1340.1439277111099
1;2025-11-19;14;1310.4544630115465
1;2025-11-19;15;1397.5631372130451
1;2025-11-19;16;1459.6751998828884
1;2025-11-19;17;1640.2433120055525
1;2025-11-19;18;1652.9789742716014
1;2025-11-19;19;1254.2985266556977
1;2025-11-19;20;865.7617647662767
1;2025-11-19;21;453.4878379383758
1;2025-11-19;22;210.95231901479417
1;2025-11-19;23;51.49222713213044
1;2025-11-20;0;16.01205254613558
1;2025-11-20;1;0.0
1;2025-11-20;2;0.0
1;2025-11-20;3;0.0
1;2025-11-20;4;12.730272081515523
1;2025-11-20;5;142.87453603193183
1;2025-11-20;6;553.6754217096549
1;2025-11-20;7;1438.7882921978367
1;2025-11-20;8;1764.0419117338092
1;2025-11-20;9;1400.762977975789
1;2025-11-20;10;1274.4996033629227
1;2025-11-20;11;1279.1683078711667
1;2025-11-20;12;1315.952183550489
1;2025-11-20;13;1350.2202018638711
1;2025-11-20;14;1314.2928701594233
1;2025-11-20;15;1409.3484574836352
1;2025-11-20;16;1469.7236721828747
1;2025-11-20;17;1676.311817410928
1;2025-11-20;18;1673.2489737027176
1;2025-11-20;19;1288.764064237685
1;2025-11-20;20;867.9860676819129
1;2025-11-20;21;484.52005650212163
1;2025-11-20;22;244.62171983432336
1;2025-11-20;23;67.98267040476105
1;2025-11-21;0;18.098930800318726
1;2025-11-21;1;0.0
1;2025-11-21;2;0.0
1;2025-11-21;3;0.0
1;2025-11-21;4;26.279914053743028
1;2025-11-21;5;140.15089636567495
1;2025-11-21;6;540.9344630108228
1;2025-11-21;7;1402.074645576341
1;2025-11-21;8;1732.1197840917775
1;2025-11-21;9;1367.2594303591418
1;2025-11-21;10;1276.362214861701
1;2025-11-21;11;1286.8410948565652
1;2025-11-21;12;1306.19156839998
1;2025-11-21;13;1347.1626451557418
1;2025-11-21;14;1331.0377543365516
1;2025-11-21;15;1423.9483531320352
1;2025-11-21;16;1504.0416599564303
1;2025-11-21;17;1613.3483696112867
1;2025-11-21;18;1549.5240180214214
1;2025-11-21;19;1160.0858456823228
1;2025-11-21;20;807.4574529576141
1;2025-11-21;21;443.412479232938
1;2025-11-21;22;217.79683397454994
1;2025-11-21;23;59.86335248926355
1;2025-11-22;0;20.091161168142776
1;2025-11-22;1;0.0
1;2025-11-22;2;0.0
1;2025-11-22;3;0.0
1;2025-11-22;4;44.48240621913624
1;2025-11-22;5;44.438442289285035
1;2025-11-22;6;148.31521330882651
1;2025-11-22;7;326.2409509060259
1;2025-11-22;8;411.27873406480984
1;2025-11-22;9;621.5120859931161
1;2025-11-22;10;745.0207405365834
1;2025-11-22;11;778.5499134070693
1;2025-11-22;12;889.129926350006
1;2025-11-22;13;915.9135988820507
1;2025-11-22;14;859.2143268120165
1;2025-11-22;15;780.0270040526935
1;2025-11-22;16;712.8397755051719
1;2025-11-22;17;633.2217011894542
1;2025-11-22;18;580.2792285952185
1;2025-11-22;19;463.4249140408113
1;2025-11-22;20;395.8553870894935
1;2025-11-22;21;272.00297531905676
1;2025-11-22;22;132.85073577528874
1;2025-11-22;23;32.66522538166669
1;2025-11-23;0;30.093886137419304
1;2025-11-23;1;0.0
1;2025-11-23;2;0.0
1;2025-11-23;3;0.0
1;2025-11-23;4;14.915291409469546
1;2025-11-23;5;17.47198532044513
1;2025-11-23;6;103.32936335429031
1;2025-11-23;7;263.7290255676862
1;2025-11-23;8;347.6752128429514
1;2025-11-23;9;573.2989697642355
1;2025-11-23;10;671.9964889414433
1;2025-11-23;11;687.0864572592272
1;2025-11-23;12;818.13449376214
1;2025-11-23;13;857.720623425201
1;2025-11-23;14;780.2498036997014
1;2025-11-23;15;691.9480254391963
1;2025-11-23;16;587.7075266762477
1;2025-11-23;17;549.387446204712
1;2025-11-23;18;509.6781430271889
1;2025-11-23;19;414.8681122733884
1;2025-11-23;20;370.73981549567486
1;2025-11-23;21;255.3464863141603
1;2025-11-23;22;127.71872245650798
1;2025-11-23;23;44.31385598017118
1;2025-11-24;0;12.3472125531232
1;2025-11-24;1;0.0
1;2025-11-24;2;0.0
1;2025-11-24;3;0.0
1;2025-11-24;4;29.107119471429883
1;2025-11-24;5;144.1354420181757
1;2025-11-24;6;552.7086964091652
1;2025-11-24;7;1398.6735417609448
1;2025-11-24;8;1789.0836667913804
1;2025-11-24;9;1408.1144374729865
1;2025-11-24;10;1206.4216904387745
1;2025-11-24;11;1255.6272481761707
1;2025-11-24;12;1306.5224750591506
1;2025-11-24;13;1339.3808202613986
1;2025-11-24;14;1338.7318159650722
1;2025-11-24;15;1393.198886960412
1;2025-11-24;16;1517.9431750715257
1;2025-11-24;17;1723.2369184234417
1;2025-11-24;18;1775.033283961115
1;2025-11-24;19;1331.2331632274256
1;2025-11-24;20;870.2873561682391
1;2025-11-24;21;464.59562007408095
1;2025-11-24;22;228.80093761639716
1;2025-11-24;23;56.64672539650758
1;2025-11-25;0;11.193696051072948
1;2025-11-25;1;0.0
1;2025-11-25;2;0.0
1;2025-11-25;3;0.0
1;2025-11-25;4;20.254484727020326
1;2025-11-25;5;145.32729514458765
1;2025-11-25;6;561.2560689781999
1;2025-11-25;7;1490.5355660907053
1;2025-11-25;8;1812.7952004944884
1;2025-11-25;9;1430.5014809021357
1;2025-11-25;10;1314.2586688353454
1;2025-11-25;11;1322.9752533611636
1;2025-11-25;12;1356.6920360687282
1;2025-11-25;13;1352.6079636341442
1;2025-11-25;14;1339.9537225217155
1;2025-11-25;15;1435.1995458203778
1;2025-11-25;16;1503.1595584776524
1;2025-11-25;17;1704.4458855568864
1;2025-11-25;18;1706.837926309841
1;2025-11-25;19;1289.27831149445
1;2025-11-25;20;855.4484483118637
1;2025-11-25;21;457.9483086536156
1;2025-11-25;22;221.76741932768311
1;2025-11-25;23;51.51449887671777
1;2025-11-26;0;19.96037496904171
1;2025-11-26;1;0.0
1;2025-11-26;2;0.0
1;2025-11-26;3;0.0
1;2025-11-26;4;20.89452448942461
1;2025-11-26;5;164.9596357093693
1;2025-11-26;6;578.0406249874236
1;2025-11-26;7;1493.2816765951486
1;2025-11-26;8;1811.83559236756
1;2025-11-26;9;1426.9768577262232
1;2025-11-26;10;1335.0022682655076
1;2025-11-26;11;1315.7172843669914
1;2025-11-26;12;1390.0834026730715
1;2025-11-26;13;1385.6823498172548
1;2025-11-26;14;1346.4063261005685
1;2025-11-26;15;1446.3573938557238
1;2025-11-26;16;1512.1906665136007
1;2025-11-26;17;1671.844786676384
1;2025-11-26;18;1688.633959137689
1;2025-11-26;19;1239.449953770916
1;2025-11-26;20;861.8447996536776
1;2025-11-26;21;473.24425170220866
1;2025-11-26;22;237.2540364396092
1;2025-11-26;23;62.97811783548741
1;2025-11-27;0;27.3959445044851
1;2025-11-27;1;0.0
1;2025-11-27;2;0.0
1;2025-11-27;3;0.0
1;2025-11-27;4;26.331712083072375
1;2025-11-27;5;153.70392097497881
1;2025-11-27;6;547.6808582511325
1;2025-11-27;7;1481.1160647534248
1;2025-11-27;8;1806.9730871415866
1;2025-11-27;9;1429.8833180220638
1;2025-11-27;10;1357.5572323526862
1;2025-11-27;11;1293.2915471882689
1;2025-11-27;12;1323.554548794889
1;2025-11-27;13;1404.3000968629965
1;2025-11-27;14;1330.8351975373116
1;2025-11-27;15;1474.262099447702
1;2025-11-27;16;1543.0805038766607
1;2025-11-27;17;1704.9684606445219
1;2025-11-27;18;1714.0463029770785
1;2025-11-27;19;1276.5064950924175
1;2025-11-27;20;866.7516663104777
1;2025-11-27;21;470.0492683772121
1;2025-11-27;22;235.91245686045136
1;2025-11-27;23;83.0454276411358
1;2025-11-28;0;22.674892694176265
1;2025-11-28;1;0.0
1;2025-11-28;2;0.0
1;2025-11-28;3;0.0
1;2025-11-28;4;17.77073795507397
1;2025-11-28;5;117.48599134101676
1;2025-11-28;6;539.4711503391278
1;2025-11-28;7;1471.0057222628416
1;2025-11-28;8;1806.8113612619052
1;2025-11-28;9;1436.9497672931484
1;2025-11-28;10;1344.4076929923353
1;2025-11-28;11;1373.9739558532203
1;2025-11-28;12;1394.6453717382392
1;2025-11-28;13;1415.0608723117025
1;2025-11-28;14;1395.6250743829191
1;2025-11-28;15;1484.95496374879
1;2025-11-28;16;1564.1582507075111
1;2025-11-28;17;1681.7728275807715
1;2025-11-28;18;1625.646422205742
1;2025-11-28;19;1178.278546049522
1;2025-11-28;20;812.2940123199756
1;2025-11-28;21;455.9573572223005
1;2025-11-28;22;232.96021194375453
1;2025-11-28;23;66.29293441263701
1;2025-11-29;0;18.700238820786694
1;2025-11-29;1;0.0
1;2025-11-29;2;0.0
1;2025-11-29;3;0.0
1;2025-11-29;4;7.950005669578445
1;2025-11-29;5;42.27074758398351
1;2025-11-29;6;160.43732817155262
1;2025-11-29;7;350.4060286271008
1;2025-11-29;8;452.19804133240274
1;2025-11-29;9;680.107827327552
1;2025-11-29;10;781.1408665386065
1;2025-11-29;11;782.803133750707
1;2025-11-29;12;907.261056266843
1;2025-11-29;13;933.883135726098
1;2025-11-29;14;893.288220248871
1;2025-11-29;15;812.8008341019049
1;2025-11-29;16;709.5334724841738
1;2025-11-29;17;637.6273031994812
1;2025-11-29;18;590.11818571807
1;2025-11-29;19;486.9217155046275
1;2025-11-29;20;389.38463679398814
1;2025-11-29;21;274.30060477937553
1;2025-11-29;22;140.12781477390843
1;2025-11-29;23;40.87066332721747
1;2025-11-30;0;13.835511103476392
1;2025-11-30;1;0.0
1;2025-11-30;2;0.0
1;2025-11-30;3;0.0
1;2025-11-30;4;7.384262121945426
1;2025-11-30;5;18.667048009983432
1;2025-11-30;6;115.07381171690565
1;2025-11-30;7;256.5138438800901
1;2025-11-30;8;338.9566187082731
1;2025-11-30;9;584.0251847965401
1;2025-11-30;10;673.3227825557562
1;2025-11-30;11;688.9013670492735
1;2025-11-30;12;805.4243845010864
1;2025-11-30;13;841.632134381726
1;2025-11-30;14;795.6615617929083
1;2025-11-30;15;693.3032327156997
1;2025-11-30;16;626.0681567665567
1;2025-11-30;17;572.9933275925362
1;2025-11-30;18;525.1817208508298
1;2025-11-30;19;413.46097241339436
1;2025-11-30;20;348.9131418334647
1;2025-11-30;21;233.20435859150712
1;2025-11-30;22;111.51270245877379
1;2025-11-30;23;35.89606688636036
1;2025-12-01;0;8.790557506339269
1;2025-12-01;1;0.0
1;2025-12-01;2;0.0
1;2025-12-01;3;0.0
1;2025-12-01;4;12.232157017875124
1;2025-12-01;5;121.2908880079791
1;2025-12-01;6;542.7331888910322
1;2025-12-01;7;1413.8746349068656
1;2025-12-01;8;1736.543450483197
1;2025-12-01;9;1341.6259628440748
1;2025-12-01;10;1211.9775926893385
1;2025-12-01;11;1210.823898871262
1;2025-12-01;12;1260.6116077402241
1;2025-12-01;13;1273.9275567583768
1;2025-12-01;14;1272.3790196964303
1;2025-12-01;15;1380.6241801364815
1;2025-12-01;16;1476.1725946778665
1;2025-12-01;17;1688.6161450265759
1;2025-12-01;18;1713.7582286234315
1;2025-12-01;19;1263.1769728955644
1;2025-12-01;20;818.240252682014
1;2025-12-01;21;453.7684263754239
1;2025-12-01;22;216.25232485507195
1;2025-12-01;23;49.96044605866098
1;2025-12-02;0;7.491664522855444
1;2025-12-02;1;0.0
1;2025-12-02;2;0.0
1;2025-12-02;3;0.0
1;2025-12-02;4;13.80254638743736
1;2025-12-02;5;138.17913807711307
1;2025-12-02;6;558.0923881007622
1;2025-12-02;7;1434.682272269732
1;2025-12-02;8;1751.6808878038487
1;2025-12-02;9;1364.4682411999834
1;2025-12-02;10;1235.0055218908353
1;2025-12-02;11;1238.3339890492082
1;2025-12-02;12;1294.0077494814127
1;2025-12-02;13;1298.696025495378
1;2025-12-02;14;1280.4715295406543
1;2025-12-02;15;1389.6508361432905
1;2025-12-02;16;1457.5686451812803
1;2025-12-02;17;1652.359085563632
1;2025-12-02;18;1687.6325261198133
1;2025-12-02;19;1241.1161233750213
1;2025-12-02;20;811.2994899217276
1;2025-12-02;21;446.51277481605115
1;2025-12-02;22;206.14622619287013
1;2025-12-02;23;40.80077767174237
1;2025-12-03;0;3.106632625646739
1;2025-12-03;1;0.0
1;2025-12-03;2;0.0
1;2025-12-03;3;0.0
1;2025-12-03;4;6.850834726225685
1;2025-12-03;5;125.47586039659575
1;2025-12-03;6;544.958730359921
1;2025-12-03;7;1439.5635187366388
1;2025-12-03;8;1759.6951047112143
1;2025-12-03;9;1382.3803411465651
1;2025-12-03;10;1260.5561942106642
1;2025-12-03;11;1286.8059015666615
1;2025-12-03;12;1300.6758419580715
1;2025-12-03;13;1307.623070411561
1;2025-12-03;14;1288.401939524933
1;2025-12-03;15;1413.5816318346322
1;2025-12-03;16;1474.4080952803488
1;2025-12-03;17;1668.8679824941632
1;2025-12-03;18;1682.0618681649598
1;2025-12-03;19;1248.5765428618315
1;2025-12-03;20;805.0950295315687
1;2025-12-03;21;452.79790052455877
1;2025-12-03;22;217.0218129424543
1;2025-12-03;23;49.929849609496614
1;2025-12-04;0;4.798282064710975
1;2025-12-04;1;0.0
1;2025-12-04;2;0.0
1;2025-12-04;3;0.0
1;2025-12-04;4;8.17690383974059
1;2025-12-04;5;135.06572205687587
1;2025-12-04;6;548.8447970116866
1;2025-12-04;7;1445.7740739868582
1;2025-12-04;8;1750.4862621651534
1;2025-12-04;9;1387.5676897750777
1;2025-12-04;10;1277.6023996333722
1;2025-12-04;11;1278.3342252609527
1;2025-12-04;12;1322.8180365933108
1;2025-12-04;13;1341.5583954155763
1;2025-12-04;14;1324.032920222091
1;2025-12-04;15;1450.9266322678325
1;2025-12-04;16;1491.217302421728
1;2025-12-04;17;1672.275081540646
1;2025-12-04;18;1696.0989033391306
1;2025-12-04;19;1268.1470583951652
1;2025-12-04;20;828.4502083791393
1;2025-12-04;21;453.20967603616157
1;2025-12-04;22;207.16227500008858
1;2025-12-04;23;52.249706082915054
1;2025-12-05;0;11.653150928464015
1;2025-12-05;1;0.0
1;2025-12-05;2;0.0
1;2025-12-05;3;0.0
1;2025-12-05;4;12.971264694319643
1;2025-12-05;5;126.58412351954951
1;2025-12-05;6;540.4556888679193
1;2025-12-05;7;1440.3296816824004
1;2025-12-05;8;1740.8612741328825
1;2025-12-05;9;1396.3262435756114
1;2025-12-05;10;1297.3037192940333
1;2025-12-05;11;1342.1304184615954
1;2025-12-05;12;1382.1549871600164
1;2025-12-05;13;1386.7470432753003
1;2025-12-05;14;1388.61999127351
1;2025-12-05;15;1474.340873321768
1;2025-12-05;16;1526.939118615668
1;2025-12-05;17;1635.6095362671215
1;2025-12-05;18;1594.760049200912
1;2025-12-05;19;1154.8833920505738
1;2025-12-05;20;787.4848096152774
1;2025-12-05;21;453.7061180400117
1;2025-12-05;22;223.77786318940537
1;2025-12-05;23;65.25651981446254
1;2025-12-06;0;16.73792049865142
1;2025-12-06;1;0.0
1;2025-12-06;2;0.0
1;2025-12-06;3;0.0
1;2025-12-06;4;7.714832350320762
1;2025-12-06;5;43.275435616268396
1;2025-12-06;6;154.6519422957491
1;2025-12-06;7;298.4965408150293
1;2025-12-06;8;399.06136793709095
1;2025-12-06;9;639.2654036735736
1;2025-12-06;10;735.0397987684577
1;2025-12-06;11;770.9767075724222
1;2025-12-06;12;899.4356292754248
1;2025-12-06;13;939.9994660027712
1;2025-12-06;14;886.3571577040731
1;2025-12-06;15;803.8330179630424
1;2025-12-06;16;718.4261721927264
1;2025-12-06;17;653.1996456876112
1;2025-12-06;18;600.4509408903623
1;2025-12-06;19;473.39859068747245
1;2025-12-06;20;372.4102206479476
1;2025-12-06;21;266.533797964126
1;2025-12-06;22;130.34680053478178
1;2025-12-06;23;32.71332784536753
1;2025-12-07;0;1.982789148896586
1;2025-12-07;1;0.0
1;2025-12-07;2;0.0
1;2025-12-07;3;0.0
1;2025-12-07;4;12.241956513965533
1;2025-12-07;5;22.548611880968906
1;2025-12-07;6;106.9719878204296
1;2025-12-07;7;224.16288786810549
1;2025-12-07;8;321.2013574743382
1;2025-12-07;9;568.4416729300442
1;2025-12-07;10;666.5893540485572
1;2025-12-07;11;674.1748461257177
1;2025-12-07;12;798.8721288909126
1;2025-12-07;13;809.9905341608203
1;2025-12-07;14;768.399195780209
1;2025-12-07;15;677.4748463692202
1;2025-12-07;16;625.515320424696
1;2025-12-07;17;568.6142872389207
1;2025-12-07;18;518.9834699910232
1;2025-12-07;19;388.69624627557596
1;2025-12-07;20;317.0826068748806
1;2025-12-07;21;235.70289170540332
1;2025-12-07;22;105.88430992519659
1;2025-12-07;23;32.50599754965708
1;2025-12-08;0;5.942924489709981
1;2025-12-08;1;0.0
1;2025-12-08;2;0.0
1;2025-12-08;3;0.0
1;2025-12-08;4;9.091686419612415
1;2025-12-08;5;129.11823687344315
1;2025-12-08;6;544.0425230422225
1;2025-12-08;7;1422.4941483565551
1;2025-12-08;8;1735.5732899560917
1;2025-12-08;9;1351.2416280221464
1;2025-12-08;10;1233.4716948095568
1;2025-12-08;11;1238.5021313633974
1;2025-12-08;12;1288.0259691686272
1;2025-12-08;13;1298.2994834399706
1;2025-12-08;14;1305.3698069209745
1;2025-12-08;15;1400.41836728119
1;2025-12-08;16;1468.5427206786317
1;2025-12-08;17;1696.7828320063898
1;2025-12-08;18;1710.070411847348
1;2025-12-08;19;1278.2576873564606
1;2025-12-08;20;828.8920854679294
1;2025-12-08;21;448.9782502131323
1;2025-12-08;22;203.53790829941386
1;2025-12-08;23;35.604637493030054
1;2025-12-09;0;2.4471821803106195
1;2025-12-09;1;0.0
1;2025-12-09;2;0.0
1;2025-12-09;3;0.0
1;2025-12-09;4;1.9608349039558561
1;2025-12-09;5;134.40086040103483
1;2025-12-09;6;555.0411421661806
1;2025-12-09;7;1457.3739664661546
1;2025-12-09;8;1775.78978584801
1;2025-12-09;9;1432.136092760742
1;2025-12-09;10;1312.090094275602
1;2025-12-09;11;1318.8125344642203
1;2025-12-09;12;1284.8491766638695
1;2025-12-09;13;1323.8062905572592
1;2025-12-09;14;1329.5014720256204
1;2025-12-09;15;1408.1484093308686
1;2025-12-09;16;1478.444873541006
1;2025-12-09;17;1674.9507816097355
1;2025-12-09;18;1704.032465716633
1;2025-12-09;19;1278.9019121417828
1;2025-12-09;20;877.2601151436911
1;2025-12-09;21;465.1130118723106
1;2025-12-09;22;210.89215735846642
1;2025-12-09;23;38.48756931671062
1;2025-12-10;0;0.0
1;2025-12-10;1;0.0
1;2025-12-10;2;0.0
1;2025-12-10;3;0.0
1;2025-12-10;4;0.0
1;2025-12-10;5;124.55251307089645
1;2025-12-10;6;537.4401470976229
1;2025-12-10;7;1423.9733315701237
1;2025-12-10;8;1697.7073471382762
1;2025-12-10;9;1357.4975362881073
1;2025-12-10;10;1236.4619312892928
1;2025-12-10;11;1251.1655944709544
1;2025-12-10;12;1303.9429975355856
1;2025-12-10;13;1326.6772118677127
1;2025-12-10;14;1316.6200055821405
1;2025-12-10;15;1407.7431499395786
1;2025-12-10;16;1504.290882616576
1;2025-12-10;17;1679.4597256648874
1;2025-12-10;18;1681.7219553321845
1;2025-12-10;19;1238.8137737804984
1;2025-12-10;20;832.1545758529434
1;2025-12-10;21;480.3591607335111
1;2025-12-10;22;206.92871955721364
1;2025-12-10;23;45.308685345629215
1;2025-12-11;0;0.0
1;2025-12-11;1;0.0
1;2025-12-11;2;0.0
1;2025-12-11;3;0.0
1;2025-12-11;4;0.0
1;2025-12-11;5;130.11813372168933
1;2025-12-11;6;554.3852973321358
1;2025-12-11;7;1463.8879832760267
1;2025-12-11;8;1774.7374859323836
1;2025-12-11;9;1419.079273681418
1;2025-12-11;10;1280.6279865961392
1;2025-12-11;11;1303.4179165651321
1;2025-12-11;12;1372.191052942113
1;2025-12-11;13;1380.702074218608
1;2025-12-11;14;1375.3857450086932
1;2025-12-11;15;1440.1870469503137
1;2025-12-11;16;1514.575568382461
1;2025-12-11;17;1693.2106385511156
1;2025-12-11;18;1701.4969075857289
1;2025-12-11;19;1273.5740142834052
1;2025-12-11;20;872.6705195398857
1;2025-12-11;21;489.52424010449937
1;2025-12-11;22;233.6266146774907
1;2025-12-11;23;50.49532205418018
1;2025-12-12;0;0.0
1;2025-12-12;1;0.0
1;2025-12-12;2;0.0
1;2025-12-12;3;0.0
1;2025-12-12;4;8.637319730325316
1;2025-12-12;5;121.23362039186895
1;2025-12-12;6;525.7023916461017
1;2025-12-12;7;1443.7705534842694
1;2025-12-12;8;1744.567171184463
1;2025-12-12;9;1417.5167184645484
1;2025-12-12;10;1318.4365381900552
1;2025-12-12;11;1336.3520891250514
1;2025-12-12;12;1366.7315645249703
1;2025-12-12;13;1363.1769059745425
1;2025-12-12;14;1335.2140841560213
1;2025-12-12;15;1368.5584367578713
1;2025-12-12;16;1448.3927737648928
1;2025-12-12;17;1592.4073189887847
1;2025-12-12;18;1551.3278932179753
1;2025-12-12;19;1147.5287309202458
1;2025-12-12;20;798.381689826685
1;2025-12-12;21;455.43674213037696
1;2025-12-12;22;209.80565435058952
1;2025-12-12;23;68.895248893229
1;2025-12-13;0;10.543567013302663
1;2025-12-13;1;0.0
1;2025-12-13;2;0.0
1;2025-12-13;3;0.0
1;2025-12-13;4;26.639489001997504
1;2025-12-13;5;4.944737858340204
1;2025-12-13;6;116.26014869486687
1;2025-12-13;7;282.68011882367574
1;2025-12-13;8;358.08102158485866
1;2025-12-13;9;564.2422495191807
1;2025-12-13;10;660.083094396202
1;2025-12-13;11;693.2720010320443
1;2025-12-13;12;811.0868851218979
1;2025-12-13;13;832.8431446244617
1;2025-12-13;14;805.3503327595002
1;2025-12-13;15;717.7665166721347
1;2025-12-13;16;666.116881192541
1;2025-12-13;17;579.8515736414354
1;2025-12-13;18;509.14620898560577
1;2025-12-13;19;409.73075343556
1;2025-12-13;20;363.83937766538463
1;2025-12-13;21;246.7545744417697
1;2025-12-13;22;123.34331835754585
1;2025-12-13;23;29.684170872448817
1;2025-12-14;0;13.842494205065009
1;2025-12-14;1;0.0
1;2025-12-14;2;0.0
1;2025-12-14;3;0.0
1;2025-12-14;4;6.769002491531637
1;2025-12-14;5;14.66737161827291
1;2025-12-14;6;104.64772075535745
1;2025-12-14;7;235.84310109347848
1;2025-12-14;8;312.1536452227468
1;2025-12-14;9;544.9424399938587
1;2025-12-14;10;646.3810760730387
1;2025-12-14;11;667.4632081699199
1;2025-12-14;12;787.0346652447755
1;2025-12-14;13;809.5994204413059
1;2025-12-14;14;746.6986213039052
1;2025-12-14;15;666.655787634284
1;2025-12-14;16;626.1401776953998
1;2025-12-14;17;546.3227351725695
1;2025-12-14;18;491.4495051308694
1;2025-12-14;19;378.1300915922562
1;2025-12-14;20;335.4612703741113
1;2025-12-14;21;230.96364005123655
1;2025-12-14;22;109.41180968814422
1;2025-12-14;23;32.13565712054958
1;2025-12-15;0;0.0
1;2025-12-15;1;0.0
1;2025-12-15;2;0.0
1;2025-12-15;3;0.0
1;2025-12-15;4;35.5814130307042
1;2025-12-15;5;146.90240369350374
1;2025-12-15;6;573.8852968194777
1;2025-12-15;7;1411.8891429753758
1;2025-12-15;8;1696.2190410286694
1;2025-12-15;9;1322.4289977865428
1;2025-12-15;10;1187.9320436462408
1;2025-12-15;11;1205.7438802682345
1;2025-12-15;12;1253.6586532775782
1;2025-12-15;13;1269.3724176629528
1;2025-12-15;14;1262.6559097070783
1;2025-12-15;15;1379.9374027239737
1;2025-12-15;16;1464.8687303272195
1;2025-12-15;17;1650.7227788166288
1;2025-12-15;18;1655.5415144328867
1;2025-12-15;19;1263.9755515010372
1;2025-12-15;20;801.13799442534
1;2025-12-15;21;466.4381239369217
1;2025-12-15;22;239.042959417097
1;2025-12-15;23;67.39246615338436
1;2025-12-16;0;42.18802317587449
1;2025-12-16;1;0.0
1;2025-12-16;2;0.0
1;2025-12-16;3;0.0
1;2025-12-16;4;42.313984866090095
1;2025-12-16;5;171.7165752784956
1;2025-12-16;6;595.5372059530301
1;2025-12-16;7;1442.2540422708166
1;2025-12-16;8;1735.7928158439322
1;2025-12-16;9;1381.9776926651766
1;2025-12-16;10;1266.2585546671166
1;2025-12-16;11;1282.7085027334963
1;2025-12-16;12;1330.508417404929
1;2025-12-16;13;1353.699199753557
1;2025-12-16;14;1347.5772577685184
1;2025-12-16;15;1434.7005842661351
1;2025-12-16;16;1506.1352199059352
1;2025-12-16;17;1691.833688960703
1;2025-12-16;18;1729.7036996653849
1;2025-12-16;19;1291.8885204886933
1;2025-12-16;20;873.131690219028
1;2025-12-16;21;464.5723217811269
1;2025-12-16;22;225.07518526281115
1;2025-12-16;23;48.30012086003785
1;2025-12-17;0;10.517471945619832
1;2025-12-17;1;0.0
1;2025-12-17;2;0.0
1;2025-12-17;3;0.0
1;2025-12-17;4;0.0
1;2025-12-17;5;138.20205763531374
1;2025-12-17;6;564.6914577293218
1;2025-12-17;7;1455.753774445454
1;2025-12-17;8;1790.6698105145272
1;2025-12-17;9;1431.3057911212363
1;2025-12-17;10;1309.2612843435306
1;2025-12-17;11;1325.6592152665103
1;2025-12-17;12;1379.9924018479555
1;2025-12-17;13;1391.4404138644886
1;2025-12-17;14;1357.0125007519848
1;2025-12-17;15;1456.2723157731307
1;2025-12-17;16;1511.579648599297
1;2025-12-17;17;1691.6774243257837
1;2025-12-17;18;1688.089954538283
1;2025-12-17;19;1253.760543623328
1;2025-12-17;20;828.0099079105734
1;2025-12-17;21;492.65065727589945
1;2025-12-17;22;217.67758323553028
1;2025-12-17;23;46.62399259356073
1;2025-12-18;0;4.448448820265071
1;2025-12-18;1;0.0
1;2025-12-18;2;0.0
1;2025-12-18;3;0.0
1;2025-12-18;4;8.66094610767891
1;2025-12-18;5;143.8758211035173
1;2025-12-18;6;564.051930897083
1;2025-12-18;7;1484.6581811168512
1;2025-12-18;8;1789.4655906152207
1;2025-12-18;9;1444.6664431465206
1;2025-12-18;10;1325.1338521911912
1;2025-12-18;11;1342.6263651283193
1;2025-12-18;12;1390.5016234853076
1;2025-12-18;13;1412.2750938111221
1;2025-12-18;14;1390.43424326265
1;2025-12-18;15;1481.1705995484067
1;2025-12-18;16;1539.5260831997898
1;2025-12-18;17;1716.247907525479
1;2025-12-18;18;1748.101903062947
1;2025-12-18;19;1298.8516403103497
1;2025-12-18;20;875.988763099625
1;2025-12-18;21;480.86777774936934
1;2025-12-18;22;236.5162707825765
1;2025-12-18;23;60.84662678888776
1;2025-12-19;0;2.8543116561788793
1;2025-12-19;1;0.0
1;2025-12-19;2;0.0
1;2025-12-19;3;0.0
1;2025-12-19;4;6.183232062187585
1;2025-12-19;5;125.39970338096066
1;2025-12-19;6;548.2847454269354
1;2025-12-19;7;1460.0577476723674
1;2025-12-19;8;1777.0380861002907
1;2025-12-19;9;1440.4403380726762
1;2025-12-19;10;1336.0695126951664
1;2025-12-19;11;1360.252706808718
1;2025-12-19;12;1413.655186249392
1;2025-12-19;13;1423.1360650866998
1;2025-12-19;14;1403.7333875702077
1;2025-12-19;15;1492.3395232666476
1;2025-12-19;16;1567.3817195086713
1;2025-12-19;17;1682.759988831273
1;2025-12-19;18;1620.2623743223003
1;2025-12-19;19;1181.5213693388203
1;2025-12-19;20;817.6088309254998
1;2025-12-19;21;458.7254777341336
1;2025-12-19;22;225.30994767388108
1;2025-12-19;23;59.53569856631532
1;2025-12-20;0;4.513411949368219
1;2025-12-20;1;0.0
1;2025-12-20;2;0.0
1;2025-12-20;3;0.0
1;2025-12-20;4;0.0
1;2025-12-20;5;34.32734400731249
1;2025-12-20;6;143.8986801859138
1;2025-12-20;7;332.67530178762314
1;2025-12-20;8;430.4447955106426
1;2025-12-20;9;671.9987058148411
1;2025-12-20;10;778.285182805872
1;2025-12-20;11;798.5945514242168
1;2025-12-20;12;902.0945770398953
1;2025-12-20;13;928.8884444986028
1;2025-12-20;14;878.2497435185321
1;2025-12-20;15;798.2971877204068
1;2025-12-20;16;724.2380407453478
1;2025-12-20;17;660.7120405806045
1;2025-12-20;18;595.9309546349646
1;2025-12-20;19;477.55937547909565
1;2025-12-20;20;395.3476638107914
1;2025-12-20;21;274.07875881552235
1;2025-12-20;22;143.51028100714575
1;2025-12-20;23;40.05661499165615
1;2025-12-21;0;20.962011266074228
1;2025-12-21;1;0.0
1;2025-12-21;2;0.0
1;2025-12-21;3;0.0
1;2025-12-21;4;18.833569417649187
1;2025-12-21;5;19.853460785494804
1;2025-12-21;6;108.1816822496072
1;2025-12-21;7;238.52010685074833
1;2025-12-21;8;325.9722415961147
1;2025-12-21;9;567.2325134110478
1;2025-12-21;10;663.9807902080637
1;2025-12-21;11;690.8009929360737
1;2025-12-21;12;835.9704491380971
1;2025-12-21;13;864.0726877028243
1;2025-12-21;14;806.7876596697281
1;2025-12-21;15;720.760335614302
1;2025-12-21;16;635.7799754828144
1;2025-12-21;17;572.9784295816605
1;2025-12-21;18;524.3827368583172
1;2025-12-21;19;414.49275471560827
1;2025-12-21;20;337.6386981812837
1;2025-12-21;21;229.9942029643297
1;2025-12-21;22;105.49501487918508
1;2025-12-21;23;30.794881613162374
1;2025-12-22;0;2.9526425648698478
1;2025-12-22;1;0.0
1;2025-12-22;2;0.0
1;2025-12-22;3;0.0
1;2025-12-22;4;7.408073886347893
1;2025-12-22;5;117.01809287740775
1;2025-12-22;6;536.4181974005427
1;2025-12-22;7;1408.4088837833162
1;2025-12-22;8;1726.0838116266186
1;2025-12-22;9;1369.3840579249274
1;2025-12-22;10;1268.9209544252349
1;2025-12-22;11;1260.4666817667937
1;2025-12-22;12;1296.780660691464
1;2025-12-22;13;1278.347458933034
1;2025-12-22;14;1243.7901120440956
1;2025-12-22;15;1373.8212775465022
1;2025-12-22;16;1413.074673531642
1;2025-12-22;17;1628.2942333334895
1;2025-12-22;18;1644.2921303717649
1;2025-12-22;19;1268.0060144435347
1;2025-12-22;20;827.7498748836788
1;2025-12-22;21;430.33943215325127
1;2025-12-22;22;210.2255720731191
1;2025-12-22;23;48.003104846668066
1;2025-12-23;0;15.467477726198922
1;2025-12-23;1;0.0
1;2025-12-23;2;0.0
1;2025-12-23;3;0.0
1;2025-12-23;4;11.376739171417626
1;2025-12-23;5;145.85683601086123
1;2025-12-23;6;566.3972863471779
1;2025-12-23;7;1462.648244999357
1;2025-12-23;8;1758.104360975447
1;2025-12-23;9;1369.1766868048485
1;2025-12-23;10;1253.279635114745
1;2025-12-23;11;1248.7115254169057
1;2025-12-23;12;1307.1554608913948
1;2025-12-23;13;1317.0444410442476
1;2025-12-23;14;1299.569968468994
1;2025-12-23;15;1410.112542376343
1;2025-12-23;16;1445.6997083094986
1;2025-12-23;17;1688.3042991414495
1;2025-12-23;18;1706.4247413018206
1;2025-12-23;19;1287.7067149688446
1;2025-12-23;20;834.1906648341921
1;2025-12-23;21;454.2015040986346
1;2025-12-23;22;208.80505024169736
1;2025-12-23;23;55.67945826132541
1;2025-12-24;0;15.543274629474581
1;2025-12-24;1;0.0
1;2025-12-24;2;0.0
1;2025-12-24;3;0.0
1;2025-12-24;4;10.48828360092557
1;2025-12-24;5;140.6156961340473
1;2025-12-24;6;557.2323626574993
1;2025-12-24;7;1461.4905466306352
1;2025-12-24;8;1775.855799393197
1;2025-12-24;9;1423.9586865631172
1;2025-12-24;10;1297.8220042604962
1;2025-12-24;11;1313.4153317706368
1;2025-12-24;12;1351.4451623019263
1;2025-12-24;13;1368.4743522818558
1;2025-12-24;14;1353.3983365402073
1;2025-12-24;15;1412.6606305443406
1;2025-12-24;16;1507.142008212556
1;2025-12-24;17;1676.3970245752269
1;2025-12-24;18;1680.5066146064828
1;2025-12-24;19;1257.0818933968524
1;2025-12-24;20;849.7697161621907
1;2025-12-24;21;460.51199076883876
1;2025-12-24;22;227.28032165649176
1;2025-12-24;23;51.88181532358021
1;2025-12-25;0;13.719669942493624
1;2025-12-25;1;0.0
1;2025-12-25;2;0.0
1;2025-12-25;3;0.0
1;2025-12-25;4;14.53675637796971
1;2025-12-25;5;137.36878007707367
1;2025-12-25;6;557.2725161279297
1;2025-12-25;7;1479.683300340484
1;2025-12-25;8;1792.3068081365268
1;2025-12-25;9;1446.819609725976
1;2025-12-25;10;1332.0020113351343
1;2025-12-25;11;1349.2748600700133
1;2025-12-25;12;1391.2248527760814
1;2025-12-25;13;1414.8793507080927
1;2025-12-25;14;1390.1344267112672
1;2025-12-25;15;1483.0350070454276
1;2025-12-25;16;1545.5526581791169
1;2025-12-25;17;1703.7094785758304
1;2025-12-25;18;1683.7815257175866
1;2025-12-25;19;1273.0514693327932
1;2025-12-25;20;856.1963066295983
1;2025-12-25;21;478.9160447556117
1;2025-12-25;22;251.48000062963047
1;2025-12-25;23;96.54784022836577
1;2025-12-26;0;32.10788773080185
1;2025-12-26;1;0.0
1;2025-12-26;2;0.0
1;2025-12-26;3;0.0
1;2025-12-26;4;21.90246002809363
1;2025-12-26;5;126.51948557423918
1;2025-12-26;6;565.9955272635823
1;2025-12-26;7;1435.8994065026786
1;2025-12-26;8;1723.1149799854866
1;2025-12-26;9;1378.4722930025846
1;2025-12-26;10;1223.1372254610949
1;2025-12-26;11;1178.6176730428658
1;2025-12-26;12;1270.0272557127623
1;2025-12-26;13;1287.5051014138216
1;2025-12-26;14;1285.6181087467735
1;2025-12-26;15;1370.238371953476
1;2025-12-26;16;1432.3525723426073
1;2025-12-26;17;1575.167645893464
1;2025-12-26;18;1538.6434966276606
1;2025-12-26;19;1128.455434995481
1;2025-12-26;20;805.3542042423667
1;2025-12-26;21;459.307163153323
1;2025-12-26;22;224.5557862717592
1;2025-12-26;23;77.41264311585394
1;2025-12-27;0;36.141211617078284
1;2025-12-27;1;0.0
1;2025-12-27;2;0.0
1;2025-12-27;3;0.0
1;2025-12-27;4;8.588451010888662
1;2025-12-27;5;30.450137534507007
1;2025-12-27;6;129.45731631058015
1;2025-12-27;7;296.24906572530614
1;2025-12-27;8;393.5627367447056
1;2025-12-27;9;620.3981306635842
1;2025-12-27;10;745.1062276980022
1;2025-12-27;11;752.4885494213823
1;2025-12-27;12;909.2226666851901
1;2025-12-27;13;938.9908525286157
1;2025-12-27;14;869.3181777100226
1;2025-12-27;15;785.9860306416972
1;2025-12-27;16;677.6177870116607
1;2025-12-27;17;593.065708455081
1;2025-12-27;18;549.9817841477161
1;2025-12-27;19;435.66997263850135
1;2025-12-27;20;358.5583368250947
1;2025-12-27;21;254.7974778487909
1;2025-12-27;22;124.7500085734074
1;2025-12-27;23;47.21962624389198
1;2025-12-28;0;25.887560286403982
1;2025-12-28;1;0.0
1;2025-12-28;2;0.0
1;2025-12-28;3;0.0
1;2025-12-28;4;23.581914802534584
1;2025-12-28;5;25.379547581819793
1;2025-12-28;6;93.03047197910257
1;2025-12-28;7;201.2157874680246
1;2025-12-28;8;261.49360621301
1;2025-12-28;9;500.60615939483574
1;2025-12-28;10;592.4667095600762
1;2025-12-28;11;619.2679741805741
1;2025-12-28;12;764.6387663151762
1;2025-12-28;13;776.7671634534574
1;2025-12-28;14;749.3677063612664
1;2025-12-28;15;694.0895176165573
1;2025-12-28;16;620.3403830527292
1;2025-12-28;17;534.6801383507739
1;2025-12-28;18;489.3216046509524
1;2025-12-28;19;387.41714362180704
1;2025-12-28;20;354.04159133540503
1;2025-12-28;21;254.47130069315097
1;2025-12-28;22;137.5240794283177
1;2025-12-28;23;57.84400446857444
1;2025-12-29;0;54.33448292052708
1;2025-12-29;1;0.0
1;2025-12-29;2;0.0
1;2025-12-29;3;0.0
1;2025-12-29;4;58.606408085605835
1;2025-12-29;5;167.1077383243936
1;2025-12-29;6;586.0524553752175
1;2025-12-29;7;1400.5703605295028
1;2025-12-29;8;1716.3840638079596
1;2025-12-29;9;1371.2249300415583
1;2025-12-29;10;1235.3258196259012
1;2025-12-29;11;1252.5535254659628
1;2025-12-29;12;1300.3691181667161
1;2025-12-29;13;1308.1377299849405
1;2025-12-29;14;1293.0499755918138
1;2025-12-29;15;1385.6998288847562
1;2025-12-29;16;1473.136319920225
1;2025-12-29;17;1650.1705695840883
1;2025-12-29;18;1643.450512540101
1;2025-12-29;19;1218.776279266593
1;2025-12-29;20;821.2305667727385
1;2025-12-29;21;501.2415063448147
1;2025-12-29;22;257.07470694752
1;2025-12-29;23;91.16846951850869
1;2025-12-30;0;38.693882625802075
1;2025-12-30;1;0.0
1;2025-12-30;2;0.0
1;2025-12-30;3;0.0
1;2025-12-30;4;50.8366364340751
1;2025-12-30;5;176.23596758776182
1;2025-12-30;6;599.7038418590406
1;2025-12-30;7;1420.3851882328363
1;2025-12-30;8;1716.2992383020187
1;2025-12-30;9;1376.4965924386202
1;2025-12-30;10;1272.7544760453095
1;2025-12-30;11;1266.1621565308685
1;2025-12-30;12;1313.4154096728935
1;2025-12-30;13;1316.2947867806542
1;2025-12-30;14;1317.542547563537
1;2025-12-30;15;1398.5947046313468
1;2025-12-30;16;1490.6854612063203
1;2025-12-30;17;1609.9403347757952
1;2025-12-30;18;1648.9207024709845
1;2025-12-30;19;1201.067740308816
1;2025-12-30;20;815.7670379639931
1;2025-12-30;21;435.7631973782775
1;2025-12-30;22;219.6681978157967
1;2025-12-30;23;51.79251570604117
1;2025-12-31;0;20.917199571903552
1;2025-12-31;1;0.0
1;2025-12-31;2;0.0
1;2025-12-31;3;0.0
1;2025-12-31;4;17.514770544704106
1;2025-12-31;5;54.227348091465046
1;2025-12-31;6;126.96933456033901
1;2025-12-31;7;224.8635742854492
1;2025-12-31;8;300.3038738637229
1;2025-12-31;9;418.49125000377904
1;2025-12-31;10;489.4923475421643
1;2025-12-31;11;495.09789160932746
1;2025-12-31;12;617.1076350137216
1;2025-12-31;13;601.8711792451109
1;2025-12-31;14;593.8563707499784
1;2025-12-31;15;527.9299631260611
1;2025-12-31;16;482.74987638662304
1;2025-12-31;17;416.5422978569066
1;2025-12-31;18;399.35017858885914
1;2025-12-31;19;353.56952236433233
1;2025-12-31;20;293.9349663469328
1;2025-12-31;21;216.33488685082
1;2025-12-31;22;115.49627351969218
1;2025-12-31;23;33.315272822455995
5;2025-11-01;0;61.90481451541723
5;2025-11-01;1;0.0
5;2025-11-01;2;0.0
5;2025-11-01;3;0.0
5;2025-11-01;4;61.305735471337584
5;2025-11-01;5;161.91521084696944
5;2025-11-01;6;547.7560681962614
5;2025-11-01;7;1373.1526104126986
5;2025-11-01;8;1666.4087169736526
5;2025-11-01;9;1376.2526240160153
5;2025-11-01;10;1289.005203858002
5;2025-11-01;11;1272.340572149538
5;2025-11-01;12;1332.5821433283636
5;2025-11-01;13;1342.1449613093118
5;2025-11-01;14;1323.7624523041422
5;2025-11-01;15;1394.6561032477175
5;2025-11-01;16;1473.6242171684062
5;2025-11-01;17;1614.2156574430885
5;2025-11-01;18;1477.1794077802438
5;2025-11-01;19;1128.5175132688241
5;2025-11-01;20;769.0877933306801
5;2025-11-01;21;474.2993604938114
5;2025-11-01;22;254.92582721904205
5;2025-11-01;23;87.68317988892147
5;2025-11-02;0;18.160166932324614
5;2025-11-02;1;0.0
5;2025-11-02;2;0.0
5;2025-11-02;3;0.0
5;2025-11-02;4;13.210012554433092
5;2025-11-02;5;18.82068860640709
5;2025-11-02;6;109.64891235095183
5;2025-11-02;7;263.16728031472127
5;2025-11-02;8;342.98539972341416
5;2025-11-02;9;572.8979740152031
5;2025-11-02;10;674.7126775008967
5;2025-11-02;11;673.045836085062
5;2025-11-02;12;807.2198466855111
5;2025-11-02;13;809.9276358392679
5;2025-11-02;14;800.7550987888771
5;2025-11-02;15;724.4017858934934
5;2025-11-02;16;648.4813072432423
5;2025-11-02;17;587.1222741209031
5;2025-11-02;18;538.3401661832982
5;2025-11-02;19;427.5642102858776
5;2025-11-02;20;334.07783981492565
5;2025-11-02;21;226.37689481297832
5;2025-11-02;22;104.73210110440982
5;2025-11-02;23;31.731974973959154
5;2025-11-03;0;48.550916368790126
5;2025-11-03;1;0.0
5;2025-11-03;2;0.0
5;2025-11-03;3;0.0
5;2025-11-03;4;41.26840377719077
5;2025-11-03;5;61.59489177950957
5;2025-11-03;6;140.86476752029785
5;2025-11-03;7;347.85620612790234
5;2025-11-03;8;462.9163104596656
5;2025-11-03;9;597.7338333003142
5;2025-11-03;10;648.1875104828041
5;2025-11-03;11;635.7972908875735
5;2025-11-03;12;728.4832649601458
5;2025-11-03;13;742.273751470102
5;2025-11-03;14;716.4455420355114
5;2025-11-03;15;695.9377327612171
5;2025-11-03;16;661.7272450191771
5;2025-11-03;17;673.2465497186363
5;2025-11-03;18;672.5783405877916
5;2025-11-03;19;539.8959233115518
5;2025-11-03;20;377.1857406606872
5;2025-11-03;21;255.14540247437765
5;2025-11-03;22;164.69973558843105
5;2025-11-03;23;75.57009736137923
5;2025-11-04;0;23.193545807435157
5;2025-11-04;1;0.0
5;2025-11-04;2;0.0
5;2025-11-04;3;0.0
5;2025-11-04;4;5.534652413334015
5;2025-11-04;5;55.85587024147401
5;2025-11-04;6;145.0244149458449
5;2025-11-04;7;334.61544065507263
5;2025-11-04;8;434.40975044398004
5;2025-11-04;9;567.5849673578227
5;2025-11-04;10;621.9591537016148
5;2025-11-04;11;645.3353767935073
5;2025-11-04;12;708.9592646307267
5;2025-11-04;13;772.5360054940112
5;2025-11-04;14;783.4453006494905
5;2025-11-04;15;740.9410917891607
5;2025-11-04;16;643.4261481849766
5;2025-11-04;17;612.4526103480723
5;2025-11-04;18;592.9076605844173
5;2025-11-04;19;514.6563974267476
5;2025-11-04;20;371.2058295942664
5;2025-11-04;21;247.06187744328327
5;2025-11-04;22;125.7831403672044
5;2025-11-04;23;33.6182453970348
5;2025-11-05;0;20.014073019289413
5;2025-11-05;1;0.0
5;2025-11-05;2;0.0
5;2025-11-05;3;0.0
5;2025-11-05;4;30.158533557923647
5;2025-11-05;5;143.88079927060983
5;2025-11-05;6;544.6812865173296
5;2025-11-05;7;1501.1787614398377
5;2025-11-05;8;1848.1759412490544
5;2025-11-05;9;1435.8987749835758
5;2025-11-05;10;1309.129245654999
5;2025-11-05;11;1316.5529112594868
5;2025-11-05;12;1352.675344875996
5;2025-11-05;13;1366.8664181525824
5;2025-11-05;14;1346.6750349605006
5;2025-11-05;15;1451.3893037995945
5;2025-11-05;16;1527.3087661756908
5;2025-11-05;17;1739.9869842080757
5;2025-11-05;18;1751.869838928637
5;2025-11-05;19;1318.4302857234968
5;2025-11-05;20;859.6231920299347
5;2025-11-05;21;474.6338305188784
5;2025-11-05;22;241.06354555580685
5;2025-11-05;23;57.7922680248588
5;2025-11-06;0;26.06770790739688
5;2025-11-06;1;0.0
5;2025-11-06;2;0.0
5;2025-11-06;3;0.0
5;2025-11-06;4;17.8309436910979
5;2025-11-06;5;140.33272842082533
5;2025-11-06;6;530.5542793177243
5;2025-11-06;7;1488.8441220488453
5;2025-11-06;8;1823.8380101963958
5;2025-11-06;9;1436.1155175890844
5;2025-11-06;10;1317.4742792387706
5;2025-11-06;11;1308.8994814636435
5;2025-11-06;12;1371.8805871182922
5;2025-11-06;13;1396.1716759268484
5;2025-11-06;14;1377.0410130240523
5;2025-11-06;15;1441.3787321452594
5;2025-11-06;16;1525.0000899387524
5;2025-11-06;17;1748.5433983205735
5;2025-11-06;18;1777.2077050059988
5;2025-11-06;19;1318.2197748722408
5;2025-11-06;20;851.4832590666637
5;2025-11-06;21;469.79829011889905
5;2025-11-06;22;242.19187520432388
5;2025-11-06;23;45.48341058188669
5;2025-11-07;0;17.285544898827425
5;2025-11-07;1;0.0
5;2025-11-07;2;0.0
5;2025-11-07;3;0.0
5;2025-11-07;4;16.989307924038144
5;2025-11-07;5;116.89835990186418
5;2025-11-07;6;528.8218747352133
5;2025-11-07;7;1465.2551710046082
5;2025-11-07;8;1782.5941838954052
5;2025-11-07;9;1413.0437930035764
5;2025-11-07;10;1359.4540220761685
5;2025-11-07;11;1365.0668728309283
5;2025-11-07;12;1364.1212773870357
5;2025-11-07;13;1377.905925911136
5;2025-11-07;14;1361.4597355355568
5;2025-11-07;15;1459.2421347041268
5;2025-11-07;16;1555.4289229266792
5;2025-11-07;17;1678.8707340887086
5;2025-11-07;18;1624.5105611333865
5;2025-11-07;19;1209.2007100098929
5;2025-11-07;20;818.5381528352658
5;2025-11-07;21;453.2757058839593
5;2025-11-07;22;229.1532950396861
5;2025-11-07;23;52.37899386690344
5;2025-11-08;0;19.656862177850144
5;2025-11-08;1;0.0
5;2025-11-08;2;0.0
5;2025-11-08;3;0.0
5;2025-11-08;4;32.07101767627819
5;2025-11-08;5;42.904211158113526
5;2025-11-08;6;151.10056536210243
5;2025-11-08;7;349.07489705702625
5;2025-11-08;8;444.8337503176555
5;2025-11-08;9;664.3890665787505
5;2025-11-08;10;755.988795688791
5;2025-11-08;11;783.7719410472675
5;2025-11-08;12;901.8718812138308
5;2025-11-08;13;938.4941340507996
5;2025-11-08;14;899.125274213198
5;2025-11-08;15;824.0269616400067
5;2025-11-08;16;747.0825556185407
5;2025-11-08;17;675.7502770631381
5;2025-11-08;18;617.1819648278343
5;2025-11-08;19;501.80868710476926
5;2025-11-08;20;397.4456160368848
5;2025-11-08;21;302.9587164730378
5;2025-11-08;22;172.30715538063941
5;2025-11-08;23;82.73493760599865
5;2025-11-09;0;18.767061342090074
5;2025-11-09;1;0.0
5;2025-11-09;2;0.0
5;2025-11-09;3;0.0
5;2025-11-09;4;23.650013656492433
5;2025-11-09;5;30.780561939659265
5;2025-11-09;6;126.04654389898315
5;2025-11-09;7;282.85518534193596
5;2025-11-09;8;363.86156721697853
5;2025-11-09;9;596.2849606061764
5;2025-11-09;10;672.891979837272
5;2025-11-09;11;687.3568887917653
5;2025-11-09;12;807.4895651522168
5;2025-11-09;13;836.7275673628934
5;2025-11-09;14;794.4838877513233
5;2025-11-09;15;719.8032320003856
5;2025-11-09;16;652.281935030116
5;2025-11-09;17;597.6508784246648
5;2025-11-09;18;552.9069288931076
5;2025-11-09;19;440.5902059332754
5;2025-11-09;20;361.68374582139285
5;2025-11-09;21;228.87081349127914
5;2025-11-09;22;111.85670529328115
5;2025-11-09;23;39.84131953482711
5;2025-11-10;0;12.612222463249282
5;2025-11-10;1;0.0
5;2025-11-10;2;0.0
5;2025-11-10;3;0.0
5;2025-11-10;4;23.37638485902835
5;2025-11-10;5;133.58734193712905
5;2025-11-10;6;530.106592060526
5;2025-11-10;7;1457.6715336927973
5;2025-11-10;8;1780.0912224825438
5;2025-11-10;9;1393.7352530532526
5;2025-11-10;10;1271.665318882915
5;2025-11-10;11;1283.5969067861215
5;2025-11-10;12;1323.4187821940986
5;2025-11-10;13;1344.9646511941414
5;2025-11-10;14;1333.6787022532399
5;2025-11-10;15;1427.3289738356152
5;2025-11-10;16;1501.7667128474507
5;2025-11-10;17;1735.4106028164456
5;2025-11-10;18;1747.232430547145
5;2025-11-10;19;1318.848332262783
5;2025-11-10;20;844.0896275608303
5;2025-11-10;21;439.86674745649174
5;2025-11-10;22;213.89164718008055
5;2025-11-10;23;47.352063427651956
5;2025-11-11;0;16.455911081849877
5;2025-11-11;1;0.0
5;2025-11-11;2;0.0
5;2025-11-11;3;0.0
5;2025-11-11;4;23.775120298984916
5;2025-11-11;5;145.5028539481989
5;2025-11-11;6;553.1761320061917
5;2025-11-11;7;1497.21407107606
5;2025-11-11;8;1838.3274118924405
5;2025-11-11;9;1445.5888326278614
5;2025-11-11;10;1331.7664504941165
5;2025-11-11;11;1348.7610071843728
5;2025-11-11;12;1387.6422686816977
5;2025-11-11;13;1384.6536499337446
5;2025-11-11;14;1371.7606724133057
5;2025-11-11;15;1434.2388446581867
5;2025-11-11;16;1512.3355092061468
5;2025-11-11;17;1729.925960868794
5;2025-11-11;18;1746.0060115168499
5;2025-11-11;19;1305.170858170656
5;2025-11-11;20;844.3854790199794
5;2025-11-11;21;450.2414399059261
5;2025-11-11;22;220.06483908530765
5;2025-11-11;23;49.48103326403873
5;2025-11-12;0;18.36777476506336
5;2025-11-12;1;0.0
5;2025-11-12;2;0.0
5;2025-11-12;3;0.0
5;2025-11-12;4;21.789455944329802
5;2025-11-12;5;148.70622579890676
5;2025-11-12;6;541.5581356883564
5;2025-11-12;7;1499.664664125206
5;2025-11-12;8;1840.3838366273817
5;2025-11-12;9;1447.627266187219
5;2025-11-12;10;1294.0170912767157
5;2025-11-12;11;1287.3065989682386
5;2025-11-12;12;1341.7248090823498
5;2025-11-12;13;1351.7979195244643
5;2025-11-12;14;1339.6033155460398
5;2025-11-12;15;1433.5625196608253
5;2025-11-12;16;1522.3038340520222
5;2025-11-12;17;1730.9997702315418
5;2025-11-12;18;1750.0749569232805
5;2025-11-12;19;1308.3639391751485
5;2025-11-12;20;863.3690433640194
5;2025-11-12;21;454.3693239298385
5;2025-11-12;22;222.4942605246291
5;2025-11-12;23;53.641199773966036
5;2025-11-13;0;17.89210268368481
5;2025-11-13;1;0.0
5;2025-11-13;2;0.0
5;2025-11-13;3;0.0
5;2025-11-13;4;23.550212747708315
5;2025-11-13;5;144.7364427569471
5;2025-11-13;6;526.7151023707821
5;2025-11-13;7;1492.487537197311
5;2025-11-13;8;1829.8009987350813
5;2025-11-13;9;1432.9301271703466
5;2025-11-13;10;1323.2087132840388
5;2025-11-13;11;1320.9811056556266
5;2025-11-13;12;1383.7852746294707
5;2025-11-13;13;1422.7204052307768
5;2025-11-13;14;1377.0982320594692
5;2025-11-13;15;1485.3212439332397
5;2025-11-13;16;1530.2730382994819
5;2025-11-13;17;1758.0083103246366
5;2025-11-13;18;1761.3644056411513
5;2025-11-13;19;1316.040942679189
5;2025-11-13;20;871.3148895517114
5;2025-11-13;21;471.92509619284107
5;2025-11-13;22;240.3942394520243
5;2025-11-13;23;61.28439543773618
5;2025-11-14;0;12.00496914094515
5;2025-11-14;1;0.0
5;2025-11-14;2;0.0
5;2025-11-14;3;0.0
5;2025-11-14;4;18.68945063121521
5;2025-11-14;5;146.3346484893392
5;2025-11-14;6;546.8573512678313
5;2025-11-14;7;1450.6666748401606
5;2025-11-14;8;1778.90278815681
5;2025-11-14;9;1432.513228338931
5;2025-11-14;10;1318.0284981148466
5;2025-11-14;11;1316.0878416755384
5;2025-11-14;12;1338.7567646535488
5;2025-11-14;13;1351.6478036520743
5;2025-11-14;14;1359.4395261068737
5;2025-11-14;15;1461.1809757829212
5;2025-11-14;16;1568.8229565158722
5;2025-11-14;17;1698.1036799869644
5;2025-11-14;18;1622.9448600676137
5;2025-11-14;19;1202.7225122991083
5;2025-11-14;20;815.0431272060722
5;2025-11-14;21;443.93852496295364
5;2025-11-14;22;216.26295222780482
5;2025-11-14;23;54.934921914814026
5;2025-11-15;0;82.67816665898545
5;2025-11-15;1;0.0
5;2025-11-15;2;0.0
5;2025-11-15;3;0.0
5;2025-11-15;4;0.0
5;2025-11-15;5;35.39050118533078
5;2025-11-15;6;169.92529058808498
5;2025-11-15;7;319.3688978840507
5;2025-11-15;8;390.5403364521759
5;2025-11-15;9;563.8244925715769
5;2025-11-15;10;686.7474993054732
5;2025-11-15;11;709.9707484030812
5;2025-11-15;12;852.018987232066
5;2025-11-15;13;919.8290384448152
5;2025-11-15;14;876.7850821463728
5;2025-11-15;15;810.491761948837
5;2025-11-15;16;721.4785504854347
5;2025-11-15;17;639.0756271274622
5;2025-11-15;18;590.9114098982725
5;2025-11-15;19;487.2221913422507
5;2025-11-15;20;414.53494248703026
5;2025-11-15;21;288.74580218642524
5;2025-11-15;22;159.9225939899992
5;2025-11-15;23;52.93598542596135
5;2025-11-16;0;29.220947192328367
5;2025-11-16;1;0.0
5;2025-11-16;2;0.0
5;2025-11-16;3;0.0
5;2025-11-16;4;19.22957621079604
5;2025-11-16;5;24.32090341589344
5;2025-11-16;6;116.46461056779037
5;2025-11-16;7;263.90787087278574
5;2025-11-16;8;334.6143285552549
5;2025-11-16;9;562.1191970596972
5;2025-11-16;10;662.7648417071554
5;2025-11-16;11;682.652875992489
5;2025-11-16;12;784.3981187320616
5;2025-11-16;13;810.6463972220125
5;2025-11-16;14;764.1179493322268
5;2025-11-16;15;691.9597283112754
5;2025-11-16;16;620.0729988802507
5;2025-11-16;17;555.1328669612074
5;2025-11-16;18;500.1221494805343
5;2025-11-16;19;402.824793595142
5;2025-11-16;20;343.4867204506533
5;2025-11-16;21;238.42754891963375
5;2025-11-16;22;117.48452863223122
5;2025-11-16;23;40.25883856051712
5;2025-11-17;0;16.217123567009935
5;2025-11-17;1;0.0
5;2025-11-17;2;0.0
5;2025-11-17;3;0.0
5;2025-11-17;4;25.330482581083174
5;2025-11-17;5;155.11257619783396
5;2025-11-17;6;545.0760549377806
5;2025-11-17;7;1386.6036090369876
5;2025-11-17;8;1715.2102869611479
5;2025-11-17;9;1344.5307451769281
5;2025-11-17;10;1202.0821354389439
5;2025-11-17;11;1215.6172231119017
5;2025-11-17;12;1235.5237055249527
5;2025-11-17;13;1196.2746388828302
5;2025-11-17;14;1204.3225961003182
5;2025-11-17;15;1320.0692590582357
5;2025-11-17;16;1443.049934437321
5;2025-11-17;17;1650.4625318845365
5;2025-11-17;18;1694.352672137998
5;2025-11-17;19;1307.9990635711333
5;2025-11-17;20;845.5886202569054
5;2025-11-17;21;454.925043486688
5;2025-11-17;22;205.0021276009585
5;2025-11-17;23;49.971052978036255
5;2025-11-18;0;18.64076263898346
5;2025-11-18;1;0.0
5;2025-11-18;2;0.0
5;2025-11-18;3;0.0
5;2025-11-18;4;32.8038190815123
5;2025-11-18;5;183.28967101599312
5;2025-11-18;6;522.4808361645354
5;2025-11-18;7;1340.4835599710204
5;2025-11-18;8;1700.8638712526003
5;2025-11-18;9;1353.0207490394168
5;2025-11-18;10;1218.8542911217226
5;2025-11-18;11;1292.0606763987935
5;2025-11-18;12;1298.9378366836809
5;2025-11-18;13;1254.7934223732802
5;2025-11-18;14;1258.5682111531967
5;2025-11-18;15;1354.9596174695664
5;2025-11-18;16;1441.007549601591
5;2025-11-18;17;1655.2595808457713
5;2025-11-18;18;1688.086894990132
5;2025-11-18;19;1295.908368327175
5;2025-11-18;20;899.5331997957836
5;2025-11-18;21;461.00654182113203
5;2025-11-18;22;241.52950653640755
5;2025-11-18;23;68.0236094271562
5;2025-11-19;0;18.360956363991136
5;2025-11-19;1;0.0
5;2025-11-19;2;0.0
5;2025-11-19;3;0.0
5;2025-11-19;4;10.824167762987372
5;2025-11-19;5;133.97814585755123
5;2025-11-19;6;544.7435402640111
5;2025-11-19;7;1408.5707976000563
5;2025-11-19;8;1768.9782463165825
5;2025-11-19;9;1399.018040496297
5;2025-11-19;10;1276.46232091613
5;2025-11-19;11;1284.137957222637
5;2025-11-19;12;1321.8954339512047
5;2025-11-19;13;1340.1439277111099
5;2025-11-19;14;1310.4544630115465
5;2025-11-19;15;1397.5631372130451
5;2025-11-19;16;1459.6751998828884
5;2025-11-19;17;1640.2433120055525
5;2025-11-19;18;1652.9789742716014
5;2025-11-19;19;1254.2985266556977
5;2025-11-19;20;865.7617647662767
5;2025-11-19;21;453.4878379383758
5;2025-11-19;22;210.95231901479417
5;2025-11-19;23;51.49222713213044
5;2025-11-20;0;16.01205254613558
5;2025-11-20;1;0.0
5;2025-11-20;2;0.0
5;2025-11-20;3;0.0
5;2025-11-20;4;12.730272081515523
5;2025-11-20;5;142.87453603193183
5;2025-11-20;6;553.6754217096549
5;2025-11-20;7;1438.7882921978367
5;2025-11-20;8;1764.0419117338092
5;2025-11-20;9;1400.762977975789
5;2025-11-20;10;1274.4996033629227
5;2025-11-20;11;1279.1683078711667
5;2025-11-20;12;1315.952183550489
5;2025-11-20;13;1350.2202018638711
5;2025-11-20;14;1314.2928701594233
5;2025-11-20;15;1409.3484574836352
5;2025-11-20;16;1469.7236721828747
5;2025-11-20;17;1676.311817410928
5;2025-11-20;18;1673.2489737027176
5;2025-11-20;19;1288.764064237685
5;2025-11-20;20;867.9860676819129
5;2025-11-20;21;484.52005650212163
5;2025-11-20;22;244.62171983432336
5;2025-11-20;23;67.98267040476105
5;2025-11-21;0;18.098930800318726
5;2025-11-21;1;0.0
5;2025-11-21;2;0.0
5;2025-11-21;3;0.0
5;2025-11-21;4;26.279914053743028
5;2025-11-21;5;140.15089636567495
5;2025-11-21;6;540.9344630108228
5;2025-11-21;7;1402.074645576341
5;2025-11-21;8;1732.1197840917775
5;2025-11-21;9;1367.2594303591418
5;2025-11-21;10;1276.362214861701
5;2025-11-21;11;1286.8410948565652
5;2025-11-21;12;1306.19156839998
5;2025-11-21;13;1347.1626451557418
5;2025-11-21;14;1331.0377543365516
5;2025-11-21;15;1423.9483531320352
5;2025-11-21;16;1504.0416599564303
5;2025-11-21;17;1613.3483696112867
5;2025-11-21;18;1549.5240180214214
5;2025-11-21;19;1160.0858456823228
5;2025-11-21;20;807.4574529576141
5;2025-11-21;21;443.412479232938
5;2025-11-21;22;217.79683397454994
5;2025-11-21;23;59.86335248926355
5;2025-11-22;0;20.091161168142776
5;2025-11-22;1;0.0
5;2025-11-22;2;0.0
5;2025-11-22;3;0.0
5;2025-11-22;4;44.48240621913624
5;2025-11-22;5;44.438442289285035
5;2025-11-22;6;148.31521330882651
5;2025-11-22;7;326.2409509060259
5;2025-11-22;8;411.27873406480984
5;2025-11-22;9;621.5120859931161
5;2025-11-22;10;745.0207405365834
5;2025-11-22;11;778.5499134070693
5;2025-11-22;12;889.129926350006
5;2025-11-22;13;915.9135988820507
5;2025-11-22;14;859.2143268120165
5;2025-11-22;15;780.0270040526935
5;2025-11-22;16;712.8397755051719
5;2025-11-22;17;633.2217011894542
5;2025-11-22;18;580.2792285952185
5;2025-11-22;19;463.4249140408113
5;2025-11-22;20;395.8553870894935
5;2025-11-22;21;272.00297531905676
5;2025-11-22;22;132.85073577528874
5;2025-11-22;23;32.66522538166669
5;2025-11-23;0;30.093886137419304
5;2025-11-23;1;0.0
5;2025-11-23;2;0.0
5;2025-11-23;3;0.0
5;2025-11-23;4;14.915291409469546
5;2025-11-23;5;17.47198532044513
5;2025-11-23;6;103.32936335429031
5;2025-11-23;7;263.7290255676862
5;2025-11-23;8;347.6752128429514
5;2025-11-23;9;573.2989697642355
5;2025-11-23;10;671.9964889414433
5;2025-11-23;11;687.0864572592272
5;2025-11-23;12;818.13449376214
5;2025-11-23;13;857.720623425201
5;2025-11-23;14;780.2498036997014
5;2025-11-23;15;691.9480254391963
5;2025-11-23;16;587.7075266762477
5;2025-11-23;17;549.387446204712
5;2025-11-23;18;509.6781430271889
5;2025-11-23;19;414.8681122733884
5;2025-11-23;20;370.73981549567486
5;2025-11-23;21;255.3464863141603
5;2025-11-23;22;127.71872245650798
5;2025-11-23;23;44.31385598017118
5;2025-11-24;0;12.3472125531232
5;2025-11-24;1;0.0
5;2025-11-24;2;0.0
5;2025-11-24;3;0.0
5;2025-11-24;4;29.107119471429883
5;2025-11-24;5;144.1354420181757
5;2025-11-24;6;552.7086964091652
5;2025-11-24;7;1398.6735417609448
5;2025-11-24;8;1789.0836667913804
5;2025-11-24;9;1408.1144374729865
5;2025-11-24;10;1206.4216904387745
5;2025-11-24;11;1255.6272481761707
5;2025-11-24;12;1306.5224750591506
5;2025-11-24;13;1339.3808202613986
5;2025-11-24;14;1338.7318159650722
5;2025-11-24;15;1393.198886960412
5;2025-11-24;16;1517.9431750715257
5;2025-11-24;17;1723.2369184234417
5;2025-11-24;18;1775.033283961115
5;2025-11-24;19;1331.2331632274256
5;2025-11-24;20;870.2873561682391
5;2025-11-24;21;464.59562007408095
5;2025-11-24;22;228.80093761639716
5;2025-11-24;23;56.64672539650758
5;2025-11-25;0;11.193696051072948
5;2025-11-25;1;0.0
5;2025-11-25;2;0.0
5;2025-11-25;3;0.0
5;2025-11-25;4;20.254484727020326
5;2025-11-25;5;145.32729514458765
5;2025-11-25;6;561.2560689781999
5;2025-11-25;7;1490.5355660907053
5;2025-11-25;8;1812.7952004944884
5;2025-11-25;9;1430.5014809021357
5;2025-11-25;10;1314.2586688353454
5;2025-11-25;11;1322.9752533611636
5;2025-11-25;12;1356.6920360687282
5;2025-11-25;13;1352.6079636341442
5;2025-11-25;14;1339.9537225217155
5;2025-11-25;15;1435.1995458203778
5;2025-11-25;16;1503.1595584776524
5;2025-11-25;17;1704.4458855568864
5;2025-11-25;18;1706.837926309841
5;2025-11-25;19;1289.27831149445
5;2025-11-25;20;855.4484483118637
5;2025-11-25;21;457.9483086536156
5;2025-11-25;22;221.76741932768311
5;2025-11-25;23;51.51449887671777
5;2025-11-26;0;19.96037496904171
5;2025-11-26;1;0.0
5;2025-11-26;2;0.0
5;2025-11-26;3;0.0
5;2025-11-26;4;20.89452448942461
5;2025-11-26;5;164.9596357093693
5;2025-11-26;6;578.0406249874236
5;2025-11-26;7;1493.2816765951486
5;2025-11-26;8;1811.83559236756
5;2025-11-26;9;1426.9768577262232
5;2025-11-26;10;1335.0022682655076
5;2025-11-26;11;1315.7172843669914
5;2025-11-26;12;1390.0834026730715
5;2025-11-26;13;1385.6823498172548
5;2025-11-26;14;1346.4063261005685
5;2025-11-26;15;1446.3573938557238
5;2025-11-26;16;1512.1906665136007
5;2025-11-26;17;1671.844786676384
5;2025-11-26;18;1688.633959137689
5;2025-11-26;19;1239.449953770916
5;2025-11-26;20;861.8447996536776
5;2025-11-26;21;473.24425170220866
5;2025-11-26;22;237.2540364396092
5;2025-11-26;23;62.97811783548741
5;2025-11-27;0;27.3959445044851
5;2025-11-27;1;0.0
5;2025-11-27;2;0.0
5;2025-11-27;3;0.0
5;2025-11-27;4;26.331712083072375
5;2025-11-27;5;153.70392097497881
5;2025-11-27;6;547.6808582511325
5;2025-11-27;7;1481.1160647534248
5;2025-11-27;8;1806.9730871415866
5;2025-11-27;9;1429.8833180220638
5;2025-11-27;10;1357.5572323526862
5;2025-11-27;11;1293.2915471882689
5;2025-11-27;12;1323.554548794889
5;2025-11-27;13;1404.3000968629965
5;2025-11-27;14;1330.8351975373116
5;2025-11-27;15;1474.262099447702
5;2025-11-27;16;1543.0805038766607
5;2025-11-27;17;1704.9684606445219
5;2025-11-27;18;1714.0463029770785
5;2025-11-27;19;1276.5064950924175
5;2025-11-27;20;866.7516663104777
5;2025-11-27;21;470.0492683772121
5;2025-11-27;22;235.91245686045136
5;2025-11-27;23;83.0454276411358
5;2025-11-28;0;22.674892694176265
5;2025-11-28;1;0.0
5;2025-11-28;2;0.0
5;2025-11-28;3;0.0
5;2025-11-28;4;17.77073795507397
5;2025-11-28;5;117.48599134101676
5;2025-11-28;6;539.4711503391278
5;2025-11-28;7;1471.0057222628416
5;2025-11-28;8;1806.8113612619052
5;2025-11-28;9;1436.9497672931484
5;2025-11-28;10;1344.4076929923353
5;2025-11-28;11;1373.9739558532203
5;2025-11-28;12;1394.6453717382392
5;2025-11-28;13;1415.0608723117025
5;2025-11-28;14;1395.6250743829191
5;2025-11-28;15;1484.95496374879
5;2025-11-28;16;1564.1582507075111
5;2025-11-28;17;1681.7728275807715
5;2025-11-28;18;1625.646422205742
5;2025-11-28;19;1178.278546049522
5;2025-11-28;20;812.2940123199756
5;2025-11-28;21;455.9573572223005
5;2025-11-28;22;232.96021194375453
5;2025-11-28;23;66.29293441263701
5;2025-11-29;0;18.700238820786694
5;2025-11-29;1;0.0
5;2025-11-29;2;0.0
5;2025-11-29;3;0.0
5;2025-11-29;4;7.950005669578445
5;2025-11-29;5;42.27074758398351
5;2025-11-29;6;160.43732817155262
5;2025-11-29;7;350.4060286271008
5;2025-11-29;8;452.19804133240274
5;2025-11-29;9;680.107827327552
5;2025-11-29;10;781.1408665386065
5;2025-11-29;11;782.803133750707
5;2025-11-29;12;907.261056266843
5;2025-11-29;13;933.883135726098
5;2025-11-29;14;893.288220248871
5;2025-11-29;15;812.8008341019049
5;2025-11-29;16;709.5334724841738
5;2025-11-29;17;637.6273031994812
5;2025-11-29;18;590.11818571807
5;2025-11-29;19;486.9217155046275
5;2025-11-29;20;389.38463679398814
5;2025-11-29;21;274.30060477937553
5;2025-11-29;22;140.12781477390843
5;2025-11-29;23;40.87066332721747
5;2025-11-30;0;13.835511103476392
5;2025-11-30;1;0.0
5;2025-11-30;2;0.0
5;2025-11-30;3;0.0
5;2025-11-30;4;7.384262121945426
5;2025-11-30;5;18.667048009983432
5;2025-11-30;6;115.07381171690565
5;2025-11-30;7;256.5138438800901
5;2025-11-30;8;338.9566187082731
5;2025-11-30;9;584.0251847965401
5;2025-11-30;10;673.3227825557562
5;2025-11-30;11;688.9013670492735
5;2025-11-30;12;805.4243845010864
5;2025-11-30;13;841.632134381726
5;2025-11-30;14;795.6615617929083
5;2025-11-30;15;693.3032327156997
5;2025-11-30;16;626.0681567665567
5;2025-11-30;17;572.9933275925362
5;2025-11-30;18;525.1817208508298
5;2025-11-30;19;413.46097241339436
5;2025-11-30;20;348.9131418334647
5;2025-11-30;21;233.20435859150712
5;2025-11-30;22;111.51270245877379
5;2025-11-30;23;35.89606688636036
5;2025-12-01;0;8.790557506339269
5;2025-12-01;1;0.0
5;2025-12-01;2;0.0
5;2025-12-01;3;0.0
5;2025-12-01;4;12.232157017875124
5;2025-12-01;5;121.2908880079791
5;2025-12-01;6;542.7331888910322
5;2025-12-01;7;1413.8746349068656
5;2025-12-01;8;1736.543450483197
5;2025-12-01;9;1341.6259628440748
5;2025-12-01;10;1211.9775926893385
5;2025-12-01;11;1210.823898871262
5;2025-12-01;12;1260.6116077402241
5;2025-12-01;13;1273.9275567583768
5;2025-12-01;14;1272.3790196964303
5;2025-12-01;15;1380.6241801364815
5;2025-12-01;16;1476.1725946778665
5;2025-12-01;17;1688.6161450265759
5;2025-12-01;18;1713.7582286234315
5;2025-12-01;19;1263.1769728955644
5;2025-12-01;20;818.240252682014
5;2025-12-01;21;453.7684263754239
5;2025-12-01;22;216.25232485507195
5;2025-12-01;23;49.96044605866098
5;2025-12-02;0;7.491664522855444
5;2025-12-02;1;0.0
5;2025-12-02;2;0.0
5;2025-12-02;3;0.0
5;2025-12-02;4;13.80254638743736
5;2025-12-02;5;138.17913807711307
5;2025-12-02;6;558.0923881007622
5;2025-12-02;7;1434.682272269732
5;2025-12-02;8;1751.6808878038487
5;2025-12-02;9;1364.4682411999834
5;2025-12-02;10;1235.0055218908353
5;2025-12-02;11;1238.3339890492082
5;2025-12-02;12;1294.0077494814127
5;2025-12-02;13;1298.696025495378
5;2025-12-02;14;1280.4715295406543
5;2025-12-02;15;1389.6508361432905
5;2025-12-02;16;1457.5686451812803
5;2025-12-02;17;1652.359085563632
5;2025-12-02;18;1687.6325261198133
5;2025-12-02;19;1241.1161233750213
5;2025-12-02;20;811.2994899217276
5;2025-12-02;21;446.51277481605115
5;2025-12-02;22;206.14622619287013
5;2025-12-02;23;40.80077767174237
5;2025-12-03;0;3.106632625646739
5;2025-12-03;1;0.0
5;2025-12-03;2;0.0
5;2025-12-03;3;0.0
5;2025-12-03;4;6.850834726225685
5;2025-12-03;5;125.47586039659575
5;2025-12-03;6;544.958730359921
5;2025-12-03;7;1439.5635187366388
5;2025-12-03;8;1759.6951047112143
5;2025-12-03;9;1382.3803411465651
5;2025-12-03;10;1260.5561942106642
5;2025-12-03;11;1286.8059015666615
5;2025-12-03;12;1300.6758419580715
5;2025-12-03;13;1307.623070411561
5;2025-12-03;14;1288.401939524933
5;2025-12-03;15;1413.5816318346322
5;2025-12-03;16;1474.4080952803488
5;2025-12-03;17;1668.8679824941632
5;2025-12-03;18;1682.0618681649598
5;2025-12-03;19;1248.5765428618315
5;2025-12-03;20;805.0950295315687
5;2025-12-03;21;452.79790052455877
5;2025-12-03;22;217.0218129424543
5;2025-12-03;23;49.929849609496614
5;2025-12-04;0;4.798282064710975
5;2025-12-04;1;0.0
5;2025-12-04;2;0.0
5;2025-12-04;3;0.0
5;2025-12-04;4;8.17690383974059
5;2025-12-04;5;135.06572205687587
5;2025-12-04;6;548.8447970116866
5;2025-12-04;7;1445.7740739868582
5;2025-12-04;8;1750.4862621651534
5;2025-12-04;9;1387.5676897750777
5;2025-12-04;10;1277.6023996333722
5;2025-12-04;11;1278.3342252609527
5;2025-12-04;12;1322.8180365933108
5;2025-12-04;13;1341.5583954155763
5;2025-12-04;14;1324.032920222091
5;2025-12-04;15;1450.9266322678325
5;2025-12-04;16;1491.217302421728
5;2025-12-04;17;1672.275081540646
5;2025-12-04;18;1696.0989033391306
5;2025-12-04;19;1268.1470583951652
5;2025-12-04;20;828.4502083791393
5;2025-12-04;21;453.20967603616157
5;2025-12-04;22;207.16227500008858
5;2025-12-04;23;52.249706082915054
5;2025-12-05;0;11.653150928464015
5;2025-12-05;1;0.0
5;2025-12-05;2;0.0
5;2025-12-05;3;0.0
5;2025-12-05;4;12.971264694319643
5;2025-12-05;5;126.58412351954951
5;2025-12-05;6;540.4556888679193
5;2025-12-05;7;1440.3296816824004
5;2025-12-05;8;1740.8612741328825
5;2025-12-05;9;1396.3262435756114
5;2025-12-05;10;1297.3037192940333
5;2025-12-05;11;1342.1304184615954
5;2025-12-05;12;1382.1549871600164
5;2025-12-05;13;1386.7470432753003
5;2025-12-05;14;1388.61999127351
5;2025-12-05;15;1474.340873321768
5;2025-12-05;16;1526.939118615668
5;2025-12-05;17;1635.6095362671215
5;2025-12-05;18;1594.760049200912
5;2025-12-05;19;1154.8833920505738
5;2025-12-05;20;787.4848096152774
5;2025-12-05;21;453.7061180400117
5;2025-12-05;22;223.77786318940537
5;2025-12-05;23;65.25651981446254
5;2025-12-06;0;16.73792049865142
5;2025-12-06;1;0.0
5;2025-12-06;2;0.0
5;2025-12-06;3;0.0
5;2025-12-06;4;7.714832350320762
5;2025-12-06;5;43.275435616268396
5;2025-12-06;6;154.6519422957491
5;2025-12-06;7;298.4965408150293
5;2025-12-06;8;399.06136793709095
5;2025-12-06;9;639.2654036735736
5;2025-12-06;10;735.0397987684577
5;2025-12-06;11;770.9767075724222
5;2025-12-06;12;899.4356292754248
5;2025-12-06;13;939.9994660027712
5;2025-12-06;14;886.3571577040731
5;2025-12-06;15;803.8330179630424
5;2025-12-06;16;718.4261721927264
5;2025-12-06;17;653.1996456876112
5;2025-12-06;18;600.4509408903623
5;2025-12-06;19;473.39859068747245
5;2025-12-06;20;372.4102206479476
5;2025-12-06;21;266.533797964126
5;2025-12-06;22;130.34680053478178
5;2025-12-06;23;32.71332784536753
5;2025-12-07;0;1.982789148896586
5;2025-12-07;1;0.0
5;2025-12-07;2;0.0
5;2025-12-07;3;0.0
5;2025-12-07;4;12.241956513965533
5;2025-12-07;5;22.548611880968906
5;2025-12-07;6;106.9719878204296
5;2025-12-07;7;224.16288786810549
5;2025-12-07;8;321.2013574743382
5;2025-12-07;9;568.4416729300442
5;2025-12-07;10;666.5893540485572
5;2025-12-07;11;674.1748461257177
5;2025-12-07;12;798.8721288909126
5;2025-12-07;13;809.9905341608203
5;2025-12-07;14;768.399195780209
5;2025-12-07;15;677.4748463692202
5;2025-12-07;16;625.515320424696
5;2025-12-07;17;568.6142872389207
5;2025-12-07;18;518.9834699910232
5;2025-12-07;19;388.69624627557596
5;2025-12-07;20;317.0826068748806
5;2025-12-07;21;235.70289170540332
5;2025-12-07;22;105.88430992519659
5;2025-12-07;23;32.50599754965708
5;2025-12-08;0;5.942924489709981
5;2025-12-08;1;0.0
5;2025-12-08;2;0.0
5;2025-12-08;3;0.0
5;2025-12-08;4;9.091686419612415
5;2025-12-08;5;129.11823687344315
5;2025-12-08;6;544.0425230422225
5;2025-12-08;7;1422.4941483565551
5;2025-12-08;8;1735.5732899560917
5;2025-12-08;9;1351.2416280221464
5;2025-12-08;10;1233.4716948095568
5;2025-12-08;11;1238.5021313633974
5;2025-12-08;12;1288.0259691686272
5;2025-12-08;13;1298.2994834399706
5;2025-12-08;14;1305.3698069209745
5;2025-12-08;15;1400.41836728119
5;2025-12-08;16;1468.5427206786317
5;2025-12-08;17;1696.7828320063898
5;2025-12-08;18;1710.070411847348
5;2025-12-08;19;1278.2576873564606
5;2025-12-08;20;828.8920854679294
5;2025-12-08;21;448.9782502131323
5;2025-12-08;22;203.53790829941386
5;2025-12-08;23;35.604637493030054
5;2025-12-09;0;2.4471821803106195
5;2025-12-09;1;0.0
5;2025-12-09;2;0.0
5;2025-12-09;3;0.0
5;2025-12-09;4;1.9608349039558561
5;2025-12-09;5;134.40086040103483
5;2025-12-09;6;555.0411421661806
5;2025-12-09;7;1457.3739664661546
5;2025-12-09;8;1775.78978584801
5;2025-12-09;9;1432.136092760742
5;2025-12-09;10;1312.090094275602
5;2025-12-09;11;1318.8125344642203
5;2025-12-09;12;1284.8491766638695
5;2025-12-09;13;1323.8062905572592
5;2025-12-09;14;1329.5014720256204
5;2025-12-09;15;1408.1484093308686
5;2025-12-09;16;1478.444873541006
5;2025-12-09;17;1674.9507816097355
5;2025-12-09;18;1704.032465716633
5;2025-12-09;19;1278.9019121417828
5;2025-12-09;20;877.2601151436911
5;2025-12-09;21;465.1130118723106
5;2025-12-09;22;210.89215735846642
5;2025-12-09;23;38.48756931671062
5;2025-12-10;0;0.0
5;2025-12-10;1;0.0
5;2025-12-10;2;0.0
5;2025-12-10;3;0.0
5;2025-12-10;4;0.0
5;2025-12-10;5;124.55251307089645
5;2025-12-10;6;537.4401470976229
5;2025-12-10;7;1423.9733315701237
5;2025-12-10;8;1697.7073471382762
5;2025-12-10;9;1357.4975362881073
5;2025-12-10;10;1236.4619312892928
5;2025-12-10;11;1251.1655944709544
5;2025-12-10;12;1303.9429975355856
5;2025-12-10;13;1326.6772118677127
5;2025-12-10;14;1316.6200055821405
5;2025-12-10;15;1407.7431499395786
5;2025-12-10;16;1504.290882616576
5;2025-12-10;17;1679.4597256648874
5;2025-12-10;18;1681.7219553321845
5;2025-12-10;19;1238.8137737804984
5;2025-12-10;20;832.1545758529434
5;2025-12-10;21;480.3591607335111
5;2025-12-10;22;206.92871955721364
5;2025-12-10;23;45.308685345629215
5;2025-12-11;0;0.0
5;2025-12-11;1;0.0
5;2025-12-11;2;0.0
5;2025-12-11;3;0.0
5;2025-12-11;4;0.0
5;2025-12-11;5;130.11813372168933
5;2025-12-11;6;554.3852973321358
5;2025-12-11;7;1463.8879832760267
5;2025-12-11;8;1774.7374859323836
5;2025-12-11;9;1419.079273681418
5;2025-12-11;10;1280.6279865961392
5;2025-12-11;11;1303.4179165651321
5;2025-12-11;12;1372.191052942113
5;2025-12-11;13;1380.702074218608
5;2025-12-11;14;1375.3857450086932
5;2025-12-11;15;1440.1870469503137
5;2025-12-11;16;1514.575568382461
5;2025-12-11;17;1693.2106385511156
5;2025-12-11;18;1701.4969075857289
5;2025-12-11;19;1273.5740142834052
5;2025-12-11;20;872.6705195398857
5;2025-12-11;21;489.52424010449937
5;2025-12-11;22;233.6266146774907
5;2025-12-11;23;50.49532205418018
5;2025-12-12;0;0.0
5;2025-12-12;1;0.0
5;2025-12-12;2;0.0
5;2025-12-12;3;0.0
5;2025-12-12;4;8.637319730325316
5;2025-12-12;5;121.23362039186895
5;2025-12-12;6;525.7023916461017
5;2025-12-12;7;1443.7705534842694
5;2025-12-12;8;1744.567171184463
5;2025-12-12;9;1417.5167184645484
5;2025-12-12;10;1318.4365381900552
5;2025-12-12;11;1336.3520891250514
5;2025-12-12;12;1366.7315645249703
5;2025-12-12;13;1363.1769059745425
5;2025-12-12;14;1335.2140841560213
5;2025-12-12;15;1368.5584367578713
5;2025-12-12;16;1448.3927737648928
5;2025-12-12;17;1592.4073189887847
5;2025-12-12;18;1551.3278932179753
5;2025-12-12;19;1147.5287309202458
5;2025-12-12;20;798.381689826685
5;2025-12-12;21;455.43674213037696
5;2025-12-12;22;209.80565435058952
5;2025-12-12;23;68.895248893229
5;2025-12-13;0;10.543567013302663
5;2025-12-13;1;0.0
5;2025-12-13;2;0.0
5;2025-12-13;3;0.0
5;2025-12-13;4;26.639489001997504
5;2025-12-13;5;4.944737858340204
5;2025-12-13;6;116.26014869486687
5;2025-12-13;7;282.68011882367574
5;2025-12-13;8;358.08102158485866
5;2025-12-13;9;564.2422495191807
5;2025-12-13;10;660.083094396202
5;2025-12-13;11;693.2720010320443
5;2025-12-13;12;811.0868851218979
5;2025-12-13;13;832.8431446244617
5;2025-12-13;14;805.3503327595002
5;2025-12-13;15;717.7665166721347
5;2025-12-13;16;666.116881192541
5;2025-12-13;17;579.8515736414354
5;2025-12-13;18;509.14620898560577
5;2025-12-13;19;409.73075343556
5;2025-12-13;20;363.83937766538463
5;2025-12-13;21;246.7545744417697
5;2025-12-13;22;123.34331835754585
5;2025-12-13;23;29.684170872448817
5;2025-12-14;0;13.842494205065009
5;2025-12-14;1;0.0
5;2025-12-14;2;0.0
5;2025-12-14;3;0.0
5;2025-12-14;4;6.769002491531637
5;2025-12-14;5;14.66737161827291
5;2025-12-14;6;104.64772075535745
5;2025-12-14;7;235.84310109347848
5;2025-12-14;8;312.1536452227468
5;2025-12-14;9;544.9424399938587
5;2025-12-14;10;646.3810760730387
5;2025-12-14;11;667.4632081699199
5;2025-12-14;12;787.0346652447755
5;2025-12-14;13;809.5994204413059
5;2025-12-14;14;746.6986213039052
5;2025-12-14;15;666.655787634284
5;2025-12-14;16;626.1401776953998
5;2025-12-14;17;546.3227351725695
5;2025-12-14;18;491.4495051308694
5;2025-12-14;19;378.1300915922562
5;2025-12-14;20;335.4612703741113
5;2025-12-14;21;230.96364005123655
5;2025-12-14;22;109.41180968814422
5;2025-12-14;23;32.13565712054958
5;2025-12-15;0;0.0
5;2025-12-15;1;0.0
5;2025-12-15;2;0.0
5;2025-12-15;3;0.0
5;2025-12-15;4;35.5814130307042
5;2025-12-15;5;146.90240369350374
5;2025-12-15;6;573.8852968194777
5;2025-12-15;7;1411.8891429753758
5;2025-12-15;8;1696.2190410286694
5;2025-12-15;9;1322.4289977865428
5;2025-12-15;10;1187.9320436462408
5;2025-12-15;11;1205.7438802682345
5;2025-12-15;12;1253.6586532775782
5;2025-12-15;13;1269.3724176629528
5;2025-12-15;14;1262.6559097070783
5;2025-12-15;15;1379.9374027239737
5;2025-12-15;16;1464.8687303272195
5;2025-12-15;17;1650.7227788166288
5;2025-12-15;18;1655.5415144328867
5;2025-12-15;19;1263.9755515010372
5;2025-12-15;20;801.13799442534
5;2025-12-15;21;466.4381239369217
5;2025-12-15;22;239.042959417097
5;2025-12-15;23;67.39246615338436
5;2025-12-16;0;42.18802317587449
5;2025-12-16;1;0.0
5;2025-12-16;2;0.0
5;2025-12-16;3;0.0
5;2025-12-16;4;42.313984866090095
5;2025-12-16;5;171.7165752784956
5;2025-12-16;6;595.5372059530301
5;2025-12-16;7;1442.2540422708166
5;2025-12-16;8;1735.7928158439322
5;2025-12-16;9;1381.9776926651766
5;2025-12-16;10;1266.2585546671166
5;2025-12-16;11;1282.7085027334963
5;2025-12-16;12;1330.508417404929
5;2025-12-16;13;1353.699199753557
5;2025-12-16;14;1347.5772577685184
5;2025-12-16;15;1434.7005842661351
5;2025-12-16;16;1506.1352199059352
5;2025-12-16;17;1691.833688960703
5;2025-12-16;18;1729.7036996653849
5;2025-12-16;19;1291.8885204886933
5;2025-12-16;20;873.131690219028
5;2025-12-16;21;464.5723217811269
5;2025-12-16;22;225.07518526281115
5;2025-12-16;23;48.30012086003785
5;2025-12-17;0;10.517471945619832
5;2025-12-17;1;0.0
5;2025-12-17;2;0.0
5;2025-12-17;3;0.0
5;2025-12-17;4;0.0
5;2025-12-17;5;138.20205763531374
5;2025-12-17;6;564.6914577293218
5;2025-12-17;7;1455.753774445454
5;2025-12-17;8;1790.6698105145272
5;2025-12-17;9;1431.3057911212363
5;2025-12-17;10;1309.2612843435306
5;2025-12-17;11;1325.6592152665103
5;2025-12-17;12;1379.9924018479555
5;2025-12-17;13;1391.4404138644886
5;2025-12-17;14;1357.0125007519848
5;2025-12-17;15;1456.2723157731307
5;2025-12-17;16;1511.579648599297
5;2025-12-17;17;1691.6774243257837
5;2025-12-17;18;1688.089954538283
5;2025-12-17;19;1253.760543623328
5;2025-12-17;20;828.0099079105734
5;2025-12-17;21;492.65065727589945
5;2025-12-17;22;217.67758323553028
5;2025-12-17;23;46.62399259356073
5;2025-12-18;0;4.448448820265071
5;2025-12-18;1;0.0
5;2025-12-18;2;0.0
5;2025-12-18;3;0.0
5;2025-12-18;4;8.66094610767891
5;2025-12-18;5;143.8758211035173
5;2025-12-18;6;564.051930897083
5;2025-12-18;7;1484.6581811168512
5;2025-12-18;8;1789.4655906152207
5;2025-12-18;9;1444.6664431465206
5;2025-12-18;10;1325.1338521911912
5;2025-12-18;11;1342.6263651283193
5;2025-12-18;12;1390.5016234853076
5;2025-12-18;13;1412.2750938111221
5;2025-12-18;14;1390.43424326265
5;2025-12-18;15;1481.1705995484067
5;2025-12-18;16;1539.5260831997898
5;2025-12-18;17;1716.247907525479
5;2025-12-18;18;1748.101903062947
5;2025-12-18;19;1298.8516403103497
5;2025-12-18;20;875.988763099625
5;2025-12-18;21;480.86777774936934
5;2025-12-18;22;236.5162707825765
5;2025-12-18;23;60.84662678888776
5;2025-12-19;0;2.8543116561788793
5;2025-12-19;1;0.0
5;2025-12-19;2;0.0
5;2025-12-19;3;0.0
5;2025-12-19;4;6.183232062187585
5;2025-12-19;5;125.39970338096066
5;2025-12-19;6;548.2847454269354
5;2025-12-19;7;1460.0577476723674
5;2025-12-19;8;1777.0380861002907
5;2025-12-19;9;1440.4403380726762
5;2025-12-19;10;1336.0695126951664
5;2025-12-19;11;1360.252706808718
5;2025-12-19;12;1413.655186249392
5;2025-12-19;13;1423.1360650866998
5;2025-12-19;14;1403.7333875702077
5;2025-12-19;15;1492.3395232666476
5;2025-12-19;16;1567.3817195086713
5;2025-12-19;17;1682.759988831273
5;2025-12-19;18;1620.2623743223003
5;2025-12-19;19;1181.5213693388203
5;2025-12-19;20;817.6088309254998
5;2025-12-19;21;458.7254777341336
5;2025-12-19;22;225.30994767388108
5;2025-12-19;23;59.53569856631532
5;2025-12-20;0;4.513411949368219
5;2025-12-20;1;0.0
5;2025-12-20;2;0.0
5;2025-12-20;3;0.0
5;2025-12-20;4;0.0
5;2025-12-20;5;34.32734400731249
5;2025-12-20;6;143.8986801859138
5;2025-12-20;7;332.67530178762314
5;2025-12-20;8;430.4447955106426
5;2025-12-20;9;671.9987058148411
5;2025-12-20;10;778.285182805872
5;2025-12-20;11;798.5945514242168
5;2025-12-20;12;902.0945770398953
5;2025-12-20;13;928.8884444986028
5;2025-12-20;14;878.2497435185321
5;2025-12-20;15;798.2971877204068
5;2025-12-20;16;724.2380407453478
5;2025-12-20;17;660.7120405806045
5;2025-12-20;18;595.9309546349646
5;2025-12-20;19;477.55937547909565
5;2025-12-20;20;395.3476638107914
5;2025-12-20;21;274.07875881552235
5;2025-12-20;22;143.51028100714575
5;2025-12-20;23;40.05661499165615
5;2025-12-21;0;20.962011266074228
5;2025-12-21;1;0.0
5;2025-12-21;2;0.0
5;2025-12-21;3;0.0
5;2025-12-21;4;18.833569417649187
5;2025-12-21;5;19.853460785494804
5;2025-12-21;6;108.1816822496072
5;2025-12-21;7;238.52010685074833
5;2025-12-21;8;325.9722415961147
5;2025-12-21;9;567.2325134110478
5;2025-12-21;10;663.9807902080637
5;2025-12-21;11;690.8009929360737
5;2025-12-21;12;835.9704491380971
5;2025-12-21;13;864.0726877028243
5;2025-12-21;14;806.7876596697281
5;2025-12-21;15;720.760335614302
5;2025-12-21;16;635.7799754828144
5;2025-12-21;17;572.9784295816605
5;2025-12-21;18;524.3827368583172
5;2025-12-21;19;414.49275471560827
5;2025-12-21;20;337.6386981812837
5;2025-12-21;21;229.9942029643297
5;2025-12-21;22;105.49501487918508
5;2025-12-21;23;30.794881613162374
5;2025-12-22;0;2.9526425648698478
5;2025-12-22;1;0.0
5;2025-12-22;2;0.0
5;2025-12-22;3;0.0
5;2025-12-22;4;7.408073886347893
5;2025-12-22;5;117.01809287740775
5;2025-12-22;6;536.4181974005427
5;2025-12-22;7;1408.4088837833162
5;2025-12-22;8;1726.0838116266186
5;2025-12-22;9;1369.3840579249274
5;2025-12-22;10;1268.9209544252349
5;2025-12-22;11;1260.4666817667937
5;2025-12-22;12;1296.780660691464
5;2025-12-22;13;1278.347458933034
5;2025-12-22;14;1243.7901120440956
5;2025-12-22;15;1373.8212775465022
5;2025-12-22;16;1413.074673531642
5;2025-12-22;17;1628.2942333334895
5;2025-12-22;18;1644.2921303717649
5;2025-12-22;19;1268.0060144435347
5;2025-12-22;20;827.7498748836788
5;2025-12-22;21;430.33943215325127
5;2025-12-22;22;210.2255720731191
5;2025-12-22;23;48.003104846668066
5;2025-12-23;0;15.467477726198922
5;2025-12-23;1;0.0
5;2025-12-23;2;0.0
5;2025-12-23;3;0.0
5;2025-12-23;4;11.376739171417626
5;2025-12-23;5;145.85683601086123
5;2025-12-23;6;566.3972863471779
5;2025-12-23;7;1462.648244999357
5;2025-12-23;8;1758.104360975447
5;2025-12-23;9;1369.1766868048485
5;2025-12-23;10;1253.279635114745
5;2025-12-23;11;1248.7115254169057
5;2025-12-23;12;1307.1554608913948
5;2025-12-23;13;1317.0444410442476
5;2025-12-23;14;1299.569968468994
5;2025-12-23;15;1410.112542376343
5;2025-12-23;16;1445.6997083094986
5;2025-12-23;17;1688.3042991414495
5;2025-12-23;18;1706.4247413018206
5;2025-12-23;19;1287.7067149688446
5;2025-12-23;20;834.1906648341921
5;2025-12-23;21;454.2015040986346
5;2025-12-23;22;208.80505024169736
5;2025-12-23;23;55.67945826132541
5;2025-12-24;0;15.543274629474581
5;2025-12-24;1;0.0
5;2025-12-24;2;0.0
5;2025-12-24;3;0.0
5;2025-12-24;4;10.48828360092557
5;2025-12-24;5;140.6156961340473
5;2025-12-24;6;557.2323626574993
5;2025-12-24;7;1461.4905466306352
5;2025-12-24;8;1775.855799393197
5;2025-12-24;9;1423.9586865631172
5;2025-12-24;10;1297.8220042604962
5;2025-12-24;11;1313.4153317706368
5;2025-12-24;12;1351.4451623019263
5;2025-12-24;13;1368.4743522818558
5;2025-12-24;14;1353.3983365402073
5;2025-12-24;15;1412.6606305443406
5;2025-12-24;16;1507.142008212556
5;2025-12-24;17;1676.3970245752269
5;2025-12-24;18;1680.5066146064828
5;2025-12-24;19;1257.0818933968524
5;2025-12-24;20;849.7697161621907
5;2025-12-24;21;460.51199076883876
5;2025-12-24;22;227.28032165649176
5;2025-12-24;23;51.88181532358021
5;2025-12-25;0;13.719669942493624
5;2025-12-25;1;0.0
5;2025-12-25;2;0.0
5;2025-12-25;3;0.0
5;2025-12-25;4;14.53675637796971
5;2025-12-25;5;137.36878007707367
5;2025-12-25;6;557.2725161279297
5;2025-12-25;7;1479.683300340484
5;2025-12-25;8;1792.3068081365268
5;2025-12-25;9;1446.819609725976
5;2025-12-25;10;1332.0020113351343
5;2025-12-25;11;1349.2748600700133
5;2025-12-25;12;1391.2248527760814
5;2025-12-25;13;1414.8793507080927
5;2025-12-25;14;1390.1344267112672
5;2025-12-25;15;1483.0350070454276
5;2025-12-25;16;1545.5526581791169
5;2025-12-25;17;1703.7094785758304
5;2025-12-25;18;1683.7815257175866
5;2025-12-25;19;1273.0514693327932
5;2025-12-25;20;856.1963066295983
5;2025-12-25;21;478.9160447556117
5;2025-12-25;22;251.48000062963047
5;2025-12-25;23;96.54784022836577
5;2025-12-26;0;32.10788773080185
5;2025-12-26;1;0.0
5;2025-12-26;2;0.0
5;2025-12-26;3;0.0
5;2025-12-26;4;21.90246002809363
5;2025-12-26;5;126.51948557423918
5;2025-12-26;6;565.9955272635823
5;2025-12-26;7;1435.8994065026786
5;2025-12-26;8;1723.1149799854866
5;2025-12-26;9;1378.4722930025846
5;2025-12-26;10;1223.1372254610949
5;2025-12-26;11;1178.6176730428658
5;2025-12-26;12;1270.0272557127623
5;2025-12-26;13;1287.5051014138216
5;2025-12-26;14;1285.6181087467735
5;2025-12-26;15;1370.238371953476
5;2025-12-26;16;1432.3525723426073
5;2025-12-26;17;1575.167645893464
5;2025-12-26;18;1538.6434966276606
5;2025-12-26;19;1128.455434995481
5;2025-12-26;20;805.3542042423667
5;2025-12-26;21;459.307163153323
5;2025-12-26;22;224.5557862717592
5;2025-12-26;23;77.41264311585394
5;2025-12-27;0;36.141211617078284
5;2025-12-27;1;0.0
5;2025-12-27;2;0.0
5;2025-12-27;3;0.0
5;2025-12-27;4;8.588451010888662
5;2025-12-27;5;30.450137534507007
5;2025-12-27;6;129.45731631058015
5;2025-12-27;7;296.24906572530614
5;2025-12-27;8;393.5627367447056
5;2025-12-27;9;620.3981306635842
5;2025-12-27;10;745.1062276980022
5;2025-12-27;11;752.4885494213823
5;2025-12-27;12;909.2226666851901
5;2025-12-27;13;938.9908525286157
5;2025-12-27;14;869.3181777100226
5;2025-12-27;15;785.9860306416972
5;2025-12-27;16;677.6177870116607
5;2025-12-27;17;593.065708455081
5;2025-12-27;18;549.9817841477161
5;2025-12-27;19;435.66997263850135
5;2025-12-27;20;358.5583368250947
5;2025-12-27;21;254.7974778487909
5;2025-12-27;22;124.7500085734074
5;2025-12-27;23;47.21962624389198
5;2025-12-28;0;25.887560286403982
5;2025-12-28;1;0.0
5;2025-12-28;2;0.0
5;2025-12-28;3;0.0
5;2025-12-28;4;23.581914802534584
5;2025-12-28;5;25.379547581819793
5;2025-12-28;6;93.03047197910257
5;2025-12-28;7;201.2157874680246
5;2025-12-28;8;261.49360621301
5;2025-12-28;9;500.60615939483574
5;2025-12-28;10;592.4667095600762
5;2025-12-28;11;619.2679741805741
5;2025-12-28;12;764.6387663151762
5;2025-12-28;13;776.7671634534574
5;2025-12-28;14;749.3677063612664
5;2025-12-28;15;694.0895176165573
5;2025-12-28;16;620.3403830527292
5;2025-12-28;17;534.6801383507739
5;2025-12-28;18;489.3216046509524
5;2025-12-28;19;387.41714362180704
5;2025-12-28;20;354.04159133540503
5;2025-12-28;21;254.47130069315097
5;2025-12-28;22;137.5240794283177
5;2025-12-28;23;57.84400446857444
5;2025-12-29;0;54.33448292052708
5;2025-12-29;1;0.0
5;2025-12-29;2;0.0
5;2025-12-29;3;0.0
5;2025-12-29;4;58.606408085605835
5;2025-12-29;5;167.1077383243936
5;2025-12-29;6;586.0524553752175
5;2025-12-29;7;1400.5703605295028
5;2025-12-29;8;1716.3840638079596
5;2025-12-29;9;1371.2249300415583
5;2025-12-29;10;1235.3258196259012
5;2025-12-29;11;1252.5535254659628
5;2025-12-29;12;1300.3691181667161
5;2025-12-29;13;1308.1377299849405
5;2025-12-29;14;1293.0499755918138
5;2025-12-29;15;1385.6998288847562
5;2025-12-29;16;1473.136319920225
5;2025-12-29;17;1650.1705695840883
5;2025-12-29;18;1643.450512540101
5;2025-12-29;19;1218.776279266593
5;2025-12-29;20;821.2305667727385
5;2025-12-29;21;501.2415063448147
5;2025-12-29;22;257.07470694752
5;2025-12-29;23;91.16846951850869
5;2025-12-30;0;38.693882625802075
5;2025-12-30;1;0.0
5;2025-12-30;2;0.0
5;2025-12-30;3;0.0
5;2025-12-30;4;50.8366364340751
5;2025-12-30;5;176.23596758776182
5;2025-12-30;6;599.7038418590406
5;2025-12-30;7;1420.3851882328363
5;2025-12-30;8;1716.2992383020187
5;2025-12-30;9;1376.4965924386202
5;2025-12-30;10;1272.7544760453095
5;2025-12-30;11;1266.1621565308685
5;2025-12-30;12;1313.4154096728935
5;2025-12-30;13;1316.2947867806542
5;2025-12-30;14;1317.542547563537
5;2025-12-30;15;1398.5947046313468
5;2025-12-30;16;1490.6854612063203
5;2025-12-30;17;1609.9403347757952
5;2025-12-30;18;1648.9207024709845
5;2025-12-30;19;1201.067740308816
5;2025-12-30;20;815.7670379639931
5;2025-12-30;21;435.7631973782775
5;2025-12-30;22;219.6681978157967
5;2025-12-30;23;51.79251570604117
5;2025-12-31;0;20.917199571903552
5;2025-12-31;1;0.0
5;2025-12-31;2;0.0
5;2025-12-31;3;0.0
5;2025-12-31;4;17.514770544704106
5;2025-12-31;5;54.227348091465046
5;2025-12-31;6;126.96933456033901
5;2025-12-31;7;224.8635742854492
5;2025-12-31;8;300.3038738637229
5;2025-12-31;9;418.49125000377904
5;2025-12-31;10;489.4923475421643
5;2025-12-31;11;495.09789160932746
5;2025-12-31;12;617.1076350137216
5;2025-12-31;13;601.8711792451109
5;2025-12-31;14;593.8563707499784
5;2025-12-31;15;527.9299631260611
5;2025-12-31;16;482.74987638662304
5;2025-12-31;17;416.5422978569066
5;2025-12-31;18;399.35017858885914
5;2025-12-31;19;353.56952236433233
5;2025-12-31;20;293.9349663469328
5;2025-12-31;21;216.33488685082
5;2025-12-31;22;115.49627351969218
5;2025-12-31;23;33.315272822455995
7;2025-11-01;0;182.59754009680762
7;2025-11-01;1;0.0
7;2025-11-01;2;0.0
7;2025-11-01;3;0.0
7;2025-11-01;4;130.67084367897257
7;2025-11-01;5;267.6331609885427
7;2025-11-01;6;622.2350215440481
7;2025-11-01;7;1241.8825169439847
7;2025-11-01;8;1887.1918748272524
7;2025-11-01;9;1472.273722333744
7;2025-11-01;10;1318.5957052887013
7;2025-11-01;11;1324.7984005228611
7;2025-11-01;12;1399.9815303278428
7;2025-11-01;13;1457.3766618458098
7;2025-11-01;14;1481.1094598185282
7;2025-11-01;15;1542.9160358246943
7;2025-11-01;16;1617.1632832335422
7;2025-11-01;17;1688.985371958806
7;2025-11-01;18;1639.4180427983301
7;2025-11-01;19;1250.578789939028
7;2025-11-01;20;893.4802371760534
7;2025-11-01;21;602.0958055119337
7;2025-11-01;22;373.84453110025476
7;2025-11-01;23;300.75413879502116
7;2025-11-02;0;112.17521090575076
7;2025-11-02;1;0.0
7;2025-11-02;2;0.0
7;2025-11-02;3;0.0
7;2025-11-02;4;33.50608720040918
7;2025-11-02;5;40.45890167437551
7;2025-11-02;6;136.31230509541626
7;2025-11-02;7;219.65948365837244
7;2025-11-02;8;365.2101389432323
7;2025-11-02;9;417.3756958466477
7;2025-11-02;10;460.3923264796987
7;2025-11-02;11;552.3300065942738
7;2025-11-02;12;614.8947888857724
7;2025-11-02;13;628.1929946724795
7;2025-11-02;14;691.2085438442409
7;2025-11-02;15;660.2398414390161
7;2025-11-02;16;606.2026722822854
7;2025-11-02;17;622.5659992037048
7;2025-11-02;18;574.6399045733276
7;2025-11-02;19;475.6597235226239
7;2025-11-02;20;394.0494249597218
7;2025-11-02;21;276.6903657870905
7;2025-11-02;22;167.43556577631352
7;2025-11-02;23;133.17122512068772
7;2025-11-03;0;231.3762845691009
7;2025-11-03;1;0.0
7;2025-11-03;2;0.0
7;2025-11-03;3;0.0
7;2025-11-03;4;140.28037013760718
7;2025-11-03;5;192.0215894613791
7;2025-11-03;6;324.2504780931888
7;2025-11-03;7;464.0832545068528
7;2025-11-03;8;764.4302964749722
7;2025-11-03;9;641.8530599483861
7;2025-11-03;10;649.9011823433746
7;2025-11-03;11;729.2860822772398
7;2025-11-03;12;801.178780283323
7;2025-11-03;13;827.2157504695487
7;2025-11-03;14;835.1203015886944
7;2025-11-03;15;828.5064929867665
7;2025-11-03;16;811.5422501027011
7;2025-11-03;17;953.4980418634889
7;2025-11-03;18;1000.6132892487805
7;2025-11-03;19;780.1913046349524
7;2025-11-03;20;565.9045985007992
7;2025-11-03;21;455.7737259933885
7;2025-11-03;22;298.4038276903782
7;2025-11-03;23;257.79240804546555
7;2025-11-04;0;205.4478434678599
7;2025-11-04;1;0.0
7;2025-11-04;2;0.0
7;2025-11-04;3;0.0
7;2025-11-04;4;132.33276698708642
7;2025-11-04;5;175.70600316083005
7;2025-11-04;6;327.4513937479919
7;2025-11-04;7;482.21886854824436
7;2025-11-04;8;763.6827541678495
7;2025-11-04;9;638.633780901364
7;2025-11-04;10;633.6371259972458
7;2025-11-04;11;707.0080220829087
7;2025-11-04;12;770.3351041980255
7;2025-11-04;13;835.537885059521
7;2025-11-04;14;892.2470540991836
7;2025-11-04;15;892.2228087027522
7;2025-11-04;16;810.4361910658985
7;2025-11-04;17;972.8145938222142
7;2025-11-04;18;1011.1513865149788
7;2025-11-04;19;763.1630824623571
7;2025-11-04;20;593.7996256516114
7;2025-11-04;21;481.41746072273645
7;2025-11-04;22;318.65604648408146
7;2025-11-04;23;248.86107326076467
7;2025-11-05;0;69.07776393488552
7;2025-11-05;1;0.0
7;2025-11-05;2;0.0
7;2025-11-05;3;0.0
7;2025-11-05;4;15.347214376564693
7;2025-11-05;5;197.33838807514041
7;2025-11-05;6;653.2967543203893
7;2025-11-05;7;1545.6098115050518
7;2025-11-05;8;2368.682885638484
7;2025-11-05;9;1776.569717471711
7;2025-11-05;10;1523.9321131674928
7;2025-11-05;11;1412.062549226195
7;2025-11-05;12;1449.853028599985
7;2025-11-05;13;1515.729723614082
7;2025-11-05;14;1537.0566001266766
7;2025-11-05;15;1641.1539540180138
7;2025-11-05;16;1771.147114353073
7;2025-11-05;17;2159.6955483089923
7;2025-11-05;18;2358.9486058259636
7;2025-11-05;19;1578.3426072572656
7;2025-11-05;20;1001.0654816627485
7;2025-11-05;21;599.899795708756
7;2025-11-05;22;282.6024322879873
7;2025-11-05;23;188.83245522474783
7;2025-11-06;0;76.83744753067413
7;2025-11-06;1;0.0
7;2025-11-06;2;0.0
7;2025-11-06;3;0.0
7;2025-11-06;4;20.72966278771878
7;2025-11-06;5;196.3896369677825
7;2025-11-06;6;659.403024183538
7;2025-11-06;7;1555.2093263204827
7;2025-11-06;8;2350.8400970750654
7;2025-11-06;9;1768.4343285367102
7;2025-11-06;10;1518.067919476759
7;2025-11-06;11;1431.1261643402677
7;2025-11-06;12;1478.4522796329672
7;2025-11-06;13;1545.9754466182837
7;2025-11-06;14;1589.8207455653064
7;2025-11-06;15;1668.4788284594758
7;2025-11-06;16;1805.7380492398597
7;2025-11-06;17;2194.478594469145
7;2025-11-06;18;2432.3763794279844
7;2025-11-06;19;1623.2475351599985
7;2025-11-06;20;1014.8938481916136
7;2025-11-06;21;600.3608679057236
7;2025-11-06;22;297.57744143547416
7;2025-11-06;23;201.21114445628552
7;2025-11-07;0;78.4414881719498
7;2025-11-07;1;0.0
7;2025-11-07;2;0.0
7;2025-11-07;3;0.0
7;2025-11-07;4;16.916871159586663
7;2025-11-07;5;170.30541090677093
7;2025-11-07;6;607.4434448708444
7;2025-11-07;7;1471.7796381506066
7;2025-11-07;8;2174.3636648156157
7;2025-11-07;9;1695.5142458731798
7;2025-11-07;10;1537.229924820367
7;2025-11-07;11;1476.4682329449956
7;2025-11-07;12;1495.1306310797481
7;2025-11-07;13;1573.3145536074019
7;2025-11-07;14;1611.1814810610408
7;2025-11-07;15;1727.3706956656008
7;2025-11-07;16;1910.629904407336
7;2025-11-07;17;2069.101220686286
7;2025-11-07;18;2055.890483220942
7;2025-11-07;19;1458.8960683017847
7;2025-11-07;20;990.1344800188689
7;2025-11-07;21;604.6931668962267
7;2025-11-07;22;310.41183574687625
7;2025-11-07;23;220.5447218196142
7;2025-11-08;0;120.06136081870147
7;2025-11-08;1;0.0
7;2025-11-08;2;0.0
7;2025-11-08;3;0.0
7;2025-11-08;4;32.23481212408319
7;2025-11-08;5;61.65093394053656
7;2025-11-08;6;212.79845158837293
7;2025-11-08;7;348.9725086914238
7;2025-11-08;8;590.7772951225395
7;2025-11-08;9;573.0337618564922
7;2025-11-08;10;613.9804864409963
7;2025-11-08;11;701.9263343788184
7;2025-11-08;12;773.8892192558875
7;2025-11-08;13;863.0326559961285
7;2025-11-08;14;877.6103946693859
7;2025-11-08;15;867.8363966691144
7;2025-11-08;16;819.0873901222817
7;2025-11-08;17;811.8556912050965
7;2025-11-08;18;749.4439334246358
7;2025-11-08;19;686.1239203707008
7;2025-11-08;20;531.2670157646351
7;2025-11-08;21;385.34709265920117
7;2025-11-08;22;240.41729693087973
7;2025-11-08;23;165.3582909096807
7;2025-11-09;0;114.75060049684657
7;2025-11-09;1;0.0
7;2025-11-09;2;0.0
7;2025-11-09;3;0.0
7;2025-11-09;4;18.575771560256726
7;2025-11-09;5;45.36502937046873
7;2025-11-09;6;159.63918028119667
7;2025-11-09;7;226.99775944168982
7;2025-11-09;8;389.0764962466895
7;2025-11-09;9;434.3921234806644
7;2025-11-09;10;459.1930541570434
7;2025-11-09;11;582.6498978521424
7;2025-11-09;12;667.8575385222634
7;2025-11-09;13;714.9437452210811
7;2025-11-09;14;746.6709359648498
7;2025-11-09;15;713.910599885061
7;2025-11-09;16;659.8985596921548
7;2025-11-09;17;664.2503945849429
7;2025-11-09;18;612.4439644560715
7;2025-11-09;19;526.9881879699988
7;2025-11-09;20;428.22922577215553
7;2025-11-09;21;300.6684226168593
7;2025-11-09;22;196.021654887154
7;2025-11-09;23;138.51511748277198
7;2025-11-10;0;87.01401775529905
7;2025-11-10;1;0.0
7;2025-11-10;2;0.0
7;2025-11-10;3;0.0
7;2025-11-10;4;22.574437579341293
7;2025-11-10;5;204.67089458811995
7;2025-11-10;6;657.3581298430965
7;2025-11-10;7;1548.153678908212
7;2025-11-10;8;2335.9444220132873
7;2025-11-10;9;1750.789587169077
7;2025-11-10;10;1510.1509002237706
7;2025-11-10;11;1415.9215632507985
7;2025-11-10;12;1468.1457944804633
7;2025-11-10;13;1517.034420284489
7;2025-11-10;14;1559.6103704121579
7;2025-11-10;15;1662.5556835794273
7;2025-11-10;16;1819.3916719405574
7;2025-11-10;17;2213.692239926031
7;2025-11-10;18;2469.1007262794856
7;2025-11-10;19;1619.2845772953738
7;2025-11-10;20;999.3731217769162
7;2025-11-10;21;597.0833171782305
7;2025-11-10;22;284.192175208466
7;2025-11-10;23;176.12626204156368
7;2025-11-11;0;86.09125805304564
7;2025-11-11;1;0.0
7;2025-11-11;2;0.0
7;2025-11-11;3;0.0
7;2025-11-11;4;25.082074912078724
7;2025-11-11;5;217.42036208437128
7;2025-11-11;6;668.6438249668936
7;2025-11-11;7;1560.840743679652
7;2025-11-11;8;2371.076473521148
7;2025-11-11;9;1799.1549404218229
7;2025-11-11;10;1567.590497031537
7;2025-11-11;11;1469.041911637906
7;2025-11-11;12;1516.847802313441
7;2025-11-11;13;1548.8430918404374
7;2025-11-11;14;1611.2102907419335
7;2025-11-11;15;1686.8721494732931
7;2025-11-11;16;1827.3205484808213
7;2025-11-11;17;2224.4435473544027
7;2025-11-11;18;2399.4406518151523
7;2025-11-11;19;1598.8202292558258
7;2025-11-11;20;1013.3200913713982
7;2025-11-11;21;620.1818564555001
7;2025-11-11;22;310.87358288874634
7;2025-11-11;23;210.89352875355087
7;2025-11-12;0;83.47408563680517
7;2025-11-12;1;0.0
7;2025-11-12;2;0.0
7;2025-11-12;3;0.0
7;2025-11-12;4;21.554744479003375
7;2025-11-12;5;203.36598289479127
7;2025-11-12;6;656.4811289451826
7;2025-11-12;7;1549.6689698563457
7;2025-11-12;8;2365.949457192837
7;2025-11-12;9;1783.9879174267521
7;2025-11-12;10;1550.5850788107293
7;2025-11-12;11;1427.6722840658506
7;2025-11-12;12;1482.138115219833
7;2025-11-12;13;1528.541364718244
7;2025-11-12;14;1583.4573598796258
7;2025-11-12;15;1689.1407912920313
7;2025-11-12;16;1791.9419939043264
7;2025-11-12;17;2190.7467891695715
7;2025-11-12;18;2410.5160327479593
7;2025-11-12;19;1583.0467517426737
7;2025-11-12;20;995.3451972992669
7;2025-11-12;21;604.6206515338849
7;2025-11-12;22;312.85372639572404
7;2025-11-12;23;215.66760180656013
7;2025-11-13;0;88.01197076698418
7;2025-11-13;1;0.0
7;2025-11-13;2;0.0
7;2025-11-13;3;0.0
7;2025-11-13;4;38.057809739818936
7;2025-11-13;5;210.99248321171513
7;2025-11-13;6;669.2551253960183
7;2025-11-13;7;1568.798216982723
7;2025-11-13;8;2336.555112484627
7;2025-11-13;9;1784.0996774789237
7;2025-11-13;10;1555.153994821687
7;2025-11-13;11;1449.635258903494
7;2025-11-13;12;1508.3109060623087
7;2025-11-13;13;1564.2453040699347
7;2025-11-13;14;1606.3480998111597
7;2025-11-13;15;1677.9884213024427
7;2025-11-13;16;1837.6036113714415
7;2025-11-13;17;2209.783620773569
7;2025-11-13;18;2419.8000581098713
7;2025-11-13;19;1589.9768699640683
7;2025-11-13;20;998.2371182826062
7;2025-11-13;21;600.707719207228
7;2025-11-13;22;297.62625694917074
7;2025-11-13;23;200.92650474058303
7;2025-11-14;0;78.26632479761747
7;2025-11-14;1;0.0
7;2025-11-14;2;0.0
7;2025-11-14;3;0.0
7;2025-11-14;4;14.714539641686997
7;2025-11-14;5;187.79512014486545
7;2025-11-14;6;607.3491987825021
7;2025-11-14;7;1472.5571294516456
7;2025-11-14;8;2168.8818075082354
7;2025-11-14;9;1721.8252291111999
7;2025-11-14;10;1545.2814131600562
7;2025-11-14;11;1466.4760416913691
7;2025-11-14;12;1550.872244898165
7;2025-11-14;13;1584.368424447131
7;2025-11-14;14;1626.079256777063
7;2025-11-14;15;1696.6849520994908
7;2025-11-14;16;1892.7357001753746
7;2025-11-14;17;2046.0070874312564
7;2025-11-14;18;2024.8777313773464
7;2025-11-14;19;1426.7981570858688
7;2025-11-14;20;968.2688263003956
7;2025-11-14;21;601.703584014049
7;2025-11-14;22;304.9701751406744
7;2025-11-14;23;216.2075797733222
7;2025-11-15;0;121.88823565503037
7;2025-11-15;1;0.0
7;2025-11-15;2;0.0
7;2025-11-15;3;0.0
7;2025-11-15;4;23.39216094428798
7;2025-11-15;5;58.28586978904116
7;2025-11-15;6;241.23997180124513
7;2025-11-15;7;333.1804373996563
7;2025-11-15;8;600.5053097098579
7;2025-11-15;9;615.5791005414941
7;2025-11-15;10;652.7300329068148
7;2025-11-15;11;779.106539676168
7;2025-11-15;12;860.4022669748392
7;2025-11-15;13;888.3442364367845
7;2025-11-15;14;915.8780315576107
7;2025-11-15;15;897.9787367381247
7;2025-11-15;16;852.4511546878316
7;2025-11-15;17;773.6935822576726
7;2025-11-15;18;720.1527748025435
7;2025-11-15;19;659.0092207082845
7;2025-11-15;20;534.0698999502727
7;2025-11-15;21;394.2570993822667
7;2025-11-15;22;261.1766518499478
7;2025-11-15;23;191.173847818764
7;2025-11-16;0;147.981390867968
7;2025-11-16;1;0.0
7;2025-11-16;2;0.0
7;2025-11-16;3;0.0
7;2025-11-16;4;38.860489853991794
7;2025-11-16;5;55.77969681069453
7;2025-11-16;6;177.7539339383427
7;2025-11-16;7;230.60210048272472
7;2025-11-16;8;406.89559238604716
7;2025-11-16;9;443.89172223692844
7;2025-11-16;10;480.74264745022697
7;2025-11-16;11;599.8051829809748
7;2025-11-16;12;696.0389835221099
7;2025-11-16;13;755.3403094531106
7;2025-11-16;14;745.6818468709565
7;2025-11-16;15;717.1952476068623
7;2025-11-16;16;660.6019435078197
7;2025-11-16;17;652.953787756861
7;2025-11-16;18;573.7391948938625
7;2025-11-16;19;521.2731465927986
7;2025-11-16;20;435.1758087628649
7;2025-11-16;21;321.5677218738316
7;2025-11-16;22;219.2313363058032
7;2025-11-16;23;161.81324525311265
7;2025-11-17;0;85.20189855092246
7;2025-11-17;1;0.0
7;2025-11-17;2;0.0
7;2025-11-17;3;0.0
7;2025-11-17;4;24.989114103350744
7;2025-11-17;5;188.1048067515162
7;2025-11-17;6;616.410825769043
7;2025-11-17;7;1320.3677889996466
7;2025-11-17;8;2088.3544821491196
7;2025-11-17;9;1555.340563161809
7;2025-11-17;10;1295.962915920146
7;2025-11-17;11;1212.5846787591045
7;2025-11-17;12;1288.4394593849138
7;2025-11-17;13;1305.4607617428264
7;2025-11-17;14;1356.6446038210424
7;2025-11-17;15;1448.9795743609998
7;2025-11-17;16;1580.1757508645878
7;2025-11-17;17;1956.2525774521669
7;2025-11-17;18;2178.310110319603
7;2025-11-17;19;1493.5029756630283
7;2025-11-17;20;936.6272235451597
7;2025-11-17;21;548.4304094154961
7;2025-11-17;22;271.6598056604213
7;2025-11-17;23;176.7751743670217
7;2025-11-18;0;78.72893393584627
7;2025-11-18;1;0.0
7;2025-11-18;2;0.0
7;2025-11-18;3;0.0
7;2025-11-18;4;28.127209983462194
7;2025-11-18;5;228.15002838600333
7;2025-11-18;6;609.9383610074423
7;2025-11-18;7;1347.2908667242941
7;2025-11-18;8;2123.6165288954235
7;2025-11-18;9;1604.4119125878651
7;2025-11-18;10;1350.468696210493
7;2025-11-18;11;1256.6906194548874
7;2025-11-18;12;1286.49808866079
7;2025-11-18;13;1278.2044287260642
7;2025-11-18;14;1332.2875098720726
7;2025-11-18;15;1440.2973800798086
7;2025-11-18;16;1568.759242680324
7;2025-11-18;17;1976.8956867199963
7;2025-11-18;18;2168.234031449025
7;2025-11-18;19;1436.598909597034
7;2025-11-18;20;925.576982101778
7;2025-11-18;21;518.9843691562041
7;2025-11-18;22;255.32986557865513
7;2025-11-18;23;159.19130896467925
7;2025-11-19;0;60.16199006533566
7;2025-11-19;1;0.0
7;2025-11-19;2;0.0
7;2025-11-19;3;0.0
7;2025-11-19;4;23.476992535160548
7;2025-11-19;5;203.77942182531842
7;2025-11-19;6;638.6415619418688
7;2025-11-19;7;1405.815389414383
7;2025-11-19;8;2192.975840585279
7;2025-11-19;9;1656.904803516792
7;2025-11-19;10;1399.1357842198424
7;2025-11-19;11;1291.605593750854
7;2025-11-19;12;1329.3970633004878
7;2025-11-19;13;1362.4217438557216
7;2025-11-19;14;1417.7097154261883
7;2025-11-19;15;1529.4827023245425
7;2025-11-19;16;1684.1873416881986
7;2025-11-19;17;2056.602671237888
7;2025-11-19;18;2244.1875759859404
7;2025-11-19;19;1535.5175527059585
7;2025-11-19;20;970.6043632620493
7;2025-11-19;21;582.7762633344171
7;2025-11-19;22;301.3002432156676
7;2025-11-19;23;204.3393487150397
7;2025-11-20;0;88.4820962449395
7;2025-11-20;1;0.0
7;2025-11-20;2;0.0
7;2025-11-20;3;0.0
7;2025-11-20;4;31.754623651180054
7;2025-11-20;5;211.43452395724216
7;2025-11-20;6;671.3631408555879
7;2025-11-20;7;1427.6427478842336
7;2025-11-20;8;2239.833487196731
7;2025-11-20;9;1691.0426086629323
7;2025-11-20;10;1426.2011694560342
7;2025-11-20;11;1332.1059950256558
7;2025-11-20;12;1375.6413877185896
7;2025-11-20;13;1427.4912946073086
7;2025-11-20;14;1482.522942335128
7;2025-11-20;15;1572.6985234385138
7;2025-11-20;16;1726.929756100827
7;2025-11-20;17;2059.34003566824
7;2025-11-20;18;2241.790638572258
7;2025-11-20;19;1548.2278757161648
7;2025-11-20;20;991.9105426896772
7;2025-11-20;21;589.967867051075
7;2025-11-20;22;348.133306678997
7;2025-11-20;23;268.5335460479704
7;2025-11-21;0;114.2688461320871
7;2025-11-21;1;0.0
7;2025-11-21;2;0.0
7;2025-11-21;3;0.0
7;2025-11-21;4;60.88877256471187
7;2025-11-21;5;222.01509890250497
7;2025-11-21;6;641.646838013472
7;2025-11-21;7;1385.6044741891933
7;2025-11-21;8;2110.777604795518
7;2025-11-21;9;1617.170748486667
7;2025-11-21;10;1440.4542116771026
7;2025-11-21;11;1375.547744451325
7;2025-11-21;12;1435.9091021020272
7;2025-11-21;13;1482.1613866455102
7;2025-11-21;14;1531.68659925059
7;2025-11-21;15;1625.259498712841
7;2025-11-21;16;1828.9301560443655
7;2025-11-21;17;1974.506463848104
7;2025-11-21;18;1926.631406890091
7;2025-11-21;19;1414.2573554215182
7;2025-11-21;20;970.3096567013808
7;2025-11-21;21;600.9258996834184
7;2025-11-21;22;315.5194841268112
7;2025-11-21;23;240.0900117685336
7;2025-11-22;0;122.56573966830433
7;2025-11-22;1;0.0
7;2025-11-22;2;0.0
7;2025-11-22;3;0.0
7;2025-11-22;4;38.84627253395115
7;2025-11-22;5;55.52096644728306
7;2025-11-22;6;211.8428578542064
7;2025-11-22;7;337.48017073096275
7;2025-11-22;8;594.0039127055792
7;2025-11-22;9;596.3836598237056
7;2025-11-22;10;657.9542073036358
7;2025-11-22;11;770.0786754629307
7;2025-11-22;12;856.4327797434637
7;2025-11-22;13;883.6709430111083
7;2025-11-22;14;901.8656095920594
7;2025-11-22;15;866.0119631240065
7;2025-11-22;16;806.897699261795
7;2025-11-22;17;789.7138366030262
7;2025-11-22;18;736.8913183032173
7;2025-11-22;19;668.7422288547832
7;2025-11-22;20;511.70189764631397
7;2025-11-22;21;397.92518491217663
7;2025-11-22;22;241.96917897913727
7;2025-11-22;23;207.95489914189068
7;2025-11-23;0;140.73413733524683
7;2025-11-23;1;0.0
7;2025-11-23;2;0.0
7;2025-11-23;3;0.0
7;2025-11-23;4;76.37321405196519
7;2025-11-23;5;100.09107795182047
7;2025-11-23;6;200.80618555867568
7;2025-11-23;7;262.3791087400367
7;2025-11-23;8;431.44717516840177
7;2025-11-23;9;488.90097953507563
7;2025-11-23;10;539.3386489302211
7;2025-11-23;11;657.0365886047467
7;2025-11-23;12;746.6968765740867
7;2025-11-23;13;785.2198490207365
7;2025-11-23;14;812.1757455816604
7;2025-11-23;15;772.9925930869127
7;2025-11-23;16;688.2860349319196
7;2025-11-23;17;701.9705920169872
7;2025-11-23;18;648.6746193160249
7;2025-11-23;19;557.8741049915043
7;2025-11-23;20;447.1193565810511
7;2025-11-23;21;345.58813506696424
7;2025-11-23;22;259.4457465499461
7;2025-11-23;23;217.64134405538073
7;2025-11-24;0;103.4542613834368
7;2025-11-24;1;0.0
7;2025-11-24;2;0.0
7;2025-11-24;3;0.0
7;2025-11-24;4;17.08482385348907
7;2025-11-24;5;198.11049909130668
7;2025-11-24;6;583.4569921772161
7;2025-11-24;7;1408.4044412753515
7;2025-11-24;8;2133.818238655819
7;2025-11-24;9;1671.8048589235434
7;2025-11-24;10;1388.5498077477764
7;2025-11-24;11;1276.5915022173565
7;2025-11-24;12;1358.3017488642863
7;2025-11-24;13;1412.0311258308102
7;2025-11-24;14;1430.724578090611
7;2025-11-24;15;1509.0167151046385
7;2025-11-24;16;1631.773396546137
7;2025-11-24;17;1944.1850701551036
7;2025-11-24;18;2173.5324749990536
7;2025-11-24;19;1456.8410673372978
7;2025-11-24;20;875.4154048115446
7;2025-11-24;21;471.95126388377605
7;2025-11-24;22;205.7132511832392
7;2025-11-24;23;106.56356222835859
7;2025-11-25;0;118.81725095459876
7;2025-11-25;1;0.0
7;2025-11-25;2;0.0
7;2025-11-25;3;0.0
7;2025-11-25;4;72.46734145542348
7;2025-11-25;5;246.77152217230298
7;2025-11-25;6;660.655088801618
7;2025-11-25;7;1421.8614186543386
7;2025-11-25;8;2187.631653787401
7;2025-11-25;9;1632.1709509466273
7;2025-11-25;10;1376.9729822254544
7;2025-11-25;11;1283.7775754577042
7;2025-11-25;12;1326.0679512539405
7;2025-11-25;13;1374.694850269616
7;2025-11-25;14;1439.3760524445365
7;2025-11-25;15;1533.9476824997812
7;2025-11-25;16;1665.6896308039868
7;2025-11-25;17;2026.2023327865288
7;2025-11-25;18;2211.6289829780712
7;2025-11-25;19;1544.9047235463522
7;2025-11-25;20;958.5557224085477
7;2025-11-25;21;590.9697565452111
7;2025-11-25;22;328.8445217615572
7;2025-11-25;23;236.90255900186207
7;2025-11-26;0;130.6417603623113
7;2025-11-26;1;0.0
7;2025-11-26;2;0.0
7;2025-11-26;3;0.0
7;2025-11-26;4;40.324265723070084
7;2025-11-26;5;243.20918204880172
7;2025-11-26;6;656.1260828789254
7;2025-11-26;7;1436.0751508136932
7;2025-11-26;8;2203.362359085888
7;2025-11-26;9;1674.1461402954883
7;2025-11-26;10;1420.264139384707
7;2025-11-26;11;1303.3312956684742
7;2025-11-26;12;1306.6307214714743
7;2025-11-26;13;1401.975286836251
7;2025-11-26;14;1468.3349836307666
7;2025-11-26;15;1555.5924967684591
7;2025-11-26;16;1678.4642859193295
7;2025-11-26;17;2090.5112503953105
7;2025-11-26;18;2245.364599683168
7;2025-11-26;19;1522.1025232971783
7;2025-11-26;20;959.3638322062523
7;2025-11-26;21;591.1894523542667
7;2025-11-26;22;340.8176274395527
7;2025-11-26;23;251.10398186238376
7;2025-11-27;0;146.4403214969485
7;2025-11-27;1;0.0
7;2025-11-27;2;0.0
7;2025-11-27;3;0.0
7;2025-11-27;4;75.87141829860195
7;2025-11-27;5;245.42272220256996
7;2025-11-27;6;661.1028521920516
7;2025-11-27;7;1451.5698049172142
7;2025-11-27;8;2182.0902870343825
7;2025-11-27;9;1662.3980197547976
7;2025-11-27;10;1432.5783495588603
7;2025-11-27;11;1291.288379790449
7;2025-11-27;12;1327.1153978793263
7;2025-11-27;13;1390.6890543581098
7;2025-11-27;14;1459.6755193542313
7;2025-11-27;15;1528.9921425007046
7;2025-11-27;16;1678.7667575634723
7;2025-11-27;17;1991.715037692748
7;2025-11-27;18;2176.805698742336
7;2025-11-27;19;1470.889284826888
7;2025-11-27;20;912.7978501597565
7;2025-11-27;21;564.9227235064037
7;2025-11-27;22;253.24997994396745
7;2025-11-27;23;210.72431942595972
7;2025-11-28;0;125.7216859268434
7;2025-11-28;1;0.0
7;2025-11-28;2;0.0
7;2025-11-28;3;0.0
7;2025-11-28;4;99.70199176011181
7;2025-11-28;5;256.8097296611403
7;2025-11-28;6;632.8308514256846
7;2025-11-28;7;1383.7905091329283
7;2025-11-28;8;2083.3086215494905
7;2025-11-28;9;1620.9969550875958
7;2025-11-28;10;1448.9070733204485
7;2025-11-28;11;1378.862575357864
7;2025-11-28;12;1410.5140964526818
7;2025-11-28;13;1474.9765400298993
7;2025-11-28;14;1536.4059830198498
7;2025-11-28;15;1617.3451913718832
7;2025-11-28;16;1780.089651055062
7;2025-11-28;17;1935.5938309693727
7;2025-11-28;18;1864.8205967827514
7;2025-11-28;19;1388.13712333808
7;2025-11-28;20;939.476219574706
7;2025-11-28;21;605.5459649858861
7;2025-11-28;22;368.0630642255849
7;2025-11-28;23;276.71344787511214
7;2025-11-29;0;185.81140087091887
7;2025-11-29;1;0.0
7;2025-11-29;2;0.0
7;2025-11-29;3;0.0
7;2025-11-29;4;104.45634541474772
7;2025-11-29;5;149.76930111352397
7;2025-11-29;6;284.6551039482588
7;2025-11-29;7;366.8433111011283
7;2025-11-29;8;600.4026037716117
7;2025-11-29;9;592.7433569587126
7;2025-11-29;10;639.8640908510547
7;2025-11-29;11;745.11430603705
7;2025-11-29;12;825.9857202803335
7;2025-11-29;13;878.5238966481479
7;2025-11-29;14;880.2496329315418
7;2025-11-29;15;861.0130488172255
7;2025-11-29;16;806.9413426522739
7;2025-11-29;17;797.1713932094558
7;2025-11-29;18;730.5598659045602
7;2025-11-29;19;705.2990274753276
7;2025-11-29;20;550.6393804507613
7;2025-11-29;21;431.3309044138477
7;2025-11-29;22;312.92354109354983
7;2025-11-29;23;249.5803054894999
7;2025-11-30;0;213.073962975688
7;2025-11-30;1;0.0
7;2025-11-30;2;0.0
7;2025-11-30;3;0.0
7;2025-11-30;4;92.16150643581659
7;2025-11-30;5;110.03965817464984
7;2025-11-30;6;222.71542551920606
7;2025-11-30;7;252.53270701204178
7;2025-11-30;8;414.96889886260266
7;2025-11-30;9;465.3261878586901
7;2025-11-30;10;521.3642810907365
7;2025-11-30;11;621.3411142938265
7;2025-11-30;12;697.9371126582676
7;2025-11-30;13;758.4600418138767
7;2025-11-30;14;764.0938028696467
7;2025-11-30;15;714.6478713218737
7;2025-11-30;16;701.1344863964728
7;2025-11-30;17;675.2567799533799
7;2025-11-30;18;618.9981184524206
7;2025-11-30;19;558.545154137232
7;2025-11-30;20;471.37508525394514
7;2025-11-30;21;372.75314698598856
7;2025-11-30;22;278.9169932758872
7;2025-11-30;23;225.06720103555097
7;2025-12-01;0;167.14368127654814
7;2025-12-01;1;0.0
7;2025-12-01;2;0.0
7;2025-12-01;3;0.0
7;2025-12-01;4;102.08032632157426
7;2025-12-01;5;279.3305461900501
7;2025-12-01;6;679.0273727608559
7;2025-12-01;7;1383.2510808621691
7;2025-12-01;8;2050.781835905842
7;2025-12-01;9;1524.896155852487
7;2025-12-01;10;1284.7396197031567
7;2025-12-01;11;1202.1532913401284
7;2025-12-01;12;1223.416938208715
7;2025-12-01;13;1271.398489982705
7;2025-12-01;14;1312.5600591036123
7;2025-12-01;15;1421.8291361989136
7;2025-12-01;16;1528.696446488093
7;2025-12-01;17;1900.7530934864185
7;2025-12-01;18;2135.8714254802485
7;2025-12-01;19;1528.6308110515522
7;2025-12-01;20;946.481530293873
7;2025-12-01;21;570.5160483356627
7;2025-12-01;22;355.06321644593146
7;2025-12-01;23;259.9016735842231
7;2025-12-02;0;165.83988765272738
7;2025-12-02;1;0.0
7;2025-12-02;2;0.0
7;2025-12-02;3;0.0
7;2025-12-02;4;115.51707830722978
7;2025-12-02;5;286.33231105720574
7;2025-12-02;6;694.5910788581136
7;2025-12-02;7;1391.663308489008
7;2025-12-02;8;2087.2016004734437
7;2025-12-02;9;1567.3974980697124
7;2025-12-02;10;1323.3960061373052
7;2025-12-02;11;1227.4028057267612
7;2025-12-02;12;1263.3628550158169
7;2025-12-02;13;1310.0801372487163
7;2025-12-02;14;1367.6795193703115
7;2025-12-02;15;1452.2674356173059
7;2025-12-02;16;1523.6590864384502
7;2025-12-02;17;1930.3300677328657
7;2025-12-02;18;2138.188060546489
7;2025-12-02;19;1520.0294646828634
7;2025-12-02;20;924.3296214346067
7;2025-12-02;21;603.0950521866521
7;2025-12-02;22;378.3758251804045
7;2025-12-02;23;268.0157181574041
7;2025-12-03;0;183.4111597048917
7;2025-12-03;1;0.0
7;2025-12-03;2;0.0
7;2025-12-03;3;0.0
7;2025-12-03;4;115.6069438415285
7;2025-12-03;5;293.84324694578413
7;2025-12-03;6;695.6214087943537
7;2025-12-03;7;1406.9685866510695
7;2025-12-03;8;2126.3916388317866
7;2025-12-03;9;1588.3301535587818
7;2025-12-03;10;1350.6638765200473
7;2025-12-03;11;1262.2799794632986
7;2025-12-03;12;1274.48217526976
7;2025-12-03;13;1321.6771304366728
7;2025-12-03;14;1384.0995871210869
7;2025-12-03;15;1475.5026901225497
7;2025-12-03;16;1555.3221595158848
7;2025-12-03;17;1964.6965132977746
7;2025-12-03;18;2190.7129593826426
7;2025-12-03;19;1565.7092814723019
7;2025-12-03;20;929.3245288254158
7;2025-12-03;21;617.2857948501808
7;2025-12-03;22;393.71461376373946
7;2025-12-03;23;280.7683251382721
7;2025-12-04;0;176.63653540012092
7;2025-12-04;1;0.0
7;2025-12-04;2;0.0
7;2025-12-04;3;0.0
7;2025-12-04;4;115.63753729072107
7;2025-12-04;5;292.0837088937827
7;2025-12-04;6;691.2141009625113
7;2025-12-04;7;1408.7172566927275
7;2025-12-04;8;2112.1786111618458
7;2025-12-04;9;1557.927224482675
7;2025-12-04;10;1315.0570696958923
7;2025-12-04;11;1251.3587010781646
7;2025-12-04;12;1271.5934023104087
7;2025-12-04;13;1316.7486025501992
7;2025-12-04;14;1368.8586882598593
7;2025-12-04;15;1452.8217076656856
7;2025-12-04;16;1533.467326407812
7;2025-12-04;17;1905.7092675236966
7;2025-12-04;18;2126.9918990318856
7;2025-12-04;19;1499.736745751498
7;2025-12-04;20;915.7590425192328
7;2025-12-04;21;606.0774088353745
7;2025-12-04;22;374.4340638381842
7;2025-12-04;23;284.84792443352444
7;2025-12-05;0;204.57758358131878
7;2025-12-05;1;0.0
7;2025-12-05;2;0.0
7;2025-12-05;3;0.0
7;2025-12-05;4;114.12674407002999
7;2025-12-05;5;277.08814286312906
7;2025-12-05;6;676.438065509367
7;2025-12-05;7;1372.5010386126742
7;2025-12-05;8;1989.70318363523
7;2025-12-05;9;1539.7422017614124
7;2025-12-05;10;1348.527117400694
7;2025-12-05;11;1295.2763986004952
7;2025-12-05;12;1374.8305032596113
7;2025-12-05;13;1426.5415040469625
7;2025-12-05;14;1477.5620076985488
7;2025-12-05;15;1556.8349971280527
7;2025-12-05;16;1681.5138617058951
7;2025-12-05;17;1832.5973789340892
7;2025-12-05;18;1807.009760072367
7;2025-12-05;19;1383.3428497208613
7;2025-12-05;20;917.7730064285156
7;2025-12-05;21;618.698080520257
7;2025-12-05;22;391.47431635678595
7;2025-12-05;23;284.9092775222824
7;2025-12-06;0;216.9779216779998
7;2025-12-06;1;0.0
7;2025-12-06;2;0.0
7;2025-12-06;3;0.0
7;2025-12-06;4;131.32942772577724
7;2025-12-06;5;172.75223901900915
7;2025-12-06;6;324.18943897536917
7;2025-12-06;7;409.7258098333904
7;2025-12-06;8;612.8573363141089
7;2025-12-06;9;602.686508730947
7;2025-12-06;10;637.776552785374
7;2025-12-06;11;730.5560053460963
7;2025-12-06;12;836.2935729213731
7;2025-12-06;13;878.1942002522593
7;2025-12-06;14;895.8283333401693
7;2025-12-06;15;860.9334547540501
7;2025-12-06;16;796.767802210138
7;2025-12-06;17;775.2450455479052
7;2025-12-06;18;729.0114587748735
7;2025-12-06;19;697.1104005059378
7;2025-12-06;20;539.7906885906131
7;2025-12-06;21;462.5557229145817
7;2025-12-06;22;330.9271216342538
7;2025-12-06;23;253.76491248853335
7;2025-12-07;0;209.94461089240554
7;2025-12-07;1;0.0
7;2025-12-07;2;0.0
7;2025-12-07;3;0.0
7;2025-12-07;4;125.67192904705428
7;2025-12-07;5;150.55163799384184
7;2025-12-07;6;258.84293481554437
7;2025-12-07;7;287.09326305242564
7;2025-12-07;8;425.2745217340348
7;2025-12-07;9;470.55473224116804
7;2025-12-07;10;511.50056263286046
7;2025-12-07;11;604.0479379502983
7;2025-12-07;12;685.6735650708453
7;2025-12-07;13;740.7918794333657
7;2025-12-07;14;758.3141779021145
7;2025-12-07;15;753.8708164113882
7;2025-12-07;16;685.5502535683141
7;2025-12-07;17;688.1559476090548
7;2025-12-07;18;620.3926884402828
7;2025-12-07;19;565.5475879639497
7;2025-12-07;20;480.15717148167585
7;2025-12-07;21;399.8744325407702
7;2025-12-07;22;305.4955859685125
7;2025-12-07;23;240.2048782062052
7;2025-12-08;0;181.30708118687733
7;2025-12-08;1;0.0
7;2025-12-08;2;0.0
7;2025-12-08;3;0.0
7;2025-12-08;4;112.89704236570128
7;2025-12-08;5;291.25276278794706
7;2025-12-08;6;685.9670851579854
7;2025-12-08;7;1386.007625561222
7;2025-12-08;8;2065.1134039700632
7;2025-12-08;9;1531.7698620464344
7;2025-12-08;10;1282.5109831615123
7;2025-12-08;11;1187.2060821408381
7;2025-12-08;12;1229.332926856379
7;2025-12-08;13;1294.4066667230395
7;2025-12-08;14;1309.0003808950128
7;2025-12-08;15;1381.5880327818059
7;2025-12-08;16;1513.5030618784476
7;2025-12-08;17;1890.5225204320707
7;2025-12-08;18;2125.476350302222
7;2025-12-08;19;1469.240878195226
7;2025-12-08;20;914.1769213749383
7;2025-12-08;21;574.942656767631
7;2025-12-08;22;352.7468408939416
7;2025-12-08;23;259.5632513929729
7;2025-12-09;0;165.49994872053992
7;2025-12-09;1;0.0
7;2025-12-09;2;0.0
7;2025-12-09;3;0.0
7;2025-12-09;4;114.4261963433537
7;2025-12-09;5;300.4983168809199
7;2025-12-09;6;694.3320068625615
7;2025-12-09;7;1393.401425923934
7;2025-12-09;8;2088.6299862498695
7;2025-12-09;9;1567.6737801080847
7;2025-12-09;10;1302.0828789978063
7;2025-12-09;11;1173.57321226664
7;2025-12-09;12;1204.6241197171953
7;2025-12-09;13;1220.2770298855678
7;2025-12-09;14;1305.7295751885258
7;2025-12-09;15;1414.2663952615223
7;2025-12-09;16;1569.8603290370806
7;2025-12-09;17;1980.8426124943244
7;2025-12-09;18;2205.744739334533
7;2025-12-09;19;1548.1314712359128
7;2025-12-09;20;937.7935113538953
7;2025-12-09;21;601.1430498930289
7;2025-12-09;22;345.541968485616
7;2025-12-09;23;268.98210153359764
7;2025-12-10;0;117.22355998812247
7;2025-12-10;1;0.0
7;2025-12-10;2;0.0
7;2025-12-10;3;0.0
7;2025-12-10;4;76.31189363696842
7;2025-12-10;5;260.52924459835526
7;2025-12-10;6;659.0778318239041
7;2025-12-10;7;1388.3041034492508
7;2025-12-10;8;2078.7233087014165
7;2025-12-10;9;1560.9316422528289
7;2025-12-10;10;1305.0392368119117
7;2025-12-10;11;1214.2780588433136
7;2025-12-10;12;1223.2472399227838
7;2025-12-10;13;1283.6638350336075
7;2025-12-10;14;1324.3771406725366
7;2025-12-10;15;1418.9758015973146
7;2025-12-10;16;1538.5903760491838
7;2025-12-10;17;1937.0563046842353
7;2025-12-10;18;2121.73590327308
7;2025-12-10;19;1498.0433959386723
7;2025-12-10;20;900.5114245198039
7;2025-12-10;21;573.593479918824
7;2025-12-10;22;329.3271819213728
7;2025-12-10;23;232.0513798251942
7;2025-12-11;0;146.17289651401882
7;2025-12-11;1;0.0
7;2025-12-11;2;0.0
7;2025-12-11;3;0.0
7;2025-12-11;4;90.86805974760637
7;2025-12-11;5;267.0027527060297
7;2025-12-11;6;638.9577001669428
7;2025-12-11;7;1391.0035454920485
7;2025-12-11;8;2071.780973014418
7;2025-12-11;9;1570.7587631172632
7;2025-12-11;10;1327.4479105713228
7;2025-12-11;11;1220.300458212646
7;2025-12-11;12;1248.2430637374878
7;2025-12-11;13;1319.410046610525
7;2025-12-11;14;1365.2894929425147
7;2025-12-11;15;1464.751479597108
7;2025-12-11;16;1546.6073034953708
7;2025-12-11;17;1930.686767486682
7;2025-12-11;18;2151.2743660554424
7;2025-12-11;19;1480.2712560802368
7;2025-12-11;20;906.9344313280432
7;2025-12-11;21;580.5609806100376
7;2025-12-11;22;347.5818046922644
7;2025-12-11;23;240.94280945459354
7;2025-12-12;0;157.75081752014614
7;2025-12-12;1;0.0
7;2025-12-12;2;0.0
7;2025-12-12;3;0.0
7;2025-12-12;4;96.719670979998
7;2025-12-12;5;257.8617696535423
7;2025-12-12;6;615.2478101490494
7;2025-12-12;7;1387.5928759244832
7;2025-12-12;8;2045.8397142408116
7;2025-12-12;9;1575.5648272929873
7;2025-12-12;10;1373.6474621007658
7;2025-12-12;11;1315.1472443241798
7;2025-12-12;12;1378.7759246795108
7;2025-12-12;13;1412.5578338519426
7;2025-12-12;14;1464.5660059960378
7;2025-12-12;15;1543.4866328626963
7;2025-12-12;16;1681.2317599472658
7;2025-12-12;17;1830.64100542828
7;2025-12-12;18;1789.7246920487323
7;2025-12-12;19;1328.6783087850577
7;2025-12-12;20;878.6433777600703
7;2025-12-12;21;553.8234781477142
7;2025-12-12;22;304.8859909831309
7;2025-12-12;23;196.84754011068435
7;2025-12-13;0;151.7955079243742
7;2025-12-13;1;0.0
7;2025-12-13;2;0.0
7;2025-12-13;3;0.0
7;2025-12-13;4;100.86629037935734
7;2025-12-13;5;146.45482772889193
7;2025-12-13;6;307.45958998573747
7;2025-12-13;7;400.64014219436115
7;2025-12-13;8;602.8969124903675
7;2025-12-13;9;649.0043509655582
7;2025-12-13;10;651.1679736312132
7;2025-12-13;11;745.9232535277001
7;2025-12-13;12;814.267904020065
7;2025-12-13;13;854.4004278698767
7;2025-12-13;14;866.3879273083124
7;2025-12-13;15;860.9980487243913
7;2025-12-13;16;805.3664794045162
7;2025-12-13;17;778.0042719962247
7;2025-12-13;18;742.9415213311692
7;2025-12-13;19;706.4094301502694
7;2025-12-13;20;572.4848346994795
7;2025-12-13;21;446.263707627235
7;2025-12-13;22;280.30972452967353
7;2025-12-13;23;229.04625210421023
7;2025-12-14;0;179.26308305163866
7;2025-12-14;1;0.0
7;2025-12-14;2;0.0
7;2025-12-14;3;0.0
7;2025-12-14;4;91.52437183798645
7;2025-12-14;5;109.88823434865208
7;2025-12-14;6;247.12892686480814
7;2025-12-14;7;298.098763638769
7;2025-12-14;8;477.8113381005425
7;2025-12-14;9;498.33525955783205
7;2025-12-14;10;512.7314626072338
7;2025-12-14;11;624.155963033131
7;2025-12-14;12;678.6089685848157
7;2025-12-14;13;725.4654147177206
7;2025-12-14;14;744.2368909491136
7;2025-12-14;15;746.5918378944225
7;2025-12-14;16;704.8337383640371
7;2025-12-14;17;692.3849880734086
7;2025-12-14;18;642.7545494674453
7;2025-12-14;19;593.4994573388169
7;2025-12-14;20;497.4602214255963
7;2025-12-14;21;386.3585890111869
7;2025-12-14;22;272.01788886858617
7;2025-12-14;23;203.16341498070506
7;2025-12-15;0;158.34481957466778
7;2025-12-15;1;0.0
7;2025-12-15;2;0.0
7;2025-12-15;3;0.0
7;2025-12-15;4;62.625076979877235
7;2025-12-15;5;225.33516116424005
7;2025-12-15;6;613.2202883736115
7;2025-12-15;7;1394.2886900076173
7;2025-12-15;8;2079.4192084372
7;2025-12-15;9;1544.307047500461
7;2025-12-15;10;1301.0629416427057
7;2025-12-15;11;1207.1397632570224
7;2025-12-15;12;1242.784695288532
7;2025-12-15;13;1279.3418419857571
7;2025-12-15;14;1346.2323038256886
7;2025-12-15;15;1424.861297854763
7;2025-12-15;16;1554.4237596776156
7;2025-12-15;17;1921.36221884768
7;2025-12-15;18;2128.8090892489035
7;2025-12-15;19;1485.4082635741038
7;2025-12-15;20;892.0388674194197
7;2025-12-15;21;538.8088575530254
7;2025-12-15;22;303.19658714243735
7;2025-12-15;23;206.94907075322476
7;2025-12-16;0;150.52641804596442
7;2025-12-16;1;0.0
7;2025-12-16;2;0.0
7;2025-12-16;3;0.0
7;2025-12-16;4;100.32860724990769
7;2025-12-16;5;256.18107807816443
7;2025-12-16;6;644.3103321445435
7;2025-12-16;7;1431.2752121574674
7;2025-12-16;8;2166.5546412996237
7;2025-12-16;9;1611.577624595995
7;2025-12-16;10;1359.5345500115209
7;2025-12-16;11;1227.0505776876087
7;2025-12-16;12;1263.1682853022166
7;2025-12-16;13;1265.7136427745972
7;2025-12-16;14;1379.9450283024648
7;2025-12-16;15;1458.7583086916552
7;2025-12-16;16;1578.5927710489227
7;2025-12-16;17;1970.9069927576122
7;2025-12-16;18;2196.2193730819145
7;2025-12-16;19;1537.3576874046248
7;2025-12-16;20;921.4829441291765
7;2025-12-16;21;579.7559215627798
7;2025-12-16;22;338.53501144757996
7;2025-12-16;23;244.218537782432
7;2025-12-17;0;146.5722674285205
7;2025-12-17;1;0.0
7;2025-12-17;2;0.0
7;2025-12-17;3;0.0
7;2025-12-17;4;79.30326781801568
7;2025-12-17;5;269.17753605628
7;2025-12-17;6;629.2537943072716
7;2025-12-17;7;1416.2779345824983
7;2025-12-17;8;2138.6264956671275
7;2025-12-17;9;1593.336954820636
7;2025-12-17;10;1332.8446789742814
7;2025-12-17;11;1230.9859204327101
7;2025-12-17;12;1255.680371934872
7;2025-12-17;13;1328.1843538276962
7;2025-12-17;14;1391.672105525378
7;2025-12-17;15;1462.280241881936
7;2025-12-17;16;1558.9289057989135
7;2025-12-17;17;1945.2763339823207
7;2025-12-17;18;2142.5931334734823
7;2025-12-17;19;1510.364364956952
7;2025-12-17;20;910.7527161972536
7;2025-12-17;21;585.5107404175881
7;2025-12-17;22;360.66067458458303
7;2025-12-17;23;228.09127086439116
7;2025-12-18;0;144.27584600152682
7;2025-12-18;1;0.0
7;2025-12-18;2;0.0
7;2025-12-18;3;0.0
7;2025-12-18;4;94.39735713895993
7;2025-12-18;5;267.9911374251891
7;2025-12-18;6;625.9356086980151
7;2025-12-18;7;1430.527812581195
7;2025-12-18;8;2132.4500997094233
7;2025-12-18;9;1593.345824975247
7;2025-12-18;10;1317.1620655558759
7;2025-12-18;11;1201.7827366013532
7;2025-12-18;12;1214.430175620511
7;2025-12-18;13;1301.0414363047926
7;2025-12-18;14;1355.3319933137504
7;2025-12-18;15;1446.1931878624869
7;2025-12-18;16;1593.6898528994886
7;2025-12-18;17;1951.1278879169336
7;2025-12-18;18;2191.4277662095083
7;2025-12-18;19;1500.7405520328211
7;2025-12-18;20;897.6129830382283
7;2025-12-18;21;575.6528443725653
7;2025-12-18;22;359.417135468605
7;2025-12-18;23;260.3097087454347
7;2025-12-19;0;183.71983846211333
7;2025-12-19;1;0.0
7;2025-12-19;2;0.0
7;2025-12-19;3;0.0
7;2025-12-19;4;123.67740126339868
7;2025-12-19;5;295.3657879842061
7;2025-12-19;6;644.2994718778392
7;2025-12-19;7;1402.8033307291653
7;2025-12-19;8;2062.6624149309096
7;2025-12-19;9;1578.9495487911204
7;2025-12-19;10;1388.9461335197084
7;2025-12-19;11;1320.690907578838
7;2025-12-19;12;1355.852175583036
7;2025-12-19;13;1412.255598771061
7;2025-12-19;14;1471.972250503214
7;2025-12-19;15;1573.2334831387143
7;2025-12-19;16;1714.2534446866766
7;2025-12-19;17;1913.9644063772007
7;2025-12-19;18;1877.5524985788752
7;2025-12-19;19;1415.6620932096323
7;2025-12-19;20;923.4989579184988
7;2025-12-19;21;612.1432002218594
7;2025-12-19;22;391.33309123637554
7;2025-12-19;23;293.64983793600356
7;2025-12-20;0;208.79172113657194
7;2025-12-20;1;0.0
7;2025-12-20;2;0.0
7;2025-12-20;3;0.0
7;2025-12-20;4;116.32052860201236
7;2025-12-20;5;167.22001842482882
7;2025-12-20;6;305.4790764962984
7;2025-12-20;7;391.1134503440206
7;2025-12-20;8;608.1529352521147
7;2025-12-20;9;641.5125468376216
7;2025-12-20;10;667.5939192062849
7;2025-12-20;11;773.6564356035232
7;2025-12-20;12;848.0672686911549
7;2025-12-20;13;893.3966304335822
7;2025-12-20;14;892.982140218247
7;2025-12-20;15;901.005142979773
7;2025-12-20;16;844.4278611263686
7;2025-12-20;17;819.5684386548074
7;2025-12-20;18;744.8746401037502
7;2025-12-20;19;717.9027983225835
7;2025-12-20;20;559.8949834167445
7;2025-12-20;21;450.1676669877098
7;2025-12-20;22;309.9053276637891
7;2025-12-20;23;234.59379832800516
7;2025-12-21;0;179.5340911619703
7;2025-12-21;1;0.0
7;2025-12-21;2;0.0
7;2025-12-21;3;0.0
7;2025-12-21;4;82.58185630248715
7;2025-12-21;5;110.12333376689821
7;2025-12-21;6;213.36506017560328
7;2025-12-21;7;273.9599739269736
7;2025-12-21;8;431.96004675123663
7;2025-12-21;9;497.7957102826277
7;2025-12-21;10;548.6675954433568
7;2025-12-21;11;656.6449980872522
7;2025-12-21;12;712.9889811840245
7;2025-12-21;13;791.9592590201745
7;2025-12-21;14;813.6107447399031
7;2025-12-21;15;780.08555778779
7;2025-12-21;16;721.756237399904
7;2025-12-21;17;710.1068890509758
7;2025-12-21;18;663.4608276440981
7;2025-12-21;19;598.0583207487441
7;2025-12-21;20;498.5341727530549
7;2025-12-21;21;405.0638263163812
7;2025-12-21;22;288.4204439200246
7;2025-12-21;23;215.04087094160855
7;2025-12-22;0;156.73194638876998
7;2025-12-22;1;0.0
7;2025-12-22;2;0.0
7;2025-12-22;3;0.0
7;2025-12-22;4;86.28285215247377
7;2025-12-22;5;250.4690673985391
7;2025-12-22;6;612.0580871067111
7;2025-12-22;7;1364.7224071062703
7;2025-12-22;8;2084.0318318465856
7;2025-12-22;9;1556.5202451774726
7;2025-12-22;10;1300.181766169817
7;2025-12-22;11;1200.3727048313024
7;2025-12-22;12;1194.0955939458258
7;2025-12-22;13;1198.7016288724503
7;2025-12-22;14;1219.6809084885235
7;2025-12-22;15;1331.7438282759413
7;2025-12-22;16;1426.4386762987083
7;2025-12-22;17;1835.9627804708712
7;2025-12-22;18;2116.1836821970437
7;2025-12-22;19;1445.1821088329552
7;2025-12-22;20;824.5185248578399
7;2025-12-22;21;497.0094821322262
7;2025-12-22;22;297.77980548834967
7;2025-12-22;23;177.15430893941596
7;2025-12-23;0;114.16833818291707
7;2025-12-23;1;0.0
7;2025-12-23;2;0.0
7;2025-12-23;3;0.0
7;2025-12-23;4;51.393855712756135
7;2025-12-23;5;215.92117323283526
7;2025-12-23;6;578.1399711857048
7;2025-12-23;7;1326.4506653683125
7;2025-12-23;8;2065.7804956809277
7;2025-12-23;9;1523.2583918699142
7;2025-12-23;10;1261.5616092221442
7;2025-12-23;11;1159.1130061493097
7;2025-12-23;12;1148.099718094403
7;2025-12-23;13;1211.11225479317
7;2025-12-23;14;1286.494893167278
7;2025-12-23;15;1383.413719407301
7;2025-12-23;16;1486.2125073354225
7;2025-12-23;17;1926.2421578912301
7;2025-12-23;18;2128.4279187059483
7;2025-12-23;19;1503.2471713022592
7;2025-12-23;20;888.121146843781
7;2025-12-23;21;553.4898787939114
7;2025-12-23;22;343.1907570972362
7;2025-12-23;23;234.11774315870855
7;2025-12-24;0;133.60043196033212
7;2025-12-24;1;0.0
7;2025-12-24;2;0.0
7;2025-12-24;3;0.0
7;2025-12-24;4;81.10835630085421
7;2025-12-24;5;252.65044835493325
7;2025-12-24;6;673.6713464429524
7;2025-12-24;7;1419.0361980562996
7;2025-12-24;8;2166.4591549643974
7;2025-12-24;9;1605.9817940703424
7;2025-12-24;10;1339.318000296375
7;2025-12-24;11;1228.1518161555327
7;2025-12-24;12;1247.2560561281832
7;2025-12-24;13;1286.5959002505606
7;2025-12-24;14;1322.5891887159808
7;2025-12-24;15;1492.379534440509
7;2025-12-24;16;1571.2679355955097
7;2025-12-24;17;1986.5626297682059
7;2025-12-24;18;2280.239454339846
7;2025-12-24;19;1528.0565316244056
7;2025-12-24;20;966.4955226341992
7;2025-12-24;21;604.189302864791
7;2025-12-24;22;379.9465697683357
7;2025-12-24;23;267.1914238684458
7;2025-12-25;0;186.24808914141352
7;2025-12-25;1;0.0
7;2025-12-25;2;0.0
7;2025-12-25;3;0.0
7;2025-12-25;4;118.51834949091085
7;2025-12-25;5;270.771878437744
7;2025-12-25;6;687.5379512108462
7;2025-12-25;7;1426.5994608962997
7;2025-12-25;8;2164.3780960132576
7;2025-12-25;9;1606.5993199482682
7;2025-12-25;10;1314.524453916729
7;2025-12-25;11;1184.224930640332
7;2025-12-25;12;1194.187253615
7;2025-12-25;13;1273.7468842576952
7;2025-12-25;14;1339.9431280818214
7;2025-12-25;15;1449.7578894537655
7;2025-12-25;16;1588.5410694100026
7;2025-12-25;17;1977.6765500421418
7;2025-12-25;18;2220.538395061777
7;2025-12-25;19;1490.2464248335373
7;2025-12-25;20;916.173660396718
7;2025-12-25;21;533.9402704288198
7;2025-12-25;22;280.8666032057871
7;2025-12-25;23;139.86988421466094
7;2025-12-26;0;87.69001315481728
7;2025-12-26;1;0.0
7;2025-12-26;2;0.0
7;2025-12-26;3;0.0
7;2025-12-26;4;81.21003539718913
7;2025-12-26;5;242.22614676321314
7;2025-12-26;6;634.1699962353986
7;2025-12-26;7;1303.6654081577403
7;2025-12-26;8;1925.4774224530793
7;2025-12-26;9;1498.9231668502043
7;2025-12-26;10;1283.7475756984077
7;2025-12-26;11;1189.8680427005643
7;2025-12-26;12;1224.6773021804743
7;2025-12-26;13;1281.221851345314
7;2025-12-26;14;1338.019591669052
7;2025-12-26;15;1411.8950608200125
7;2025-12-26;16;1595.9911494337575
7;2025-12-26;17;1758.078328032935
7;2025-12-26;18;1725.7970296110054
7;2025-12-26;19;1296.7864620200667
7;2025-12-26;20;884.3638273946672
7;2025-12-26;21;577.7012824421013
7;2025-12-26;22;292.3992723768471
7;2025-12-26;23;174.22531604252742
7;2025-12-27;0;81.13542493326861
7;2025-12-27;1;0.0
7;2025-12-27;2;0.0
7;2025-12-27;3;0.0
7;2025-12-27;4;1.8129367550000097
7;2025-12-27;5;51.46608265758323
7;2025-12-27;6;221.79612229766212
7;2025-12-27;7;361.72679765435424
7;2025-12-27;8;599.962264832279
7;2025-12-27;9;688.4203378051799
7;2025-12-27;10;785.3989934262771
7;2025-12-27;11;937.979689961001
7;2025-12-27;12;1053.4711492948054
7;2025-12-27;13;1067.956989358183
7;2025-12-27;14;1080.467496017143
7;2025-12-27;15;1091.768670759749
7;2025-12-27;16;1011.8695150352474
7;2025-12-27;17;979.1127440411447
7;2025-12-27;18;909.9613381185206
7;2025-12-27;19;824.685409290992
7;2025-12-27;20;643.7772124846142
7;2025-12-27;21;508.6818402330288
7;2025-12-27;22;319.3996109504943
7;2025-12-27;23;250.95158879127598
7;2025-12-28;0;134.99028416610395
7;2025-12-28;1;0.0
7;2025-12-28;2;0.0
7;2025-12-28;3;0.0
7;2025-12-28;4;31.895037891057996
7;2025-12-28;5;57.426174150961174
7;2025-12-28;6;159.61725646049194
7;2025-12-28;7;268.9103305219227
7;2025-12-28;8;432.5891345660334
7;2025-12-28;9;546.4057211923223
7;2025-12-28;10;621.2553628929643
7;2025-12-28;11;795.1515973356209
7;2025-12-28;12;877.0480571442808
7;2025-12-28;13;924.866111971352
7;2025-12-28;14;936.024603973556
7;2025-12-28;15;944.2305742470912
7;2025-12-28;16;861.8558399843456
7;2025-12-28;17;844.4124131954728
7;2025-12-28;18;795.1571561953655
7;2025-12-28;19;693.9255426866087
7;2025-12-28;20;595.7734318100152
7;2025-12-28;21;454.6354723347511
7;2025-12-28;22;291.8786290680598
7;2025-12-28;23;200.3785153006154
7;2025-12-29;0;38.41453755326904
7;2025-12-29;1;0.0
7;2025-12-29;2;0.0
7;2025-12-29;3;0.0
7;2025-12-29;4;6.420665307971603
7;2025-12-29;5;183.5913445846927
7;2025-12-29;6;662.2230560455009
7;2025-12-29;7;1429.3936173448305
7;2025-12-29;8;2154.6690390439053
7;2025-12-29;9;1626.3191607113863
7;2025-12-29;10;1376.0837960772942
7;2025-12-29;11;1246.7270693001997
7;2025-12-29;12;1230.570878050543
7;2025-12-29;13;1280.2957116678997
7;2025-12-29;14;1327.7191217900308
7;2025-12-29;15;1391.6875434709714
7;2025-12-29;16;1581.223879452964
7;2025-12-29;17;2070.5285740279187
7;2025-12-29;18;2219.682649458966
7;2025-12-29;19;1556.5441469796522
7;2025-12-29;20;970.0356814880118
7;2025-12-29;21;570.4370683620156
7;2025-12-29;22;288.47640486780756
7;2025-12-29;23;183.98020878203306
7;2025-12-30;0;39.89366684721779
7;2025-12-30;1;0.0
7;2025-12-30;2;0.0
7;2025-12-30;3;0.0
7;2025-12-30;4;0.0
7;2025-12-30;5;174.95500618615654
7;2025-12-30;6;656.3570634905897
7;2025-12-30;7;1417.0474660326681
7;2025-12-30;8;2154.874725532726
7;2025-12-30;9;1588.60267127889
7;2025-12-30;10;1293.4261521356352
7;2025-12-30;11;1179.6649478072666
7;2025-12-30;12;1190.038222173706
7;2025-12-30;13;1237.0799902025426
7;2025-12-30;14;1271.847429517526
7;2025-12-30;15;1365.993651560042
7;2025-12-30;16;1500.2762634700248
7;2025-12-30;17;1932.3870765088052
7;2025-12-30;18;2144.8379400150443
7;2025-12-30;19;1532.185481126531
7;2025-12-30;20;939.4901035345083
7;2025-12-30;21;542.9588656696415
7;2025-12-30;22;266.2847829832773
7;2025-12-30;23;160.1077769547826
7;2025-12-31;0;82.18286397320992
7;2025-12-31;1;0.0
7;2025-12-31;2;0.0
7;2025-12-31;3;0.0
7;2025-12-31;4;0.0
7;2025-12-31;5;19.914322695210217
7;2025-12-31;6;159.65454684386316
7;2025-12-31;7;269.34714978780084
7;2025-12-31;8;551.9102879622856
7;2025-12-31;9;585.5958140255264
7;2025-12-31;10;608.223482290055
7;2025-12-31;11;720.1240393071919
7;2025-12-31;12;839.8818681671536
7;2025-12-31;13;896.5841831641519
7;2025-12-31;14;910.9717761937674
7;2025-12-31;15;901.5072210537109
7;2025-12-31;16;785.0996583015301
7;2025-12-31;17;898.1798156102599
7;2025-12-31;18;930.970937831015
7;2025-12-31;19;734.6519566580291
7;2025-12-31;20;528.484853287169
7;2025-12-31;21;393.8513319764757
7;2025-12-31;22;247.78616924063192
7;2025-12-31;23;159.3900509881521
11;2025-11-01;0;200.81133131632987
11;2025-11-01;1;0.0
11;2025-11-01;2;0.0
11;2025-11-01;3;0.0
11;2025-11-01;4;162.95465399969794
11;2025-11-01;5;345.1310234449993
11;2025-11-01;6;1282.5930224032268
11;2025-11-01;7;2122.384919746484
11;2025-11-01;8;2644.9772308078245
11;2025-11-01;9;2200.2002527680747
11;2025-11-01;10;1848.613122887407
11;2025-11-01;11;1816.4337177935429
11;2025-11-01;12;1883.8019131144792
11;2025-11-01;13;1944.0650677250617
11;2025-11-01;14;1969.527966678047
11;2025-11-01;15;2041.9923191127618
11;2025-11-01;16;2281.8591818198533
11;2025-11-01;17;2618.0263507064183
11;2025-11-01;18;2457.3794136575607
11;2025-11-01;19;1973.1188522116763
11;2025-11-01;20;1389.5855041107332
11;2025-11-01;21;905.7275484491573
11;2025-11-01;22;529.767427910314
11;2025-11-01;23;383.60449825816136
11;2025-11-02;0;96.4470589004477
11;2025-11-02;1;0.0
11;2025-11-02;2;0.0
11;2025-11-02;3;0.0
11;2025-11-02;4;0.0
11;2025-11-02;5;94.69025781255459
11;2025-11-02;6;465.7609741901756
11;2025-11-02;7;527.7100223063243
11;2025-11-02;8;675.2635718399008
11;2025-11-02;9;867.3123496485048
11;2025-11-02;10;1068.1143811365641
11;2025-11-02;11;1459.9854319941178
11;2025-11-02;12;1599.529101548149
11;2025-11-02;13;1603.1200404731053
11;2025-11-02;14;1642.7293007687608
11;2025-11-02;15;1686.4838278627408
11;2025-11-02;16;1645.933902951975
11;2025-11-02;17;1640.8735197128974
11;2025-11-02;18;1400.3840063752552
11;2025-11-02;19;1118.6290057571098
11;2025-11-02;20;901.9643530170762
11;2025-11-02;21;586.9888178332723
11;2025-11-02;22;358.6884522266864
11;2025-11-02;23;248.28349283294847
11;2025-11-03;0;148.76532484239533
11;2025-11-03;1;0.0
11;2025-11-03;2;0.0
11;2025-11-03;3;0.0
11;2025-11-03;4;45.7665251783003
11;2025-11-03;5;237.60860483317038
11;2025-11-03;6;651.7227350415552
11;2025-11-03;7;750.2316131862165
11;2025-11-03;8;950.4562565263823
11;2025-11-03;9;956.2583996881573
11;2025-11-03;10;1057.2357904720334
11;2025-11-03;11;1354.4269904070366
11;2025-11-03;12;1400.5381807040524
11;2025-11-03;13;1469.3291015418624
11;2025-11-03;14;1446.1213921433475
11;2025-11-03;15;1499.3925226694255
11;2025-11-03;16;1490.3866032831702
11;2025-11-03;17;1578.002179772579
11;2025-11-03;18;1528.399369297307
11;2025-11-03;19;1204.769679537505
11;2025-11-03;20;942.9052343031294
11;2025-11-03;21;710.6901372839909
11;2025-11-03;22;452.2190796519734
11;2025-11-03;23;321.74323011058823
11;2025-11-04;0;116.55124362874903
11;2025-11-04;1;0.0
11;2025-11-04;2;0.0
11;2025-11-04;3;0.0
11;2025-11-04;4;24.11215206507518
11;2025-11-04;5;199.1433117454112
11;2025-11-04;6;641.4173720637364
11;2025-11-04;7;720.0723189174963
11;2025-11-04;8;924.3439295312874
11;2025-11-04;9;918.2028758176558
11;2025-11-04;10;999.288855206358
11;2025-11-04;11;1318.9548265282554
11;2025-11-04;12;1422.4181940132437
11;2025-11-04;13;1447.1570523817911
11;2025-11-04;14;1564.8299755252242
11;2025-11-04;15;1588.5197968238654
11;2025-11-04;16;1513.2500302256556
11;2025-11-04;17;1610.64069040086
11;2025-11-04;18;1633.774691950607
11;2025-11-04;19;1315.9963966118396
11;2025-11-04;20;996.5948562398781
11;2025-11-04;21;659.9584416239675
11;2025-11-04;22;402.80053617952035
11;2025-11-04;23;277.64830536368845
11;2025-11-05;0;48.107920616420415
11;2025-11-05;1;0.0
11;2025-11-05;2;0.0
11;2025-11-05;3;0.0
11;2025-11-05;4;23.84353137405992
11;2025-11-05;5;240.1725545711356
11;2025-11-05;6;1305.044773081403
11;2025-11-05;7;2458.6658324703844
11;2025-11-05;8;3060.7249751289955
11;2025-11-05;9;2462.6964542374653
11;2025-11-05;10;1949.6672212898739
11;2025-11-05;11;1908.1947107545943
11;2025-11-05;12;1944.2671454946044
11;2025-11-05;13;2015.7902178781278
11;2025-11-05;14;2008.1719197724246
11;2025-11-05;15;2073.866671542094
11;2025-11-05;16;2245.111797871057
11;2025-11-05;17;2775.9439413019004
11;2025-11-05;18;2971.2907766935427
11;2025-11-05;19;2214.189541031805
11;2025-11-05;20;1444.258834906153
11;2025-11-05;21;848.0389884622809
11;2025-11-05;22;388.6702344902144
11;2025-11-05;23;208.8400419366078
11;2025-11-06;0;54.49533361325143
11;2025-11-06;1;0.0
11;2025-11-06;2;0.0
11;2025-11-06;3;0.0
11;2025-11-06;4;43.56191964856407
11;2025-11-06;5;286.2579152597352
11;2025-11-06;6;1335.0223779071664
11;2025-11-06;7;2464.6408122908815
11;2025-11-06;8;3061.1603093262665
11;2025-11-06;9;2491.4015624151098
11;2025-11-06;10;1974.4486435243884
11;2025-11-06;11;1830.2796914278997
11;2025-11-06;12;1967.9940316930226
11;2025-11-06;13;2040.635779347221
11;2025-11-06;14;2028.1029967431182
11;2025-11-06;15;2075.647903084583
11;2025-11-06;16;2303.256252162485
11;2025-11-06;17;2774.487008418088
11;2025-11-06;18;3034.2539828989775
11;2025-11-06;19;2243.436090744061
11;2025-11-06;20;1466.2966378455014
11;2025-11-06;21;880.8109952067787
11;2025-11-06;22;438.84680351603924
11;2025-11-06;23;229.85073236426751
11;2025-11-07;0;60.812083989125085
11;2025-11-07;1;0.0
11;2025-11-07;2;0.0
11;2025-11-07;3;0.0
11;2025-11-07;4;34.27697024189888
11;2025-11-07;5;246.48664204970532
11;2025-11-07;6;1329.9837034566697
11;2025-11-07;7;2299.1445273391087
11;2025-11-07;8;2846.534263183126
11;2025-11-07;9;2369.649444376133
11;2025-11-07;10;1946.7234574035747
11;2025-11-07;11;1903.8825503009098
11;2025-11-07;12;1955.197996999247
11;2025-11-07;13;2035.1933863093552
11;2025-11-07;14;2036.7961437567953
11;2025-11-07;15;2126.3746965423643
11;2025-11-07;16;2380.9625524256844
11;2025-11-07;17;2734.2976905644978
11;2025-11-07;18;2594.328794722268
11;2025-11-07;19;2078.5681445241644
11;2025-11-07;20;1431.9773597362862
11;2025-11-07;21;849.6657998556816
11;2025-11-07;22;417.75443125143875
11;2025-11-07;23;252.79416300155162
11;2025-11-08;0;105.8901922628213
11;2025-11-08;1;0.0
11;2025-11-08;2;0.0
11;2025-11-08;3;0.0
11;2025-11-08;4;22.18594414463132
11;2025-11-08;5;200.3024336791193
11;2025-11-08;6;721.9642623310656
11;2025-11-08;7;834.6111029630028
11;2025-11-08;8;1026.5266187768384
11;2025-11-08;9;1146.203183195013
11;2025-11-08;10;1332.919969228924
11;2025-11-08;11;1693.7274289801323
11;2025-11-08;12;1869.5715775554027
11;2025-11-08;13;1854.6074362597783
11;2025-11-08;14;1870.2749868046672
11;2025-11-08;15;1878.7430243057267
11;2025-11-08;16;1879.4111313573992
11;2025-11-08;17;1867.1065723265747
11;2025-11-08;18;1640.3141999367472
11;2025-11-08;19;1441.4606306923158
11;2025-11-08;20;1112.0491468981836
11;2025-11-08;21;808.028434283669
11;2025-11-08;22;483.8282593897911
11;2025-11-08;23;354.57493110884593
11;2025-11-09;0;103.41326972165825
11;2025-11-09;1;0.0
11;2025-11-09;2;0.0
11;2025-11-09;3;0.0
11;2025-11-09;4;0.0
11;2025-11-09;5;90.61145327900067
11;2025-11-09;6;477.5827078300748
11;2025-11-09;7;529.9311043075728
11;2025-11-09;8;646.0617166128587
11;2025-11-09;9;863.1161289357888
11;2025-11-09;10;1041.1415176418745
11;2025-11-09;11;1403.186032186054
11;2025-11-09;12;1536.5853327982504
11;2025-11-09;13;1568.2396080323576
11;2025-11-09;14;1545.7134310952292
11;2025-11-09;15;1540.8054831568502
11;2025-11-09;16;1536.8588564284998
11;2025-11-09;17;1561.0938812051452
11;2025-11-09;18;1308.8796763382152
11;2025-11-09;19;1065.445448481486
11;2025-11-09;20;867.3599912385145
11;2025-11-09;21;576.7388102052053
11;2025-11-09;22;332.7796701829702
11;2025-11-09;23;229.31728692872753
11;2025-11-10;0;60.61308399470613
11;2025-11-10;1;0.0
11;2025-11-10;2;0.0
11;2025-11-10;3;0.0
11;2025-11-10;4;29.80218709063297
11;2025-11-10;5;268.7465898391313
11;2025-11-10;6;1328.9385687410995
11;2025-11-10;7;2461.695854279244
11;2025-11-10;8;3030.7101314215815
11;2025-11-10;9;2433.2352203418386
11;2025-11-10;10;1885.690009289854
11;2025-11-10;11;1809.9531539845518
11;2025-11-10;12;1839.3113662263909
11;2025-11-10;13;1914.4495083774132
11;2025-11-10;14;1923.6765884067868
11;2025-11-10;15;2041.5475765629767
11;2025-11-10;16;2319.531097471571
11;2025-11-10;17;2787.768450653317
11;2025-11-10;18;3038.181976074131
11;2025-11-10;19;2220.520124950727
11;2025-11-10;20;1452.1761860946428
11;2025-11-10;21;828.1819732909016
11;2025-11-10;22;395.10356572334763
11;2025-11-10;23;204.07744737246344
11;2025-11-11;0;38.527577562049146
11;2025-11-11;1;0.0
11;2025-11-11;2;0.0
11;2025-11-11;3;0.0
11;2025-11-11;4;12.348248636418248
11;2025-11-11;5;243.6606984342675
11;2025-11-11;6;1305.6577595749632
11;2025-11-11;7;2437.648000062204
11;2025-11-11;8;3018.2154664429154
11;2025-11-11;9;2431.6299427655094
11;2025-11-11;10;1908.2963753407048
11;2025-11-11;11;1846.3024669983797
11;2025-11-11;12;1876.6508324031379
11;2025-11-11;13;1945.1923214414414
11;2025-11-11;14;1961.9693643078763
11;2025-11-11;15;2027.9954378672658
11;2025-11-11;16;2276.606940978262
11;2025-11-11;17;2775.705628740265
11;2025-11-11;18;3004.8749800780306
11;2025-11-11;19;2139.751727957165
11;2025-11-11;20;1404.0807282493836
11;2025-11-11;21;824.9596083886023
11;2025-11-11;22;383.7200869512485
11;2025-11-11;23;200.74384852825506
11;2025-11-12;0;64.37867133989084
11;2025-11-12;1;0.0
11;2025-11-12;2;0.0
11;2025-11-12;3;0.0
11;2025-11-12;4;17.947289920023877
11;2025-11-12;5;247.4738508575665
11;2025-11-12;6;1314.5276421711474
11;2025-11-12;7;2450.2099619326036
11;2025-11-12;8;3039.8203078834817
11;2025-11-12;9;2449.1061601979877
11;2025-11-12;10;1928.1999310153765
11;2025-11-12;11;1815.71898758151
11;2025-11-12;12;1859.9363136172358
11;2025-11-12;13;1964.8778813647536
11;2025-11-12;14;1981.6497677922216
11;2025-11-12;15;2049.28120260667
11;2025-11-12;16;2241.406173853296
11;2025-11-12;17;2679.530315494059
11;2025-11-12;18;2938.186354852636
11;2025-11-12;19;2198.5272974381855
11;2025-11-12;20;1426.315901536877
11;2025-11-12;21;847.5296400567809
11;2025-11-12;22;388.87270601647674
11;2025-11-12;23;229.6942746248726
11;2025-11-13;0;67.05262053518072
11;2025-11-13;1;0.0
11;2025-11-13;2;0.0
11;2025-11-13;3;0.0
11;2025-11-13;4;24.74612330548689
11;2025-11-13;5;283.5547522936722
11;2025-11-13;6;1353.4181930244818
11;2025-11-13;7;2431.90190569817
11;2025-11-13;8;2985.7154718173433
11;2025-11-13;9;2438.0963856090484
11;2025-11-13;10;1941.106834696079
11;2025-11-13;11;1878.3766928716122
11;2025-11-13;12;1924.5901398964393
11;2025-11-13;13;2014.8846362353574
11;2025-11-13;14;2001.8950768806938
11;2025-11-13;15;2053.8268780932576
11;2025-11-13;16;2279.8573847039306
11;2025-11-13;17;2712.8617204503025
11;2025-11-13;18;2906.0539651475497
11;2025-11-13;19;2167.4211079033257
11;2025-11-13;20;1386.2895621517573
11;2025-11-13;21;811.6715824154917
11;2025-11-13;22;379.85529984188474
11;2025-11-13;23;212.72917748952796
11;2025-11-14;0;56.52333684833957
11;2025-11-14;1;0.0
11;2025-11-14;2;0.0
11;2025-11-14;3;0.0
11;2025-11-14;4;35.22295213489656
11;2025-11-14;5;257.5685929065751
11;2025-11-14;6;1318.8669857028842
11;2025-11-14;7;2309.492825257858
11;2025-11-14;8;2876.1806022989904
11;2025-11-14;9;2357.6849277043807
11;2025-11-14;10;1858.1940202464855
11;2025-11-14;11;1802.779451107835
11;2025-11-14;12;1912.5029705884376
11;2025-11-14;13;1946.4694083694
11;2025-11-14;14;2024.009843446019
11;2025-11-14;15;2101.046432079322
11;2025-11-14;16;2361.059835929431
11;2025-11-14;17;2711.754945857288
11;2025-11-14;18;2597.2078093471673
11;2025-11-14;19;2028.830029651044
11;2025-11-14;20;1347.1561230680945
11;2025-11-14;21;797.8725750244615
11;2025-11-14;22;366.53042597844455
11;2025-11-14;23;231.97050772480134
11;2025-11-15;0;116.86456594200217
11;2025-11-15;1;0.0
11;2025-11-15;2;0.0
11;2025-11-15;3;0.0
11;2025-11-15;4;3.5844682795918743
11;2025-11-15;5;184.60868488157848
11;2025-11-15;6;632.5653776201378
11;2025-11-15;7;628.9301912461016
11;2025-11-15;8;826.6176026107343
11;2025-11-15;9;921.3609498269853
11;2025-11-15;10;1051.3502993239836
11;2025-11-15;11;1386.3539691819703
11;2025-11-15;12;1549.2671668219375
11;2025-11-15;13;1655.8438552883704
11;2025-11-15;14;1739.5353043227592
11;2025-11-15;15;1712.1026003271265
11;2025-11-15;16;1717.1091856225366
11;2025-11-15;17;1721.8306490167422
11;2025-11-15;18;1474.6563641231057
11;2025-11-15;19;1278.086665578832
11;2025-11-15;20;1016.6523237658142
11;2025-11-15;21;693.0276701031696
11;2025-11-15;22;396.68095723139254
11;2025-11-15;23;272.1884654429018
11;2025-11-16;0;100.0926681981764
11;2025-11-16;1;0.0
11;2025-11-16;2;0.0
11;2025-11-16;3;0.0
11;2025-11-16;4;14.38065547788733
11;2025-11-16;5;107.1094748196931
11;2025-11-16;6;438.825815203355
11;2025-11-16;7;521.4038860297075
11;2025-11-16;8;663.8106538196653
11;2025-11-16;9;858.4027493570317
11;2025-11-16;10;1053.8960102672097
11;2025-11-16;11;1419.0666340413654
11;2025-11-16;12;1561.224017905732
11;2025-11-16;13;1579.6081678678336
11;2025-11-16;14;1587.7318995150601
11;2025-11-16;15;1598.1899681741186
11;2025-11-16;16;1548.421834155349
11;2025-11-16;17;1535.966512716566
11;2025-11-16;18;1294.1104203284788
11;2025-11-16;19;1029.658392383257
11;2025-11-16;20;862.268929199128
11;2025-11-16;21;553.2747594651461
11;2025-11-16;22;326.79795582235124
11;2025-11-16;23;228.90310635235642
11;2025-11-17;0;71.72016086961867
11;2025-11-17;1;0.0
11;2025-11-17;2;0.0
11;2025-11-17;3;0.0
11;2025-11-17;4;50.67996017573864
11;2025-11-17;5;271.18669947053377
11;2025-11-17;6;1277.737869440575
11;2025-11-17;7;2256.1056905421274
11;2025-11-17;8;2864.020169798134
11;2025-11-17;9;2290.147499856703
11;2025-11-17;10;1708.6919333366407
11;2025-11-17;11;1654.561678342416
11;2025-11-17;12;1674.8739675104932
11;2025-11-17;13;1696.0180725145287
11;2025-11-17;14;1754.6195396141738
11;2025-11-17;15;1857.6888538972912
11;2025-11-17;16;2121.598127398254
11;2025-11-17;17;2642.0170400787947
11;2025-11-17;18;2839.942354304986
11;2025-11-17;19;2178.130881651778
11;2025-11-17;20;1389.0320306404756
11;2025-11-17;21;790.9222264760602
11;2025-11-17;22;362.90031470704776
11;2025-11-17;23;200.89055586816994
11;2025-11-18;0;57.922766772639534
11;2025-11-18;1;0.0
11;2025-11-18;2;0.0
11;2025-11-18;3;0.0
11;2025-11-18;4;58.568170961029864
11;2025-11-18;5;239.94624224490576
11;2025-11-18;6;1244.486670521285
11;2025-11-18;7;2296.799768128514
11;2025-11-18;8;2846.6579716987376
11;2025-11-18;9;2252.3492732102177
11;2025-11-18;10;1708.404518972311
11;2025-11-18;11;1687.675095230249
11;2025-11-18;12;1729.4011015087995
11;2025-11-18;13;1745.2065695293063
11;2025-11-18;14;1830.0864208294151
11;2025-11-18;15;1871.7740151995558
11;2025-11-18;16;2172.536732847225
11;2025-11-18;17;2696.45204382075
11;2025-11-18;18;2912.007065272427
11;2025-11-18;19;2205.646348654974
11;2025-11-18;20;1415.8911599981127
11;2025-11-18;21;856.8768249053227
11;2025-11-18;22;404.83016326199095
11;2025-11-18;23;220.09518121764518
11;2025-11-19;0;77.46028166174301
11;2025-11-19;1;0.0
11;2025-11-19;2;0.0
11;2025-11-19;3;0.0
11;2025-11-19;4;52.28488577923122
11;2025-11-19;5;273.87013008556187
11;2025-11-19;6;1281.11882442014
11;2025-11-19;7;2349.964517752499
11;2025-11-19;8;2941.963845028787
11;2025-11-19;9;2377.1628183016987
11;2025-11-19;10;1876.111685755371
11;2025-11-19;11;1862.2062019156285
11;2025-11-19;12;1862.4853915452877
11;2025-11-19;13;1948.1933010884031
11;2025-11-19;14;1950.0545742170173
11;2025-11-19;15;1983.8887835525404
11;2025-11-19;16;2199.040971911565
11;2025-11-19;17;2654.109874893872
11;2025-11-19;18;2879.475864039272
11;2025-11-19;19;2161.6317654561603
11;2025-11-19;20;1408.4805237752714
11;2025-11-19;21;820.2929222308182
11;2025-11-19;22;371.11882768669193
11;2025-11-19;23;222.71878070738103
11;2025-11-20;0;67.98090828672821
11;2025-11-20;1;0.0
11;2025-11-20;2;0.0
11;2025-11-20;3;0.0
11;2025-11-20;4;44.15277554647605
11;2025-11-20;5;269.3863961303846
11;2025-11-20;6;1278.9675233639277
11;2025-11-20;7;2334.739590634148
11;2025-11-20;8;2947.028583057574
11;2025-11-20;9;2401.5715442726932
11;2025-11-20;10;1879.1951928028352
11;2025-11-20;11;1848.7037585141932
11;2025-11-20;12;1908.5927696131725
11;2025-11-20;13;1988.6598223548217
11;2025-11-20;14;2000.1179183300223
11;2025-11-20;15;2050.9786357717194
11;2025-11-20;16;2301.091202647061
11;2025-11-20;17;2742.2322115054967
11;2025-11-20;18;2969.291702890404
11;2025-11-20;19;2166.7283190060625
11;2025-11-20;20;1397.7185507904678
11;2025-11-20;21;804.3392591438252
11;2025-11-20;22;352.2242211423686
11;2025-11-20;23;236.6330818710178
11;2025-11-21;0;66.43160690106583
11;2025-11-21;1;0.0
11;2025-11-21;2;0.0
11;2025-11-21;3;0.0
11;2025-11-21;4;47.325835611114144
11;2025-11-21;5;247.29109485042204
11;2025-11-21;6;1255.391319235649
11;2025-11-21;7;2238.745515078696
11;2025-11-21;8;2777.1485602647704
11;2025-11-21;9;2297.6213317821093
11;2025-11-21;10;1819.1099825415379
11;2025-11-21;11;1790.7989020965829
11;2025-11-21;12;1836.937282914083
11;2025-11-21;13;1939.7973080154343
11;2025-11-21;14;1967.876305506887
11;2025-11-21;15;2061.526027801927
11;2025-11-21;16;2335.323784027044
11;2025-11-21;17;2696.135651884947
11;2025-11-21;18;2578.271308220681
11;2025-11-21;19;2032.3162593040242
11;2025-11-21;20;1386.6125376407063
11;2025-11-21;21;805.5934229102872
11;2025-11-21;22;399.56816651040367
11;2025-11-21;23;261.9695698467465
11;2025-11-22;0;89.35303654760082
11;2025-11-22;1;0.0
11;2025-11-22;2;0.0
11;2025-11-22;3;0.0
11;2025-11-22;4;29.86328735189818
11;2025-11-22;5;192.29993029502225
11;2025-11-22;6;662.8659187953497
11;2025-11-22;7;737.9691143092288
11;2025-11-22;8;961.5140403167575
11;2025-11-22;9;1012.5451761225454
11;2025-11-22;10;1214.2304282491907
11;2025-11-22;11;1582.8359053036893
11;2025-11-22;12;1758.9166872366377
11;2025-11-22;13;1758.826539934019
11;2025-11-22;14;1765.243220459697
11;2025-11-22;15;1741.2077853093501
11;2025-11-22;16;1687.3475445961565
11;2025-11-22;17;1763.0949311244826
11;2025-11-22;18;1565.5099984290052
11;2025-11-22;19;1372.4797544533806
11;2025-11-22;20;1046.848112925947
11;2025-11-22;21;696.3235121833288
11;2025-11-22;22;340.1437797607457
11;2025-11-22;23;260.1338173055831
11;2025-11-23;0;79.78704615836546
11;2025-11-23;1;0.0
11;2025-11-23;2;0.0
11;2025-11-23;3;0.0
11;2025-11-23;4;12.142952748086145
11;2025-11-23;5;98.86508480276075
11;2025-11-23;6;476.1311460567159
11;2025-11-23;7;521.9918750925982
11;2025-11-23;8;663.2635617526288
11;2025-11-23;9;866.9751259465139
11;2025-11-23;10;1071.8035898723597
11;2025-11-23;11;1449.3286576298028
11;2025-11-23;12;1595.6346996077268
11;2025-11-23;13;1623.319123070262
11;2025-11-23;14;1613.8274995995478
11;2025-11-23;15;1626.0658234299071
11;2025-11-23;16;1550.057774537487
11;2025-11-23;17;1506.6427378645014
11;2025-11-23;18;1270.2568851526926
11;2025-11-23;19;1078.72368250269
11;2025-11-23;20;870.394375911463
11;2025-11-23;21;582.3671368228097
11;2025-11-23;22;330.33221869174145
11;2025-11-23;23;218.38079610133036
11;2025-11-24;0;59.55551002921743
11;2025-11-24;1;0.0
11;2025-11-24;2;0.0
11;2025-11-24;3;0.0
11;2025-11-24;4;31.986531741483986
11;2025-11-24;5;252.7410454258395
11;2025-11-24;6;1284.8241977400496
11;2025-11-24;7;2373.481180629916
11;2025-11-24;8;2924.68665200968
11;2025-11-24;9;2309.758784060822
11;2025-11-24;10;1776.4505650611914
11;2025-11-24;11;1672.2881432699367
11;2025-11-24;12;1706.5618751020775
11;2025-11-24;13;1799.3766653875607
11;2025-11-24;14;1820.3325332015484
11;2025-11-24;15;1941.1024796420381
11;2025-11-24;16;2265.138818266882
11;2025-11-24;17;2796.2476964013194
11;2025-11-24;18;3005.994280634606
11;2025-11-24;19;2225.2787546095205
11;2025-11-24;20;1423.5630021959357
11;2025-11-24;21;833.1534272313376
11;2025-11-24;22;398.6886156843175
11;2025-11-24;23;237.88696833039876
11;2025-11-25;0;59.47921412623418
11;2025-11-25;1;0.0
11;2025-11-25;2;0.0
11;2025-11-25;3;0.0
11;2025-11-25;4;20.678962699257227
11;2025-11-25;5;259.85925920839895
11;2025-11-25;6;1274.6602620097622
11;2025-11-25;7;2414.7856092050533
11;2025-11-25;8;3021.1862486215277
11;2025-11-25;9;2416.7986287868516
11;2025-11-25;10;1861.6342427092354
11;2025-11-25;11;1794.345732416638
11;2025-11-25;12;1828.626497301738
11;2025-11-25;13;1916.888046381375
11;2025-11-25;14;1902.9528578363092
11;2025-11-25;15;1992.6037253960576
11;2025-11-25;16;2236.10613753367
11;2025-11-25;17;2742.368627374806
11;2025-11-25;18;2990.836609217132
11;2025-11-25;19;2191.3399808186205
11;2025-11-25;20;1406.9517113602947
11;2025-11-25;21;818.5810203181519
11;2025-11-25;22;375.1567975299747
11;2025-11-25;23;214.97423774265985
11;2025-11-26;0;51.81567696824277
11;2025-11-26;1;0.0
11;2025-11-26;2;0.0
11;2025-11-26;3;0.0
11;2025-11-26;4;13.09008386248479
11;2025-11-26;5;226.37593539812792
11;2025-11-26;6;1250.1462596645256
11;2025-11-26;7;2384.8494567510825
11;2025-11-26;8;2962.2142238358297
11;2025-11-26;9;2383.136437142345
11;2025-11-26;10;1820.9065371537624
11;2025-11-26;11;1760.0536750804251
11;2025-11-26;12;1853.1368507225905
11;2025-11-26;13;1964.5067468413226
11;2025-11-26;14;1996.6352845494318
11;2025-11-26;15;2055.0373268082717
11;2025-11-26;16;2216.0320008959734
11;2025-11-26;17;2710.9201476466114
11;2025-11-26;18;2983.869548492704
11;2025-11-26;19;2058.0589446778404
11;2025-11-26;20;1383.7949860595875
11;2025-11-26;21;816.8206348193693
11;2025-11-26;22;376.3420393838146
11;2025-11-26;23;223.58417781901653
11;2025-11-27;0;82.17932394175
11;2025-11-27;1;0.0
11;2025-11-27;2;0.0
11;2025-11-27;3;0.0
11;2025-11-27;4;9.897816041383294
11;2025-11-27;5;249.03544314577653
11;2025-11-27;6;1295.23640919756
11;2025-11-27;7;2383.9175144079095
11;2025-11-27;8;3005.5791665368324
11;2025-11-27;9;2419.7343639953438
11;2025-11-27;10;1875.53942444346
11;2025-11-27;11;1731.7850119435793
11;2025-11-27;12;1760.1401543381558
11;2025-11-27;13;1881.7913823518322
11;2025-11-27;14;1852.7009706939953
11;2025-11-27;15;2004.5600539734126
11;2025-11-27;16;2254.855808846358
11;2025-11-27;17;2652.832167023713
11;2025-11-27;18;2830.1872959395837
11;2025-11-27;19;2026.676579928078
11;2025-11-27;20;1332.8972240725643
11;2025-11-27;21;760.2844142225636
11;2025-11-27;22;334.7699315964651
11;2025-11-27;23;213.80972928840856
11;2025-11-28;0;67.42246746261867
11;2025-11-28;1;0.0
11;2025-11-28;2;0.0
11;2025-11-28;3;0.0
11;2025-11-28;4;12.03353034599013
11;2025-11-28;5;242.09018112131798
11;2025-11-28;6;1299.852646335152
11;2025-11-28;7;2313.657233572059
11;2025-11-28;8;2879.549803258233
11;2025-11-28;9;2402.6954048651432
11;2025-11-28;10;1933.2647330282123
11;2025-11-28;11;1916.001619358618
11;2025-11-28;12;1961.2481738372899
11;2025-11-28;13;2052.5189577477545
11;2025-11-28;14;2068.209465117521
11;2025-11-28;15;2187.237943560104
11;2025-11-28;16;2468.9148107452584
11;2025-11-28;17;2803.402488141162
11;2025-11-28;18;2693.597002423311
11;2025-11-28;19;2125.3015551123513
11;2025-11-28;20;1446.6624294802973
11;2025-11-28;21;851.7915039316861
11;2025-11-28;22;429.09538149991704
11;2025-11-28;23;267.52997266198645
11;2025-11-29;0;96.17435955625069
11;2025-11-29;1;0.0
11;2025-11-29;2;0.0
11;2025-11-29;3;0.0
11;2025-11-29;4;13.954348716588811
11;2025-11-29;5;143.35535583300475
11;2025-11-29;6;647.5261241342256
11;2025-11-29;7;792.7573535561871
11;2025-11-29;8;1003.3881165419945
11;2025-11-29;9;1074.0205873778511
11;2025-11-29;10;1234.9798424938722
11;2025-11-29;11;1607.9224997869558
11;2025-11-29;12;1769.553244214786
11;2025-11-29;13;1773.0729486222308
11;2025-11-29;14;1788.5898088989425
11;2025-11-29;15;1753.9160417939977
11;2025-11-29;16;1745.8560962098632
11;2025-11-29;17;1773.011950286089
11;2025-11-29;18;1558.3514058422418
11;2025-11-29;19;1339.9825438776681
11;2025-11-29;20;1033.820213376052
11;2025-11-29;21;700.7976402836932
11;2025-11-29;22;403.8290726361208
11;2025-11-29;23;284.54127641407126
11;2025-11-30;0;105.27253326949153
11;2025-11-30;1;0.0
11;2025-11-30;2;0.0
11;2025-11-30;3;0.0
11;2025-11-30;4;31.4322269914594
11;2025-11-30;5;131.75586302966872
11;2025-11-30;6;441.4289379038273
11;2025-11-30;7;562.1546027574204
11;2025-11-30;8;662.9030064704008
11;2025-11-30;9;846.3957885071236
11;2025-11-30;10;1034.1794049551675
11;2025-11-30;11;1411.7107430442206
11;2025-11-30;12;1536.7245992646724
11;2025-11-30;13;1593.2502052396567
11;2025-11-30;14;1603.1969551922532
11;2025-11-30;15;1623.0161595295733
11;2025-11-30;16;1594.1191632631296
11;2025-11-30;17;1597.626731218051
11;2025-11-30;18;1334.7014009766492
11;2025-11-30;19;1098.9989047184429
11;2025-11-30;20;880.7417459346576
11;2025-11-30;21;598.1817999773333
11;2025-11-30;22;348.00677914785933
11;2025-11-30;23;249.75876686966149
11;2025-12-01;0;68.1048323964028
11;2025-12-01;1;0.0
11;2025-12-01;2;0.0
11;2025-12-01;3;0.0
11;2025-12-01;4;45.69299189163121
11;2025-12-01;5;286.1021322954316
11;2025-12-01;6;1294.0768012488998
11;2025-12-01;7;2347.2298910263244
11;2025-12-01;8;2883.62950924311
11;2025-12-01;9;2350.921207828552
11;2025-12-01;10;1799.1162292299182
11;2025-12-01;11;1704.9257425387268
11;2025-12-01;12;1741.4891839351762
11;2025-12-01;13;1838.2609644730119
11;2025-12-01;14;1847.570780500125
11;2025-12-01;15;1998.196579427638
11;2025-12-01;16;2253.776117256717
11;2025-12-01;17;2700.594679254634
11;2025-12-01;18;2869.790881078135
11;2025-12-01;19;2111.6212202404795
11;2025-12-01;20;1326.939742794393
11;2025-12-01;21;784.3946421341914
11;2025-12-01;22;337.23629692381996
11;2025-12-01;23;181.6973136966708
11;2025-12-02;0;70.20558722046871
11;2025-12-02;1;0.0
11;2025-12-02;2;0.0
11;2025-12-02;3;0.0
11;2025-12-02;4;11.959327740594972
11;2025-12-02;5;254.27580785356872
11;2025-12-02;6;1273.9261750892447
11;2025-12-02;7;2359.169243575221
11;2025-12-02;8;2920.6745514112704
11;2025-12-02;9;2387.6158037011764
11;2025-12-02;10;1838.3053348442168
11;2025-12-02;11;1772.159121122091
11;2025-12-02;12;1799.2773488721928
11;2025-12-02;13;1888.4995679611977
11;2025-12-02;14;1897.588078869865
11;2025-12-02;15;1961.0021805784982
11;2025-12-02;16;2171.793436365755
11;2025-12-02;17;2662.0921064977756
11;2025-12-02;18;2871.663012554459
11;2025-12-02;19;2122.2949117742182
11;2025-12-02;20;1392.4134489845626
11;2025-12-02;21;809.9913082391363
11;2025-12-02;22;362.0631893216739
11;2025-12-02;23;181.8256565100619
11;2025-12-03;0;55.0733295435316
11;2025-12-03;1;0.0
11;2025-12-03;2;0.0
11;2025-12-03;3;0.0
11;2025-12-03;4;26.803767402432868
11;2025-12-03;5;268.9000367171154
11;2025-12-03;6;1259.3394570936741
11;2025-12-03;7;2425.0812203312753
11;2025-12-03;8;3004.950508250701
11;2025-12-03;9;2451.7568187645957
11;2025-12-03;10;1886.5314093582592
11;2025-12-03;11;1849.2715639504559
11;2025-12-03;12;1887.0457731595566
11;2025-12-03;13;1974.2178201103452
11;2025-12-03;14;1978.2994987827892
11;2025-12-03;15;2013.4469622114684
11;2025-12-03;16;2216.861880535344
11;2025-12-03;17;2695.4469850963465
11;2025-12-03;18;2934.852015546274
11;2025-12-03;19;2158.2600252361603
11;2025-12-03;20;1423.9065385050649
11;2025-12-03;21;836.7879719561276
11;2025-12-03;22;380.9490021663637
11;2025-12-03;23;206.45333089033215
11;2025-12-04;0;56.854399248845084
11;2025-12-04;1;0.0
11;2025-12-04;2;0.0
11;2025-12-04;3;0.0
11;2025-12-04;4;20.054394707615074
11;2025-12-04;5;259.60022774492836
11;2025-12-04;6;1261.3297359056548
11;2025-12-04;7;2372.18480777648
11;2025-12-04;8;2970.1653671329113
11;2025-12-04;9;2423.172274130612
11;2025-12-04;10;1884.7125253689244
11;2025-12-04;11;1797.1651815836485
11;2025-12-04;12;1868.7706123631026
11;2025-12-04;13;1964.8031950379036
11;2025-12-04;14;1971.9021863203593
11;2025-12-04;15;2010.3340076538675
11;2025-12-04;16;2288.1275219951667
11;2025-12-04;17;2735.965075216994
11;2025-12-04;18;2927.854438005035
11;2025-12-04;19;2162.323803110989
11;2025-12-04;20;1422.6980764234677
11;2025-12-04;21;839.8317748587476
11;2025-12-04;22;389.407046390251
11;2025-12-04;23;228.59007382858545
11;2025-12-05;0;62.39376855442083
11;2025-12-05;1;0.0
11;2025-12-05;2;0.0
11;2025-12-05;3;0.0
11;2025-12-05;4;33.0571168657043
11;2025-12-05;5;269.20370402756157
11;2025-12-05;6;1276.9595618024498
11;2025-12-05;7;2293.116660150063
11;2025-12-05;8;2863.294589451877
11;2025-12-05;9;2381.481343428023
11;2025-12-05;10;1903.47977278377
11;2025-12-05;11;1852.848852189124
11;2025-12-05;12;1930.539633184307
11;2025-12-05;13;2029.616281544077
11;2025-12-05;14;2045.81701524765
11;2025-12-05;15;2137.255468168517
11;2025-12-05;16;2431.160373598957
11;2025-12-05;17;2795.9510347181167
11;2025-12-05;18;2668.7730123385018
11;2025-12-05;19;2086.467016862289
11;2025-12-05;20;1412.4263463027103
11;2025-12-05;21;844.2969564963438
11;2025-12-05;22;410.0968762527741
11;2025-12-05;23;262.70216068200943
11;2025-12-06;0;92.0911298596418
11;2025-12-06;1;0.0
11;2025-12-06;2;0.0
11;2025-12-06;3;0.0
11;2025-12-06;4;20.239730589878945
11;2025-12-06;5;180.53102227063573
11;2025-12-06;6;651.6691689728128
11;2025-12-06;7;729.8484917983652
11;2025-12-06;8;953.2464175498744
11;2025-12-06;9;1033.9494765911409
11;2025-12-06;10;1203.044272809088
11;2025-12-06;11;1555.9296136728942
11;2025-12-06;12;1741.9268948312902
11;2025-12-06;13;1747.5721244019728
11;2025-12-06;14;1757.5737271168778
11;2025-12-06;15;1786.0894729150755
11;2025-12-06;16;1777.4946490334487
11;2025-12-06;17;1776.4006805148076
11;2025-12-06;18;1540.939285154993
11;2025-12-06;19;1322.487162412215
11;2025-12-06;20;1034.29246121504
11;2025-12-06;21;725.301878969381
11;2025-12-06;22;412.17617382353455
11;2025-12-06;23;294.84920000722013
11;2025-12-07;0;71.6233188145834
11;2025-12-07;1;0.0
11;2025-12-07;2;0.0
11;2025-12-07;3;0.0
11;2025-12-07;4;4.754694057465258
11;2025-12-07;5;95.14311113827011
11;2025-12-07;6;441.37814575964785
11;2025-12-07;7;496.4402658580739
11;2025-12-07;8;613.2192235808644
11;2025-12-07;9;815.6867425889353
11;2025-12-07;10;996.7426198644162
11;2025-12-07;11;1365.6084099595523
11;2025-12-07;12;1507.9118699843202
11;2025-12-07;13;1530.9833453136575
11;2025-12-07;14;1532.2843073372487
11;2025-12-07;15;1592.6627571174913
11;2025-12-07;16;1576.7151309134365
11;2025-12-07;17;1553.125391231809
11;2025-12-07;18;1295.7248497151286
11;2025-12-07;19;1076.3815224343784
11;2025-12-07;20;872.0737021540143
11;2025-12-07;21;591.4462111181765
11;2025-12-07;22;345.36553484634805
11;2025-12-07;23;253.15262105674287
11;2025-12-08;0;66.80191208067185
11;2025-12-08;1;0.0
11;2025-12-08;2;0.0
11;2025-12-08;3;0.0
11;2025-12-08;4;35.663368818317394
11;2025-12-08;5;288.51297290237676
11;2025-12-08;6;1299.7465247338587
11;2025-12-08;7;2389.3530237399946
11;2025-12-08;8;2953.381952492882
11;2025-12-08;9;2388.3898595108753
11;2025-12-08;10;1807.619339305707
11;2025-12-08;11;1726.191875565909
11;2025-12-08;12;1739.9466280727142
11;2025-12-08;13;1867.4627983714267
11;2025-12-08;14;1881.0396462850356
11;2025-12-08;15;2010.210376451178
11;2025-12-08;16;2243.7476517653195
11;2025-12-08;17;2708.740830852096
11;2025-12-08;18;2851.9516473373187
11;2025-12-08;19;2151.3618319362117
11;2025-12-08;20;1372.5953652724922
11;2025-12-08;21;804.5761326394031
11;2025-12-08;22;330.35218462789635
11;2025-12-08;23;135.14074513824607
11;2025-12-09;0;44.84246417606505
11;2025-12-09;1;0.0
11;2025-12-09;2;0.0
11;2025-12-09;3;0.0
11;2025-12-09;4;14.73724858613923
11;2025-12-09;5;249.34711326107458
11;2025-12-09;6;1269.1495885569775
11;2025-12-09;7;2351.48059899678
11;2025-12-09;8;2953.6595173359883
11;2025-12-09;9;2353.600812959636
11;2025-12-09;10;1815.012421827715
11;2025-12-09;11;1745.204638247028
11;2025-12-09;12;1792.0979452273505
11;2025-12-09;13;1870.2154728470578
11;2025-12-09;14;1878.0257874127362
11;2025-12-09;15;1926.9534306194676
11;2025-12-09;16;2153.875704632011
11;2025-12-09;17;2640.0448046094434
11;2025-12-09;18;2838.5500325035773
11;2025-12-09;19;2138.101775980237
11;2025-12-09;20;1370.415128057821
11;2025-12-09;21;787.7975389125675
11;2025-12-09;22;308.7981540157234
11;2025-12-09;23;142.70342356531137
11;2025-12-10;0;30.966877131677848
11;2025-12-10;1;0.0
11;2025-12-10;2;0.0
11;2025-12-10;3;0.0
11;2025-12-10;4;0.0
11;2025-12-10;5;218.01902604897487
11;2025-12-10;6;1231.2763928516279
11;2025-12-10;7;2303.959128103029
11;2025-12-10;8;2910.355379368887
11;2025-12-10;9;2346.0497689404247
11;2025-12-10;10;1798.6159155953023
11;2025-12-10;11;1740.8861701456399
11;2025-12-10;12;1812.2882041388534
11;2025-12-10;13;1915.7509924652911
11;2025-12-10;14;1910.1759655638516
11;2025-12-10;15;1965.3345162052683
11;2025-12-10;16;2187.236466105593
11;2025-12-10;17;2649.4139740185574
11;2025-12-10;18;2863.5764914886786
11;2025-12-10;19;2131.04981781922
11;2025-12-10;20;1394.2983032711586
11;2025-12-10;21;809.6720301002108
11;2025-12-10;22;364.39423436025754
11;2025-12-10;23;194.54889914164437
11;2025-12-11;0;64.14449971285126
11;2025-12-11;1;0.0
11;2025-12-11;2;0.0
11;2025-12-11;3;0.0
11;2025-12-11;4;24.208351882926536
11;2025-12-11;5;268.07452916537136
11;2025-12-11;6;1267.1938362139526
11;2025-12-11;7;2324.1255811273204
11;2025-12-11;8;2858.5595508046235
11;2025-12-11;9;2346.4936279614203
11;2025-12-11;10;1804.166117909302
11;2025-12-11;11;1777.7463147416393
11;2025-12-11;12;1805.9419254561612
11;2025-12-11;13;1932.3675557971756
11;2025-12-11;14;1974.7322907772768
11;2025-12-11;15;2008.7295405072368
11;2025-12-11;16;2217.2972065655567
11;2025-12-11;17;2625.7622058102324
11;2025-12-11;18;2761.970660863517
11;2025-12-11;19;2048.577674370624
11;2025-12-11;20;1363.1187513380778
11;2025-12-11;21;813.0385199234271
11;2025-12-11;22;378.24054197296437
11;2025-12-11;23;199.15763987188666
11;2025-12-12;0;57.83198642906291
11;2025-12-12;1;0.0
11;2025-12-12;2;0.0
11;2025-12-12;3;0.0
11;2025-12-12;4;18.7168979476844
11;2025-12-12;5;264.35730413414035
11;2025-12-12;6;1244.2209861778988
11;2025-12-12;7;2275.2094042583612
11;2025-12-12;8;2834.88666970754
11;2025-12-12;9;2367.173847853259
11;2025-12-12;10;1882.5615925618076
11;2025-12-12;11;1833.6018057308656
11;2025-12-12;12;1818.079715007171
11;2025-12-12;13;1872.537556404272
11;2025-12-12;14;1905.6540272934494
11;2025-12-12;15;1893.309100516334
11;2025-12-12;16;2193.857751044433
11;2025-12-12;17;2671.5212964178995
11;2025-12-12;18;2518.7722788820192
11;2025-12-12;19;1993.9331983294273
11;2025-12-12;20;1331.8685236125393
11;2025-12-12;21;794.3540246120499
11;2025-12-12;22;397.8297747744257
11;2025-12-12;23;163.92899664960646
11;2025-12-13;0;91.46156522575438
11;2025-12-13;1;0.0
11;2025-12-13;2;0.0
11;2025-12-13;3;0.0
11;2025-12-13;4;0.0
11;2025-12-13;5;129.12317547455905
11;2025-12-13;6;647.1804867058466
11;2025-12-13;7;704.2570210346181
11;2025-12-13;8;846.0609544953154
11;2025-12-13;9;984.8191430860321
11;2025-12-13;10;1122.9130479704736
11;2025-12-13;11;1456.9126574246295
11;2025-12-13;12;1569.8133147051738
11;2025-12-13;13;1625.716899365817
11;2025-12-13;14;1614.7140502566763
11;2025-12-13;15;1625.3187142569568
11;2025-12-13;16;1717.8618903485037
11;2025-12-13;17;1724.7937700148211
11;2025-12-13;18;1485.8052002691973
11;2025-12-13;19;1292.1528795468876
11;2025-12-13;20;997.8747516921746
11;2025-12-13;21;677.0125412784575
11;2025-12-13;22;391.1042426133331
11;2025-12-13;23;256.8974410700339
11;2025-12-14;0;71.86844747092755
11;2025-12-14;1;0.0
11;2025-12-14;2;0.0
11;2025-12-14;3;0.0
11;2025-12-14;4;0.013515285189896531
11;2025-12-14;5;101.71748457843046
11;2025-12-14;6;423.06516672484554
11;2025-12-14;7;497.24873374028584
11;2025-12-14;8;621.0046160950133
11;2025-12-14;9;805.8171017958585
11;2025-12-14;10;968.6112096721176
11;2025-12-14;11;1345.3691092586723
11;2025-12-14;12;1454.2809443954857
11;2025-12-14;13;1483.1860338290528
11;2025-12-14;14;1519.6127448157968
11;2025-12-14;15;1544.5311079604062
11;2025-12-14;16;1524.461374814838
11;2025-12-14;17;1489.002832284286
11;2025-12-14;18;1235.9954174088098
11;2025-12-14;19;1011.4046209130026
11;2025-12-14;20;846.0772213649384
11;2025-12-14;21;562.9124861120408
11;2025-12-14;22;327.5566040610238
11;2025-12-14;23;232.14600207187368
11;2025-12-15;0;64.63002627010519
11;2025-12-15;1;0.0
11;2025-12-15;2;0.0
11;2025-12-15;3;0.0
11;2025-12-15;4;5.30727045477056
11;2025-12-15;5;269.96489919050714
11;2025-12-15;6;1222.3059852933943
11;2025-12-15;7;2313.0236270816786
11;2025-12-15;8;2898.892331872954
11;2025-12-15;9;2340.5535765467725
11;2025-12-15;10;1759.7043557000065
11;2025-12-15;11;1700.5576882779815
11;2025-12-15;12;1740.8178650421896
11;2025-12-15;13;1839.9847207673415
11;2025-12-15;14;1833.5197359190474
11;2025-12-15;15;1966.9954160235134
11;2025-12-15;16;2264.8104913471416
11;2025-12-15;17;2718.3804820798714
11;2025-12-15;18;2845.1390184737497
11;2025-12-15;19;2126.388567065509
11;2025-12-15;20;1370.5612060833064
11;2025-12-15;21;791.2007754483603
11;2025-12-15;22;359.88902132646376
11;2025-12-15;23;192.89767275367853
11;2025-12-16;0;82.25599981106257
11;2025-12-16;1;0.0
11;2025-12-16;2;0.0
11;2025-12-16;3;0.0
11;2025-12-16;4;16.630312670450166
11;2025-12-16;5;270.41536471603627
11;2025-12-16;6;1250.2520473976226
11;2025-12-16;7;2365.522893205743
11;2025-12-16;8;2987.9217775965017
11;2025-12-16;9;2371.829151609732
11;2025-12-16;10;1803.2602752428404
11;2025-12-16;11;1717.3025203253985
11;2025-12-16;12;1749.2872577852536
11;2025-12-16;13;1836.4611640903674
11;2025-12-16;14;1903.0611071093501
11;2025-12-16;15;2019.8107296751914
11;2025-12-16;16;2251.7446527303705
11;2025-12-16;17;2736.5075214199346
11;2025-12-16;18;3002.140847189624
11;2025-12-16;19;2215.757987789017
11;2025-12-16;20;1420.4459349637682
11;2025-12-16;21;826.5621525606988
11;2025-12-16;22;383.58813680923345
11;2025-12-16;23;202.27657216268017
11;2025-12-17;0;64.44757579223415
11;2025-12-17;1;0.0
11;2025-12-17;2;0.0
11;2025-12-17;3;0.0
11;2025-12-17;4;12.289873732001297
11;2025-12-17;5;270.9438267361302
11;2025-12-17;6;1257.963835994352
11;2025-12-17;7;2392.773465923002
11;2025-12-17;8;3004.6948685889206
11;2025-12-17;9;2452.130892378729
11;2025-12-17;10;1894.8966469131146
11;2025-12-17;11;1850.0977454582126
11;2025-12-17;12;1892.3389893508042
11;2025-12-17;13;1997.7428061260352
11;2025-12-17;14;2002.9026609850748
11;2025-12-17;15;2025.0380700759679
11;2025-12-17;16;2253.6157049504586
11;2025-12-17;17;2714.4583062835336
11;2025-12-17;18;2952.5083816461547
11;2025-12-17;19;2170.394476345314
11;2025-12-17;20;1415.3129545501092
11;2025-12-17;21;820.0174678708062
11;2025-12-17;22;373.1936552577165
11;2025-12-17;23;204.30640764492796
11;2025-12-18;0;69.17279113646441
11;2025-12-18;1;0.0
11;2025-12-18;2;0.0
11;2025-12-18;3;0.0
11;2025-12-18;4;28.363261587826173
11;2025-12-18;5;266.31524771836916
11;2025-12-18;6;1247.243128570198
11;2025-12-18;7;2361.617521910761
11;2025-12-18;8;2966.9761323109096
11;2025-12-18;9;2421.9682801882345
11;2025-12-18;10;1899.0732794755345
11;2025-12-18;11;1827.4152038769735
11;2025-12-18;12;1882.7145467446958
11;2025-12-18;13;1982.3463803754116
11;2025-12-18;14;1986.380717116609
11;2025-12-18;15;2056.3867402653004
11;2025-12-18;16;2324.5167719976594
11;2025-12-18;17;2740.824764095698
11;2025-12-18;18;2956.775898457786
11;2025-12-18;19;2175.484242196399
11;2025-12-18;20;1417.3581313342572
11;2025-12-18;21;831.9031045510403
11;2025-12-18;22;392.0904102834352
11;2025-12-18;23;213.7671577307608
11;2025-12-19;0;66.60673276312104
11;2025-12-19;1;0.0
11;2025-12-19;2;0.0
11;2025-12-19;3;0.0
11;2025-12-19;4;21.5001251628064
11;2025-12-19;5;263.56328598777895
11;2025-12-19;6;1246.27534249243
11;2025-12-19;7;2284.9298039718688
11;2025-12-19;8;2849.8706184234175
11;2025-12-19;9;2406.888583684022
11;2025-12-19;10;1900.7929393456893
11;2025-12-19;11;1844.7819235177574
11;2025-12-19;12;1912.024056166093
11;2025-12-19;13;2015.7831819276148
11;2025-12-19;14;2044.084575798878
11;2025-12-19;15;2146.044684439903
11;2025-12-19;16;2405.6858293732294
11;2025-12-19;17;2738.068163152112
11;2025-12-19;18;2616.6224142342307
11;2025-12-19;19;2064.04552530027
11;2025-12-19;20;1424.7912059470136
11;2025-12-19;21;837.0318890414501
11;2025-12-19;22;403.22691893640626
11;2025-12-19;23;242.6506648565262
11;2025-12-20;0;82.7310963521195
11;2025-12-20;1;0.0
11;2025-12-20;2;0.0
11;2025-12-20;3;0.0
11;2025-12-20;4;1.6917512473701208
11;2025-12-20;5;159.41141746642234
11;2025-12-20;6;604.5778650499759
11;2025-12-20;7;738.2050756138485
11;2025-12-20;8;953.07495241595
11;2025-12-20;9;1036.0958593604616
11;2025-12-20;10;1204.4636225344086
11;2025-12-20;11;1563.2225879152177
11;2025-12-20;12;1700.9123908265713
11;2025-12-20;13;1720.1995531366374
11;2025-12-20;14;1724.6219184716006
11;2025-12-20;15;1727.6930090409974
11;2025-12-20;16;1716.4837479004925
11;2025-12-20;17;1697.6560522366203
11;2025-12-20;18;1460.24014852376
11;2025-12-20;19;1282.5823984692715
11;2025-12-20;20;1022.2892024697962
11;2025-12-20;21;703.7357993925413
11;2025-12-20;22;401.5326690298673
11;2025-12-20;23;279.525101189874
11;2025-12-21;0;104.03741374730066
11;2025-12-21;1;0.0
11;2025-12-21;2;0.0
11;2025-12-21;3;0.0
11;2025-12-21;4;7.744895749618081
11;2025-12-21;5;100.20240334589539
11;2025-12-21;6;418.32831972132385
11;2025-12-21;7;505.1759336454144
11;2025-12-21;8;625.4476035623599
11;2025-12-21;9;813.5929520653585
11;2025-12-21;10;973.4922842300514
11;2025-12-21;11;1346.675132584411
11;2025-12-21;12;1500.5565837624765
11;2025-12-21;13;1544.0047846148505
11;2025-12-21;14;1592.3740139811384
11;2025-12-21;15;1589.0225083503879
11;2025-12-21;16;1549.4053777461188
11;2025-12-21;17;1495.5129548909588
11;2025-12-21;18;1273.751741131692
11;2025-12-21;19;1003.2182132955079
11;2025-12-21;20;837.4943049246032
11;2025-12-21;21;562.6141056597442
11;2025-12-21;22;296.9914616745277
11;2025-12-21;23;231.0211904146811
11;2025-12-22;0;66.65226967724288
11;2025-12-22;1;0.0
11;2025-12-22;2;0.0
11;2025-12-22;3;0.0
11;2025-12-22;4;30.629053819766796
11;2025-12-22;5;266.299506366586
11;2025-12-22;6;1238.15877057077
11;2025-12-22;7;2297.2049824521614
11;2025-12-22;8;2912.615258993613
11;2025-12-22;9;2361.1759877792383
11;2025-12-22;10;1743.6843699990072
11;2025-12-22;11;1721.2149613799666
11;2025-12-22;12;1781.0090183162308
11;2025-12-22;13;1865.4066724231295
11;2025-12-22;14;1870.812385699535
11;2025-12-22;15;1968.676322321709
11;2025-12-22;16;2221.7944795807953
11;2025-12-22;17;2723.705793410907
11;2025-12-22;18;2907.668192356632
11;2025-12-22;19;2138.990137912694
11;2025-12-22;20;1429.2799512224515
11;2025-12-22;21;804.053481287977
11;2025-12-22;22;363.8064807829048
11;2025-12-22;23;227.78760555401004
11;2025-12-23;0;42.89154804474106
11;2025-12-23;1;0.0
11;2025-12-23;2;0.0
11;2025-12-23;3;0.0
11;2025-12-23;4;0.0
11;2025-12-23;5;223.27226899550692
11;2025-12-23;6;1233.781551935153
11;2025-12-23;7;2323.666873464702
11;2025-12-23;8;2922.371175740319
11;2025-12-23;9;2364.2061438358337
11;2025-12-23;10;1817.082090182341
11;2025-12-23;11;1754.1234843592922
11;2025-12-23;12;1775.5158983419283
11;2025-12-23;13;1883.6906410601514
11;2025-12-23;14;1875.5124719978362
11;2025-12-23;15;1998.6883728857192
11;2025-12-23;16;2233.4791201611574
11;2025-12-23;17;2690.5837787553955
11;2025-12-23;18;2908.7877541870757
11;2025-12-23;19;2143.510931151078
11;2025-12-23;20;1382.4648392692993
11;2025-12-23;21;792.031331651796
11;2025-12-23;22;370.2631306750361
11;2025-12-23;23;203.46183333773502
11;2025-12-24;0;74.00191301005816
11;2025-12-24;1;0.0
11;2025-12-24;2;0.0
11;2025-12-24;3;0.0
11;2025-12-24;4;9.56609717405081
11;2025-12-24;5;278.15527585254677
11;2025-12-24;6;1244.5268502329754
11;2025-12-24;7;2384.3266382966435
11;2025-12-24;8;3015.378800356809
11;2025-12-24;9;2444.48625650459
11;2025-12-24;10;1909.3863218360414
11;2025-12-24;11;1893.567056401235
11;2025-12-24;12;1893.4449468089447
11;2025-12-24;13;2012.303081384627
11;2025-12-24;14;2033.0621927017291
11;2025-12-24;15;2099.707317564084
11;2025-12-24;16;2330.452303312092
11;2025-12-24;17;2728.9963373428495
11;2025-12-24;18;2998.962030942255
11;2025-12-24;19;2165.142028806271
11;2025-12-24;20;1458.4154405199981
11;2025-12-24;21;836.4381548839222
11;2025-12-24;22;408.9879867129714
11;2025-12-24;23;232.50816991048464
11;2025-12-25;0;75.04372372869534
11;2025-12-25;1;0.0
11;2025-12-25;2;0.0
11;2025-12-25;3;0.0
11;2025-12-25;4;33.7710625053212
11;2025-12-25;5;277.623296732374
11;2025-12-25;6;1241.0864676919064
11;2025-12-25;7;2352.3682595816736
11;2025-12-25;8;3000.7732157385076
11;2025-12-25;9;2464.246932154699
11;2025-12-25;10;1900.60407948989
11;2025-12-25;11;1832.796783002837
11;2025-12-25;12;1863.9843039669086
11;2025-12-25;13;1983.6773979297732
11;2025-12-25;14;1993.7230427176398
11;2025-12-25;15;2048.149345738608
11;2025-12-25;16;2301.9830060419804
11;2025-12-25;17;2657.1953779339915
11;2025-12-25;18;2832.0315298079704
11;2025-12-25;19;2139.191409573899
11;2025-12-25;20;1445.4663576197047
11;2025-12-25;21;832.2033006330025
11;2025-12-25;22;391.6919581363402
11;2025-12-25;23;229.13898421470003
11;2025-12-26;0;111.42905580898673
11;2025-12-26;1;0.0
11;2025-12-26;2;0.0
11;2025-12-26;3;0.0
11;2025-12-26;4;0.0
11;2025-12-26;5;239.87800889258415
11;2025-12-26;6;1187.2268887353296
11;2025-12-26;7;2184.8277643180404
11;2025-12-26;8;2763.849407594643
11;2025-12-26;9;2254.0645032455636
11;2025-12-26;10;1809.6606794188567
11;2025-12-26;11;1799.1036855160917
11;2025-12-26;12;1779.2738316777913
11;2025-12-26;13;1898.635582803894
11;2025-12-26;14;1982.054933458744
11;2025-12-26;15;2091.2918595130304
11;2025-12-26;16;2347.1573485682916
11;2025-12-26;17;2634.915993365325
11;2025-12-26;18;2503.521091286406
11;2025-12-26;19;2027.0972039757935
11;2025-12-26;20;1458.7197141437964
11;2025-12-26;21;852.6766565474039
11;2025-12-26;22;419.92545054616176
11;2025-12-26;23;252.01369645378736
11;2025-12-27;0;124.80019362042071
11;2025-12-27;1;0.0
11;2025-12-27;2;0.0
11;2025-12-27;3;0.0
11;2025-12-27;4;39.901550802811016
11;2025-12-27;5;208.33426677897705
11;2025-12-27;6;638.7563538900737
11;2025-12-27;7;720.6034287113653
11;2025-12-27;8;941.2702702416248
11;2025-12-27;9;1008.230594668891
11;2025-12-27;10;1154.770416498954
11;2025-12-27;11;1490.218763433397
11;2025-12-27;12;1644.3549313581123
11;2025-12-27;13;1663.3450959504553
11;2025-12-27;14;1667.7676891993574
11;2025-12-27;15;1728.5272051540533
11;2025-12-27;16;1714.3504326115428
11;2025-12-27;17;1701.1427099145706
11;2025-12-27;18;1422.220552186229
11;2025-12-27;19;1199.2968814785509
11;2025-12-27;20;918.836555799447
11;2025-12-27;21;650.5067842326115
11;2025-12-27;22;362.1330634633107
11;2025-12-27;23;264.9863905893151
11;2025-12-28;0;71.64098231466096
11;2025-12-28;1;0.0
11;2025-12-28;2;0.0
11;2025-12-28;3;0.0
11;2025-12-28;4;0.0
11;2025-12-28;5;62.65281385318144
11;2025-12-28;6;365.5557617245197
11;2025-12-28;7;437.0497163476948
11;2025-12-28;8;578.9377935445093
11;2025-12-28;9;734.8582370342313
11;2025-12-28;10;911.185202392448
11;2025-12-28;11;1266.5008326607997
11;2025-12-28;12;1412.3827948857447
11;2025-12-28;13;1431.9225929393192
11;2025-12-28;14;1440.6481711362449
11;2025-12-28;15;1502.6742324208726
11;2025-12-28;16;1418.5987526339293
11;2025-12-28;17;1395.5257753306184
11;2025-12-28;18;1146.4124325350845
11;2025-12-28;19;916.3322224645096
11;2025-12-28;20;761.5001345830059
11;2025-12-28;21;538.8679844071049
11;2025-12-28;22;314.53351120144225
11;2025-12-28;23;218.9639154990648
11;2025-12-29;0;37.428207522153116
11;2025-12-29;1;0.0
11;2025-12-29;2;0.0
11;2025-12-29;3;0.0
11;2025-12-29;4;54.93253080948489
11;2025-12-29;5;282.76744798624077
11;2025-12-29;6;1196.6559586061994
11;2025-12-29;7;2229.65558379614
11;2025-12-29;8;2839.556152207466
11;2025-12-29;9;2332.294962632173
11;2025-12-29;10;1737.6831777785846
11;2025-12-29;11;1672.8694588697388
11;2025-12-29;12;1709.4327743253664
11;2025-12-29;13;1808.0806579923874
11;2025-12-29;14;1822.7501950887063
11;2025-12-29;15;1952.6019779336934
11;2025-12-29;16;2193.660537121229
11;2025-12-29;17;2628.777431421763
11;2025-12-29;18;2744.722240671659
11;2025-12-29;19;2115.2150586210573
11;2025-12-29;20;1405.810695671077
11;2025-12-29;21;782.2307874285559
11;2025-12-29;22;321.6572697683382
11;2025-12-29;23;159.00845860329855
11;2025-12-30;0;24.18737935982699
11;2025-12-30;1;0.0
11;2025-12-30;2;0.0
11;2025-12-30;3;0.0
11;2025-12-30;4;56.98993769160188
11;2025-12-30;5;274.5328447008619
11;2025-12-30;6;1119.4577700764985
11;2025-12-30;7;2281.3099762713045
11;2025-12-30;8;2918.4497510955503
11;2025-12-30;9;2338.679124206074
11;2025-12-30;10;1659.0041296855115
11;2025-12-30;11;1658.1681662365593
11;2025-12-30;12;1685.7247467757047
11;2025-12-30;13;1798.1525770012554
11;2025-12-30;14;1807.2655505998573
11;2025-12-30;15;1889.7119427583095
11;2025-12-30;16;2136.0925725407724
11;2025-12-30;17;2541.2472921261165
11;2025-12-30;18;2758.453451610593
11;2025-12-30;19;2082.4302859634945
11;2025-12-30;20;1409.7785411540947
11;2025-12-30;21;781.0485930316788
11;2025-12-30;22;353.25539869511044
11;2025-12-30;23;173.2317479812134
11;2025-12-31;0;84.16006585991317
11;2025-12-31;1;0.0
11;2025-12-31;2;0.0
11;2025-12-31;3;0.0
11;2025-12-31;4;8.392169293222196
11;2025-12-31;5;175.62570955469982
11;2025-12-31;6;446.21597550716433
11;2025-12-31;7;432.43239714949436
11;2025-12-31;8;614.7437189487478
11;2025-12-31;9;664.0906412413559
11;2025-12-31;10;734.227453181262
11;2025-12-31;11;1038.6797985923085
11;2025-12-31;12;1198.1537819854375
11;2025-12-31;13;1212.6989112753085
11;2025-12-31;14;1233.9955395051604
11;2025-12-31;15;1305.33208109504
11;2025-12-31;16;1279.721322045505
11;2025-12-31;17;1377.2372172943187
11;2025-12-31;18;1333.3769180129566
11;2025-12-31;19;1145.2131078211594
11;2025-12-31;20;897.8798177499032
11;2025-12-31;21;622.2604617427768
11;2025-12-31;22;366.83683419916724
11;2025-12-31;23;261.914882410641
12;2025-11-01;0;246.2231735365665
12;2025-11-01;1;0.0
12;2025-11-01;2;0.0
12;2025-11-01;3;0.0
12;2025-11-01;4;187.30970247339155
12;2025-11-01;5;450.5589234870554
12;2025-11-01;6;1394.1723375693018
12;2025-11-01;7;2403.1509513467226
12;2025-11-01;8;2947.981774275898
12;2025-11-01;9;2294.2169656872957
12;2025-11-01;10;1985.2706320431605
12;2025-11-01;11;1945.2894414513894
12;2025-11-01;12;1975.6870987077418
12;2025-11-01;13;2025.049750909182
12;2025-11-01;14;2020.9823628287227
12;2025-11-01;15;2226.8875517589986
12;2025-11-01;16;2590.8310258920037
12;2025-11-01;17;2754.6069461457355
12;2025-11-01;18;2571.0200384909995
12;2025-11-01;19;2111.3054485250373
12;2025-11-01;20;1418.4394529072147
12;2025-11-01;21;1005.5572245415208
12;2025-11-01;22;632.7603712378221
12;2025-11-01;23;434.89099264688
12;2025-11-02;0;107.84476264688715
12;2025-11-02;1;0.0
12;2025-11-02;2;0.0
12;2025-11-02;3;0.0
12;2025-11-02;4;43.69061064971493
12;2025-11-02;5;182.1439264447215
12;2025-11-02;6;531.5468570245876
12;2025-11-02;7;721.6648190796486
12;2025-11-02;8;783.2787986521012
12;2025-11-02;9;979.813214865035
12;2025-11-02;10;1150.7324600624568
12;2025-11-02;11;1307.0289196347471
12;2025-11-02;12;1378.3598770330734
12;2025-11-02;13;1551.2866312085987
12;2025-11-02;14;1494.5989046744373
12;2025-11-02;15;1436.9056581331795
12;2025-11-02;16;1490.9038719698199
12;2025-11-02;17;1432.9660679584667
12;2025-11-02;18;1282.9294501169084
12;2025-11-02;19;1057.4298170129787
12;2025-11-02;20;811.4299679223026
12;2025-11-02;21;595.0330267336248
12;2025-11-02;22;383.05870997394834
12;2025-11-02;23;242.78668978518294
12;2025-11-03;0;107.89798707982254
12;2025-11-03;1;0.0
12;2025-11-03;2;0.0
12;2025-11-03;3;0.0
12;2025-11-03;4;67.55286981705353
12;2025-11-03;5;237.83672929167574
12;2025-11-03;6;613.2871857150411
12;2025-11-03;7;797.9441792102591
12;2025-11-03;8;1052.2013243466813
12;2025-11-03;9;960.189646986345
12;2025-11-03;10;1105.7208876214304
12;2025-11-03;11;1236.2441532201192
12;2025-11-03;12;1292.359571344455
12;2025-11-03;13;1343.95310330498
12;2025-11-03;14;1310.706844377713
12;2025-11-03;15;1289.5114054718824
12;2025-11-03;16;1393.9707058963193
12;2025-11-03;17;1455.1752406165506
12;2025-11-03;18;1445.8030218028448
12;2025-11-03;19;1177.8565824165526
12;2025-11-03;20;843.7213231952315
12;2025-11-03;21;678.3173486836977
12;2025-11-03;22;452.0945944907271
12;2025-11-03;23;328.8505128763702
12;2025-11-04;0;116.76122444316638
12;2025-11-04;1;0.0
12;2025-11-04;2;0.0
12;2025-11-04;3;0.0
12;2025-11-04;4;86.96622327045588
12;2025-11-04;5;257.20187285326506
12;2025-11-04;6;582.3426754142696
12;2025-11-04;7;789.5333733934983
12;2025-11-04;8;1008.3034742573557
12;2025-11-04;9;936.1885139790515
12;2025-11-04;10;1074.108062251009
12;2025-11-04;11;1212.9949719395436
12;2025-11-04;12;1215.9789936969419
12;2025-11-04;13;1356.4704092687011
12;2025-11-04;14;1386.657153287427
12;2025-11-04;15;1353.2218539904102
12;2025-11-04;16;1406.0195955281504
12;2025-11-04;17;1491.2810386883762
12;2025-11-04;18;1466.093943504688
12;2025-11-04;19;1239.1026835012403
12;2025-11-04;20;847.368400647974
12;2025-11-04;21;635.9464516859214
12;2025-11-04;22;404.6737565850424
12;2025-11-04;23;274.0690013853182
12;2025-11-05;0;98.3547395422604
12;2025-11-05;1;0.0
12;2025-11-05;2;0.0
12;2025-11-05;3;0.0
12;2025-11-05;4;61.975993511108754
12;2025-11-05;5;359.8610152936096
12;2025-11-05;6;1383.5136276667406
12;2025-11-05;7;2682.207703297281
12;2025-11-05;8;3416.818226931281
12;2025-11-05;9;2432.287213660632
12;2025-11-05;10;2083.9056599510277
12;2025-11-05;11;1998.652293245597
12;2025-11-05;12;1994.1283420135524
12;2025-11-05;13;2008.3232794800037
12;2025-11-05;14;2006.118181225579
12;2025-11-05;15;2247.335135147895
12;2025-11-05;16;2722.570283634471
12;2025-11-05;17;2955.9547465482756
12;2025-11-05;18;3060.9577375440394
12;2025-11-05;19;2381.1492796468665
12;2025-11-05;20;1501.178982748919
12;2025-11-05;21;954.3615654114953
12;2025-11-05;22;512.2571721202363
12;2025-11-05;23;288.4773512938891
12;2025-11-06;0;89.80047547086838
12;2025-11-06;1;0.0
12;2025-11-06;2;0.0
12;2025-11-06;3;0.0
12;2025-11-06;4;55.9508918813101
12;2025-11-06;5;350.7169005382764
12;2025-11-06;6;1354.4561669630916
12;2025-11-06;7;2684.3057149478145
12;2025-11-06;8;3394.225278662055
12;2025-11-06;9;2390.253310568122
12;2025-11-06;10;2009.1728553326016
12;2025-11-06;11;1947.9488124427676
12;2025-11-06;12;1984.7958759473245
12;2025-11-06;13;1989.396475488826
12;2025-11-06;14;2011.5561215042817
12;2025-11-06;15;2252.2048696007837
12;2025-11-06;16;2698.0661748617035
12;2025-11-06;17;2984.785159908409
12;2025-11-06;18;3122.2570664483474
12;2025-11-06;19;2419.3632503562944
12;2025-11-06;20;1417.8596533792136
12;2025-11-06;21;963.1712702565501
12;2025-11-06;22;525.7565538424808
12;2025-11-06;23;303.2250066028919
12;2025-11-07;0;86.99364203088794
12;2025-11-07;1;0.0
12;2025-11-07;2;0.0
12;2025-11-07;3;0.0
12;2025-11-07;4;48.500119294274555
12;2025-11-07;5;356.24109774360613
12;2025-11-07;6;1352.4902491709147
12;2025-11-07;7;2614.2745875926157
12;2025-11-07;8;3280.7876244020204
12;2025-11-07;9;2319.3266402603836
12;2025-11-07;10;2002.7627370180126
12;2025-11-07;11;1951.7309900662824
12;2025-11-07;12;1951.596396365544
12;2025-11-07;13;2013.251405482829
12;2025-11-07;14;2053.370224012246
12;2025-11-07;15;2303.56293983644
12;2025-11-07;16;2783.8677302933393
12;2025-11-07;17;2884.0429973882756
12;2025-11-07;18;2703.3303953499644
12;2025-11-07;19;2252.0033904949937
12;2025-11-07;20;1497.1974632727765
12;2025-11-07;21;970.9419274135687
12;2025-11-07;22;540.4462648158802
12;2025-11-07;23;324.0300399337716
12;2025-11-08;0;112.94531335165698
12;2025-11-08;1;0.0
12;2025-11-08;2;0.0
12;2025-11-08;3;0.0
12;2025-11-08;4;64.09257867038673
12;2025-11-08;5;275.79204710069735
12;2025-11-08;6;776.4184597663074
12;2025-11-08;7;946.1891954370566
12;2025-11-08;8;1027.939446773083
12;2025-11-08;9;1170.0373764757517
12;2025-11-08;10;1352.5315585221676
12;2025-11-08;11;1479.2837211957103
12;2025-11-08;12;1541.7932696604796
12;2025-11-08;13;1667.045791030729
12;2025-11-08;14;1662.7685760831669
12;2025-11-08;15;1596.4486065861795
12;2025-11-08;16;1640.9650405516063
12;2025-11-08;17;1598.621190032935
12;2025-11-08;18;1477.0313246289963
12;2025-11-08;19;1359.5817382498471
12;2025-11-08;20;969.0847403118894
12;2025-11-08;21;765.499552918497
12;2025-11-08;22;503.2928744681741
12;2025-11-08;23;360.8826334387529
12;2025-11-09;0;102.62252066300562
12;2025-11-09;1;0.0
12;2025-11-09;2;0.0
12;2025-11-09;3;0.0
12;2025-11-09;4;50.154294692021494
12;2025-11-09;5;191.1438671976116
12;2025-11-09;6;553.7343401934479
12;2025-11-09;7;722.5457007043813
12;2025-11-09;8;759.5132201725955
12;2025-11-09;9;969.8820153286326
12;2025-11-09;10;1169.0108691167545
12;2025-11-09;11;1307.785839772642
12;2025-11-09;12;1364.6888060455638
12;2025-11-09;13;1516.9016971374183
12;2025-11-09;14;1506.5213752171417
12;2025-11-09;15;1420.2075157913569
12;2025-11-09;16;1495.2430251098594
12;2025-11-09;17;1423.5901031539697
12;2025-11-09;18;1268.5643320104846
12;2025-11-09;19;1059.6979539552872
12;2025-11-09;20;800.9059255826696
12;2025-11-09;21;589.9062204192843
12;2025-11-09;22;384.2889962165127
12;2025-11-09;23;245.62049918384514
12;2025-11-10;0;95.42391366132642
12;2025-11-10;1;0.0
12;2025-11-10;2;0.0
12;2025-11-10;3;0.0
12;2025-11-10;4;55.43592906128629
12;2025-11-10;5;328.40771867572175
12;2025-11-10;6;1350.5599913083806
12;2025-11-10;7;2643.204422664917
12;2025-11-10;8;3372.650062221777
12;2025-11-10;9;2383.4125465743246
12;2025-11-10;10;2009.4371761210207
12;2025-11-10;11;1938.364832196954
12;2025-11-10;12;1963.5590912436085
12;2025-11-10;13;1975.868949820895
12;2025-11-10;14;1981.5965344265974
12;2025-11-10;15;2266.8933025201245
12;2025-11-10;16;2716.9297667993023
12;2025-11-10;17;2998.446930536864
12;2025-11-10;18;3104.794417809146
12;2025-11-10;19;2383.1227954047404
12;2025-11-10;20;1463.4493942374272
12;2025-11-10;21;923.2433056716744
12;2025-11-10;22;495.4125650370511
12;2025-11-10;23;283.7985947351235
12;2025-11-11;0;91.71600160855428
12;2025-11-11;1;0.0
12;2025-11-11;2;0.0
12;2025-11-11;3;0.0
12;2025-11-11;4;52.113675911624796
12;2025-11-11;5;358.0624494657595
12;2025-11-11;6;1377.144951139826
12;2025-11-11;7;2707.628115388261
12;2025-11-11;8;3413.53310065831
12;2025-11-11;9;2450.968770186232
12;2025-11-11;10;2102.527723665668
12;2025-11-11;11;2039.008192088762
12;2025-11-11;12;2053.5900900985025
12;2025-11-11;13;2074.3166712891457
12;2025-11-11;14;2066.5235069675614
12;2025-11-11;15;2296.2937037997403
12;2025-11-11;16;2745.286587678349
12;2025-11-11;17;3057.1339752128774
12;2025-11-11;18;3126.0487318582645
12;2025-11-11;19;2424.960352076976
12;2025-11-11;20;1505.7742858349225
12;2025-11-11;21;939.5062161656076
12;2025-11-11;22;503.83222414740715
12;2025-11-11;23;270.5727062215926
12;2025-11-12;0;91.83411692573691
12;2025-11-12;1;0.0
12;2025-11-12;2;0.0
12;2025-11-12;3;0.0
12;2025-11-12;4;58.15394068792261
12;2025-11-12;5;359.0266777410877
12;2025-11-12;6;1382.5966047270867
12;2025-11-12;7;2675.797468625925
12;2025-11-12;8;3455.4168522250784
12;2025-11-12;9;2450.4277807874796
12;2025-11-12;10;2079.447206494007
12;2025-11-12;11;2028.9944028621862
12;2025-11-12;12;2031.151457343201
12;2025-11-12;13;1999.9057602327457
12;2025-11-12;14;2027.644922168686
12;2025-11-12;15;2264.188893275751
12;2025-11-12;16;2724.436320901412
12;2025-11-12;17;2961.7384031818865
12;2025-11-12;18;3092.663153670063
12;2025-11-12;19;2371.159838100527
12;2025-11-12;20;1489.5990574989778
12;2025-11-12;21;948.5249353968512
12;2025-11-12;22;492.45707700374714
12;2025-11-12;23;294.1104650914376
12;2025-11-13;0;92.27928957004724
12;2025-11-13;1;0.0
12;2025-11-13;2;0.0
12;2025-11-13;3;0.0
12;2025-11-13;4;59.96461155173279
12;2025-11-13;5;357.46304604055604
12;2025-11-13;6;1376.0569619046398
12;2025-11-13;7;2671.056630649048
12;2025-11-13;8;3415.253357462704
12;2025-11-13;9;2419.1655429696407
12;2025-11-13;10;2039.3700302248776
12;2025-11-13;11;1975.43774562681
12;2025-11-13;12;1995.7825271554707
12;2025-11-13;13;2013.068436554348
12;2025-11-13;14;2013.63131675271
12;2025-11-13;15;2248.3318866802465
12;2025-11-13;16;2712.076091156242
12;2025-11-13;17;2983.6803178424598
12;2025-11-13;18;3077.9585848007023
12;2025-11-13;19;2405.207752740544
12;2025-11-13;20;1488.7484981381342
12;2025-11-13;21;938.758523052289
12;2025-11-13;22;509.05664527285285
12;2025-11-13;23;292.6051688649309
12;2025-11-14;0;96.1868723816608
12;2025-11-14;1;0.0
12;2025-11-14;2;0.0
12;2025-11-14;3;0.0
12;2025-11-14;4;44.12367615312428
12;2025-11-14;5;309.2466260963197
12;2025-11-14;6;1279.6589460224432
12;2025-11-14;7;2558.5629563515013
12;2025-11-14;8;3245.3530944615236
12;2025-11-14;9;2366.126123360014
12;2025-11-14;10;2044.5888158432053
12;2025-11-14;11;1988.9687786677503
12;2025-11-14;12;2059.4747418844795
12;2025-11-14;13;2073.2591295885463
12;2025-11-14;14;2106.4840455753792
12;2025-11-14;15;2354.7028503498836
12;2025-11-14;16;2843.929714999639
12;2025-11-14;17;2905.318179762483
12;2025-11-14;18;2769.398475881213
12;2025-11-14;19;2215.786250097506
12;2025-11-14;20;1464.6359135991074
12;2025-11-14;21;948.6584421101352
12;2025-11-14;22;525.6823153267302
12;2025-11-14;23;302.9932105109019
12;2025-11-15;0;185.95088100964267
12;2025-11-15;1;0.0
12;2025-11-15;2;0.0
12;2025-11-15;3;0.0
12;2025-11-15;4;44.38908223722183
12;2025-11-15;5;224.14781717080155
12;2025-11-15;6;693.7588040031867
12;2025-11-15;7;835.2258031047063
12;2025-11-15;8;806.8854201656914
12;2025-11-15;9;972.9102323199984
12;2025-11-15;10;1194.5038218723525
12;2025-11-15;11;1319.6755953467773
12;2025-11-15;12;1400.5053767604857
12;2025-11-15;13;1553.0401824570192
12;2025-11-15;14;1569.2637460317646
12;2025-11-15;15;1491.1677905977094
12;2025-11-15;16;1521.1656516912863
12;2025-11-15;17;1459.820385264909
12;2025-11-15;18;1345.6440593154202
12;2025-11-15;19;1213.6354991737444
12;2025-11-15;20;899.6281667690953
12;2025-11-15;21;678.8774752110354
12;2025-11-15;22;423.4684959700734
12;2025-11-15;23;284.39223538802594
12;2025-11-16;0;109.17550058608663
12;2025-11-16;1;0.0
12;2025-11-16;2;0.0
12;2025-11-16;3;0.0
12;2025-11-16;4;36.76566095240287
12;2025-11-16;5;161.3188987220176
12;2025-11-16;6;461.45072752832084
12;2025-11-16;7;635.4352217328384
12;2025-11-16;8;671.506243243813
12;2025-11-16;9;849.9877761667983
12;2025-11-16;10;1066.1491400741259
12;2025-11-16;11;1209.0829499445995
12;2025-11-16;12;1282.934312022232
12;2025-11-16;13;1453.494977955038
12;2025-11-16;14;1433.580950465107
12;2025-11-16;15;1362.2730155804015
12;2025-11-16;16;1419.3140530534902
12;2025-11-16;17;1367.4281666519244
12;2025-11-16;18;1239.8955938483982
12;2025-11-16;19;1012.5193155742452
12;2025-11-16;20;774.2899893268489
12;2025-11-16;21;581.8942699320794
12;2025-11-16;22;387.9879723635214
12;2025-11-16;23;270.10613253988413
12;2025-11-17;0;115.05743999439755
12;2025-11-17;1;0.0
12;2025-11-17;2;0.0
12;2025-11-17;3;0.0
12;2025-11-17;4;71.665455014303
12;2025-11-17;5;347.1864427298608
12;2025-11-17;6;1366.5272134502748
12;2025-11-17;7;2533.8794079849677
12;2025-11-17;8;3143.1312314208017
12;2025-11-17;9;2330.93754663493
12;2025-11-17;10;2022.3370368544752
12;2025-11-17;11;1949.5650824838112
12;2025-11-17;12;1913.4179674482787
12;2025-11-17;13;1855.7757272673416
12;2025-11-17;14;1862.6184512358116
12;2025-11-17;15;2162.2104047360517
12;2025-11-17;16;2662.9559309355423
12;2025-11-17;17;2907.91003400163
12;2025-11-17;18;2990.6931292460567
12;2025-11-17;19;2310.3041350090907
12;2025-11-17;20;1511.613518483009
12;2025-11-17;21;947.5731155106984
12;2025-11-17;22;511.16292200087923
12;2025-11-17;23;300.8897654200232
12;2025-11-18;0;111.53313051896748
12;2025-11-18;1;0.0
12;2025-11-18;2;0.0
12;2025-11-18;3;0.0
12;2025-11-18;4;103.18215793479817
12;2025-11-18;5;371.54802840665775
12;2025-11-18;6;1380.4185557209507
12;2025-11-18;7;2613.999553574485
12;2025-11-18;8;3240.0289991332465
12;2025-11-18;9;2339.5487807859718
12;2025-11-18;10;1990.1059532136378
12;2025-11-18;11;1968.9434346307603
12;2025-11-18;12;1974.8760847633168
12;2025-11-18;13;1924.5469221461803
12;2025-11-18;14;1912.2664813424353
12;2025-11-18;15;2187.7929372991894
12;2025-11-18;16;2642.4749943434254
12;2025-11-18;17;2889.2596658090642
12;2025-11-18;18;3051.824644325355
12;2025-11-18;19;2334.519217172702
12;2025-11-18;20;1490.0556371843936
12;2025-11-18;21;927.1240375621103
12;2025-11-18;22;499.6490844276585
12;2025-11-18;23;293.76450242259943
12;2025-11-19;0;89.6457969359301
12;2025-11-19;1;0.0
12;2025-11-19;2;0.0
12;2025-11-19;3;0.0
12;2025-11-19;4;47.425181133255364
12;2025-11-19;5;350.6173484541723
12;2025-11-19;6;1372.3912742310067
12;2025-11-19;7;2596.255365094691
12;2025-11-19;8;3259.3526628907916
12;2025-11-19;9;2378.9260639930408
12;2025-11-19;10;2031.4577290485477
12;2025-11-19;11;1960.978058855001
12;2025-11-19;12;1950.4630748674936
12;2025-11-19;13;1971.4966082467054
12;2025-11-19;14;1979.2731225515313
12;2025-11-19;15;2227.3060904458953
12;2025-11-19;16;2660.7052968648236
12;2025-11-19;17;2912.3205000050743
12;2025-11-19;18;3011.2205687548176
12;2025-11-19;19;2360.2268813220476
12;2025-11-19;20;1523.0570149696428
12;2025-11-19;21;957.1927026140229
12;2025-11-19;22;515.2435758601727
12;2025-11-19;23;297.022596887336
12;2025-11-20;0;105.0423272389803
12;2025-11-20;1;0.0
12;2025-11-20;2;0.0
12;2025-11-20;3;0.0
12;2025-11-20;4;66.18471218669174
12;2025-11-20;5;345.13536870918597
12;2025-11-20;6;1363.349473844158
12;2025-11-20;7;2608.832768799967
12;2025-11-20;8;3250.946052349972
12;2025-11-20;9;2357.801138847186
12;2025-11-20;10;2016.0041024525674
12;2025-11-20;11;1947.6924440787325
12;2025-11-20;12;1942.2313480677678
12;2025-11-20;13;1987.3982092568494
12;2025-11-20;14;1990.5907674492478
12;2025-11-20;15;2215.82878600233
12;2025-11-20;16;2672.181266181811
12;2025-11-20;17;2943.4444486467155
12;2025-11-20;18;3037.9689165122713
12;2025-11-20;19;2354.5851558445243
12;2025-11-20;20;1511.716286894165
12;2025-11-20;21;965.0062089563221
12;2025-11-20;22;518.4528298391552
12;2025-11-20;23;326.60866867322716
12;2025-11-21;0;115.68030169212352
12;2025-11-21;1;0.0
12;2025-11-21;2;0.0
12;2025-11-21;3;0.0
12;2025-11-21;4;60.05565096639566
12;2025-11-21;5;342.2290574221772
12;2025-11-21;6;1336.6867282080234
12;2025-11-21;7;2531.2221794972465
12;2025-11-21;8;3161.301250131377
12;2025-11-21;9;2290.399764918729
12;2025-11-21;10;1973.9778088643038
12;2025-11-21;11;1920.447215796394
12;2025-11-21;12;1929.2035928366313
12;2025-11-21;13;2011.1870850270896
12;2025-11-21;14;2063.605634755993
12;2025-11-21;15;2298.7213953757005
12;2025-11-21;16;2763.1023548649864
12;2025-11-21;17;2851.7681739214604
12;2025-11-21;18;2703.1486654349505
12;2025-11-21;19;2222.2543920530534
12;2025-11-21;20;1509.2590905247562
12;2025-11-21;21;961.2981824707781
12;2025-11-21;22;528.7933631019725
12;2025-11-21;23;330.4000746337156
12;2025-11-22;0;104.42946463335375
12;2025-11-22;1;0.0
12;2025-11-22;2;0.0
12;2025-11-22;3;0.0
12;2025-11-22;4;192.56047048129244
12;2025-11-22;5;222.63785032406804
12;2025-11-22;6;636.3991998789227
12;2025-11-22;7;821.0922286722812
12;2025-11-22;8;907.9726594988067
12;2025-11-22;9;1061.1733496054999
12;2025-11-22;10;1300.3489667058113
12;2025-11-22;11;1442.6381652246794
12;2025-11-22;12;1470.3700179838065
12;2025-11-22;13;1605.0493744108544
12;2025-11-22;14;1564.2523598058501
12;2025-11-22;15;1508.4736415129419
12;2025-11-22;16;1537.4558725683196
12;2025-11-22;17;1488.65926730302
12;2025-11-22;18;1377.8577367237976
12;2025-11-22;19;1255.4927192807029
12;2025-11-22;20;928.4089524794997
12;2025-11-22;21;659.3605310324967
12;2025-11-22;22;404.7479012649409
12;2025-11-22;23;296.02688855287215
12;2025-11-23;0;113.8486595217637
12;2025-11-23;1;0.0
12;2025-11-23;2;0.0
12;2025-11-23;3;0.0
12;2025-11-23;4;42.29393841721094
12;2025-11-23;5;175.161232064283
12;2025-11-23;6;523.0020779946759
12;2025-11-23;7;674.1390597510031
12;2025-11-23;8;719.6139770634227
12;2025-11-23;9;936.9543595242615
12;2025-11-23;10;1156.7501864292335
12;2025-11-23;11;1264.9551811434053
12;2025-11-23;12;1335.5560054000082
12;2025-11-23;13;1466.5463917418892
12;2025-11-23;14;1467.3088372487146
12;2025-11-23;15;1367.064672356236
12;2025-11-23;16;1453.1782724791344
12;2025-11-23;17;1402.4791114301684
12;2025-11-23;18;1230.9358741608307
12;2025-11-23;19;1034.2854155073198
12;2025-11-23;20;766.644845856287
12;2025-11-23;21;579.7700758760176
12;2025-11-23;22;381.3406290158971
12;2025-11-23;23;264.05528341475656
12;2025-11-24;0;107.47253532191803
12;2025-11-24;1;0.0
12;2025-11-24;2;0.0
12;2025-11-24;3;0.0
12;2025-11-24;4;71.65809769828934
12;2025-11-24;5;364.85989720645284
12;2025-11-24;6;1335.7739287534569
12;2025-11-24;7;2672.353811952562
12;2025-11-24;8;3341.466164561357
12;2025-11-24;9;2410.7758763513193
12;2025-11-24;10;1996.3274687705461
12;2025-11-24;11;1922.2606242766324
12;2025-11-24;12;2011.5931474146337
12;2025-11-24;13;2005.1600454365469
12;2025-11-24;14;1987.941173179457
12;2025-11-24;15;2279.8524461300485
12;2025-11-24;16;2734.4144314672158
12;2025-11-24;17;3019.4473618130614
12;2025-11-24;18;3178.688653774704
12;2025-11-24;19;2393.009454458569
12;2025-11-24;20;1496.6511061249348
12;2025-11-24;21;936.1405884694653
12;2025-11-24;22;507.7788452229921
12;2025-11-24;23;294.68861666029966
12;2025-11-25;0;76.37062863058259
12;2025-11-25;1;0.0
12;2025-11-25;2;0.0
12;2025-11-25;3;0.0
12;2025-11-25;4;46.985149060061076
12;2025-11-25;5;345.6009090110324
12;2025-11-25;6;1360.7535511896776
12;2025-11-25;7;2716.351598998298
12;2025-11-25;8;3418.9409194358427
12;2025-11-25;9;2435.048135997815
12;2025-11-25;10;2062.047205776049
12;2025-11-25;11;1995.8013969833455
12;2025-11-25;12;2014.8793873592213
12;2025-11-25;13;2034.2890299922306
12;2025-11-25;14;2040.7162734477638
12;2025-11-25;15;2301.6439655394083
12;2025-11-25;16;2756.038188956106
12;2025-11-25;17;3043.081844283066
12;2025-11-25;18;3178.2727085141796
12;2025-11-25;19;2425.5113449127016
12;2025-11-25;20;1500.2230516817829
12;2025-11-25;21;932.1151415382672
12;2025-11-25;22;501.7380357109788
12;2025-11-25;23;282.71861109833617
12;2025-11-26;0;91.52173942688091
12;2025-11-26;1;0.0
12;2025-11-26;2;0.0
12;2025-11-26;3;0.0
12;2025-11-26;4;57.8527230189361
12;2025-11-26;5;351.0601968671551
12;2025-11-26;6;1338.9338992771156
12;2025-11-26;7;2674.181704562933
12;2025-11-26;8;3438.2542114207663
12;2025-11-26;9;2387.857609349743
12;2025-11-26;10;2083.740467187201
12;2025-11-26;11;1977.0313828902808
12;2025-11-26;12;2013.015358266231
12;2025-11-26;13;2033.4716401828878
12;2025-11-26;14;2050.5107729785814
12;2025-11-26;15;2307.3142817515673
12;2025-11-26;16;2741.5751936945167
12;2025-11-26;17;3004.726827838532
12;2025-11-26;18;3123.209300944368
12;2025-11-26;19;2412.7231568589746
12;2025-11-26;20;1490.6135179995931
12;2025-11-26;21;948.0498162897975
12;2025-11-26;22;507.34327640535
12;2025-11-26;23;288.0356680049076
12;2025-11-27;0;81.7398980543594
12;2025-11-27;1;0.0
12;2025-11-27;2;0.0
12;2025-11-27;3;0.0
12;2025-11-27;4;48.83179697581272
12;2025-11-27;5;344.98127828927227
12;2025-11-27;6;1351.0961370560697
12;2025-11-27;7;2698.373957724527
12;2025-11-27;8;3429.330826057394
12;2025-11-27;9;2405.208380239532
12;2025-11-27;10;2025.5574454781306
12;2025-11-27;11;1964.7268170488564
12;2025-11-27;12;1972.2654552814752
12;2025-11-27;13;1989.788791963314
12;2025-11-27;14;1987.7333994663873
12;2025-11-27;15;2278.723614132732
12;2025-11-27;16;2725.573079825793
12;2025-11-27;17;2989.5583472417047
12;2025-11-27;18;3077.7495149141337
12;2025-11-27;19;2379.591159631482
12;2025-11-27;20;1495.9865978439436
12;2025-11-27;21;948.3720700784381
12;2025-11-27;22;498.0365800610949
12;2025-11-27;23;298.00669231791517
12;2025-11-28;0;87.4426337701102
12;2025-11-28;1;0.0
12;2025-11-28;2;0.0
12;2025-11-28;3;0.0
12;2025-11-28;4;29.955748674919732
12;2025-11-28;5;348.07979350553387
12;2025-11-28;6;1347.727500782326
12;2025-11-28;7;2657.296314472511
12;2025-11-28;8;3374.181185888173
12;2025-11-28;9;2388.9473177556006
12;2025-11-28;10;2011.39903705994
12;2025-11-28;11;1972.8981790232895
12;2025-11-28;12;2000.827865361301
12;2025-11-28;13;2029.840560357573
12;2025-11-28;14;2079.7959302162835
12;2025-11-28;15;2357.6271822
12;2025-11-28;16;2838.0896109760833
12;2025-11-28;17;2902.126797126145
12;2025-11-28;18;2756.4751027832526
12;2025-11-28;19;2237.7355517428755
12;2025-11-28;20;1472.9468595409994
12;2025-11-28;21;939.5409121287333
12;2025-11-28;22;510.929379320256
12;2025-11-28;23;310.7950315009773
12;2025-11-29;0;111.94490257269126
12;2025-11-29;1;0.0
12;2025-11-29;2;0.0
12;2025-11-29;3;0.0
12;2025-11-29;4;27.687436445382218
12;2025-11-29;5;242.93687355445286
12;2025-11-29;6;720.1551634363663
12;2025-11-29;7;900.6230544571708
12;2025-11-29;8;967.5930155333019
12;2025-11-29;9;1122.548261820219
12;2025-11-29;10;1323.3734269066479
12;2025-11-29;11;1454.0142465186566
12;2025-11-29;12;1515.6261705811542
12;2025-11-29;13;1637.148976088859
12;2025-11-29;14;1609.3097409180652
12;2025-11-29;15;1590.1177902003838
12;2025-11-29;16;1676.7251522103109
12;2025-11-29;17;1607.4699847416903
12;2025-11-29;18;1479.5685927141199
12;2025-11-29;19;1310.492328100095
12;2025-11-29;20;954.7112750715628
12;2025-11-29;21;692.0829668209442
12;2025-11-29;22;459.5170079148347
12;2025-11-29;23;299.0582280659655
12;2025-11-30;0;142.51120819707216
12;2025-11-30;1;0.0
12;2025-11-30;2;0.0
12;2025-11-30;3;0.0
12;2025-11-30;4;71.95146874177749
12;2025-11-30;5;188.31961625755298
12;2025-11-30;6;546.1201814011182
12;2025-11-30;7;736.4561536710455
12;2025-11-30;8;789.6074426528239
12;2025-11-30;9;976.8530684580082
12;2025-11-30;10;1178.0024474034917
12;2025-11-30;11;1338.4400757708506
12;2025-11-30;12;1375.0165135546488
12;2025-11-30;13;1573.9096103929717
12;2025-11-30;14;1526.5222192370152
12;2025-11-30;15;1465.6127533390224
12;2025-11-30;16;1534.73383645808
12;2025-11-30;17;1475.871761477504
12;2025-11-30;18;1342.0787578421507
12;2025-11-30;19;1052.254353314773
12;2025-11-30;20;781.5077622991518
12;2025-11-30;21;575.8971711139001
12;2025-11-30;22;385.93645123525846
12;2025-11-30;23;255.1290251152261
12;2025-12-01;0;87.86598703382128
12;2025-12-01;1;0.0
12;2025-12-01;2;0.0
12;2025-12-01;3;0.0
12;2025-12-01;4;57.05482952734633
12;2025-12-01;5;331.5771695039798
12;2025-12-01;6;1353.0465827605876
12;2025-12-01;7;2619.099690524159
12;2025-12-01;8;3304.3845277424925
12;2025-12-01;9;2377.1722788669217
12;2025-12-01;10;1975.5454341612535
12;2025-12-01;11;1886.1129359697054
12;2025-12-01;12;1921.6796299751604
12;2025-12-01;13;1950.98774356386
12;2025-12-01;14;1954.3983987631973
12;2025-12-01;15;2236.451223804493
12;2025-12-01;16;2706.885452343631
12;2025-12-01;17;2991.62281548345
12;2025-12-01;18;3080.6372669419693
12;2025-12-01;19;2334.810876100718
12;2025-12-01;20;1456.16251404956
12;2025-12-01;21;898.8395207016097
12;2025-12-01;22;474.9490648876274
12;2025-12-01;23;275.9263311023569
12;2025-12-02;0;86.73661842139859
12;2025-12-02;1;0.0
12;2025-12-02;2;0.0
12;2025-12-02;3;0.0
12;2025-12-02;4;36.58973534536699
12;2025-12-02;5;309.4991540006954
12;2025-12-02;6;1317.3200638208734
12;2025-12-02;7;2622.028220264523
12;2025-12-02;8;3331.8624690168986
12;2025-12-02;9;2352.522018060182
12;2025-12-02;10;2001.3165940433878
12;2025-12-02;11;1924.3472359112043
12;2025-12-02;12;1957.5888657188937
12;2025-12-02;13;1989.554407648271
12;2025-12-02;14;1983.5493811063602
12;2025-12-02;15;2242.5341583382296
12;2025-12-02;16;2710.934175426929
12;2025-12-02;17;2994.6819528888577
12;2025-12-02;18;3110.86472018602
12;2025-12-02;19;2378.4058719918535
12;2025-12-02;20;1429.6434660586951
12;2025-12-02;21;897.2136715787166
12;2025-12-02;22;461.2802726381781
12;2025-12-02;23;238.45056747776698
12;2025-12-03;0;92.88330463744705
12;2025-12-03;1;0.0
12;2025-12-03;2;0.0
12;2025-12-03;3;0.0
12;2025-12-03;4;53.36540465810981
12;2025-12-03;5;332.3360403818333
12;2025-12-03;6;1345.1962896108075
12;2025-12-03;7;2650.4580617568017
12;2025-12-03;8;3370.7530194052247
12;2025-12-03;9;2393.9280175307513
12;2025-12-03;10;2037.370153939209
12;2025-12-03;11;1994.6783339555168
12;2025-12-03;12;1992.6653045939229
12;2025-12-03;13;2044.3280332163413
12;2025-12-03;14;2023.8256279065135
12;2025-12-03;15;2280.093924694441
12;2025-12-03;16;2737.4769211257176
12;2025-12-03;17;2996.111970234098
12;2025-12-03;18;3094.5903296258734
12;2025-12-03;19;2364.5838440875905
12;2025-12-03;20;1471.0342892233502
12;2025-12-03;21;932.8498879990054
12;2025-12-03;22;485.8830633033572
12;2025-12-03;23;274.5426764069214
12;2025-12-04;0;87.07490157906295
12;2025-12-04;1;0.0
12;2025-12-04;2;0.0
12;2025-12-04;3;0.0
12;2025-12-04;4;49.144618559594164
12;2025-12-04;5;326.6584452367713
12;2025-12-04;6;1329.1182417649934
12;2025-12-04;7;2652.017131927095
12;2025-12-04;8;3354.9132081084754
12;2025-12-04;9;2353.83990103238
12;2025-12-04;10;2008.4429650216007
12;2025-12-04;11;1934.6794227214018
12;2025-12-04;12;1944.0858885937355
12;2025-12-04;13;1993.054334621917
12;2025-12-04;14;2001.6159681364243
12;2025-12-04;15;2260.7893503751875
12;2025-12-04;16;2718.229387437269
12;2025-12-04;17;2989.3293467408007
12;2025-12-04;18;3048.0525492902534
12;2025-12-04;19;2330.635134338435
12;2025-12-04;20;1451.3877062659508
12;2025-12-04;21;910.9075679729651
12;2025-12-04;22;481.61150854319305
12;2025-12-04;23;270.9948090437042
12;2025-12-05;0;89.5605021703143
12;2025-12-05;1;0.0
12;2025-12-05;2;0.0
12;2025-12-05;3;0.0
12;2025-12-05;4;49.094600526643035
12;2025-12-05;5;319.6592128449561
12;2025-12-05;6;1323.9896913113778
12;2025-12-05;7;2603.523052984532
12;2025-12-05;8;3294.872836975698
12;2025-12-05;9;2349.6318144809443
12;2025-12-05;10;1992.8999571111503
12;2025-12-05;11;1932.8882559992485
12;2025-12-05;12;1937.7843250519354
12;2025-12-05;13;2020.0587836807504
12;2025-12-05;14;2050.686354471773
12;2025-12-05;15;2340.2391073254175
12;2025-12-05;16;2833.4188221017157
12;2025-12-05;17;2874.236030202641
12;2025-12-05;18;2718.030860524341
12;2025-12-05;19;2176.2770007744257
12;2025-12-05;20;1454.2950645131255
12;2025-12-05;21;923.689565733315
12;2025-12-05;22;496.2531781549343
12;2025-12-05;23;285.1368834095706
12;2025-12-06;0;111.4711693097372
12;2025-12-06;1;0.0
12;2025-12-06;2;0.0
12;2025-12-06;3;0.0
12;2025-12-06;4;51.48421972668439
12;2025-12-06;5;245.01006721450085
12;2025-12-06;6;743.026104825682
12;2025-12-06;7;877.9602503628834
12;2025-12-06;8;943.1747823629269
12;2025-12-06;9;1106.0809397558405
12;2025-12-06;10;1309.9450074111066
12;2025-12-06;11;1441.1322667842182
12;2025-12-06;12;1484.1769653413971
12;2025-12-06;13;1659.0749810044417
12;2025-12-06;14;1596.7628206812826
12;2025-12-06;15;1533.3623132508685
12;2025-12-06;16;1573.535110459604
12;2025-12-06;17;1517.293358908192
12;2025-12-06;18;1371.6677664948481
12;2025-12-06;19;1238.0219916262681
12;2025-12-06;20;903.6990688685656
12;2025-12-06;21;678.6618985803245
12;2025-12-06;22;436.870445412237
12;2025-12-06;23;285.24101836444606
12;2025-12-07;0;112.23028719252466
12;2025-12-07;1;0.0
12;2025-12-07;2;0.0
12;2025-12-07;3;0.0
12;2025-12-07;4;44.48942601744102
12;2025-12-07;5;160.99678364600754
12;2025-12-07;6;503.4489548310246
12;2025-12-07;7;683.0787088053148
12;2025-12-07;8;720.9600741029577
12;2025-12-07;9;918.0238665340763
12;2025-12-07;10;1132.663219922815
12;2025-12-07;11;1274.830807233665
12;2025-12-07;12;1335.6722024851993
12;2025-12-07;13;1519.1371947642137
12;2025-12-07;14;1489.165374826799
12;2025-12-07;15;1390.730454634351
12;2025-12-07;16;1454.4260139516473
12;2025-12-07;17;1407.508165955642
12;2025-12-07;18;1269.4117793636055
12;2025-12-07;19;993.7338558284259
12;2025-12-07;20;739.8330377283072
12;2025-12-07;21;562.9980326468993
12;2025-12-07;22;371.7198924430122
12;2025-12-07;23;234.41806093330024
12;2025-12-08;0;93.68246940152585
12;2025-12-08;1;0.0
12;2025-12-08;2;0.0
12;2025-12-08;3;0.0
12;2025-12-08;4;52.48329872112686
12;2025-12-08;5;338.6852348457455
12;2025-12-08;6;1357.2667318522397
12;2025-12-08;7;2649.202196910895
12;2025-12-08;8;3362.491228159317
12;2025-12-08;9;2424.0187780626347
12;2025-12-08;10;2050.038581071297
12;2025-12-08;11;1927.583263252518
12;2025-12-08;12;1932.544063654871
12;2025-12-08;13;1922.5507253292112
12;2025-12-08;14;1977.9626845951207
12;2025-12-08;15;2226.3140903445183
12;2025-12-08;16;2741.586775228464
12;2025-12-08;17;3019.3780700354373
12;2025-12-08;18;3125.101730741632
12;2025-12-08;19;2352.7939576691497
12;2025-12-08;20;1464.6259206308189
12;2025-12-08;21;894.6550268751389
12;2025-12-08;22;469.9817522150065
12;2025-12-08;23;266.79927891328884
12;2025-12-09;0;89.13122101118483
12;2025-12-09;1;0.0
12;2025-12-09;2;0.0
12;2025-12-09;3;0.0
12;2025-12-09;4;41.13078439523724
12;2025-12-09;5;350.40677328944025
12;2025-12-09;6;1348.8680164090947
12;2025-12-09;7;2678.668636454524
12;2025-12-09;8;3349.07839090175
12;2025-12-09;9;2401.675922386186
12;2025-12-09;10;2016.249265046382
12;2025-12-09;11;1945.47800957133
12;2025-12-09;12;1983.573763825935
12;2025-12-09;13;1979.7944018358103
12;2025-12-09;14;1996.694207190414
12;2025-12-09;15;2244.266292619912
12;2025-12-09;16;2737.774999768404
12;2025-12-09;17;3029.957693135876
12;2025-12-09;18;3182.545491933394
12;2025-12-09;19;2392.9643435589996
12;2025-12-09;20;1463.9994668468519
12;2025-12-09;21;903.7956478509169
12;2025-12-09;22;463.9602681087224
12;2025-12-09;23;259.9273011371606
12;2025-12-10;0;91.15697921769174
12;2025-12-10;1;0.0
12;2025-12-10;2;0.0
12;2025-12-10;3;0.0
12;2025-12-10;4;66.72845131026543
12;2025-12-10;5;353.895815407119
12;2025-12-10;6;1340.9150896636224
12;2025-12-10;7;2660.0094523691123
12;2025-12-10;8;3353.865806453631
12;2025-12-10;9;2362.545346787595
12;2025-12-10;10;2053.3800399461575
12;2025-12-10;11;1974.682594117611
12;2025-12-10;12;1987.4250875550085
12;2025-12-10;13;1999.3482042900475
12;2025-12-10;14;2007.2567067298173
12;2025-12-10;15;2254.4778546820817
12;2025-12-10;16;2711.398505603175
12;2025-12-10;17;2985.97827861328
12;2025-12-10;18;3084.9644989628187
12;2025-12-10;19;2372.9474413365665
12;2025-12-10;20;1476.4304407768761
12;2025-12-10;21;919.799580726766
12;2025-12-10;22;490.43616666801177
12;2025-12-10;23;277.7393726266282
12;2025-12-11;0;89.1553152056265
12;2025-12-11;1;0.0
12;2025-12-11;2;0.0
12;2025-12-11;3;0.0
12;2025-12-11;4;56.22403365283708
12;2025-12-11;5;321.5882931954354
12;2025-12-11;6;1326.492377726364
12;2025-12-11;7;2635.5877437715208
12;2025-12-11;8;3252.724096511268
12;2025-12-11;9;2383.853881905763
12;2025-12-11;10;2029.0982126761778
12;2025-12-11;11;1972.528212851415
12;2025-12-11;12;2009.603734746514
12;2025-12-11;13;2026.2756141808782
12;2025-12-11;14;2043.5921223000378
12;2025-12-11;15;2282.66497887209
12;2025-12-11;16;2761.6020259407646
12;2025-12-11;17;2974.248399531353
12;2025-12-11;18;3061.3339023564395
12;2025-12-11;19;2315.434669764669
12;2025-12-11;20;1423.803365314057
12;2025-12-11;21;901.0543930778234
12;2025-12-11;22;490.23098203138954
12;2025-12-11;23;282.2571961963233
12;2025-12-12;0;92.17346384199232
12;2025-12-12;1;0.0
12;2025-12-12;2;0.0
12;2025-12-12;3;0.0
12;2025-12-12;4;43.80038777492473
12;2025-12-12;5;324.3983694194326
12;2025-12-12;6;1294.7322731567701
12;2025-12-12;7;2560.3135086679013
12;2025-12-12;8;3213.910132100722
12;2025-12-12;9;2350.742234940664
12;2025-12-12;10;2006.8389685379557
12;2025-12-12;11;1947.9917126958885
12;2025-12-12;12;1930.6506080414952
12;2025-12-12;13;1951.6481900782278
12;2025-12-12;14;1978.3597534067278
12;2025-12-12;15;2300.866783212061
12;2025-12-12;16;2802.1808841814436
12;2025-12-12;17;2828.3514496865296
12;2025-12-12;18;2693.656818832498
12;2025-12-12;19;2147.1494436012385
12;2025-12-12;20;1444.6359031635914
12;2025-12-12;21;876.5410246640855
12;2025-12-12;22;474.10131542490217
12;2025-12-12;23;273.4546670308789
12;2025-12-13;0;97.93585053540141
12;2025-12-13;1;0.0
12;2025-12-13;2;0.0
12;2025-12-13;3;0.0
12;2025-12-13;4;26.00791225369312
12;2025-12-13;5;216.3734396141615
12;2025-12-13;6;640.0249510322803
12;2025-12-13;7;806.9505741735185
12;2025-12-13;8;875.9756248017056
12;2025-12-13;9;1041.3688189722957
12;2025-12-13;10;1253.9576214293575
12;2025-12-13;11;1377.9058572676324
12;2025-12-13;12;1445.2272122443983
12;2025-12-13;13;1567.087771278077
12;2025-12-13;14;1544.4799425646588
12;2025-12-13;15;1467.3188101789108
12;2025-12-13;16;1513.7842601838388
12;2025-12-13;17;1486.5478124712383
12;2025-12-13;18;1399.9268586281135
12;2025-12-13;19;1256.1287327437392
12;2025-12-13;20;862.4096754609288
12;2025-12-13;21;655.0017888729824
12;2025-12-13;22;426.8776426963998
12;2025-12-13;23;266.5375742695512
12;2025-12-14;0;102.55386816876376
12;2025-12-14;1;0.0
12;2025-12-14;2;0.0
12;2025-12-14;3;0.0
12;2025-12-14;4;35.54608496591595
12;2025-12-14;5;139.51176206712694
12;2025-12-14;6;452.7081547358805
12;2025-12-14;7;671.8438442510559
12;2025-12-14;8;699.1244005740994
12;2025-12-14;9;911.0234575901418
12;2025-12-14;10;1131.0974149075419
12;2025-12-14;11;1270.354363161437
12;2025-12-14;12;1325.3249509614654
12;2025-12-14;13;1482.1615935876714
12;2025-12-14;14;1496.2411096154203
12;2025-12-14;15;1411.9342540147113
12;2025-12-14;16;1489.0250609177988
12;2025-12-14;17;1411.9247688987723
12;2025-12-14;18;1283.184406049828
12;2025-12-14;19;1016.6285520658877
12;2025-12-14;20;761.0399581862498
12;2025-12-14;21;548.0195077493414
12;2025-12-14;22;362.9786502642153
12;2025-12-14;23;220.6882415363898
12;2025-12-15;0;93.86743844652233
12;2025-12-15;1;0.0
12;2025-12-15;2;0.0
12;2025-12-15;3;0.0
12;2025-12-15;4;26.50997588926407
12;2025-12-15;5;304.31359730967665
12;2025-12-15;6;1273.778658670777
12;2025-12-15;7;2585.9659087460304
12;2025-12-15;8;3260.2163225625523
12;2025-12-15;9;2341.538321696815
12;2025-12-15;10;1989.84349460315
12;2025-12-15;11;1906.9433895624873
12;2025-12-15;12;1916.7570509414295
12;2025-12-15;13;1924.3224955301803
12;2025-12-15;14;1944.629735068721
12;2025-12-15;15;2221.6050904564836
12;2025-12-15;16;2697.170547470617
12;2025-12-15;17;2955.6332433962575
12;2025-12-15;18;3020.426975293115
12;2025-12-15;19;2351.5163013493266
12;2025-12-15;20;1435.0252670400353
12;2025-12-15;21;882.2460732968407
12;2025-12-15;22;463.3585123841051
12;2025-12-15;23;246.8861021240516
12;2025-12-16;0;81.0284900317481
12;2025-12-16;1;0.0
12;2025-12-16;2;0.0
12;2025-12-16;3;0.0
12;2025-12-16;4;30.838594170698116
12;2025-12-16;5;332.18376747319803
12;2025-12-16;6;1321.7007593737562
12;2025-12-16;7;2669.5990734764227
12;2025-12-16;8;3349.3727804111904
12;2025-12-16;9;2363.433329955262
12;2025-12-16;10;2019.603452726714
12;2025-12-16;11;1939.7029574257522
12;2025-12-16;12;1966.622993582666
12;2025-12-16;13;1953.558283407061
12;2025-12-16;14;2019.142638808402
12;2025-12-16;15;2303.0021239706857
12;2025-12-16;16;2769.622903929225
12;2025-12-16;17;3059.5889446543524
12;2025-12-16;18;3203.828602627321
12;2025-12-16;19;2458.0372268880446
12;2025-12-16;20;1491.038735342021
12;2025-12-16;21;933.1946295293876
12;2025-12-16;22;503.5998367485324
12;2025-12-16;23;276.5693207614447
12;2025-12-17;0;79.50458652742395
12;2025-12-17;1;0.0
12;2025-12-17;2;0.0
12;2025-12-17;3;0.0
12;2025-12-17;4;39.943824585574475
12;2025-12-17;5;336.7482472715167
12;2025-12-17;6;1321.5259903444344
12;2025-12-17;7;2661.3187103342498
12;2025-12-17;8;3367.7368926042845
12;2025-12-17;9;2419.151608736951
12;2025-12-17;10;2058.54444652054
12;2025-12-17;11;1992.6890450851974
12;2025-12-17;12;1998.553506526006
12;2025-12-17;13;2013.9576796604981
12;2025-12-17;14;2010.5572480294527
12;2025-12-17;15;2268.099623450863
12;2025-12-17;16;2730.4896437430157
12;2025-12-17;17;3016.8566559633327
12;2025-12-17;18;3129.8635563525527
12;2025-12-17;19;2401.9192978695564
12;2025-12-17;20;1477.6010262169561
12;2025-12-17;21;929.6521645913224
12;2025-12-17;22;490.24176493563493
12;2025-12-17;23;278.81616737987815
12;2025-12-18;0;84.13792501602438
12;2025-12-18;1;0.0
12;2025-12-18;2;0.0
12;2025-12-18;3;0.0
12;2025-12-18;4;48.70555253458497
12;2025-12-18;5;329.90965824679483
12;2025-12-18;6;1285.4692006043692
12;2025-12-18;7;2652.41091738839
12;2025-12-18;8;3292.9808476998383
12;2025-12-18;9;2364.4902958796765
12;2025-12-18;10;1989.070945358122
12;2025-12-18;11;1952.4091112630742
12;2025-12-18;12;1986.7834759542807
12;2025-12-18;13;1985.9115560383152
12;2025-12-18;14;2012.2122839769077
12;2025-12-18;15;2285.3297030135054
12;2025-12-18;16;2754.256137720146
12;2025-12-18;17;3017.102820577027
12;2025-12-18;18;3122.278673109162
12;2025-12-18;19;2398.6474411576346
12;2025-12-18;20;1494.3030125797927
12;2025-12-18;21;934.4256774236308
12;2025-12-18;22;499.97864560986056
12;2025-12-18;23;282.1337750544458
12;2025-12-19;0;74.8116982898548
12;2025-12-19;1;0.0
12;2025-12-19;2;0.0
12;2025-12-19;3;0.0
12;2025-12-19;4;45.61748873398665
12;2025-12-19;5;329.6789362396919
12;2025-12-19;6;1306.4616815299125
12;2025-12-19;7;2624.3804551585918
12;2025-12-19;8;3291.310575602827
12;2025-12-19;9;2344.570684837717
12;2025-12-19;10;1972.8119338745619
12;2025-12-19;11;1901.8837911851606
12;2025-12-19;12;1948.4238710307104
12;2025-12-19;13;1982.3076111581595
12;2025-12-19;14;2087.9206841782243
12;2025-12-19;15;2333.2022165619383
12;2025-12-19;16;2839.2889958446376
12;2025-12-19;17;2921.3941705594834
12;2025-12-19;18;2777.075740944605
12;2025-12-19;19;2216.5534030789763
12;2025-12-19;20;1458.436315753037
12;2025-12-19;21;917.7119339850879
12;2025-12-19;22;493.989318622699
12;2025-12-19;23;292.2436961750277
12;2025-12-20;0;104.37464378243953
12;2025-12-20;1;0.0
12;2025-12-20;2;0.0
12;2025-12-20;3;0.0
12;2025-12-20;4;33.91334166944853
12;2025-12-20;5;244.19740927921157
12;2025-12-20;6;716.1569346338141
12;2025-12-20;7;867.2201557668595
12;2025-12-20;8;892.5103115868434
12;2025-12-20;9;1071.473963249832
12;2025-12-20;10;1272.9985859265341
12;2025-12-20;11;1393.7778062871143
12;2025-12-20;12;1451.4804226654692
12;2025-12-20;13;1627.023038521473
12;2025-12-20;14;1596.7878806955239
12;2025-12-20;15;1501.4881168950208
12;2025-12-20;16;1553.1142914218165
12;2025-12-20;17;1517.6019320835182
12;2025-12-20;18;1385.2735150691367
12;2025-12-20;19;1231.8575068739663
12;2025-12-20;20;871.8199672960156
12;2025-12-20;21;666.6082745129763
12;2025-12-20;22;431.6479720153767
12;2025-12-20;23;290.1913199616474
12;2025-12-21;0;103.37767458356029
12;2025-12-21;1;0.0
12;2025-12-21;2;0.0
12;2025-12-21;3;0.0
12;2025-12-21;4;27.447163100382795
12;2025-12-21;5;149.60592851552246
12;2025-12-21;6;442.2789620234521
12;2025-12-21;7;666.1155921709244
12;2025-12-21;8;685.8056747589629
12;2025-12-21;9;889.8891946719745
12;2025-12-21;10;1108.6338845127186
12;2025-12-21;11;1268.2955718315015
12;2025-12-21;12;1344.192011857263
12;2025-12-21;13;1542.422950851002
12;2025-12-21;14;1538.9145956200393
12;2025-12-21;15;1413.8980310700774
12;2025-12-21;16;1454.3222741385282
12;2025-12-21;17;1427.5645171877065
12;2025-12-21;18;1286.878979523679
12;2025-12-21;19;1017.9911419569593
12;2025-12-21;20;737.1593099094451
12;2025-12-21;21;556.6724620019638
12;2025-12-21;22;363.5942507584432
12;2025-12-21;23;230.79804806392212
12;2025-12-22;0;94.74288465549398
12;2025-12-22;1;0.0
12;2025-12-22;2;0.0
12;2025-12-22;3;0.0
12;2025-12-22;4;54.774841961427455
12;2025-12-22;5;336.55924060803204
12;2025-12-22;6;1339.8654068890462
12;2025-12-22;7;2607.918205803273
12;2025-12-22;8;3251.675981152325
12;2025-12-22;9;2311.3427159574653
12;2025-12-22;10;1947.9760724991713
12;2025-12-22;11;1839.6235424748406
12;2025-12-22;12;1901.473833513475
12;2025-12-22;13;1964.6007079257606
12;2025-12-22;14;1984.816826210456
12;2025-12-22;15;2242.718870478625
12;2025-12-22;16;2737.411970320557
12;2025-12-22;17;2960.2170091883827
12;2025-12-22;18;3075.494731006771
12;2025-12-22;19;2327.494766203828
12;2025-12-22;20;1427.054618823632
12;2025-12-22;21;848.8508942742376
12;2025-12-22;22;478.10486330060655
12;2025-12-22;23;232.5039400800256
12;2025-12-23;0;74.51230947253748
12;2025-12-23;1;0.0
12;2025-12-23;2;0.0
12;2025-12-23;3;0.0
12;2025-12-23;4;48.243971682330994
12;2025-12-23;5;335.4835497368356
12;2025-12-23;6;1294.3200618192618
12;2025-12-23;7;2637.1820694198836
12;2025-12-23;8;3295.155190802944
12;2025-12-23;9;2378.75647176834
12;2025-12-23;10;2019.9426323489463
12;2025-12-23;11;1936.648590057136
12;2025-12-23;12;1963.5079432318703
12;2025-12-23;13;1955.888820013423
12;2025-12-23;14;1991.5479464834248
12;2025-12-23;15;2245.6167720378076
12;2025-12-23;16;2731.7647964150983
12;2025-12-23;17;3014.129447810372
12;2025-12-23;18;3098.3095058518456
12;2025-12-23;19;2401.16400999629
12;2025-12-23;20;1458.534192421749
12;2025-12-23;21;881.2823283490403
12;2025-12-23;22;454.8706509235117
12;2025-12-23;23;233.9776735185335
12;2025-12-24;0;66.44683368317533
12;2025-12-24;1;0.0
12;2025-12-24;2;0.0
12;2025-12-24;3;0.0
12;2025-12-24;4;33.90359213397005
12;2025-12-24;5;300.8402564767898
12;2025-12-24;6;1292.9239774408816
12;2025-12-24;7;2629.793012287012
12;2025-12-24;8;3248.260014266902
12;2025-12-24;9;2315.882784626886
12;2025-12-24;10;1949.0030741699024
12;2025-12-24;11;1843.0863573503975
12;2025-12-24;12;1899.9898470627018
12;2025-12-24;13;1921.8325007450367
12;2025-12-24;14;1934.8114392613247
12;2025-12-24;15;2226.4375692735784
12;2025-12-24;16;2712.272338594432
12;2025-12-24;17;3010.745545219005
12;2025-12-24;18;3137.0460766005876
12;2025-12-24;19;2424.4414137117183
12;2025-12-24;20;1477.6746442535825
12;2025-12-24;21;933.4239344652804
12;2025-12-24;22;483.68263190290463
12;2025-12-24;23;255.1794096750623
12;2025-12-25;0;85.40863191397966
12;2025-12-25;1;0.0
12;2025-12-25;2;0.0
12;2025-12-25;3;0.0
12;2025-12-25;4;44.82738920465317
12;2025-12-25;5;320.5867752540039
12;2025-12-25;6;1281.013395523385
12;2025-12-25;7;2653.8967149021537
12;2025-12-25;8;3303.3712000216237
12;2025-12-25;9;2351.305743641722
12;2025-12-25;10;1964.5802346793776
12;2025-12-25;11;1889.3811461316395
12;2025-12-25;12;1939.079508925971
12;2025-12-25;13;1955.49533302579
12;2025-12-25;14;1985.5827030699675
12;2025-12-25;15;2252.561609122352
12;2025-12-25;16;2738.1625427644467
12;2025-12-25;17;3030.512602659769
12;2025-12-25;18;3192.920553663852
12;2025-12-25;19;2444.2980926281125
12;2025-12-25;20;1525.7969467810715
12;2025-12-25;21;875.3214747958876
12;2025-12-25;22;466.09140066527664
12;2025-12-25;23;255.18408648350396
12;2025-12-26;0;109.12787111906482
12;2025-12-26;1;0.0
12;2025-12-26;2;0.0
12;2025-12-26;3;0.0
12;2025-12-26;4;107.22416169007784
12;2025-12-26;5;343.7900713206543
12;2025-12-26;6;1307.4970432102357
12;2025-12-26;7;2486.042991470826
12;2025-12-26;8;3093.4204179427957
12;2025-12-26;9;2227.6423221255545
12;2025-12-26;10;1900.1964391235308
12;2025-12-26;11;1811.2900199767578
12;2025-12-26;12;1896.9808245264628
12;2025-12-26;13;1930.7536509459555
12;2025-12-26;14;1999.551630755037
12;2025-12-26;15;2279.4076946620685
12;2025-12-26;16;2746.4911855759283
12;2025-12-26;17;2802.96699468152
12;2025-12-26;18;2620.29732100162
12;2025-12-26;19;2163.654177520124
12;2025-12-26;20;1443.4507182407183
12;2025-12-26;21;958.027965372927
12;2025-12-26;22;543.3467245177924
12;2025-12-26;23;322.45457527651206
12;2025-12-27;0;133.88342727713461
12;2025-12-27;1;0.0
12;2025-12-27;2;0.0
12;2025-12-27;3;0.0
12;2025-12-27;4;60.4150311639562
12;2025-12-27;5;235.17421316625655
12;2025-12-27;6;695.5998387666273
12;2025-12-27;7;823.3700877703806
12;2025-12-27;8;852.4700549275813
12;2025-12-27;9;1058.6688379752702
12;2025-12-27;10;1294.5753844174612
12;2025-12-27;11;1412.1945663241092
12;2025-12-27;12;1483.625721577263
12;2025-12-27;13;1675.6349739822647
12;2025-12-27;14;1627.2218467138239
12;2025-12-27;15;1544.1490109688689
12;2025-12-27;16;1512.5697015026958
12;2025-12-27;17;1466.7341821421608
12;2025-12-27;18;1343.91115901091
12;2025-12-27;19;1184.2886185601753
12;2025-12-27;20;836.8628187860882
12;2025-12-27;21;644.3587290694832
12;2025-12-27;22;418.979090133696
12;2025-12-27;23;292.73411121014396
12;2025-12-28;0;130.04422628158704
12;2025-12-28;1;0.0
12;2025-12-28;2;0.0
12;2025-12-28;3;0.0
12;2025-12-28;4;35.267941234088084
12;2025-12-28;5;119.69991633808218
12;2025-12-28;6;449.8646355983892
12;2025-12-28;7;596.3078286269683
12;2025-12-28;8;575.9920900308975
12;2025-12-28;9;785.4701213461558
12;2025-12-28;10;1024.0524731085072
12;2025-12-28;11;1165.3861282309313
12;2025-12-28;12;1210.8887185447102
12;2025-12-28;13;1413.5857785195788
12;2025-12-28;14;1381.1991080784105
12;2025-12-28;15;1335.3519469795108
12;2025-12-28;16;1395.8575019450113
12;2025-12-28;17;1358.2648919189705
12;2025-12-28;18;1215.4469546028893
12;2025-12-28;19;939.0056162803344
12;2025-12-28;20;672.0192796642967
12;2025-12-28;21;518.5056638195086
12;2025-12-28;22;337.0133246904368
12;2025-12-28;23;210.76405586067426
12;2025-12-29;0;120.41742383591213
12;2025-12-29;1;0.0
12;2025-12-29;2;0.0
12;2025-12-29;3;0.0
12;2025-12-29;4;82.18379504963968
12;2025-12-29;5;332.9692522991081
12;2025-12-29;6;1332.1493209090913
12;2025-12-29;7;2545.801673533
12;2025-12-29;8;3171.654809914553
12;2025-12-29;9;2307.8207266975664
12;2025-12-29;10;1969.9129747584768
12;2025-12-29;11;1859.9339473403224
12;2025-12-29;12;1819.8919341249814
12;2025-12-29;13;1870.7884031552717
12;2025-12-29;14;1867.7223844262614
12;2025-12-29;15;2166.419129172968
12;2025-12-29;16;2589.2424916127284
12;2025-12-29;17;2826.2951427629187
12;2025-12-29;18;2928.5282957678914
12;2025-12-29;19;2270.7758677722773
12;2025-12-29;20;1403.1600229447106
12;2025-12-29;21;878.2654265945985
12;2025-12-29;22;475.254944133344
12;2025-12-29;23;289.4946881744477
12;2025-12-30;0;163.26846644856892
12;2025-12-30;1;0.0
12;2025-12-30;2;0.0
12;2025-12-30;3;0.0
12;2025-12-30;4;107.73619908518481
12;2025-12-30;5;362.86107450146415
12;2025-12-30;6;1361.596273859884
12;2025-12-30;7;2596.8891459604265
12;2025-12-30;8;3269.653194161085
12;2025-12-30;9;2318.9864682008815
12;2025-12-30;10;1974.9567018248204
12;2025-12-30;11;1856.4357629928018
12;2025-12-30;12;1891.3398808048926
12;2025-12-30;13;1905.9351533747392
12;2025-12-30;14;1900.8654946934648
12;2025-12-30;15;2147.811654645307
12;2025-12-30;16;2592.620700155995
12;2025-12-30;17;2888.183683936915
12;2025-12-30;18;3000.107100908306
12;2025-12-30;19;2258.9331361466593
12;2025-12-30;20;1394.0811592154423
12;2025-12-30;21;906.6673037352989
12;2025-12-30;22;467.9968118861308
12;2025-12-30;23;288.11727105670275
12;2025-12-31;0;120.79762118739427
12;2025-12-31;1;0.0
12;2025-12-31;2;0.0
12;2025-12-31;3;0.0
12;2025-12-31;4;78.00049719366712
12;2025-12-31;5;163.9541836379267
12;2025-12-31;6;446.20447032549055
12;2025-12-31;7;516.470369035285
12;2025-12-31;8;684.1826768817355
12;2025-12-31;9;637.0606763031293
12;2025-12-31;10;819.192216895614
12;2025-12-31;11;943.1650415571085
12;2025-12-31;12;984.2050913138376
12;2025-12-31;13;1123.0850058300282
12;2025-12-31;14;1131.7997051115804
12;2025-12-31;15;1071.5839269276876
12;2025-12-31;16;1138.4524579390086
12;2025-12-31;17;1146.9426646070162
12;2025-12-31;18;1058.1892643655683
12;2025-12-31;19;944.5615107356895
12;2025-12-31;20;699.1484333460451
12;2025-12-31;21;509.0250331054913
12;2025-12-31;22;318.10832059186373
12;2025-12-31;23;209.94239091282134
17;2025-11-01;0;386.3795835469193
17;2025-11-01;1;0.0
17;2025-11-01;2;0.0
17;2025-11-01;3;0.0
17;2025-11-01;4;310.9885768363288
17;2025-11-01;5;525.9827443209124
17;2025-11-01;6;1423.6401493003168
17;2025-11-01;7;3442.7086399209684
17;2025-11-01;8;4247.781873082623
17;2025-11-01;9;3546.6057558933785
17;2025-11-01;10;3069.8563727507953
17;2025-11-01;11;3040.374525376553
17;2025-11-01;12;3111.5355633910103
17;2025-11-01;13;3261.302466248536
17;2025-11-01;14;3301.6755754571145
17;2025-11-01;15;3502.416874284655
17;2025-11-01;16;3865.8518864234384
17;2025-11-01;17;4261.69557276243
17;2025-11-01;18;4107.423389516769
17;2025-11-01;19;3112.5517430731347
17;2025-11-01;20;2259.275665509152
17;2025-11-01;21;1675.4847714064692
17;2025-11-01;22;1094.52970705887
17;2025-11-01;23;708.9659342853881
17;2025-11-02;0;180.08623401159548
17;2025-11-02;1;0.0
17;2025-11-02;2;0.0
17;2025-11-02;3;0.0
17;2025-11-02;4;17.43726534601865
17;2025-11-02;5;122.91766452760749
17;2025-11-02;6;436.3838401015414
17;2025-11-02;7;926.0267082060127
17;2025-11-02;8;1284.9519344302307
17;2025-11-02;9;1690.0653722242064
17;2025-11-02;10;1994.857344872986
17;2025-11-02;11;2508.969285064897
17;2025-11-02;12;2896.2882068547065
17;2025-11-02;13;3039.4861647112557
17;2025-11-02;14;3217.5752451897165
17;2025-11-02;15;3250.7362817295175
17;2025-11-02;16;3201.2326273362355
17;2025-11-02;17;3002.1341446110177
17;2025-11-02;18;2733.3758485654675
17;2025-11-02;19;2151.9992928306874
17;2025-11-02;20;1685.2675488706898
17;2025-11-02;21;1144.3174190046325
17;2025-11-02;22;703.5835469648371
17;2025-11-02;23;337.7266648761258
17;2025-11-03;0;228.777400901879
17;2025-11-03;1;0.0
17;2025-11-03;2;0.0
17;2025-11-03;3;0.0
17;2025-11-03;4;73.25121032422248
17;2025-11-03;5;205.43499251997855
17;2025-11-03;6;647.3808798517969
17;2025-11-03;7;1409.2233416947274
17;2025-11-03;8;2015.4727558319123
17;2025-11-03;9;1803.150115205069
17;2025-11-03;10;1847.6134663344503
17;2025-11-03;11;2226.1113441286143
17;2025-11-03;12;2542.803093937429
17;2025-11-03;13;2652.232496790793
17;2025-11-03;14;2753.345499400448
17;2025-11-03;15;2868.3502650515206
17;2025-11-03;16;2976.657967085789
17;2025-11-03;17;3005.9160234470146
17;2025-11-03;18;3060.5450355755984
17;2025-11-03;19;2352.5073227717876
17;2025-11-03;20;1775.4629176601995
17;2025-11-03;21;1417.1415236015462
17;2025-11-03;22;949.6502117266928
17;2025-11-03;23;548.6072721132243
17;2025-11-04;0;216.08833528847072
17;2025-11-04;1;0.0
17;2025-11-04;2;0.0
17;2025-11-04;3;0.0
17;2025-11-04;4;93.65034318349217
17;2025-11-04;5;237.82002255053703
17;2025-11-04;6;655.9953099848653
17;2025-11-04;7;1377.501676782496
17;2025-11-04;8;1893.883161573978
17;2025-11-04;9;1744.653674526196
17;2025-11-04;10;1822.9665629063409
17;2025-11-04;11;2238.7439673001445
17;2025-11-04;12;2592.7570908409202
17;2025-11-04;13;2825.912816725548
17;2025-11-04;14;2963.819235735266
17;2025-11-04;15;3069.9316400299026
17;2025-11-04;16;3014.1966642038055
17;2025-11-04;17;3056.3167062500656
17;2025-11-04;18;3061.057260377953
17;2025-11-04;19;2438.386216645296
17;2025-11-04;20;1812.1392844994014
17;2025-11-04;21;1330.343306358432
17;2025-11-04;22;830.979433462569
17;2025-11-04;23;463.2560750639641
17;2025-11-05;0;139.56411180411442
17;2025-11-05;1;0.0
17;2025-11-05;2;0.0
17;2025-11-05;3;0.0
17;2025-11-05;4;41.21589098839786
17;2025-11-05;5;308.2426029260216
17;2025-11-05;6;1538.2123674670804
17;2025-11-05;7;4185.886504675677
17;2025-11-05;8;5220.527767694748
17;2025-11-05;9;3774.4360983204124
17;2025-11-05;10;2936.1444056050723
17;2025-11-05;11;2946.0040120781773
17;2025-11-05;12;3012.760440224263
17;2025-11-05;13;3158.3497924556
17;2025-11-05;14;3137.1635573358203
17;2025-11-05;15;3309.8531958234043
17;2025-11-05;16;3778.346083398267
17;2025-11-05;17;4459.650127298546
17;2025-11-05;18;4840.531037243845
17;2025-11-05;19;3432.718256645062
17;2025-11-05;20;2338.4110654367155
17;2025-11-05;21;1436.2520334089709
17;2025-11-05;22;795.6200455916098
17;2025-11-05;23;381.1298762042127
17;2025-11-06;0;119.49114128752444
17;2025-11-06;1;0.0
17;2025-11-06;2;0.0
17;2025-11-06;3;0.0
17;2025-11-06;4;39.64156989405319
17;2025-11-06;5;305.5321048539722
17;2025-11-06;6;1539.6564296015104
17;2025-11-06;7;4170.152748243505
17;2025-11-06;8;5228.02901619823
17;2025-11-06;9;3824.137226081892
17;2025-11-06;10;2999.628967664519
17;2025-11-06;11;2900.692518393748
17;2025-11-06;12;3037.557377866742
17;2025-11-06;13;3135.467146281386
17;2025-11-06;14;3226.8541529101244
17;2025-11-06;15;3429.236634452233
17;2025-11-06;16;3826.2375975899427
17;2025-11-06;17;4565.277860112412
17;2025-11-06;18;4914.114288008117
17;2025-11-06;19;3483.71950879189
17;2025-11-06;20;2343.7392605674017
17;2025-11-06;21;1463.8243616884233
17;2025-11-06;22;821.2545483842023
17;2025-11-06;23;421.5646242352311
17;2025-11-07;0;144.5469105834154
17;2025-11-07;1;0.0
17;2025-11-07;2;0.0
17;2025-11-07;3;0.0
17;2025-11-07;4;26.115247980125332
17;2025-11-07;5;286.83045020460713
17;2025-11-07;6;1524.7801541218373
17;2025-11-07;7;4025.161214010583
17;2025-11-07;8;5077.157965522516
17;2025-11-07;9;3735.704994085041
17;2025-11-07;10;3059.7805661281927
17;2025-11-07;11;3065.1507093041305
17;2025-11-07;12;3125.9797438466703
17;2025-11-07;13;3254.5217434747597
17;2025-11-07;14;3238.1955938209594
17;2025-11-07;15;3517.6814436300697
17;2025-11-07;16;4030.80467591847
17;2025-11-07;17;4549.2319440776355
17;2025-11-07;18;4544.8836131652915
17;2025-11-07;19;3373.678436333621
17;2025-11-07;20;2390.238979965354
17;2025-11-07;21;1537.2243582841606
17;2025-11-07;22;913.8184615079524
17;2025-11-07;23;483.8622686487822
17;2025-11-08;0;208.28897719004726
17;2025-11-08;1;0.0
17;2025-11-08;2;0.0
17;2025-11-08;3;0.0
17;2025-11-08;4;14.883579977180489
17;2025-11-08;5;173.08016906179637
17;2025-11-08;6;617.4554277871728
17;2025-11-08;7;1326.5192939068393
17;2025-11-08;8;1764.4618959536801
17;2025-11-08;9;2136.4828676593847
17;2025-11-08;10;2441.3844539911615
17;2025-11-08;11;2909.44054455735
17;2025-11-08;12;3256.274365309908
17;2025-11-08;13;3484.9425769274994
17;2025-11-08;14;3582.653114545357
17;2025-11-08;15;3627.366086429189
17;2025-11-08;16;3604.66745823402
17;2025-11-08;17;3379.6841681392375
17;2025-11-08;18;3127.0246653716968
17;2025-11-08;19;2480.9106254284925
17;2025-11-08;20;1965.4463865756456
17;2025-11-08;21;1487.98721104804
17;2025-11-08;22;974.5919889237925
17;2025-11-08;23;522.0126769125018
17;2025-11-09;0;194.24443190272268
17;2025-11-09;1;0.0
17;2025-11-09;2;0.0
17;2025-11-09;3;0.0
17;2025-11-09;4;22.25784346193541
17;2025-11-09;5;113.10957216527231
17;2025-11-09;6;465.9157933990032
17;2025-11-09;7;883.5296963457711
17;2025-11-09;8;1268.4043133295322
17;2025-11-09;9;1693.3579543463675
17;2025-11-09;10;2007.2993791574982
17;2025-11-09;11;2490.4869621567814
17;2025-11-09;12;2846.7732084883583
17;2025-11-09;13;3083.7367831669644
17;2025-11-09;14;3170.2673818477683
17;2025-11-09;15;3199.3371987743717
17;2025-11-09;16;3187.938728269534
17;2025-11-09;17;2991.6146128969112
17;2025-11-09;18;2745.279167521016
17;2025-11-09;19;2192.3086881852605
17;2025-11-09;20;1681.0073741488914
17;2025-11-09;21;1173.439261470168
17;2025-11-09;22;731.3300131943929
17;2025-11-09;23;362.560932360577
17;2025-11-10;0;93.04373563717809
17;2025-11-10;1;0.0
17;2025-11-10;2;0.0
17;2025-11-10;3;0.0
17;2025-11-10;4;30.41499083441704
17;2025-11-10;5;283.68343179248996
17;2025-11-10;6;1512.3700507631845
17;2025-11-10;7;4150.934200877983
17;2025-11-10;8;5215.829511595923
17;2025-11-10;9;3746.264790983289
17;2025-11-10;10;2882.5187063690614
17;2025-11-10;11;2800.7945502051152
17;2025-11-10;12;2873.2060253332224
17;2025-11-10;13;2942.4432569426294
17;2025-11-10;14;2967.622136481192
17;2025-11-10;15;3149.2991851422235
17;2025-11-10;16;3596.2867643100553
17;2025-11-10;17;4345.647950450367
17;2025-11-10;18;4759.719363455086
17;2025-11-10;19;3312.492230954579
17;2025-11-10;20;2208.8449788587586
17;2025-11-10;21;1307.2734776253803
17;2025-11-10;22;670.7005562252218
17;2025-11-10;23;273.85344927155256
17;2025-11-11;0;104.6747382903809
17;2025-11-11;1;0.0
17;2025-11-11;2;0.0
17;2025-11-11;3;0.0
17;2025-11-11;4;32.321802173984906
17;2025-11-11;5;298.93956087333413
17;2025-11-11;6;1530.5481174445092
17;2025-11-11;7;4169.502565055714
17;2025-11-11;8;5250.101510741923
17;2025-11-11;9;3797.586747327564
17;2025-11-11;10;2943.984395390179
17;2025-11-11;11;2868.4335437735776
17;2025-11-11;12;2904.0497663206284
17;2025-11-11;13;3009.445038505361
17;2025-11-11;14;3011.3929549329227
17;2025-11-11;15;3219.256897295917
17;2025-11-11;16;3655.6930730970685
17;2025-11-11;17;4473.207072642782
17;2025-11-11;18;4791.624581684651
17;2025-11-11;19;3382.22550902528
17;2025-11-11;20;2288.7662623879364
17;2025-11-11;21;1369.5159651206636
17;2025-11-11;22;727.9537453379819
17;2025-11-11;23;331.8813925294462
17;2025-11-12;0;123.70502515558974
17;2025-11-12;1;0.0
17;2025-11-12;2;0.0
17;2025-11-12;3;0.0
17;2025-11-12;4;36.90609538373201
17;2025-11-12;5;300.66766547144584
17;2025-11-12;6;1551.158762448994
17;2025-11-12;7;4185.246991717535
17;2025-11-12;8;5262.375669704159
17;2025-11-12;9;3812.694201415061
17;2025-11-12;10;2959.125019240822
17;2025-11-12;11;2848.0330397846224
17;2025-11-12;12;2893.2151728089148
17;2025-11-12;13;2990.102866323778
17;2025-11-12;14;3062.3765468564825
17;2025-11-12;15;3235.6338672336356
17;2025-11-12;16;3643.5742337059573
17;2025-11-12;17;4411.512901526674
17;2025-11-12;18;4779.624011528035
17;2025-11-12;19;3413.2238802527163
17;2025-11-12;20;2307.124032142488
17;2025-11-12;21;1394.270206766807
17;2025-11-12;22;742.5767912640752
17;2025-11-12;23;361.76168575884026
17;2025-11-13;0;124.50520198599907
17;2025-11-13;1;0.0
17;2025-11-13;2;0.0
17;2025-11-13;3;0.0
17;2025-11-13;4;15.68783829873837
17;2025-11-13;5;288.6169292438026
17;2025-11-13;6;1539.0050676208987
17;2025-11-13;7;4133.077722195227
17;2025-11-13;8;5253.067203089782
17;2025-11-13;9;3833.117539151624
17;2025-11-13;10;3022.1363420791517
17;2025-11-13;11;2937.7483077208026
17;2025-11-13;12;3009.8971690392405
17;2025-11-13;13;3099.6999908961598
17;2025-11-13;14;3115.0692230275854
17;2025-11-13;15;3314.715638572979
17;2025-11-13;16;3722.394371407505
17;2025-11-13;17;4444.759603536064
17;2025-11-13;18;4831.036984976117
17;2025-11-13;19;3421.8723990655362
17;2025-11-13;20;2328.6205723733215
17;2025-11-13;21;1434.946629445135
17;2025-11-13;22;798.0690917353454
17;2025-11-13;23;389.40872035004827
17;2025-11-14;0;143.79339463775295
17;2025-11-14;1;0.0
17;2025-11-14;2;0.0
17;2025-11-14;3;0.0
17;2025-11-14;4;19.95058943444201
17;2025-11-14;5;281.5289798777703
17;2025-11-14;6;1496.1678209961315
17;2025-11-14;7;3945.510173566515
17;2025-11-14;8;4996.844011788083
17;2025-11-14;9;3794.015630558092
17;2025-11-14;10;3008.483488550263
17;2025-11-14;11;2975.3035192677394
17;2025-11-14;12;3062.8148909043002
17;2025-11-14;13;3195.8670201808013
17;2025-11-14;14;3201.378048726687
17;2025-11-14;15;3412.2204056010855
17;2025-11-14;16;3938.0505188203024
17;2025-11-14;17;4461.540206280104
17;2025-11-14;18;4445.676181147009
17;2025-11-14;19;3244.972761168658
17;2025-11-14;20;2268.163041317087
17;2025-11-14;21;1423.8094264479714
17;2025-11-14;22;799.1438452574864
17;2025-11-14;23;422.99793100805186
17;2025-11-15;0;355.8294791588535
17;2025-11-15;1;0.0
17;2025-11-15;2;0.0
17;2025-11-15;3;0.0
17;2025-11-15;4;21.0882167615232
17;2025-11-15;5;101.89355619754133
17;2025-11-15;6;571.4035153940968
17;2025-11-15;7;1051.434307911211
17;2025-11-15;8;1388.9732650084754
17;2025-11-15;9;1752.5582770307965
17;2025-11-15;10;2024.9731623401708
17;2025-11-15;11;2418.0478914534474
17;2025-11-15;12;2918.5819141830534
17;2025-11-15;13;3132.9750410085667
17;2025-11-15;14;3396.118610919463
17;2025-11-15;15;3438.544818966164
17;2025-11-15;16;3312.4024033071946
17;2025-11-15;17;3114.821056359307
17;2025-11-15;18;2900.5789417963592
17;2025-11-15;19;2278.216422296432
17;2025-11-15;20;1823.7851384094681
17;2025-11-15;21;1297.7570154685766
17;2025-11-15;22;839.6013002895143
17;2025-11-15;23;440.34198066003887
17;2025-11-16;0;166.67657128071187
17;2025-11-16;1;0.0
17;2025-11-16;2;0.0
17;2025-11-16;3;0.0
17;2025-11-16;4;9.302616924328959
17;2025-11-16;5;88.74808442585754
17;2025-11-16;6;377.93313241422175
17;2025-11-16;7;818.9964365806834
17;2025-11-16;8;1198.3647815919833
17;2025-11-16;9;1613.2273957622597
17;2025-11-16;10;1939.698813016229
17;2025-11-16;11;2423.299482537286
17;2025-11-16;12;2787.9747700846724
17;2025-11-16;13;3004.249470435727
17;2025-11-16;14;3088.7331483037956
17;2025-11-16;15;3117.0473107234334
17;2025-11-16;16;3051.632602623235
17;2025-11-16;17;2878.191780197142
17;2025-11-16;18;2630.8841623123885
17;2025-11-16;19;2095.1509917552908
17;2025-11-16;20;1649.2240989054599
17;2025-11-16;21;1129.2455217001295
17;2025-11-16;22;672.6381508323461
17;2025-11-16;23;308.41494744963916
17;2025-11-17;0;99.71520322293054
17;2025-11-17;1;0.0
17;2025-11-17;2;0.0
17;2025-11-17;3;0.0
17;2025-11-17;4;23.659186179884273
17;2025-11-17;5;311.50445545666844
17;2025-11-17;6;1534.075057676994
17;2025-11-17;7;3965.251819531041
17;2025-11-17;8;5083.025092929371
17;2025-11-17;9;3561.1373913622683
17;2025-11-17;10;2833.702130284168
17;2025-11-17;11;2765.216222920458
17;2025-11-17;12;2767.3220048255243
17;2025-11-17;13;2746.234301020663
17;2025-11-17;14;2817.7548828884233
17;2025-11-17;15;2987.9492076829356
17;2025-11-17;16;3468.4597395217284
17;2025-11-17;17;4239.988997145642
17;2025-11-17;18;4695.4822848273325
17;2025-11-17;19;3290.8558632030727
17;2025-11-17;20;2193.119574169239
17;2025-11-17;21;1302.5030397301769
17;2025-11-17;22;700.3349594531439
17;2025-11-17;23;311.7144942208263
17;2025-11-18;0;100.2190628835533
17;2025-11-18;1;0.0
17;2025-11-18;2;0.0
17;2025-11-18;3;0.0
17;2025-11-18;4;31.021010167465647
17;2025-11-18;5;326.2131199044445
17;2025-11-18;6;1497.0588503116383
17;2025-11-18;7;3982.2757630942187
17;2025-11-18;8;5057.189335819268
17;2025-11-18;9;3740.1952796421647
17;2025-11-18;10;2829.014804039691
17;2025-11-18;11;2899.947957409491
17;2025-11-18;12;2967.668627814084
17;2025-11-18;13;3029.9011925770847
17;2025-11-18;14;3034.3907447377587
17;2025-11-18;15;3208.3040508030463
17;2025-11-18;16;3539.4318969520946
17;2025-11-18;17;4347.636829685223
17;2025-11-18;18;4744.450064320861
17;2025-11-18;19;3409.9473320025086
17;2025-11-18;20;2295.484955699844
17;2025-11-18;21;1387.7037848733462
17;2025-11-18;22;749.7606119808931
17;2025-11-18;23;327.5189308912052
17;2025-11-19;0;111.4587152360541
17;2025-11-19;1;0.0
17;2025-11-19;2;0.0
17;2025-11-19;3;0.0
17;2025-11-19;4;33.04938425165892
17;2025-11-19;5;307.7278507409694
17;2025-11-19;6;1534.4791229084872
17;2025-11-19;7;4010.222070272095
17;2025-11-19;8;5045.251519856031
17;2025-11-19;9;3755.7179089194397
17;2025-11-19;10;2927.5425880138014
17;2025-11-19;11;2867.30189684268
17;2025-11-19;12;2938.514327662396
17;2025-11-19;13;3042.177270563517
17;2025-11-19;14;3072.797563176683
17;2025-11-19;15;3202.0188825596383
17;2025-11-19;16;3642.071395434012
17;2025-11-19;17;4396.494974828764
17;2025-11-19;18;4781.6029754168785
17;2025-11-19;19;3416.6138029801377
17;2025-11-19;20;2338.4037072159435
17;2025-11-19;21;1421.2577349414332
17;2025-11-19;22;796.5108463062204
17;2025-11-19;23;396.48665739343323
17;2025-11-20;0;133.13317221177886
17;2025-11-20;1;0.0
17;2025-11-20;2;0.0
17;2025-11-20;3;0.0
17;2025-11-20;4;43.62439549249575
17;2025-11-20;5;354.42222040903243
17;2025-11-20;6;1540.68062269135
17;2025-11-20;7;4033.0679325444726
17;2025-11-20;8;5118.790062967446
17;2025-11-20;9;3790.70811608844
17;2025-11-20;10;2957.367216742988
17;2025-11-20;11;2902.5619727531775
17;2025-11-20;12;2950.7259275131482
17;2025-11-20;13;3054.2961906361993
17;2025-11-20;14;3097.8821020067744
17;2025-11-20;15;3284.6290627389353
17;2025-11-20;16;3731.721595101357
17;2025-11-20;17;4426.186646723528
17;2025-11-20;18;4791.861450433716
17;2025-11-20;19;3389.301302893199
17;2025-11-20;20;2320.5216977518025
17;2025-11-20;21;1448.5834241076689
17;2025-11-20;22;833.3921604608897
17;2025-11-20;23;407.4873062248789
17;2025-11-21;0;155.32730976800576
17;2025-11-21;1;0.0
17;2025-11-21;2;0.0
17;2025-11-21;3;0.0
17;2025-11-21;4;44.95085142321568
17;2025-11-21;5;341.4362314774935
17;2025-11-21;6;1531.47554947581
17;2025-11-21;7;3979.482366206048
17;2025-11-21;8;4952.415087850549
17;2025-11-21;9;3732.9726716798623
17;2025-11-21;10;2951.3412980774915
17;2025-11-21;11;2923.895985747435
17;2025-11-21;12;2974.028103553172
17;2025-11-21;13;3158.543378095783
17;2025-11-21;14;3209.4114658659164
17;2025-11-21;15;3449.1432181572945
17;2025-11-21;16;4001.3380130917376
17;2025-11-21;17;4506.112081274483
17;2025-11-21;18;4453.082434959315
17;2025-11-21;19;3293.1828927650345
17;2025-11-21;20;2303.793644020798
17;2025-11-21;21;1483.8298785911188
17;2025-11-21;22;869.4176218385667
17;2025-11-21;23;445.04763782877785
17;2025-11-22;0;186.10382367022066
17;2025-11-22;1;0.0
17;2025-11-22;2;0.0
17;2025-11-22;3;0.0
17;2025-11-22;4;271.89498114781964
17;2025-11-22;5;156.00224432157984
17;2025-11-22;6;466.36398515683936
17;2025-11-22;7;1168.8284018032898
17;2025-11-22;8;1533.758738261276
17;2025-11-22;9;1937.5776735334703
17;2025-11-22;10;2333.2304885023277
17;2025-11-22;11;2767.8188127713406
17;2025-11-22;12;3167.202258437358
17;2025-11-22;13;3380.342543860147
17;2025-11-22;14;3431.5252754792277
17;2025-11-22;15;3488.039813956665
17;2025-11-22;16;3478.0258838474074
17;2025-11-22;17;3276.9475984403966
17;2025-11-22;18;3031.5183450394243
17;2025-11-22;19;2365.08464946696
17;2025-11-22;20;1877.397679952463
17;2025-11-22;21;1182.2076484135664
17;2025-11-22;22;704.3105608283361
17;2025-11-22;23;392.64181428409915
17;2025-11-23;0;158.36778197954345
17;2025-11-23;1;0.0
17;2025-11-23;2;0.0
17;2025-11-23;3;0.0
17;2025-11-23;4;18.968681627522074
17;2025-11-23;5;91.232135336586
17;2025-11-23;6;397.0606148814629
17;2025-11-23;7;857.9125609325386
17;2025-11-23;8;1271.676402119023
17;2025-11-23;9;1659.50836371197
17;2025-11-23;10;2030.5294539788588
17;2025-11-23;11;2523.7779840725107
17;2025-11-23;12;2871.369192441851
17;2025-11-23;13;3057.7200958751923
17;2025-11-23;14;3065.031200320005
17;2025-11-23;15;3070.836255255334
17;2025-11-23;16;3069.6228248112625
17;2025-11-23;17;2935.4294176622952
17;2025-11-23;18;2640.9404174324563
17;2025-11-23;19;2109.417165865865
17;2025-11-23;20;1653.4093283696086
17;2025-11-23;21;1160.2065707063828
17;2025-11-23;22;680.8458404751368
17;2025-11-23;23;309.73110832846714
17;2025-11-24;0;106.3728391376485
17;2025-11-24;1;0.0
17;2025-11-24;2;0.0
17;2025-11-24;3;0.0
17;2025-11-24;4;6.1969029025394775
17;2025-11-24;5;145.49629642145464
17;2025-11-24;6;1351.205849460204
17;2025-11-24;7;3908.3070456215064
17;2025-11-24;8;5169.272976063887
17;2025-11-24;9;3699.024298892019
17;2025-11-24;10;2772.0291174830095
17;2025-11-24;11;2655.786641792242
17;2025-11-24;12;2800.5341021202466
17;2025-11-24;13;2890.8334099807807
17;2025-11-24;14;2906.747479983516
17;2025-11-24;15;3069.879659797454
17;2025-11-24;16;3590.4774267468492
17;2025-11-24;17;4321.729826993495
17;2025-11-24;18;4737.724294310169
17;2025-11-24;19;3277.059804378385
17;2025-11-24;20;2163.8829451999645
17;2025-11-24;21;1338.0470970665367
17;2025-11-24;22;711.0924552085378
17;2025-11-24;23;297.5745852416087
17;2025-11-25;0;123.37679544925277
17;2025-11-25;1;0.0
17;2025-11-25;2;0.0
17;2025-11-25;3;0.0
17;2025-11-25;4;32.10797909641724
17;2025-11-25;5;286.19467104950854
17;2025-11-25;6;1543.2753834021808
17;2025-11-25;7;4153.1496481974555
17;2025-11-25;8;5213.039958524365
17;2025-11-25;9;3748.155267715463
17;2025-11-25;10;2941.394935665135
17;2025-11-25;11;2864.426486323215
17;2025-11-25;12;2928.0476916273496
17;2025-11-25;13;2994.548676395933
17;2025-11-25;14;3014.5518845080455
17;2025-11-25;15;3205.9043235294466
17;2025-11-25;16;3640.273574473732
17;2025-11-25;17;4474.55611236332
17;2025-11-25;18;4884.426399672046
17;2025-11-25;19;3430.3378365712706
17;2025-11-25;20;2295.6983365144742
17;2025-11-25;21;1384.3634042731617
17;2025-11-25;22;748.7988267539383
17;2025-11-25;23;346.2539533374975
17;2025-11-26;0;113.22093524230195
17;2025-11-26;1;0.0
17;2025-11-26;2;0.0
17;2025-11-26;3;0.0
17;2025-11-26;4;10.089346054937323
17;2025-11-26;5;326.61600927270456
17;2025-11-26;6;1547.1643892301308
17;2025-11-26;7;4100.54989177205
17;2025-11-26;8;5198.322011658034
17;2025-11-26;9;3776.412000208785
17;2025-11-26;10;2899.7714178160004
17;2025-11-26;11;2822.7849819681005
17;2025-11-26;12;2920.4320665499095
17;2025-11-26;13;3013.6299923995216
17;2025-11-26;14;3021.13631141098
17;2025-11-26;15;3203.8298996283247
17;2025-11-26;16;3616.451302686817
17;2025-11-26;17;4380.115503160447
17;2025-11-26;18;4680.772373755446
17;2025-11-26;19;3359.785018387702
17;2025-11-26;20;2284.2948486975793
17;2025-11-26;21;1361.0560948540672
17;2025-11-26;22;728.6202423983264
17;2025-11-26;23;339.72838028183287
17;2025-11-27;0;120.89040181727023
17;2025-11-27;1;0.0
17;2025-11-27;2;0.0
17;2025-11-27;3;0.0
17;2025-11-27;4;36.42433213070626
17;2025-11-27;5;320.3315734611599
17;2025-11-27;6;1556.510095987451
17;2025-11-27;7;4134.957493239958
17;2025-11-27;8;5230.05662383151
17;2025-11-27;9;3809.6100227327834
17;2025-11-27;10;2990.3250477653173
17;2025-11-27;11;2856.3636132868824
17;2025-11-27;12;2892.1159401794202
17;2025-11-27;13;3069.210225937826
17;2025-11-27;14;3056.7458521232743
17;2025-11-27;15;3316.9232700617667
17;2025-11-27;16;3732.7477532398725
17;2025-11-27;17;4411.928354390009
17;2025-11-27;18;4788.732386803171
17;2025-11-27;19;3330.8647164551808
17;2025-11-27;20;2267.7283749259523
17;2025-11-27;21;1368.981997578766
17;2025-11-27;22;751.0993347499677
17;2025-11-27;23;478.847719608332
17;2025-11-28;0;141.63149580403888
17;2025-11-28;1;0.0
17;2025-11-28;2;0.0
17;2025-11-28;3;0.0
17;2025-11-28;4;16.151142365031774
17;2025-11-28;5;273.6065543794575
17;2025-11-28;6;1510.8615215312088
17;2025-11-28;7;4026.692235066579
17;2025-11-28;8;5086.8613180240445
17;2025-11-28;9;3739.031576275971
17;2025-11-28;10;3000.498291885641
17;2025-11-28;11;2959.92970990839
17;2025-11-28;12;3026.9595324373836
17;2025-11-28;13;3194.9377217271876
17;2025-11-28;14;3263.053206363369
17;2025-11-28;15;3507.3951991053054
17;2025-11-28;16;4025.3569401128807
17;2025-11-28;17;4558.348986425374
17;2025-11-28;18;4529.0847643578945
17;2025-11-28;19;3302.0057290996347
17;2025-11-28;20;2315.3233697624632
17;2025-11-28;21;1484.0406135511125
17;2025-11-28;22;872.5521506831858
17;2025-11-28;23;454.0725201078815
17;2025-11-29;0;189.29401076529257
17;2025-11-29;1;0.0
17;2025-11-29;2;0.0
17;2025-11-29;3;0.0
17;2025-11-29;4;7.421980594518118
17;2025-11-29;5;122.93096464760038
17;2025-11-29;6;546.0810424574152
17;2025-11-29;7;1253.3596462561325
17;2025-11-29;8;1716.077811071551
17;2025-11-29;9;2104.1231507087323
17;2025-11-29;10;2427.9545188753605
17;2025-11-29;11;2906.7730093793652
17;2025-11-29;12;3271.9819775528385
17;2025-11-29;13;3487.653409335764
17;2025-11-29;14;3567.6835042417847
17;2025-11-29;15;3591.8290721593567
17;2025-11-29;16;3532.0414027173365
17;2025-11-29;17;3336.6544028802036
17;2025-11-29;18;3067.8117473159805
17;2025-11-29;19;2403.349310649659
17;2025-11-29;20;1885.383895624673
17;2025-11-29;21;1323.0716849450462
17;2025-11-29;22;857.9076829954274
17;2025-11-29;23;466.07831862136163
17;2025-11-30;0;176.390510731605
17;2025-11-30;1;0.0
17;2025-11-30;2;0.0
17;2025-11-30;3;0.0
17;2025-11-30;4;13.512694325077518
17;2025-11-30;5;102.73903874119924
17;2025-11-30;6;411.53743105924036
17;2025-11-30;7;875.1868730413003
17;2025-11-30;8;1270.2593674831267
17;2025-11-30;9;1680.9037524261148
17;2025-11-30;10;2028.705661751554
17;2025-11-30;11;2528.688154073768
17;2025-11-30;12;2900.4412231640977
17;2025-11-30;13;3122.0225257462453
17;2025-11-30;14;3245.527693167648
17;2025-11-30;15;3231.8210410285715
17;2025-11-30;16;3221.5075602486922
17;2025-11-30;17;3014.234411818115
17;2025-11-30;18;2713.943258698231
17;2025-11-30;19;2086.824914860212
17;2025-11-30;20;1668.478763624942
17;2025-11-30;21;1165.0148706365271
17;2025-11-30;22;715.5485414042862
17;2025-11-30;23;352.8023285009342
17;2025-12-01;0;88.011213928718
17;2025-12-01;1;0.0
17;2025-12-01;2;0.0
17;2025-12-01;3;0.0
17;2025-12-01;4;29.91426977699166
17;2025-12-01;5;294.8395568956919
17;2025-12-01;6;1500.3470852856085
17;2025-12-01;7;4090.506665023607
17;2025-12-01;8;5227.418176137832
17;2025-12-01;9;3744.2633159830107
17;2025-12-01;10;2876.5305431546294
17;2025-12-01;11;2755.0540310730594
17;2025-12-01;12;2810.481896157735
17;2025-12-01;13;2854.4372473136236
17;2025-12-01;14;2955.87705784429
17;2025-12-01;15;3173.505482918151
17;2025-12-01;16;3656.4447926733556
17;2025-12-01;17;4383.429023741428
17;2025-12-01;18;4827.323363325372
17;2025-12-01;19;3346.7805348770275
17;2025-12-01;20;2253.1934697195557
17;2025-12-01;21;1370.093432991015
17;2025-12-01;22;744.3794627064592
17;2025-12-01;23;327.5098889005001
17;2025-12-02;0;114.12330737241655
17;2025-12-02;1;0.0
17;2025-12-02;2;0.0
17;2025-12-02;3;0.0
17;2025-12-02;4;33.21782468098263
17;2025-12-02;5;303.7451107482036
17;2025-12-02;6;1517.5385573249584
17;2025-12-02;7;4101.1366451632675
17;2025-12-02;8;5220.173932988412
17;2025-12-02;9;3747.563303173916
17;2025-12-02;10;2880.630396041983
17;2025-12-02;11;2813.5269239770764
17;2025-12-02;12;2891.6091296782447
17;2025-12-02;13;2965.852524463148
17;2025-12-02;14;3002.7602062800793
17;2025-12-02;15;3219.7328139474153
17;2025-12-02;16;3673.5764252072413
17;2025-12-02;17;4444.849378836119
17;2025-12-02;18;4806.130999038152
17;2025-12-02;19;3402.767135258533
17;2025-12-02;20;2279.3205246027123
17;2025-12-02;21;1390.4834487623161
17;2025-12-02;22;759.4306592378009
17;2025-12-02;23;329.5667348384354
17;2025-12-03;0;101.88530683057661
17;2025-12-03;1;0.0
17;2025-12-03;2;0.0
17;2025-12-03;3;0.0
17;2025-12-03;4;46.28667932086228
17;2025-12-03;5;312.64050021979256
17;2025-12-03;6;1521.6318924059951
17;2025-12-03;7;4092.294677572383
17;2025-12-03;8;5188.6849565806415
17;2025-12-03;9;3735.429092090708
17;2025-12-03;10;2915.5285340939013
17;2025-12-03;11;2843.84866039382
17;2025-12-03;12;2924.32071198221
17;2025-12-03;13;3005.7479986529734
17;2025-12-03;14;3047.453971081682
17;2025-12-03;15;3252.9225257187945
17;2025-12-03;16;3701.8869541309687
17;2025-12-03;17;4420.257120652905
17;2025-12-03;18;4803.91517098268
17;2025-12-03;19;3404.73938893178
17;2025-12-03;20;2334.525544396307
17;2025-12-03;21;1436.6965627888399
17;2025-12-03;22;813.6545946367564
17;2025-12-03;23;385.6084540634065
17;2025-12-04;0;122.75321034491117
17;2025-12-04;1;0.0
17;2025-12-04;2;0.0
17;2025-12-04;3;0.0
17;2025-12-04;4;45.24738911600571
17;2025-12-04;5;320.2059670112276
17;2025-12-04;6;1528.5087031392516
17;2025-12-04;7;4091.6335013156836
17;2025-12-04;8;5168.005034796852
17;2025-12-04;9;3766.847409596081
17;2025-12-04;10;2946.2512860916854
17;2025-12-04;11;2873.347195237099
17;2025-12-04;12;2957.5034814480923
17;2025-12-04;13;3052.6390463068788
17;2025-12-04;14;3084.2542746344698
17;2025-12-04;15;3307.8935951000867
17;2025-12-04;16;3751.2126545845713
17;2025-12-04;17;4469.674798712359
17;2025-12-04;18;4837.112282487367
17;2025-12-04;19;3408.669385705106
17;2025-12-04;20;2341.375414039061
17;2025-12-04;21;1454.7800042573174
17;2025-12-04;22;834.3860872164166
17;2025-12-04;23;413.0160709039387
17;2025-12-05;0;149.22618943021416
17;2025-12-05;1;0.0
17;2025-12-05;2;0.0
17;2025-12-05;3;0.0
17;2025-12-05;4;46.61187046647501
17;2025-12-05;5;311.6062682936024
17;2025-12-05;6;1507.5307612670629
17;2025-12-05;7;3969.207481389336
17;2025-12-05;8;5032.987214401803
17;2025-12-05;9;3724.8517751037302
17;2025-12-05;10;2925.1931104567907
17;2025-12-05;11;2900.4706918905304
17;2025-12-05;12;3015.8684887035247
17;2025-12-05;13;3117.4957801169553
17;2025-12-05;14;3182.73064377484
17;2025-12-05;15;3459.5803959162786
17;2025-12-05;16;4032.293118198764
17;2025-12-05;17;4543.46863110133
17;2025-12-05;18;4485.7857534670675
17;2025-12-05;19;3306.072324625292
17;2025-12-05;20;2367.723621732628
17;2025-12-05;21;1496.9938808630468
17;2025-12-05;22;887.9941855667466
17;2025-12-05;23;448.1698243232845
17;2025-12-06;0;178.8948355397356
17;2025-12-06;1;0.0
17;2025-12-06;2;0.0
17;2025-12-06;3;0.0
17;2025-12-06;4;7.51601594008298
17;2025-12-06;5;122.66371224334443
17;2025-12-06;6;529.1364585248252
17;2025-12-06;7;1252.624139807034
17;2025-12-06;8;1609.6135320158346
17;2025-12-06;9;2003.049663927588
17;2025-12-06;10;2320.411885760529
17;2025-12-06;11;2809.9798589796087
17;2025-12-06;12;3177.151742687056
17;2025-12-06;13;3391.3231694450787
17;2025-12-06;14;3424.2888193851513
17;2025-12-06;15;3503.838723682351
17;2025-12-06;16;3474.0714473244207
17;2025-12-06;17;3278.5255324862037
17;2025-12-06;18;3027.644222717879
17;2025-12-06;19;2371.409044084274
17;2025-12-06;20;1860.3147235475817
17;2025-12-06;21;1317.26107955708
17;2025-12-06;22;849.3362113441622
17;2025-12-06;23;451.7690464174889
17;2025-12-07;0;172.6208225757623
17;2025-12-07;1;0.0
17;2025-12-07;2;0.0
17;2025-12-07;3;0.0
17;2025-12-07;4;18.214822793925123
17;2025-12-07;5;103.1146601511241
17;2025-12-07;6;404.75959455233715
17;2025-12-07;7;846.9887624667911
17;2025-12-07;8;1223.6315652875746
17;2025-12-07;9;1612.1833022634337
17;2025-12-07;10;1945.050732588872
17;2025-12-07;11;2434.248767668829
17;2025-12-07;12;2818.3574116314003
17;2025-12-07;13;3046.5000469850556
17;2025-12-07;14;3109.5750300322306
17;2025-12-07;15;3162.2151289364356
17;2025-12-07;16;3129.2009979315717
17;2025-12-07;17;2943.962906339629
17;2025-12-07;18;2647.8773702361514
17;2025-12-07;19;2080.397289487307
17;2025-12-07;20;1649.0681924186088
17;2025-12-07;21;1156.9242201633178
17;2025-12-07;22;716.0093179831276
17;2025-12-07;23;353.37580444902505
17;2025-12-08;0;109.93317249901838
17;2025-12-08;1;0.0
17;2025-12-08;2;0.0
17;2025-12-08;3;0.0
17;2025-12-08;4;48.62240301424981
17;2025-12-08;5;305.97556148416584
17;2025-12-08;6;1508.8774712632778
17;2025-12-08;7;4090.3515972878085
17;2025-12-08;8;5233.026241959742
17;2025-12-08;9;3740.110197378173
17;2025-12-08;10;2871.6421134180828
17;2025-12-08;11;2810.7125291825046
17;2025-12-08;12;2856.3240494800757
17;2025-12-08;13;2912.05544255963
17;2025-12-08;14;2955.466724236977
17;2025-12-08;15;3151.6440067931567
17;2025-12-08;16;3627.5314222160523
17;2025-12-08;17;4385.09576842145
17;2025-12-08;18;4792.53829196068
17;2025-12-08;19;3361.538537587775
17;2025-12-08;20;2248.617161833233
17;2025-12-08;21;1350.3480661425679
17;2025-12-08;22;720.9976903904119
17;2025-12-08;23;310.47671482577357
17;2025-12-09;0;119.39919717052135
17;2025-12-09;1;0.0
17;2025-12-09;2;0.0
17;2025-12-09;3;0.0
17;2025-12-09;4;45.09734579905762
17;2025-12-09;5;297.8976571564963
17;2025-12-09;6;1514.6561233906343
17;2025-12-09;7;4071.030436105486
17;2025-12-09;8;5156.47615465235
17;2025-12-09;9;3674.523129729975
17;2025-12-09;10;2834.827477508896
17;2025-12-09;11;2769.327576788256
17;2025-12-09;12;2864.345091455468
17;2025-12-09;13;2910.9416474484233
17;2025-12-09;14;2996.9138601151085
17;2025-12-09;15;3182.616834104922
17;2025-12-09;16;3616.87839754538
17;2025-12-09;17;4411.970848230063
17;2025-12-09;18;4802.758192001211
17;2025-12-09;19;3387.730804501415
17;2025-12-09;20;2249.560675174384
17;2025-12-09;21;1351.736360364483
17;2025-12-09;22;717.6053885102617
17;2025-12-09;23;316.1814900374559
17;2025-12-10;0;102.24864668799955
17;2025-12-10;1;0.0
17;2025-12-10;2;0.0
17;2025-12-10;3;0.0
17;2025-12-10;4;16.143223466730888
17;2025-12-10;5;273.71590969117096
17;2025-12-10;6;1502.4606102806993
17;2025-12-10;7;4027.014927610052
17;2025-12-10;8;5126.029282639662
17;2025-12-10;9;3702.0738646514856
17;2025-12-10;10;2849.1520905797965
17;2025-12-10;11;2782.3999138234453
17;2025-12-10;12;2904.7858738177047
17;2025-12-10;13;2987.8266153877553
17;2025-12-10;14;3017.705230077208
17;2025-12-10;15;3217.2285525759808
17;2025-12-10;16;3657.5625360919335
17;2025-12-10;17;4405.090058433623
17;2025-12-10;18;4767.280337756109
17;2025-12-10;19;3372.64868666392
17;2025-12-10;20;2295.6537018554313
17;2025-12-10;21;1399.5379995431122
17;2025-12-10;22;780.9651027687066
17;2025-12-10;23;358.9417896969203
17;2025-12-11;0;122.32442970354123
17;2025-12-11;1;0.0
17;2025-12-11;2;0.0
17;2025-12-11;3;0.0
17;2025-12-11;4;21.147973347534844
17;2025-12-11;5;291.1286512394454
17;2025-12-11;6;1491.7154806048059
17;2025-12-11;7;4022.993917439809
17;2025-12-11;8;5078.639125014822
17;2025-12-11;9;3595.6388141877514
17;2025-12-11;10;2775.6046379429345
17;2025-12-11;11;2858.175235795309
17;2025-12-11;12;2913.8738737148365
17;2025-12-11;13;3033.467235878303
17;2025-12-11;14;3078.387658959427
17;2025-12-11;15;3267.6392297594366
17;2025-12-11;16;3683.8166064190364
17;2025-12-11;17;4360.628860331453
17;2025-12-11;18;4666.5773755318605
17;2025-12-11;19;3292.772420727168
17;2025-12-11;20;2209.974633056176
17;2025-12-11;21;1342.349144297244
17;2025-12-11;22;763.0814238055937
17;2025-12-11;23;368.44640473073696
17;2025-12-12;0;122.40857484825165
17;2025-12-12;1;0.0
17;2025-12-12;2;0.0
17;2025-12-12;3;0.0
17;2025-12-12;4;27.140194575483747
17;2025-12-12;5;265.0064521334166
17;2025-12-12;6;1512.2854608375815
17;2025-12-12;7;3923.2274789180565
17;2025-12-12;8;5016.855959088682
17;2025-12-12;9;3716.487938672551
17;2025-12-12;10;2998.1134810171766
17;2025-12-12;11;2963.5963897800993
17;2025-12-12;12;2998.788974131998
17;2025-12-12;13;3103.101227269113
17;2025-12-12;14;3079.202027953033
17;2025-12-12;15;3232.750865852623
17;2025-12-12;16;3738.3080333243415
17;2025-12-12;17;4296.266391717735
17;2025-12-12;18;4317.268336192534
17;2025-12-12;19;3111.1628720234544
17;2025-12-12;20;2189.1475523387066
17;2025-12-12;21;1423.6053275439635
17;2025-12-12;22;857.9581920017711
17;2025-12-12;23;463.5703134512694
17;2025-12-13;0;145.52081330070405
17;2025-12-13;1;0.0
17;2025-12-13;2;0.0
17;2025-12-13;3;0.0
17;2025-12-13;4;127.96457831668158
17;2025-12-13;5;192.6606345567202
17;2025-12-13;6;578.8141067063334
17;2025-12-13;7;910.3958553374243
17;2025-12-13;8;1325.3131289878156
17;2025-12-13;9;1711.6062154365807
17;2025-12-13;10;2040.612456524104
17;2025-12-13;11;2549.634956905499
17;2025-12-13;12;2949.729246622492
17;2025-12-13;13;3130.469972443611
17;2025-12-13;14;3159.91190558514
17;2025-12-13;15;3220.510364330634
17;2025-12-13;16;3027.2932895934264
17;2025-12-13;17;3027.071447360556
17;2025-12-13;18;2800.1467073820977
17;2025-12-13;19;2258.7811164223103
17;2025-12-13;20;1760.6848686950948
17;2025-12-13;21;1259.6065319201127
17;2025-12-13;22;843.3825206804847
17;2025-12-13;23;462.7647341184754
17;2025-12-14;0;121.01108319523883
17;2025-12-14;1;0.0
17;2025-12-14;2;0.0
17;2025-12-14;3;0.0
17;2025-12-14;4;28.174889464732587
17;2025-12-14;5;117.20002676058857
17;2025-12-14;6;364.7414524085127
17;2025-12-14;7;804.199137846753
17;2025-12-14;8;1117.9563448251822
17;2025-12-14;9;1537.5415491360488
17;2025-12-14;10;1908.5881527335137
17;2025-12-14;11;2406.0444641948898
17;2025-12-14;12;2784.63198383965
17;2025-12-14;13;2956.194722597421
17;2025-12-14;14;3084.452845362814
17;2025-12-14;15;3107.177154983251
17;2025-12-14;16;3091.110787685714
17;2025-12-14;17;2822.3960219868804
17;2025-12-14;18;2550.9037142261955
17;2025-12-14;19;2084.6074711295782
17;2025-12-14;20;1648.0294795342875
17;2025-12-14;21;1154.2986749710265
17;2025-12-14;22;709.5750675297297
17;2025-12-14;23;338.90352396308367
17;2025-12-15;0;107.54132844840842
17;2025-12-15;1;0.0
17;2025-12-15;2;0.0
17;2025-12-15;3;0.0
17;2025-12-15;4;27.873634652367855
17;2025-12-15;5;289.01859609778876
17;2025-12-15;6;1513.0371258761224
17;2025-12-15;7;4063.3290888828815
17;2025-12-15;8;5200.99377687182
17;2025-12-15;9;3729.0953644505016
17;2025-12-15;10;2910.467330833061
17;2025-12-15;11;2781.0182397930807
17;2025-12-15;12;2897.147117191697
17;2025-12-15;13;2935.240655671014
17;2025-12-15;14;2968.261507118759
17;2025-12-15;15;3181.6512615353986
17;2025-12-15;16;3639.788904835792
17;2025-12-15;17;4361.141879517321
17;2025-12-15;18;4662.3442755548585
17;2025-12-15;19;3313.3718356367417
17;2025-12-15;20;2229.0159251517894
17;2025-12-15;21;1333.1171354464705
17;2025-12-15;22;702.6222955308681
17;2025-12-15;23;299.9859411817981
17;2025-12-16;0;113.0651321753976
17;2025-12-16;1;0.0
17;2025-12-16;2;0.0
17;2025-12-16;3;0.0
17;2025-12-16;4;42.70459118488861
17;2025-12-16;5;318.0179457571828
17;2025-12-16;6;1533.0088746622016
17;2025-12-16;7;4077.577651054673
17;2025-12-16;8;5223.753331156646
17;2025-12-16;9;3719.9914642455715
17;2025-12-16;10;2822.729999082547
17;2025-12-16;11;2726.650220717394
17;2025-12-16;12;2770.3668589574236
17;2025-12-16;13;2812.9118159607187
17;2025-12-16;14;2974.5043702173007
17;2025-12-16;15;3234.9146213486993
17;2025-12-16;16;3647.765100402575
17;2025-12-16;17;4435.863864513945
17;2025-12-16;18;4787.56544758856
17;2025-12-16;19;3371.3153197665906
17;2025-12-16;20;2273.188905861133
17;2025-12-16;21;1369.0912019779291
17;2025-12-16;22;751.0848255475366
17;2025-12-16;23;327.7019529998379
17;2025-12-17;0;114.28287500249007
17;2025-12-17;1;0.0
17;2025-12-17;2;0.0
17;2025-12-17;3;0.0
17;2025-12-17;4;54.14743534621721
17;2025-12-17;5;325.26007663488735
17;2025-12-17;6;1532.353699658459
17;2025-12-17;7;4081.152954234609
17;2025-12-17;8;5169.89941828647
17;2025-12-17;9;3744.6674430047315
17;2025-12-17;10;2930.899359600412
17;2025-12-17;11;2883.5008015878975
17;2025-12-17;12;2953.781068395577
17;2025-12-17;13;3040.6046343440307
17;2025-12-17;14;3083.528577714922
17;2025-12-17;15;3259.0396640721806
17;2025-12-17;16;3692.9487055697737
17;2025-12-17;17;4449.904514840009
17;2025-12-17;18;4772.440847835343
17;2025-12-17;19;3407.77233308021
17;2025-12-17;20;2328.0390342954074
17;2025-12-17;21;1414.3062122741467
17;2025-12-17;22;798.785201600044
17;2025-12-17;23;369.29325875785935
17;2025-12-18;0;125.20668436093592
17;2025-12-18;1;0.0
17;2025-12-18;2;0.0
17;2025-12-18;3;0.0
17;2025-12-18;4;38.73035056380104
17;2025-12-18;5;296.2035162882937
17;2025-12-18;6;1513.0779892547043
17;2025-12-18;7;4054.076389550203
17;2025-12-18;8;5082.356487555711
17;2025-12-18;9;3713.352039168596
17;2025-12-18;10;2906.3365400973344
17;2025-12-18;11;2818.664284361855
17;2025-12-18;12;2894.3077823786534
17;2025-12-18;13;3031.58396913304
17;2025-12-18;14;3083.064098062554
17;2025-12-18;15;3296.627221463864
17;2025-12-18;16;3735.2067189962668
17;2025-12-18;17;4442.583854147855
17;2025-12-18;18;4772.936958571074
17;2025-12-18;19;3350.60588186478
17;2025-12-18;20;2295.6330161421124
17;2025-12-18;21;1422.0970974903353
17;2025-12-18;22;811.6374974443811
17;2025-12-18;23;385.45719425719153
17;2025-12-19;0;132.94842421377007
17;2025-12-19;1;0.0
17;2025-12-19;2;0.0
17;2025-12-19;3;0.0
17;2025-12-19;4;40.556813759964825
17;2025-12-19;5;303.0290113106503
17;2025-12-19;6;1502.4945443159559
17;2025-12-19;7;3972.143318912846
17;2025-12-19;8;4985.809585649335
17;2025-12-19;9;3685.236158899338
17;2025-12-19;10;2913.314464969404
17;2025-12-19;11;2891.3057002723604
17;2025-12-19;12;2995.222823026325
17;2025-12-19;13;3124.31543398462
17;2025-12-19;14;3186.8380707983015
17;2025-12-19;15;3491.39771631394
17;2025-12-19;16;4053.203771701466
17;2025-12-19;17;4505.013982748657
17;2025-12-19;18;4447.9886189944955
17;2025-12-19;19;3273.3419870331386
17;2025-12-19;20;2296.456335553179
17;2025-12-19;21;1476.9346865155549
17;2025-12-19;22;875.1757254779704
17;2025-12-19;23;441.6781223351379
17;2025-12-20;0;176.94536573820005
17;2025-12-20;1;0.0
17;2025-12-20;2;0.0
17;2025-12-20;3;0.0
17;2025-12-20;4;4.187302243934482
17;2025-12-20;5;113.55185630310052
17;2025-12-20;6;527.0128191204785
17;2025-12-20;7;1188.5205762368419
17;2025-12-20;8;1569.5616261417379
17;2025-12-20;9;1968.549950944585
17;2025-12-20;10;2272.176826645694
17;2025-12-20;11;2754.157145792585
17;2025-12-20;12;3121.7199992758883
17;2025-12-20;13;3312.4471986852177
17;2025-12-20;14;3384.882069039776
17;2025-12-20;15;3441.1629334564395
17;2025-12-20;16;3438.0922912072183
17;2025-12-20;17;3201.7063985503764
17;2025-12-20;18;2930.8143616980688
17;2025-12-20;19;2292.171821216307
17;2025-12-20;20;1795.1206446600895
17;2025-12-20;21;1289.9221877931666
17;2025-12-20;22;827.3303648417225
17;2025-12-20;23;440.57855726378693
17;2025-12-21;0;148.85396761224365
17;2025-12-21;1;0.0
17;2025-12-21;2;0.0
17;2025-12-21;3;0.0
17;2025-12-21;4;0.0
17;2025-12-21;5;78.87606182476566
17;2025-12-21;6;335.3761211859344
17;2025-12-21;7;723.9934461449707
17;2025-12-21;8;1064.2642633282396
17;2025-12-21;9;1493.2593512739054
17;2025-12-21;10;1837.4033489889966
17;2025-12-21;11;2344.9300914776923
17;2025-12-21;12;2771.051536856952
17;2025-12-21;13;3023.285855990589
17;2025-12-21;14;3172.383268467657
17;2025-12-21;15;3149.183973464223
17;2025-12-21;16;3148.9716468360234
17;2025-12-21;17;2904.869686332417
17;2025-12-21;18;2605.7262392253338
17;2025-12-21;19;2032.2690988675395
17;2025-12-21;20;1606.206525177245
17;2025-12-21;21;1103.188750205826
17;2025-12-21;22;635.6896675942942
17;2025-12-21;23;311.3561227512646
17;2025-12-22;0;88.57058931277379
17;2025-12-22;1;0.0
17;2025-12-22;2;0.0
17;2025-12-22;3;0.0
17;2025-12-22;4;27.600730508532706
17;2025-12-22;5;271.65267944623884
17;2025-12-22;6;1466.2282302902222
17;2025-12-22;7;3947.2622787508244
17;2025-12-22;8;4960.658874833402
17;2025-12-22;9;3579.5740194867553
17;2025-12-22;10;2734.587247774735
17;2025-12-22;11;2733.5215902137875
17;2025-12-22;12;2767.2333149021215
17;2025-12-22;13;2852.735688409962
17;2025-12-22;14;2832.192633565813
17;2025-12-22;15;3021.563738720312
17;2025-12-22;16;3510.473029087512
17;2025-12-22;17;4228.965745834841
17;2025-12-22;18;4629.937264536991
17;2025-12-22;19;3208.2176008250617
17;2025-12-22;20;2172.8216504010225
17;2025-12-22;21;1300.1883437704514
17;2025-12-22;22;681.9099896339435
17;2025-12-22;23;297.8597292209661
17;2025-12-23;0;101.74639473849084
17;2025-12-23;1;0.0
17;2025-12-23;2;0.0
17;2025-12-23;3;0.0
17;2025-12-23;4;52.98348189634271
17;2025-12-23;5;212.453771459147
17;2025-12-23;6;1402.326991164843
17;2025-12-23;7;3934.576321627859
17;2025-12-23;8;4942.695048962645
17;2025-12-23;9;3552.704556998281
17;2025-12-23;10;2780.3356722251942
17;2025-12-23;11;2723.7928736428366
17;2025-12-23;12;2780.2000834073656
17;2025-12-23;13;2858.3835237997237
17;2025-12-23;14;2899.4432051611993
17;2025-12-23;15;3115.6961054511726
17;2025-12-23;16;3585.396337678564
17;2025-12-23;17;4367.036669783349
17;2025-12-23;18;4732.824426822005
17;2025-12-23;19;3331.1771819276364
17;2025-12-23;20;2272.179358021549
17;2025-12-23;21;1368.3731969087462
17;2025-12-23;22;755.5018625504961
17;2025-12-23;23;348.64102317429456
17;2025-12-24;0;103.65933203986879
17;2025-12-24;1;0.0
17;2025-12-24;2;0.0
17;2025-12-24;3;0.0
17;2025-12-24;4;26.00031221380368
17;2025-12-24;5;297.86677902106203
17;2025-12-24;6;1494.7579811250707
17;2025-12-24;7;3950.211415386798
17;2025-12-24;8;4953.706176856776
17;2025-12-24;9;3624.107920810081
17;2025-12-24;10;2813.0238206239596
17;2025-12-24;11;2749.729222314437
17;2025-12-24;12;2795.677328038378
17;2025-12-24;13;2907.0219278913833
17;2025-12-24;14;2985.112622994502
17;2025-12-24;15;3154.9346889197304
17;2025-12-24;16;3667.1484981923704
17;2025-12-24;17;4382.6595024409
17;2025-12-24;18;4737.369017675311
17;2025-12-24;19;3355.0936837907175
17;2025-12-24;20;2300.889129161894
17;2025-12-24;21;1369.1811605811451
17;2025-12-24;22;758.6722166478587
17;2025-12-24;23;339.7907561303027
17;2025-12-25;0;120.2628531152418
17;2025-12-25;1;0.0
17;2025-12-25;2;0.0
17;2025-12-25;3;0.0
17;2025-12-25;4;36.20548218627118
17;2025-12-25;5;303.15018404321995
17;2025-12-25;6;1487.0095831303438
17;2025-12-25;7;3970.216705270219
17;2025-12-25;8;4995.743246791504
17;2025-12-25;9;3637.169242282288
17;2025-12-25;10;2828.9155408233155
17;2025-12-25;11;2811.117022351732
17;2025-12-25;12;2880.5627131899164
17;2025-12-25;13;3003.464711094054
17;2025-12-25;14;3029.4719142108006
17;2025-12-25;15;3238.681422590678
17;2025-12-25;16;3644.2225759866287
17;2025-12-25;17;4316.990080379196
17;2025-12-25;18;4638.801259643442
17;2025-12-25;19;3301.6411246071875
17;2025-12-25;20;2245.3161310415094
17;2025-12-25;21;1384.2814540712889
17;2025-12-25;22;773.6012613241517
17;2025-12-25;23;451.51720027313627
17;2025-12-26;0;314.5444357851593
17;2025-12-26;1;0.0
17;2025-12-26;2;0.0
17;2025-12-26;3;0.0
17;2025-12-26;4;105.22089884096613
17;2025-12-26;5;311.81247567431774
17;2025-12-26;6;1533.4992686513692
17;2025-12-26;7;3755.2975142736077
17;2025-12-26;8;4614.051869234986
17;2025-12-26;9;3497.7451719752726
17;2025-12-26;10;2780.8573707787955
17;2025-12-26;11;2655.6212549017655
17;2025-12-26;12;2761.6344345055763
17;2025-12-26;13;2909.370473852708
17;2025-12-26;14;2933.0369493907215
17;2025-12-26;15;3164.793546004309
17;2025-12-26;16;3680.5816882453028
17;2025-12-26;17;4101.348170571037
17;2025-12-26;18;4014.6962215429767
17;2025-12-26;19;2972.618493320497
17;2025-12-26;20;2126.3264854218914
17;2025-12-26;21;1390.4298476625836
17;2025-12-26;22;825.6058009178203
17;2025-12-26;23;441.42682749839923
17;2025-12-27;0;183.69839050260134
17;2025-12-27;1;0.0
17;2025-12-27;2;0.0
17;2025-12-27;3;0.0
17;2025-12-27;4;151.59157428986464
17;2025-12-27;5;203.81434182947714
17;2025-12-27;6;424.7448308721466
17;2025-12-27;7;778.1100036168234
17;2025-12-27;8;1182.8885775498873
17;2025-12-27;9;1551.9021393631087
17;2025-12-27;10;1892.0440309830637
17;2025-12-27;11;2355.530642123756
17;2025-12-27;12;2774.62844615897
17;2025-12-27;13;3043.724995072058
17;2025-12-27;14;3156.091184091309
17;2025-12-27;15;3229.715251895745
17;2025-12-27;16;3203.9838488433084
17;2025-12-27;17;2940.3773249927904
17;2025-12-27;18;2742.454522178762
17;2025-12-27;19;2213.965254630201
17;2025-12-27;20;1756.4901063940238
17;2025-12-27;21;1281.5996916857378
17;2025-12-27;22;838.224392146876
17;2025-12-27;23;478.56433171603385
17;2025-12-28;0;168.40074786783725
17;2025-12-28;1;0.0
17;2025-12-28;2;0.0
17;2025-12-28;3;0.0
17;2025-12-28;4;39.659917112718176
17;2025-12-28;5;95.45722516668502
17;2025-12-28;6;273.32810064417936
17;2025-12-28;7;488.7827987306639
17;2025-12-28;8;784.5385899013904
17;2025-12-28;9;1246.432227074217
17;2025-12-28;10;1619.3915712661608
17;2025-12-28;11;2090.7716427583564
17;2025-12-28;12;2457.733125637302
17;2025-12-28;13;2719.7644443736126
17;2025-12-28;14;2859.7143614912798
17;2025-12-28;15;2898.760086377313
17;2025-12-28;16;2839.0912723367665
17;2025-12-28;17;2608.2071315027088
17;2025-12-28;18;2370.2593990117316
17;2025-12-28;19;1878.3678540795097
17;2025-12-28;20;1490.2077887327293
17;2025-12-28;21;1113.9627214165341
17;2025-12-28;22;707.5094605570341
17;2025-12-28;23;295.83843077686925
17;2025-12-29;0;131.90709423733824
17;2025-12-29;1;0.0
17;2025-12-29;2;0.0
17;2025-12-29;3;0.0
17;2025-12-29;4;67.89357114061795
17;2025-12-29;5;300.4481830393629
17;2025-12-29;6;1473.5255430864254
17;2025-12-29;7;3805.302800453029
17;2025-12-29;8;4861.438342449759
17;2025-12-29;9;3519.135164984371
17;2025-12-29;10;2748.249313444402
17;2025-12-29;11;2669.0722733042267
17;2025-12-29;12;2733.0048103320205
17;2025-12-29;13;2744.372981604765
17;2025-12-29;14;2776.9712412020804
17;2025-12-29;15;2986.827737498441
17;2025-12-29;16;3471.2109870187223
17;2025-12-29;17;4192.681960794944
17;2025-12-29;18;4545.07887003032
17;2025-12-29;19;3283.350395988259
17;2025-12-29;20;2209.0010110756066
17;2025-12-29;21;1368.16150135606
17;2025-12-29;22;753.869094642489
17;2025-12-29;23;363.81452411935425
17;2025-12-30;0;87.4471405853119
17;2025-12-30;1;0.0
17;2025-12-30;2;0.0
17;2025-12-30;3;0.0
17;2025-12-30;4;46.38679564041786
17;2025-12-30;5;312.97870915727344
17;2025-12-30;6;1490.5438389028795
17;2025-12-30;7;3863.817634369777
17;2025-12-30;8;4942.399939155194
17;2025-12-30;9;3603.6201088122866
17;2025-12-30;10;2807.683323237949
17;2025-12-30;11;2678.805036092497
17;2025-12-30;12;2771.0464343601902
17;2025-12-30;13;2806.122576633818
17;2025-12-30;14;2868.3939284028406
17;2025-12-30;15;3095.869193664561
17;2025-12-30;16;3542.1229620190497
17;2025-12-30;17;4325.248503525858
17;2025-12-30;18;4691.074399916679
17;2025-12-30;19;3347.83423664863
17;2025-12-30;20;2259.1780588052343
17;2025-12-30;21;1388.2282621855402
17;2025-12-30;22;768.1284510434652
17;2025-12-30;23;358.170715156798
17;2025-12-31;0;103.25234728602572
17;2025-12-31;1;0.0
17;2025-12-31;2;0.0
17;2025-12-31;3;0.0
17;2025-12-31;4;0.0
17;2025-12-31;5;69.85581443020646
17;2025-12-31;6;399.49654451231095
17;2025-12-31;7;723.6864721604952
17;2025-12-31;8;1193.2260158223025
17;2025-12-31;9;1207.402507881788
17;2025-12-31;10;1373.5361250697217
17;2025-12-31;11;1719.5428245685634
17;2025-12-31;12;2174.9436590859423
17;2025-12-31;13;2239.758366435169
17;2025-12-31;14;2374.2949837747447
17;2025-12-31;15;2449.6150280466914
17;2025-12-31;16;2627.247397279759
17;2025-12-31;17;2572.6751924062646
17;2025-12-31;18;2442.5792322511948
17;2025-12-31;19;2042.8151586639162
17;2025-12-31;20;1595.1199459048753
17;2025-12-31;21;1171.1668954145453
17;2025-12-31;22;682.9969356401039
17;2025-12-31;23;307.7412139148653
25;2025-11-01;0;17.099278969772
25;2025-11-01;1;0.0
25;2025-11-01;2;0.0
25;2025-11-01;3;0.0
25;2025-11-01;4;25.082257807374617
25;2025-11-01;5;26.20263320510702
25;2025-11-01;6;152.75492567390404
25;2025-11-01;7;433.3131593104462
25;2025-11-01;8;653.5302348277526
25;2025-11-01;9;411.0706841934759
25;2025-11-01;10;335.9439058717014
25;2025-11-01;11;389.3541521710962
25;2025-11-01;12;400.192188203451
25;2025-11-01;13;470.10070426446487
25;2025-11-01;14;483.56626736755527
25;2025-11-01;15;559.8750508673612
25;2025-11-01;16;655.3384730359859
25;2025-11-01;17;651.1605645243665
25;2025-11-01;18;612.7907656054329
25;2025-11-01;19;438.3649414779575
25;2025-11-01;20;289.1325135477076
25;2025-11-01;21;216.28644926302547
25;2025-11-01;22;126.34214561491362
25;2025-11-01;23;30.613065658314383
25;2025-11-02;0;20.331554426440675
25;2025-11-02;1;0.0
25;2025-11-02;2;0.0
25;2025-11-02;3;0.0
25;2025-11-02;4;28.590867744870707
25;2025-11-02;5;10.831855246093426
25;2025-11-02;6;41.28290347475729
25;2025-11-02;7;103.27655754120491
25;2025-11-02;8;180.24236813967838
25;2025-11-02;9;198.12834967208667
25;2025-11-02;10;217.48295694393667
25;2025-11-02;11;281.2591484570434
25;2025-11-02;12;334.56727194614484
25;2025-11-02;13;431.23633387705195
25;2025-11-02;14;469.6511507298738
25;2025-11-02;15;523.9773787490681
25;2025-11-02;16;502.78632403230887
25;2025-11-02;17;455.1117173544247
25;2025-11-02;18;409.6110299241626
25;2025-11-02;19;310.86773325834304
25;2025-11-02;20;212.38010490174082
25;2025-11-02;21;161.89430497077674
25;2025-11-02;22;101.95731054764912
25;2025-11-02;23;41.25791707169407
25;2025-11-03;0;30.413777217220854
25;2025-11-03;1;0.0
25;2025-11-03;2;0.0
25;2025-11-03;3;0.0
25;2025-11-03;4;49.316642143781735
25;2025-11-03;5;18.161611061728024
25;2025-11-03;6;78.82387975411945
25;2025-11-03;7;205.47588912517983
25;2025-11-03;8;349.2355379253217
25;2025-11-03;9;256.0559305730956
25;2025-11-03;10;226.12777867561445
25;2025-11-03;11;261.2089877426014
25;2025-11-03;12;300.051573248979
25;2025-11-03;13;392.577066435652
25;2025-11-03;14;374.84624578515286
25;2025-11-03;15;426.19812423006624
25;2025-11-03;16;446.8663802959952
25;2025-11-03;17;453.7161169438813
25;2025-11-03;18;456.9605407844589
25;2025-11-03;19;334.4605121867319
25;2025-11-03;20;241.12145654180176
25;2025-11-03;21;173.9349333223622
25;2025-11-03;22;120.86399343045093
25;2025-11-03;23;50.37570333852074
25;2025-11-04;0;32.51253792442469
25;2025-11-04;1;0.0
25;2025-11-04;2;0.0
25;2025-11-04;3;0.0
25;2025-11-04;4;64.02255983626367
25;2025-11-04;5;25.200660718477764
25;2025-11-04;6;88.0944854192665
25;2025-11-04;7;211.58319282622244
25;2025-11-04;8;344.44722628888496
25;2025-11-04;9;246.17990345364993
25;2025-11-04;10;235.5681103397415
25;2025-11-04;11;277.1589745322183
25;2025-11-04;12;314.5737722459648
25;2025-11-04;13;414.0125628111194
25;2025-11-04;14;424.28433624791444
25;2025-11-04;15;474.8503651764446
25;2025-11-04;16;483.96275287665577
25;2025-11-04;17;489.9327638662297
25;2025-11-04;18;496.7966361719091
25;2025-11-04;19;366.5135840716059
25;2025-11-04;20;248.2661174358641
25;2025-11-04;21;186.35709805813488
25;2025-11-04;22;121.46867009696908
25;2025-11-04;23;52.144966492907486
25;2025-11-05;0;6.7214196624164515
25;2025-11-05;1;0.0
25;2025-11-05;2;0.0
25;2025-11-05;3;0.0
25;2025-11-05;4;36.539503307385075
25;2025-11-05;5;10.5229299377404
25;2025-11-05;6;156.31275689574346
25;2025-11-05;7;524.0803179508403
25;2025-11-05;8;854.7574174316189
25;2025-11-05;9;454.5679594102547
25;2025-11-05;10;354.34165339856776
25;2025-11-05;11;386.0568918229875
25;2025-11-05;12;392.46965262391785
25;2025-11-05;13;467.4633568664151
25;2025-11-05;14;444.52987555436243
25;2025-11-05;15;529.4323243376905
25;2025-11-05;16;655.0975185150958
25;2025-11-05;17;718.6300163094354
25;2025-11-05;18;750.2254433135104
25;2025-11-05;19;474.2281187177638
25;2025-11-05;20;298.8080932998489
25;2025-11-05;21;187.11388051315203
25;2025-11-05;22;100.2833503004361
25;2025-11-05;23;0.0
25;2025-11-06;0;0.0
25;2025-11-06;1;0.0
25;2025-11-06;2;0.0
25;2025-11-06;3;0.0
25;2025-11-06;4;31.317957736574954
25;2025-11-06;5;7.236641682334266
25;2025-11-06;6;148.95994696153517
25;2025-11-06;7;518.6430500175468
25;2025-11-06;8;834.9536557149916
25;2025-11-06;9;444.74518190211194
25;2025-11-06;10;357.0627092116427
25;2025-11-06;11;390.11959356587704
25;2025-11-06;12;405.7371853565169
25;2025-11-06;13;475.2821543848626
25;2025-11-06;14;459.7467603231414
25;2025-11-06;15;536.5207704111072
25;2025-11-06;16;651.7993475530778
25;2025-11-06;17;716.3694192159433
25;2025-11-06;18;736.7224044098011
25;2025-11-06;19;467.08151040835503
25;2025-11-06;20;295.0693002467242
25;2025-11-06;21;192.58310747070226
25;2025-11-06;22;99.35341609938044
25;2025-11-06;23;3.462048180394106
25;2025-11-07;0;11.246338364218218
25;2025-11-07;1;0.0
25;2025-11-07;2;0.0
25;2025-11-07;3;0.0
25;2025-11-07;4;32.25268254656635
25;2025-11-07;5;23.853924062766907
25;2025-11-07;6;153.6162342668835
25;2025-11-07;7;500.65404454632016
25;2025-11-07;8;777.2668771355599
25;2025-11-07;9;439.21903567979314
25;2025-11-07;10;353.24122216989946
25;2025-11-07;11;402.7847715496726
25;2025-11-07;12;410.27079728930096
25;2025-11-07;13;475.86196483862966
25;2025-11-07;14;466.4170772489524
25;2025-11-07;15;562.8820540759483
25;2025-11-07;16;674.2444796146119
25;2025-11-07;17;707.7284467163659
25;2025-11-07;18;680.7479601484999
25;2025-11-07;19;460.0210562570482
25;2025-11-07;20;302.3496368417579
25;2025-11-07;21;197.66604898895082
25;2025-11-07;22;102.02438945977741
25;2025-11-07;23;10.93367816521885
25;2025-11-08;0;19.627174335401037
25;2025-11-08;1;0.0
25;2025-11-08;2;0.0
25;2025-11-08;3;0.0
25;2025-11-08;4;39.15574591398291
25;2025-11-08;5;15.654705455334408
25;2025-11-08;6;69.52261787534752
25;2025-11-08;7;171.9118548602471
25;2025-11-08;8;281.4036133713423
25;2025-11-08;9;270.63270256725224
25;2025-11-08;10;279.9831697553595
25;2025-11-08;11;344.7710751919306
25;2025-11-08;12;390.3085358845789
25;2025-11-08;13;493.81730203793165
25;2025-11-08;14;503.14255662291237
25;2025-11-08;15;559.6972431218453
25;2025-11-08;16;531.5551634815246
25;2025-11-08;17;483.60662254909397
25;2025-11-08;18;450.5957996294326
25;2025-11-08;19;325.5754542434772
25;2025-11-08;20;236.1915505299599
25;2025-11-08;21;175.11088392419867
25;2025-11-08;22;100.32722692661773
25;2025-11-08;23;34.04216225362558
25;2025-11-09;0;18.172067210189084
25;2025-11-09;1;0.0
25;2025-11-09;2;0.0
25;2025-11-09;3;0.0
25;2025-11-09;4;26.371481106794477
25;2025-11-09;5;5.624606743725792
25;2025-11-09;6;48.181015911276404
25;2025-11-09;7;109.79617477254226
25;2025-11-09;8;187.05398033900542
25;2025-11-09;9;205.88673088051158
25;2025-11-09;10;228.77417715595743
25;2025-11-09;11;283.20886241082735
25;2025-11-09;12;333.42727624873993
25;2025-11-09;13;428.53053675624653
25;2025-11-09;14;458.1715838739489
25;2025-11-09;15;511.6775296574717
25;2025-11-09;16;494.39083139656884
25;2025-11-09;17;452.7310691271882
25;2025-11-09;18;421.5929375632545
25;2025-11-09;19;301.6327402556479
25;2025-11-09;20;219.28314529433771
25;2025-11-09;21;156.14458011943591
25;2025-11-09;22;100.71444535162311
25;2025-11-09;23;38.346607683589184
25;2025-11-10;0;9.711074182533139
25;2025-11-10;1;0.0
25;2025-11-10;2;0.0
25;2025-11-10;3;0.0
25;2025-11-10;4;27.536524716680844
25;2025-11-10;5;8.444608930860852
25;2025-11-10;6;154.98927012044314
25;2025-11-10;7;497.89227223541957
25;2025-11-10;8;805.9265472651458
25;2025-11-10;9;431.99022327523556
25;2025-11-10;10;329.29274821519755
25;2025-11-10;11;364.0825921514737
25;2025-11-10;12;371.2858553888962
25;2025-11-10;13;433.8282186804354
25;2025-11-10;14;410.5308121461822
25;2025-11-10;15;491.2510159444681
25;2025-11-10;16;642.3912338935978
25;2025-11-10;17;737.5326913883193
25;2025-11-10;18;764.5555186302643
25;2025-11-10;19;484.99795168852864
25;2025-11-10;20;313.93841651980966
25;2025-11-10;21;171.53249987909336
25;2025-11-10;22;84.4108922170119
25;2025-11-10;23;0.0
25;2025-11-11;0;4.966418926022413
25;2025-11-11;1;0.0
25;2025-11-11;2;0.0
25;2025-11-11;3;0.0
25;2025-11-11;4;32.098453616386394
25;2025-11-11;5;10.70482637937215
25;2025-11-11;6;161.9680081492123
25;2025-11-11;7;507.90802140054024
25;2025-11-11;8;810.3328411886707
25;2025-11-11;9;433.8138186385469
25;2025-11-11;10;330.4584307777962
25;2025-11-11;11;377.5772519522856
25;2025-11-11;12;373.00925369545973
25;2025-11-11;13;439.17738420980817
25;2025-11-11;14;417.46230002273523
25;2025-11-11;15;501.6564410032149
25;2025-11-11;16;636.8053498233593
25;2025-11-11;17;706.5061256529805
25;2025-11-11;18;720.5593420269372
25;2025-11-11;19;472.096257933773
25;2025-11-11;20;295.0786357976049
25;2025-11-11;21;191.93619841045984
25;2025-11-11;22;100.38521782661672
25;2025-11-11;23;8.966878304834836
25;2025-11-12;0;5.631612635141323
25;2025-11-12;1;0.0
25;2025-11-12;2;0.0
25;2025-11-12;3;0.0
25;2025-11-12;4;40.04978074777995
25;2025-11-12;5;9.792354624883956
25;2025-11-12;6;155.77692294567214
25;2025-11-12;7;503.78319615543296
25;2025-11-12;8;834.4043081628129
25;2025-11-12;9;435.2268547761793
25;2025-11-12;10;347.12224033289493
25;2025-11-12;11;368.88294981559943
25;2025-11-12;12;377.80336032430995
25;2025-11-12;13;439.6923951295526
25;2025-11-12;14;425.95412630171086
25;2025-11-12;15;505.8360375724835
25;2025-11-12;16;632.9656528451364
25;2025-11-12;17;688.4342863773323
25;2025-11-12;18;732.394165758038
25;2025-11-12;19;461.90175610791493
25;2025-11-12;20;288.16756801183203
25;2025-11-12;21;186.27637487733492
25;2025-11-12;22;102.60890444099704
25;2025-11-12;23;4.834658719020695
25;2025-11-13;0;3.9258675962233838
25;2025-11-13;1;0.0
25;2025-11-13;2;0.0
25;2025-11-13;3;0.0
25;2025-11-13;4;35.93184206330068
25;2025-11-13;5;7.164712733401132
25;2025-11-13;6;155.27074304228947
25;2025-11-13;7;495.113026091249
25;2025-11-13;8;816.7534579963997
25;2025-11-13;9;435.10109621339825
25;2025-11-13;10;342.76419953662173
25;2025-11-13;11;380.03775923559823
25;2025-11-13;12;391.06819669377643
25;2025-11-13;13;451.83696375048396
25;2025-11-13;14;446.41704645470975
25;2025-11-13;15;519.7953156515957
25;2025-11-13;16;632.4995553055129
25;2025-11-13;17;698.9568118960559
25;2025-11-13;18;713.8051300878351
25;2025-11-13;19;464.6015332826061
25;2025-11-13;20;299.4357615678661
25;2025-11-13;21;194.7449584376947
25;2025-11-13;22;105.95975952118758
25;2025-11-13;23;12.784301034662462
25;2025-11-14;0;13.616411730076663
25;2025-11-14;1;0.0
25;2025-11-14;2;0.0
25;2025-11-14;3;0.0
25;2025-11-14;4;40.838200508429225
25;2025-11-14;5;19.949947055137443
25;2025-11-14;6;159.3096948766778
25;2025-11-14;7;491.71648296734907
25;2025-11-14;8;777.4607432199264
25;2025-11-14;9;425.1467456389547
25;2025-11-14;10;338.42807426120777
25;2025-11-14;11;385.2444224840247
25;2025-11-14;12;386.7783580883558
25;2025-11-14;13;451.26640933025624
25;2025-11-14;14;455.2031408106909
25;2025-11-14;15;537.9299939055276
25;2025-11-14;16;640.2883865814439
25;2025-11-14;17;681.2346889820575
25;2025-11-14;18;661.9058923574693
25;2025-11-14;19;446.84771438140984
25;2025-11-14;20;294.47131944820626
25;2025-11-14;21;203.39537364191017
25;2025-11-14;22;112.68360238667827
25;2025-11-14;23;17.940650005638645
25;2025-11-15;0;28.864273251799546
25;2025-11-15;1;0.0
25;2025-11-15;2;0.0
25;2025-11-15;3;0.0
25;2025-11-15;4;30.750126944134536
25;2025-11-15;5;17.368312702484104
25;2025-11-15;6;69.69430854032646
25;2025-11-15;7;138.23769428818827
25;2025-11-15;8;263.2826767740518
25;2025-11-15;9;230.86466751552405
25;2025-11-15;10;245.55920389639542
25;2025-11-15;11;286.5294291604911
25;2025-11-15;12;320.2270182807008
25;2025-11-15;13;410.6305985950504
25;2025-11-15;14;451.87711298605944
25;2025-11-15;15;505.9893702188528
25;2025-11-15;16;474.75006939054117
25;2025-11-15;17;430.93494546453854
25;2025-11-15;18;415.89643034817914
25;2025-11-15;19;318.8505309953433
25;2025-11-15;20;243.0630889911293
25;2025-11-15;21;175.22845896814457
25;2025-11-15;22;109.88238761839696
25;2025-11-15;23;48.00398271641285
25;2025-11-16;0;15.673282496325896
25;2025-11-16;1;0.0
25;2025-11-16;2;0.0
25;2025-11-16;3;0.0
25;2025-11-16;4;29.394740269161957
25;2025-11-16;5;4.232073056058255
25;2025-11-16;6;38.106460175573545
25;2025-11-16;7;89.32525314725186
25;2025-11-16;8;172.30319410115595
25;2025-11-16;9;183.25387517163722
25;2025-11-16;10;206.33315873854383
25;2025-11-16;11;258.183575844194
25;2025-11-16;12;296.48154364745574
25;2025-11-16;13;389.1085622599227
25;2025-11-16;14;408.88749873735935
25;2025-11-16;15;466.94160800538117
25;2025-11-16;16;455.2263797273947
25;2025-11-16;17;409.6342377714211
25;2025-11-16;18;381.06330271973303
25;2025-11-16;19;282.9609911329237
25;2025-11-16;20;204.00237513433717
25;2025-11-16;21;150.85578222498788
25;2025-11-16;22;88.67644122856265
25;2025-11-16;23;40.14352561222222
25;2025-11-17;0;33.98147108962655
25;2025-11-17;1;0.0
25;2025-11-17;2;0.0
25;2025-11-17;3;0.0
25;2025-11-17;4;67.35268536012694
25;2025-11-17;5;37.34248167477068
25;2025-11-17;6;174.1278155271385
25;2025-11-17;7;478.51382346329865
25;2025-11-17;8;784.1516310125365
25;2025-11-17;9;419.35479349049433
25;2025-11-17;10;315.3329831464998
25;2025-11-17;11;343.6943851115102
25;2025-11-17;12;343.00855343755626
25;2025-11-17;13;376.707617522977
25;2025-11-17;14;354.12253184669936
25;2025-11-17;15;432.02491213959723
25;2025-11-17;16;557.2573418904261
25;2025-11-17;17;624.597123230729
25;2025-11-17;18;664.0514696635637
25;2025-11-17;19;426.9526345092846
25;2025-11-17;20;272.63455683078183
25;2025-11-17;21;174.23640508091324
25;2025-11-17;22;102.46121076025713
25;2025-11-17;23;24.3165489434748
25;2025-11-18;0;17.965477764103582
25;2025-11-18;1;0.0
25;2025-11-18;2;0.0
25;2025-11-18;3;0.0
25;2025-11-18;4;88.0301762157923
25;2025-11-18;5;48.190524852183785
25;2025-11-18;6;183.69168001215888
25;2025-11-18;7;477.94905624773895
25;2025-11-18;8;756.0369754148103
25;2025-11-18;9;397.46954538739556
25;2025-11-18;10;315.7970168272986
25;2025-11-18;11;327.5647854993693
25;2025-11-18;12;334.5315562660386
25;2025-11-18;13;385.1424128761549
25;2025-11-18;14;385.20465654130055
25;2025-11-18;15;441.03313161191056
25;2025-11-18;16;562.7312524371316
25;2025-11-18;17;618.1050858340984
25;2025-11-18;18;666.4630799429929
25;2025-11-18;19;416.54200114487634
25;2025-11-18;20;272.2498460051464
25;2025-11-18;21;172.98365503245827
25;2025-11-18;22;100.7159699952746
25;2025-11-18;23;22.166559768295883
25;2025-11-19;0;24.51180770721527
25;2025-11-19;1;0.0
25;2025-11-19;2;0.0
25;2025-11-19;3;0.0
25;2025-11-19;4;80.82675397944107
25;2025-11-19;5;49.76086674448908
25;2025-11-19;6;178.6007385415369
25;2025-11-19;7;488.3209566655664
25;2025-11-19;8;788.6437959139942
25;2025-11-19;9;410.7069510234742
25;2025-11-19;10;323.98254536423667
25;2025-11-19;11;358.9643882670372
25;2025-11-19;12;370.0081705506595
25;2025-11-19;13;415.5108426369888
25;2025-11-19;14;404.87342010957053
25;2025-11-19;15;476.4388908068565
25;2025-11-19;16;612.1185146603813
25;2025-11-19;17;671.8712158022582
25;2025-11-19;18;702.5142577018614
25;2025-11-19;19;457.99379579986055
25;2025-11-19;20;285.547137506019
25;2025-11-19;21;183.58584817332337
25;2025-11-19;22;116.5842791613527
25;2025-11-19;23;30.430330454719183
25;2025-11-20;0;20.44273042787904
25;2025-11-20;1;0.0
25;2025-11-20;2;0.0
25;2025-11-20;3;0.0
25;2025-11-20;4;63.566287870575195
25;2025-11-20;5;33.71545500895945
25;2025-11-20;6;171.4368844327427
25;2025-11-20;7;496.36695757466043
25;2025-11-20;8;800.6688973519279
25;2025-11-20;9;419.49785035996746
25;2025-11-20;10;323.62431838124905
25;2025-11-20;11;360.8345048452514
25;2025-11-20;12;371.9732463105321
25;2025-11-20;13;425.52488524322234
25;2025-11-20;14;424.8719604063327
25;2025-11-20;15;497.34822625335914
25;2025-11-20;16;620.3659585417063
25;2025-11-20;17;675.6123496148482
25;2025-11-20;18;689.381201506196
25;2025-11-20;19;449.99131394795705
25;2025-11-20;20;280.1298960429297
25;2025-11-20;21;180.99401435564903
25;2025-11-20;22;115.69522079279267
25;2025-11-20;23;28.7290993742443
25;2025-11-21;0;25.726802809365267
25;2025-11-21;1;0.0
25;2025-11-21;2;0.0
25;2025-11-21;3;0.0
25;2025-11-21;4;71.31217048190962
25;2025-11-21;5;53.58628770749107
25;2025-11-21;6;172.52463379310853
25;2025-11-21;7;494.1060858377698
25;2025-11-21;8;762.7756240394524
25;2025-11-21;9;415.38955983219944
25;2025-11-21;10;326.25582470588216
25;2025-11-21;11;361.9255905854604
25;2025-11-21;12;373.54250879831864
25;2025-11-21;13;428.9506776085225
25;2025-11-21;14;435.71275598644655
25;2025-11-21;15;510.0525592190362
25;2025-11-21;16;636.2285294454831
25;2025-11-21;17;674.243904124505
25;2025-11-21;18;622.3440384664265
25;2025-11-21;19;430.86576309028504
25;2025-11-21;20;283.3721291613512
25;2025-11-21;21;192.3193694219902
25;2025-11-21;22;129.142576362536
25;2025-11-21;23;38.38728066316315
25;2025-11-22;0;32.58198144480639
25;2025-11-22;1;0.0
25;2025-11-22;2;0.0
25;2025-11-22;3;0.0
25;2025-11-22;4;45.168702151946036
25;2025-11-22;5;11.386659856046833
25;2025-11-22;6;74.97378113776705
25;2025-11-22;7;128.84658815197935
25;2025-11-22;8;241.5194851926405
25;2025-11-22;9;228.8490951795112
25;2025-11-22;10;250.65893512761022
25;2025-11-22;11;304.37256091324235
25;2025-11-22;12;338.73015558715673
25;2025-11-22;13;425.36393006071233
25;2025-11-22;14;449.5714692410251
25;2025-11-22;15;519.2997363888796
25;2025-11-22;16;490.9194208137968
25;2025-11-22;17;435.2149450944751
25;2025-11-22;18;410.5342560455767
25;2025-11-22;19;313.8923932710577
25;2025-11-22;20;235.8971719116132
25;2025-11-22;21;178.0073228787444
25;2025-11-22;22;113.98985325195267
25;2025-11-22;23;52.512007263096905
25;2025-11-23;0;14.169035657063205
25;2025-11-23;1;0.0
25;2025-11-23;2;0.0
25;2025-11-23;3;0.0
25;2025-11-23;4;27.104903544482966
25;2025-11-23;5;0.0
25;2025-11-23;6;34.77881571758087
25;2025-11-23;7;81.82092278515114
25;2025-11-23;8;169.1610121450283
25;2025-11-23;9;164.0262585735603
25;2025-11-23;10;194.5403691634266
25;2025-11-23;11;255.43523636149575
25;2025-11-23;12;295.39208986564046
25;2025-11-23;13;380.090519964676
25;2025-11-23;14;387.4912163462868
25;2025-11-23;15;440.07293979252995
25;2025-11-23;16;399.22118900824114
25;2025-11-23;17;387.89627995446494
25;2025-11-23;18;354.94047806589873
25;2025-11-23;19;273.1024510623903
25;2025-11-23;20;193.19144527588568
25;2025-11-23;21;145.46616129920807
25;2025-11-23;22;95.92811238765105
25;2025-11-23;23;42.56060180236909
25;2025-11-24;0;4.980977035670776
25;2025-11-24;1;0.0
25;2025-11-24;2;0.0
25;2025-11-24;3;0.0
25;2025-11-24;4;57.07076672812752
25;2025-11-24;5;27.5204655652131
25;2025-11-24;6;180.56662539902376
25;2025-11-24;7;493.3021465470929
25;2025-11-24;8;770.6552164906541
25;2025-11-24;9;412.9315378116545
25;2025-11-24;10;316.9035309912639
25;2025-11-24;11;328.5684506717268
25;2025-11-24;12;349.307575772996
25;2025-11-24;13;404.65155972681816
25;2025-11-24;14;381.0319844185951
25;2025-11-24;15;457.6655248941841
25;2025-11-24;16;612.1840150999323
25;2025-11-24;17;657.1020823983781
25;2025-11-24;18;707.7609355909981
25;2025-11-24;19;433.09465222779147
25;2025-11-24;20;269.55001610945936
25;2025-11-24;21;172.42073809554023
25;2025-11-24;22;84.6408738405479
25;2025-11-24;23;3.0667153586330755
25;2025-11-25;0;2.0909178386139047
25;2025-11-25;1;0.0
25;2025-11-25;2;0.0
25;2025-11-25;3;0.0
25;2025-11-25;4;65.78037826499087
25;2025-11-25;5;18.257062248828163
25;2025-11-25;6;158.56938242743266
25;2025-11-25;7;483.88440497200986
25;2025-11-25;8;795.7861189947033
25;2025-11-25;9;409.67669733655845
25;2025-11-25;10;302.0477825211496
25;2025-11-25;11;336.5340363091971
25;2025-11-25;12;337.9064246456165
25;2025-11-25;13;402.9785955871585
25;2025-11-25;14;389.7852248719613
25;2025-11-25;15;470.9403299076727
25;2025-11-25;16;599.0390861532187
25;2025-11-25;17;669.2827311501826
25;2025-11-25;18;694.2113830945174
25;2025-11-25;19;432.5866869313406
25;2025-11-25;20;264.2251743732396
25;2025-11-25;21;164.54532368924714
25;2025-11-25;22;83.58099885464961
25;2025-11-25;23;3.99579346577616
25;2025-11-26;0;3.908344221285688
25;2025-11-26;1;0.0
25;2025-11-26;2;0.0
25;2025-11-26;3;0.0
25;2025-11-26;4;62.95369285873255
25;2025-11-26;5;23.141219083472834
25;2025-11-26;6;165.9559366899147
25;2025-11-26;7;498.6500228600233
25;2025-11-26;8;833.3738562851569
25;2025-11-26;9;425.09989123414715
25;2025-11-26;10;309.28259274221745
25;2025-11-26;11;345.86449863949156
25;2025-11-26;12;357.748487566907
25;2025-11-26;13;408.09003454041977
25;2025-11-26;14;398.71688026556075
25;2025-11-26;15;479.5522264399549
25;2025-11-26;16;608.6850942563894
25;2025-11-26;17;657.3833485719592
25;2025-11-26;18;709.2487178216963
25;2025-11-26;19;432.00400345494427
25;2025-11-26;20;275.20776585291543
25;2025-11-26;21;178.38181999604276
25;2025-11-26;22;99.01554750971727
25;2025-11-26;23;14.233039364239175
25;2025-11-27;0;7.460937310033501
25;2025-11-27;1;0.0
25;2025-11-27;2;0.0
25;2025-11-27;3;0.0
25;2025-11-27;4;41.52648576109112
25;2025-11-27;5;4.559289752644361
25;2025-11-27;6;149.16869880848014
25;2025-11-27;7;489.81864313074453
25;2025-11-27;8;790.5833030317285
25;2025-11-27;9;414.8334394331882
25;2025-11-27;10;319.360649697129
25;2025-11-27;11;350.62523047082703
25;2025-11-27;12;353.2580267978282
25;2025-11-27;13;420.93740957408306
25;2025-11-27;14;408.3661487765804
25;2025-11-27;15;495.6601425495112
25;2025-11-27;16;620.9487963198969
25;2025-11-27;17;683.8970273424538
25;2025-11-27;18;667.1686489079248
25;2025-11-27;19;437.84321149061793
25;2025-11-27;20;268.1343040651748
25;2025-11-27;21;179.36036532433113
25;2025-11-27;22;102.72220229091386
25;2025-11-27;23;3.451964515871964
25;2025-11-28;0;8.651507594679913
25;2025-11-28;1;0.0
25;2025-11-28;2;0.0
25;2025-11-28;3;0.0
25;2025-11-28;4;50.10783102426251
25;2025-11-28;5;23.958884718692786
25;2025-11-28;6;156.4451761223935
25;2025-11-28;7;487.4792037575319
25;2025-11-28;8;761.4099677569932
25;2025-11-28;9;413.16182291902805
25;2025-11-28;10;325.1500535701089
25;2025-11-28;11;364.88303276432305
25;2025-11-28;12;370.8654287629644
25;2025-11-28;13;428.4792601529125
25;2025-11-28;14;433.2551647479396
25;2025-11-28;15;532.7603792980842
25;2025-11-28;16;653.0061769877434
25;2025-11-28;17;693.4407500833754
25;2025-11-28;18;649.7464524498611
25;2025-11-28;19;412.1986175651456
25;2025-11-28;20;265.45062185452315
25;2025-11-28;21;176.32527594971896
25;2025-11-28;22;94.15413019770386
25;2025-11-28;23;6.051192556059391
25;2025-11-29;0;12.72143294439195
25;2025-11-29;1;0.0
25;2025-11-29;2;0.0
25;2025-11-29;3;0.0
25;2025-11-29;4;32.07813543959037
25;2025-11-29;5;0.32671111878198644
25;2025-11-29;6;40.83065432155564
25;2025-11-29;7;130.26905610973967
25;2025-11-29;8;249.42157192485877
25;2025-11-29;9;230.211162852895
25;2025-11-29;10;232.24737339425633
25;2025-11-29;11;293.26046437045324
25;2025-11-29;12;331.96611286756377
25;2025-11-29;13;407.8010071154366
25;2025-11-29;14;431.3628585424791
25;2025-11-29;15;492.42241960448104
25;2025-11-29;16;473.0930284359503
25;2025-11-29;17;436.51724437635926
25;2025-11-29;18;402.3381957956809
25;2025-11-29;19;299.2040407453451
25;2025-11-29;20;213.29217684081505
25;2025-11-29;21;151.57235307420638
25;2025-11-29;22;97.5041379404872
25;2025-11-29;23;40.964861794689284
25;2025-11-30;0;15.817301989825523
25;2025-11-30;1;0.0
25;2025-11-30;2;0.0
25;2025-11-30;3;0.0
25;2025-11-30;4;29.53540022797307
25;2025-11-30;5;0.0
25;2025-11-30;6;34.731514057020775
25;2025-11-30;7;77.51639286270355
25;2025-11-30;8;165.81487483325225
25;2025-11-30;9;171.6415126847703
25;2025-11-30;10;192.13918880041066
25;2025-11-30;11;247.72960873381695
25;2025-11-30;12;291.57133001275133
25;2025-11-30;13;372.9796741708004
25;2025-11-30;14;396.5343246492606
25;2025-11-30;15;439.22828494068466
25;2025-11-30;16;435.8752567288969
25;2025-11-30;17;400.703644338962
25;2025-11-30;18;366.205464314291
25;2025-11-30;19;276.47341988955134
25;2025-11-30;20;192.03978686005502
25;2025-11-30;21;131.25359561453362
25;2025-11-30;22;82.07769166807938
25;2025-11-30;23;31.31751755832647
25;2025-12-01;0;5.308906044879734
25;2025-12-01;1;0.0
25;2025-12-01;2;0.0
25;2025-12-01;3;0.0
25;2025-12-01;4;47.87088209865334
25;2025-12-01;5;18.8013057886007
25;2025-12-01;6;154.26185037595192
25;2025-12-01;7;473.0737919660803
25;2025-12-01;8;752.2836806042366
25;2025-12-01;9;402.75324509771485
25;2025-12-01;10;279.4194497398322
25;2025-12-01;11;314.90122397700986
25;2025-12-01;12;313.9790951716509
25;2025-12-01;13;377.7974238800083
25;2025-12-01;14;357.5489141795739
25;2025-12-01;15;428.87641947875727
25;2025-12-01;16;562.4272936119112
25;2025-12-01;17;613.8216473455742
25;2025-12-01;18;648.5452905980751
25;2025-12-01;19;394.14176981186546
25;2025-12-01;20;226.3528199096746
25;2025-12-01;21;148.06249772175235
25;2025-12-01;22;72.34432261328607
25;2025-12-01;23;4.001456205684576
25;2025-12-02;0;0.0
25;2025-12-02;1;0.0
25;2025-12-02;2;0.0
25;2025-12-02;3;0.0
25;2025-12-02;4;48.19239166515507
25;2025-12-02;5;17.63715046325939
25;2025-12-02;6;157.37878636426592
25;2025-12-02;7;482.4668847697045
25;2025-12-02;8;764.8662781754254
25;2025-12-02;9;398.0861985026317
25;2025-12-02;10;280.0664247088137
25;2025-12-02;11;326.77236157890434
25;2025-12-02;12;323.6623168588938
25;2025-12-02;13;382.6792210039788
25;2025-12-02;14;369.60479599510006
25;2025-12-02;15;437.6322809506534
25;2025-12-02;16;559.2146646425629
25;2025-12-02;17;630.7240937804263
25;2025-12-02;18;680.4414389322926
25;2025-12-02;19;419.74996154154013
25;2025-12-02;20;243.99698306442752
25;2025-12-02;21;153.2573242850123
25;2025-12-02;22;81.53974846645008
25;2025-12-02;23;0.0
25;2025-12-03;0;2.6115372356055673
25;2025-12-03;1;0.0
25;2025-12-03;2;0.0
25;2025-12-03;3;0.0
25;2025-12-03;4;48.688557326151624
25;2025-12-03;5;18.32079296840942
25;2025-12-03;6;149.83798472893116
25;2025-12-03;7;487.61141460531667
25;2025-12-03;8;776.2752999504314
25;2025-12-03;9;400.431440621728
25;2025-12-03;10;287.19899342151143
25;2025-12-03;11;312.6327810077865
25;2025-12-03;12;326.71566302361373
25;2025-12-03;13;388.4732616281344
25;2025-12-03;14;382.3790356070406
25;2025-12-03;15;454.64363783353303
25;2025-12-03;16;581.3104451703706
25;2025-12-03;17;660.1722438727265
25;2025-12-03;18;698.4744444109821
25;2025-12-03;19;421.6959538374482
25;2025-12-03;20;247.87566727014323
25;2025-12-03;21;160.9683275089306
25;2025-12-03;22;87.93496045883234
25;2025-12-03;23;4.345377586060579
25;2025-12-04;0;2.04916196955503
25;2025-12-04;1;0.0
25;2025-12-04;2;0.0
25;2025-12-04;3;0.0
25;2025-12-04;4;60.6057853082126
25;2025-12-04;5;21.450673288117287
25;2025-12-04;6;150.01225952496426
25;2025-12-04;7;490.77737214053116
25;2025-12-04;8;787.5361804996885
25;2025-12-04;9;408.38218104747597
25;2025-12-04;10;301.64714255955005
25;2025-12-04;11;331.3010479431523
25;2025-12-04;12;342.63197479232826
25;2025-12-04;13;396.8715880604652
25;2025-12-04;14;396.322363728688
25;2025-12-04;15;466.26238193395386
25;2025-12-04;16;592.0068861621991
25;2025-12-04;17;656.5646507477243
25;2025-12-04;18;680.7542279506265
25;2025-12-04;19;419.85116758284266
25;2025-12-04;20;256.11190881105426
25;2025-12-04;21;169.4945508631767
25;2025-12-04;22;95.59484960780739
25;2025-12-04;23;10.356264615804207
25;2025-12-05;0;5.819849803664852
25;2025-12-05;1;0.0
25;2025-12-05;2;0.0
25;2025-12-05;3;0.0
25;2025-12-05;4;51.93029870943661
25;2025-12-05;5;22.900238892672917
25;2025-12-05;6;147.73509491881052
25;2025-12-05;7;477.033570935647
25;2025-12-05;8;741.410945129185
25;2025-12-05;9;392.40268314815404
25;2025-12-05;10;293.11386246015024
25;2025-12-05;11;334.78436692859964
25;2025-12-05;12;340.0232100076474
25;2025-12-05;13;403.8345914808366
25;2025-12-05;14;409.4111335702735
25;2025-12-05;15;487.73707379544476
25;2025-12-05;16;614.4620323139636
25;2025-12-05;17;653.9569481254193
25;2025-12-05;18;615.404603541094
25;2025-12-05;19;395.60132026733703
25;2025-12-05;20;246.85939546040058
25;2025-12-05;21;168.4070122610543
25;2025-12-05;22;91.95251377488276
25;2025-12-05;23;8.344165657198971
25;2025-12-06;0;16.87911606293943
25;2025-12-06;1;0.0
25;2025-12-06;2;0.0
25;2025-12-06;3;0.0
25;2025-12-06;4;38.62949795083529
25;2025-12-06;5;5.1574878000221815
25;2025-12-06;6;45.632672288834385
25;2025-12-06;7;127.20019319366273
25;2025-12-06;8;240.1483236826707
25;2025-12-06;9;228.56459015974158
25;2025-12-06;10;229.88645419865696
25;2025-12-06;11;285.08436312039834
25;2025-12-06;12;332.74346998261336
25;2025-12-06;13;415.4493351382336
25;2025-12-06;14;433.5014348904117
25;2025-12-06;15;480.3651990409881
25;2025-12-06;16;462.69864600992616
25;2025-12-06;17;414.02067311590616
25;2025-12-06;18;379.595905448901
25;2025-12-06;19;300.1629612893866
25;2025-12-06;20;213.17402907366363
25;2025-12-06;21;158.83117389314495
25;2025-12-06;22;108.33490777392521
25;2025-12-06;23;49.8219929377218
25;2025-12-07;0;22.217932482494177
25;2025-12-07;1;0.0
25;2025-12-07;2;0.0
25;2025-12-07;3;0.0
25;2025-12-07;4;39.995789182519445
25;2025-12-07;5;13.9972186703518
25;2025-12-07;6;36.77234571539606
25;2025-12-07;7;80.76533290588577
25;2025-12-07;8;158.14237187363025
25;2025-12-07;9;164.5773232456645
25;2025-12-07;10;179.64332213166037
25;2025-12-07;11;234.36618578663
25;2025-12-07;12;273.89946159777827
25;2025-12-07;13;356.11647434340654
25;2025-12-07;14;375.1815844892807
25;2025-12-07;15;421.5177234647176
25;2025-12-07;16;398.9295453428502
25;2025-12-07;17;358.224335058559
25;2025-12-07;18;324.75731308043885
25;2025-12-07;19;259.59225970012017
25;2025-12-07;20;178.53466634477238
25;2025-12-07;21;135.31370605999328
25;2025-12-07;22;90.61282568780501
25;2025-12-07;23;36.684872255190385
25;2025-12-08;0;4.532052968256664
25;2025-12-08;1;0.0
25;2025-12-08;2;0.0
25;2025-12-08;3;0.0
25;2025-12-08;4;51.42036018896732
25;2025-12-08;5;18.908102759339783
25;2025-12-08;6;154.365385032849
25;2025-12-08;7;481.6110289890797
25;2025-12-08;8;766.7546969653226
25;2025-12-08;9;402.345016944602
25;2025-12-08;10;277.66430989009467
25;2025-12-08;11;308.23666788546757
25;2025-12-08;12;310.7708417848181
25;2025-12-08;13;365.4709418983176
25;2025-12-08;14;351.09620971786967
25;2025-12-08;15;429.2827496282862
25;2025-12-08;16;565.6425482880147
25;2025-12-08;17;631.145761822683
25;2025-12-08;18;657.9429990365059
25;2025-12-08;19;400.5184656157347
25;2025-12-08;20;236.06948292117946
25;2025-12-08;21;146.79828264239265
25;2025-12-08;22;67.04820072750692
25;2025-12-08;23;5.575130945818842
25;2025-12-09;0;0.0
25;2025-12-09;1;0.0
25;2025-12-09;2;0.0
25;2025-12-09;3;0.0
25;2025-12-09;4;52.51915555153482
25;2025-12-09;5;16.567863966581854
25;2025-12-09;6;151.85429411089868
25;2025-12-09;7;489.28777305891697
25;2025-12-09;8;776.1602317313793
25;2025-12-09;9;407.97570285134606
25;2025-12-09;10;294.45530101709056
25;2025-12-09;11;318.3661002190156
25;2025-12-09;12;315.1764077684819
25;2025-12-09;13;373.27565435123785
25;2025-12-09;14;347.64749669720527
25;2025-12-09;15;427.3100660023207
25;2025-12-09;16;550.5872134394086
25;2025-12-09;17;626.1955243272278
25;2025-12-09;18;661.2608031830039
25;2025-12-09;19;408.93981599010243
25;2025-12-09;20;241.3157559500795
25;2025-12-09;21;146.90477575075502
25;2025-12-09;22;69.34850931819636
25;2025-12-09;23;0.0
25;2025-12-10;0;4.957657712637513
25;2025-12-10;1;0.0
25;2025-12-10;2;0.0
25;2025-12-10;3;0.0
25;2025-12-10;4;78.53135180724925
25;2025-12-10;5;33.23784584180015
25;2025-12-10;6;153.46202143213497
25;2025-12-10;7;470.0296642982633
25;2025-12-10;8;762.301168468915
25;2025-12-10;9;388.5042995763886
25;2025-12-10;10;289.2063456452932
25;2025-12-10;11;312.3256584734521
25;2025-12-10;12;315.61655380908854
25;2025-12-10;13;364.0759134833895
25;2025-12-10;14;360.3545629992655
25;2025-12-10;15;446.8694479985791
25;2025-12-10;16;575.5835199725224
25;2025-12-10;17;646.080778596357
25;2025-12-10;18;672.0780924066779
25;2025-12-10;19;420.0656408832761
25;2025-12-10;20;244.56859987877328
25;2025-12-10;21;153.5260099488347
25;2025-12-10;22;87.20348349571549
25;2025-12-10;23;7.699138844616925
25;2025-12-11;0;8.2110167795106
25;2025-12-11;1;0.0
25;2025-12-11;2;0.0
25;2025-12-11;3;0.0
25;2025-12-11;4;71.9254582001314
25;2025-12-11;5;22.66811556385602
25;2025-12-11;6;155.1617787176519
25;2025-12-11;7;490.9225165131017
25;2025-12-11;8;778.3432913903252
25;2025-12-11;9;389.92565441267027
25;2025-12-11;10;306.27827467252143
25;2025-12-11;11;323.81848823010415
25;2025-12-11;12;321.1901400151765
25;2025-12-11;13;377.9583990909888
25;2025-12-11;14;380.1797324558029
25;2025-12-11;15;460.66808408001856
25;2025-12-11;16;567.4534636778344
25;2025-12-11;17;622.3037114600854
25;2025-12-11;18;643.0893133252198
25;2025-12-11;19;417.7759468838715
25;2025-12-11;20;259.7340000549741
25;2025-12-11;21;189.17445218116436
25;2025-12-11;22;101.32596014163283
25;2025-12-11;23;9.40590497491121
25;2025-12-12;0;12.035693101755669
25;2025-12-12;1;0.0
25;2025-12-12;2;0.0
25;2025-12-12;3;0.0
25;2025-12-12;4;67.7665334470937
25;2025-12-12;5;40.01709157801372
25;2025-12-12;6;171.37888599802966
25;2025-12-12;7;495.5918150502
25;2025-12-12;8;744.9066438285955
25;2025-12-12;9;410.67147680531184
25;2025-12-12;10;313.1629581041382
25;2025-12-12;11;347.22689746537276
25;2025-12-12;12;357.61366631081904
25;2025-12-12;13;414.26955935354374
25;2025-12-12;14;404.9183153967657
25;2025-12-12;15;466.2151969468506
25;2025-12-12;16;579.1634401464158
25;2025-12-12;17;624.7118138781299
25;2025-12-12;18;602.8021824079076
25;2025-12-12;19;396.69014847785456
25;2025-12-12;20;250.58745544589996
25;2025-12-12;21;168.5475930818783
25;2025-12-12;22;98.18181298018274
25;2025-12-12;23;17.36411229014368
25;2025-12-13;0;44.2156413668294
25;2025-12-13;1;0.0
25;2025-12-13;2;0.0
25;2025-12-13;3;0.0
25;2025-12-13;4;63.28332544730324
25;2025-12-13;5;15.431218580260236
25;2025-12-13;6;54.400716053600036
25;2025-12-13;7;127.00401589658773
25;2025-12-13;8;242.45088530499635
25;2025-12-13;9;225.0365297958342
25;2025-12-13;10;233.5347792079761
25;2025-12-13;11;275.3782279137567
25;2025-12-13;12;304.9821262518569
25;2025-12-13;13;384.1917339115599
25;2025-12-13;14;396.2416661869802
25;2025-12-13;15;445.2995809928828
25;2025-12-13;16;428.89829738146864
25;2025-12-13;17;389.1925569235169
25;2025-12-13;18;371.6172816120801
25;2025-12-13;19;286.5898963413559
25;2025-12-13;20;211.0480403419292
25;2025-12-13;21;162.17064708039624
25;2025-12-13;22;106.67243470693319
25;2025-12-13;23;51.31751220079792
25;2025-12-14;0;21.303942652326384
25;2025-12-14;1;0.0
25;2025-12-14;2;0.0
25;2025-12-14;3;0.0
25;2025-12-14;4;47.431300523688606
25;2025-12-14;5;16.107397640297847
25;2025-12-14;6;40.909978767842915
25;2025-12-14;7;85.82143333934314
25;2025-12-14;8;156.75061851722188
25;2025-12-14;9;168.1969559262053
25;2025-12-14;10;187.28795583942974
25;2025-12-14;11;240.99538764744466
25;2025-12-14;12;268.6853824070834
25;2025-12-14;13;345.73236284015786
25;2025-12-14;14;358.0888862405208
25;2025-12-14;15;403.53459578252546
25;2025-12-14;16;381.36363213606467
25;2025-12-14;17;346.6852807904495
25;2025-12-14;18;337.104986749524
25;2025-12-14;19;254.22744226023943
25;2025-12-14;20;175.90423951311308
25;2025-12-14;21;132.68380604186135
25;2025-12-14;22;81.29463039750561
25;2025-12-14;23;32.09488242483013
25;2025-12-15;0;9.845733745516156
25;2025-12-15;1;0.0
25;2025-12-15;2;0.0
25;2025-12-15;3;0.0
25;2025-12-15;4;55.64599466291679
25;2025-12-15;5;13.466524413212596
25;2025-12-15;6;144.5762362359453
25;2025-12-15;7;483.23620485203986
25;2025-12-15;8;775.9867309722467
25;2025-12-15;9;394.4936559173265
25;2025-12-15;10;279.41028693121825
25;2025-12-15;11;305.9847383895478
25;2025-12-15;12;308.1987868553778
25;2025-12-15;13;359.15907231291766
25;2025-12-15;14;352.76354594795663
25;2025-12-15;15;438.81460946729874
25;2025-12-15;16;572.1397752906827
25;2025-12-15;17;630.9036097132033
25;2025-12-15;18;650.5044377530832
25;2025-12-15;19;398.74801927440524
25;2025-12-15;20;245.17086641495365
25;2025-12-15;21;150.8177036538161
25;2025-12-15;22;76.45756030503216
25;2025-12-15;23;8.947101837999071
25;2025-12-16;0;3.5287784667841606
25;2025-12-16;1;0.0
25;2025-12-16;2;0.0
25;2025-12-16;3;0.0
25;2025-12-16;4;68.93018112826013
25;2025-12-16;5;16.616375777579094
25;2025-12-16;6;149.71719571866583
25;2025-12-16;7;486.61853184975575
25;2025-12-16;8;786.8405819519654
25;2025-12-16;9;396.17185133604767
25;2025-12-16;10;298.9580814324592
25;2025-12-16;11;310.0364290951824
25;2025-12-16;12;314.04496538617593
25;2025-12-16;13;350.21637065016495
25;2025-12-16;14;360.4932465963397
25;2025-12-16;15;451.5254830791395
25;2025-12-16;16;576.1108698086339
25;2025-12-16;17;638.4281201349338
25;2025-12-16;18;682.5947367004269
25;2025-12-16;19;421.8260232648033
25;2025-12-16;20;262.4158816026562
25;2025-12-16;21;167.79542570789522
25;2025-12-16;22;97.21576108930373
25;2025-12-16;23;11.804921312307442
25;2025-12-17;0;6.791201022173766
25;2025-12-17;1;0.0
25;2025-12-17;2;0.0
25;2025-12-17;3;0.0
25;2025-12-17;4;75.1480120988526
25;2025-12-17;5;20.450586769555116
25;2025-12-17;6;155.53057312564226
25;2025-12-17;7;490.2796743546611
25;2025-12-17;8;800.572291861469
25;2025-12-17;9;403.31978816850267
25;2025-12-17;10;305.6220268990402
25;2025-12-17;11;334.82622170955364
25;2025-12-17;12;340.9482282735143
25;2025-12-17;13;395.8622642201394
25;2025-12-17;14;389.2679896852878
25;2025-12-17;15;470.1638354403922
25;2025-12-17;16;603.061127323148
25;2025-12-17;17;677.4502799686786
25;2025-12-17;18;704.7325477339521
25;2025-12-17;19;425.5018675791494
25;2025-12-17;20;259.1604688818845
25;2025-12-17;21;165.99790229917662
25;2025-12-17;22;94.35699324971023
25;2025-12-17;23;16.066264680491145
25;2025-12-18;0;6.765443775334575
25;2025-12-18;1;0.0
25;2025-12-18;2;0.0
25;2025-12-18;3;0.0
25;2025-12-18;4;70.99692790631713
25;2025-12-18;5;22.80710275954442
25;2025-12-18;6;148.22085915418245
25;2025-12-18;7;490.1698647472941
25;2025-12-18;8;783.5197882599584
25;2025-12-18;9;402.9800912195295
25;2025-12-18;10;311.3583700558603
25;2025-12-18;11;336.10404512235465
25;2025-12-18;12;341.64941938110286
25;2025-12-18;13;390.10440749864375
25;2025-12-18;14;380.5676427146604
25;2025-12-18;15;473.61564568040217
25;2025-12-18;16;591.6656382426852
25;2025-12-18;17;654.1174388492514
25;2025-12-18;18;680.738445993969
25;2025-12-18;19;419.16110454318357
25;2025-12-18;20;262.5358618400514
25;2025-12-18;21;173.3028389392614
25;2025-12-18;22;97.7742079628284
25;2025-12-18;23;13.466031115484725
25;2025-12-19;0;8.292319580044591
25;2025-12-19;1;0.0
25;2025-12-19;2;0.0
25;2025-12-19;3;0.0
25;2025-12-19;4;65.75442676313588
25;2025-12-19;5;23.372677915415466
25;2025-12-19;6;145.20168385585035
25;2025-12-19;7;478.45735707836485
25;2025-12-19;8;749.7000281880877
25;2025-12-19;9;386.9227621116459
25;2025-12-19;10;296.2966483564432
25;2025-12-19;11;331.92411964931375
25;2025-12-19;12;338.7458444953161
25;2025-12-19;13;397.8014524887444
25;2025-12-19;14;400.06010938287
25;2025-12-19;15;484.94524469006456
25;2025-12-19;16;612.1887490382376
25;2025-12-19;17;647.2643288019158
25;2025-12-19;18;605.9753344401067
25;2025-12-19;19;389.16475738050525
25;2025-12-19;20;235.79904332767205
25;2025-12-19;21;159.31768369833762
25;2025-12-19;22;83.10479382751669
25;2025-12-19;23;9.419013822338457
25;2025-12-20;0;17.067311615055985
25;2025-12-20;1;0.0
25;2025-12-20;2;0.0
25;2025-12-20;3;0.0
25;2025-12-20;4;38.30870137796859
25;2025-12-20;5;3.89408277472711
25;2025-12-20;6;36.8666161836739
25;2025-12-20;7;116.96971273039526
25;2025-12-20;8;228.76847185487452
25;2025-12-20;9;209.67590045049045
25;2025-12-20;10;218.23973134746615
25;2025-12-20;11;268.493573106229
25;2025-12-20;12;308.25180778355934
25;2025-12-20;13;375.13239676282353
25;2025-12-20;14;393.69914199027573
25;2025-12-20;15;444.68619759651284
25;2025-12-20;16;423.8430032102047
25;2025-12-20;17;384.60517257061576
25;2025-12-20;18;357.18582755406214
25;2025-12-20;19;259.3246901587769
25;2025-12-20;20;195.1228388521266
25;2025-12-20;21;147.49060130480186
25;2025-12-20;22;90.98598897948457
25;2025-12-20;23;41.54314036132109
25;2025-12-21;0;17.746713597313203
25;2025-12-21;1;0.0
25;2025-12-21;2;0.0
25;2025-12-21;3;0.0
25;2025-12-21;4;32.30277500333642
25;2025-12-21;5;6.824606421676776
25;2025-12-21;6;39.516631119847375
25;2025-12-21;7;79.51461123430869
25;2025-12-21;8;154.9212391689731
25;2025-12-21;9;162.04087507672725
25;2025-12-21;10;182.09994168636538
25;2025-12-21;11;233.03539277003495
25;2025-12-21;12;271.5279199036157
25;2025-12-21;13;358.4261083835552
25;2025-12-21;14;367.42435903757206
25;2025-12-21;15;412.8303113809181
25;2025-12-21;16;389.5280664476441
25;2025-12-21;17;348.40474601140096
25;2025-12-21;18;328.39107909028627
25;2025-12-21;19;243.9291009448964
25;2025-12-21;20;164.92198676385635
25;2025-12-21;21;123.78600229922577
25;2025-12-21;22;66.49950512870402
25;2025-12-21;23;31.021681292852634
25;2025-12-22;0;13.216817790200366
25;2025-12-22;1;0.0
25;2025-12-22;2;0.0
25;2025-12-22;3;0.0
25;2025-12-22;4;65.10954742388247
25;2025-12-22;5;29.002586869893264
25;2025-12-22;6;156.99098065003017
25;2025-12-22;7;476.7014289749593
25;2025-12-22;8;768.2103311361482
25;2025-12-22;9;389.9059013699886
25;2025-12-22;10;286.31735950937406
25;2025-12-22;11;310.39017336208684
25;2025-12-22;12;312.09624384491985
25;2025-12-22;13;344.46078306431946
25;2025-12-22;14;311.8847922125399
25;2025-12-22;15;402.10071975393987
25;2025-12-22;16;532.9327006642515
25;2025-12-22;17;606.9046939680643
25;2025-12-22;18;649.0652801663152
25;2025-12-22;19;382.34298705621063
25;2025-12-22;20;241.31566025661948
25;2025-12-22;21;150.76045025542714
25;2025-12-22;22;75.7315509829308
25;2025-12-22;23;17.52899037228292
25;2025-12-23;0;5.438141618902364
25;2025-12-23;1;0.0
25;2025-12-23;2;0.0
25;2025-12-23;3;0.0
25;2025-12-23;4;61.36737374486961
25;2025-12-23;5;19.165489070837396
25;2025-12-23;6;152.93712945943147
25;2025-12-23;7;472.97239237072256
25;2025-12-23;8;775.0324963362141
25;2025-12-23;9;382.6061234726552
25;2025-12-23;10;278.6042745290029
25;2025-12-23;11;296.33925849423105
25;2025-12-23;12;289.4536203828714
25;2025-12-23;13;352.2068162149892
25;2025-12-23;14;337.9446886991814
25;2025-12-23;15;435.76373650482935
25;2025-12-23;16;563.8725855625692
25;2025-12-23;17;641.2711835605337
25;2025-12-23;18;670.3664217473477
25;2025-12-23;19;409.9224497140822
25;2025-12-23;20;257.2635367035905
25;2025-12-23;21;165.07622904210098
25;2025-12-23;22;90.33638225483662
25;2025-12-23;23;17.965973606629234
25;2025-12-24;0;11.18447872106168
25;2025-12-24;1;0.0
25;2025-12-24;2;0.0
25;2025-12-24;3;0.0
25;2025-12-24;4;81.71997015773738
25;2025-12-24;5;18.841677430240964
25;2025-12-24;6;144.6519227898736
25;2025-12-24;7;493.7380469822407
25;2025-12-24;8;799.1443667740538
25;2025-12-24;9;395.9839413959354
25;2025-12-24;10;297.32931908404606
25;2025-12-24;11;329.6327571020919
25;2025-12-24;12;341.3886604403435
25;2025-12-24;13;385.1589011228631
25;2025-12-24;14;359.4827201246095
25;2025-12-24;15;452.0142665085703
25;2025-12-24;16;586.3718764147607
25;2025-12-24;17;662.3310580644959
25;2025-12-24;18;688.659652384491
25;2025-12-24;19;399.1436887608599
25;2025-12-24;20;263.6173236850204
25;2025-12-24;21;171.83451805202276
25;2025-12-24;22;99.05655758473299
25;2025-12-24;23;18.452427104279593
25;2025-12-25;0;7.501208467138838
25;2025-12-25;1;0.0
25;2025-12-25;2;0.0
25;2025-12-25;3;0.0
25;2025-12-25;4;62.27809888713767
25;2025-12-25;5;18.434033078255823
25;2025-12-25;6;141.27283199158836
25;2025-12-25;7;492.9453330451655
25;2025-12-25;8;789.6432460058202
25;2025-12-25;9;403.27194683027153
25;2025-12-25;10;302.91583327110294
25;2025-12-25;11;332.89531303429106
25;2025-12-25;12;341.7564633964942
25;2025-12-25;13;398.946785523776
25;2025-12-25;14;382.35601355199117
25;2025-12-25;15;459.97945423366855
25;2025-12-25;16;582.5107769389613
25;2025-12-25;17;637.335701969379
25;2025-12-25;18;644.6486067992892
25;2025-12-25;19;398.5769355186549
25;2025-12-25;20;241.39702825020294
25;2025-12-25;21;161.21523060746873
25;2025-12-25;22;88.46638047202708
25;2025-12-25;23;10.176403771884907
25;2025-12-26;0;11.655839230264917
25;2025-12-26;1;0.0
25;2025-12-26;2;0.0
25;2025-12-26;3;0.0
25;2025-12-26;4;76.758574032632
25;2025-12-26;5;33.84047949491088
25;2025-12-26;6;149.52236295881013
25;2025-12-26;7;463.9992711680599
25;2025-12-26;8;736.7669652822162
25;2025-12-26;9;376.8820824222182
25;2025-12-26;10;291.5750329570734
25;2025-12-26;11;302.966139886792
25;2025-12-26;12;301.3894534725056
25;2025-12-26;13;372.7228585915322
25;2025-12-26;14;374.20597762274167
25;2025-12-26;15;461.30697091329966
25;2025-12-26;16;578.9633424525388
25;2025-12-26;17;617.3671240239744
25;2025-12-26;18;601.5267628980246
25;2025-12-26;19;380.4682939050303
25;2025-12-26;20;247.7095267003542
25;2025-12-26;21;176.58908900965218
25;2025-12-26;22;101.87679477182724
25;2025-12-26;23;15.442177980040071
25;2025-12-27;0;37.87190119601945
25;2025-12-27;1;0.0
25;2025-12-27;2;0.0
25;2025-12-27;3;0.0
25;2025-12-27;4;61.42048479540284
25;2025-12-27;5;16.55970677168051
25;2025-12-27;6;54.96199009892388
25;2025-12-27;7;115.9873972898566
25;2025-12-27;8;214.01396728833055
25;2025-12-27;9;205.77046807335228
25;2025-12-27;10;211.81345474280496
25;2025-12-27;11;263.5820536994756
25;2025-12-27;12;289.7805020567413
25;2025-12-27;13;384.6529963812801
25;2025-12-27;14;396.90478820258716
25;2025-12-27;15;451.1968120200549
25;2025-12-27;16;434.90118864310796
25;2025-12-27;17;385.3755155470881
25;2025-12-27;18;371.13900197370583
25;2025-12-27;19;269.25809715837664
25;2025-12-27;20;203.63325227884997
25;2025-12-27;21;150.5040077304834
25;2025-12-27;22;104.77024107426305
25;2025-12-27;23;52.498933168786664
25;2025-12-28;0;25.34500926726622
25;2025-12-28;1;0.0
25;2025-12-28;2;0.0
25;2025-12-28;3;0.0
25;2025-12-28;4;50.92612978390423
25;2025-12-28;5;19.271822486455562
25;2025-12-28;6;51.273324229205684
25;2025-12-28;7;91.52673840748906
25;2025-12-28;8;153.77360534968605
25;2025-12-28;9;167.0293761096151
25;2025-12-28;10;193.2682531620769
25;2025-12-28;11;235.22161010910824
25;2025-12-28;12;282.89298048178927
25;2025-12-28;13;377.1694662673273
25;2025-12-28;14;384.4591444247136
25;2025-12-28;15;432.079800871575
25;2025-12-28;16;400.9092859210317
25;2025-12-28;17;363.4490614846093
25;2025-12-28;18;348.7941718802384
25;2025-12-28;19;261.09741934082354
25;2025-12-28;20;190.09026123824938
25;2025-12-28;21;148.1452954153297
25;2025-12-28;22;97.93894268798005
25;2025-12-28;23;53.59902137673623
25;2025-12-29;0;24.276050045042382
25;2025-12-29;1;0.0
25;2025-12-29;2;0.0
25;2025-12-29;3;0.0
25;2025-12-29;4;82.4126141027449
25;2025-12-29;5;42.58915454560298
25;2025-12-29;6;165.87411991481068
25;2025-12-29;7;488.0228374766331
25;2025-12-29;8;764.4007943292036
25;2025-12-29;9;394.7129130480641
25;2025-12-29;10;279.7988235957513
25;2025-12-29;11;308.4825433873298
25;2025-12-29;12;313.9749880004207
25;2025-12-29;13;366.2825981670726
25;2025-12-29;14;349.7456901774099
25;2025-12-29;15;453.17022371871735
25;2025-12-29;16;576.7448400827287
25;2025-12-29;17;637.9912224121942
25;2025-12-29;18;636.5625109902
25;2025-12-29;19;410.5446002145775
25;2025-12-29;20;264.31170094117965
25;2025-12-29;21;169.20064246193323
25;2025-12-29;22;97.94051868569679
25;2025-12-29;23;22.115127082987783
25;2025-12-30;0;11.940543118827861
25;2025-12-30;1;0.0
25;2025-12-30;2;0.0
25;2025-12-30;3;0.0
25;2025-12-30;4;89.95784045843232
25;2025-12-30;5;39.27322034964669
25;2025-12-30;6;157.11590043002914
25;2025-12-30;7;484.8809426467586
25;2025-12-30;8;763.950447213377
25;2025-12-30;9;394.4727858405231
25;2025-12-30;10;284.4098207679644
25;2025-12-30;11;302.71305306524397
25;2025-12-30;12;316.1520823099961
25;2025-12-30;13;371.1219477235874
25;2025-12-30;14;361.7410265241431
25;2025-12-30;15;436.67154394449113
25;2025-12-30;16;555.0825844805538
25;2025-12-30;17;603.8524934976849
25;2025-12-30;18;624.67914273312
25;2025-12-30;19;398.83335091141856
25;2025-12-30;20;258.9486001263397
25;2025-12-30;21;177.0305660974368
25;2025-12-30;22;107.17353469617825
25;2025-12-30;23;27.80925098943777
25;2025-12-31;0;24.624463205683014
25;2025-12-31;1;0.0
25;2025-12-31;2;0.0
25;2025-12-31;3;0.0
25;2025-12-31;4;72.67804829698184
25;2025-12-31;5;16.750858653081764
25;2025-12-31;6;55.9096424892474
25;2025-12-31;7;125.00958970447871
25;2025-12-31;8;211.50121855060064
25;2025-12-31;9;153.56425059390304
25;2025-12-31;10;145.58734945341487
25;2025-12-31;11;173.3867511301306
25;2025-12-31;12;203.73828353718858
25;2025-12-31;13;296.84937100860054
25;2025-12-31;14;298.3036724453059
25;2025-12-31;15;334.411849609485
25;2025-12-31;16;343.2160773060585
25;2025-12-31;17;352.34727869441866
25;2025-12-31;18;391.4157342565845
25;2025-12-31;19;287.9705712191334
25;2025-12-31;20;207.3814395534135
25;2025-12-31;21;156.70765111440056
25;2025-12-31;22;107.10299260001162
25;2025-12-31;23;43.29545983655726
26;2025-11-01;0;143.39614561260862
26;2025-11-01;1;0.0
26;2025-11-01;2;0.0
26;2025-11-01;3;0.0
26;2025-11-01;4;119.7810126898894
26;2025-11-01;5;189.11114322891524
26;2025-11-01;6;493.5278385809232
26;2025-11-01;7;1018.3822837456402
26;2025-11-01;8;1730.3398887659887
26;2025-11-01;9;1304.697033261498
26;2025-11-01;10;1133.3615428677272
26;2025-11-01;11;1093.487483227497
26;2025-11-01;12;1117.0045175507987
26;2025-11-01;13;1160.9266350977014
26;2025-11-01;14;1214.4705906899335
26;2025-11-01;15;1292.131201120499
26;2025-11-01;16;1404.9617658999052
26;2025-11-01;17;1519.8782647581322
26;2025-11-01;18;1433.6116572140584
26;2025-11-01;19;1092.3699420607827
26;2025-11-01;20;756.8494821213924
26;2025-11-01;21;505.44275026808884
26;2025-11-01;22;340.99425406377617
26;2025-11-01;23;253.32885082400117
26;2025-11-02;0;43.798765007517545
26;2025-11-02;1;0.0
26;2025-11-02;2;0.0
26;2025-11-02;3;0.0
26;2025-11-02;4;0.5500348134679598
26;2025-11-02;5;29.05555540743694
26;2025-11-02;6;150.89744703274755
26;2025-11-02;7;294.4069928060629
26;2025-11-02;8;409.47065029885215
26;2025-11-02;9;544.5916492421566
26;2025-11-02;10;683.6382437012269
26;2025-11-02;11;815.440459168304
26;2025-11-02;12;846.0099714282757
26;2025-11-02;13;848.3300232098546
26;2025-11-02;14;887.031631012476
26;2025-11-02;15;855.372261343605
26;2025-11-02;16;816.9861762755587
26;2025-11-02;17;796.4525664488469
26;2025-11-02;18;729.7166996302011
26;2025-11-02;19;576.2007665259702
26;2025-11-02;20;422.6673120413755
26;2025-11-02;21;273.2515470056389
26;2025-11-02;22;184.01135563430228
26;2025-11-02;23;103.38686988721292
26;2025-11-03;0;47.99923009421934
26;2025-11-03;1;0.0
26;2025-11-03;2;0.0
26;2025-11-03;3;0.0
26;2025-11-03;4;18.288826800227525
26;2025-11-03;5;61.76993512305796
26;2025-11-03;6;204.9408969388615
26;2025-11-03;7;354.28037636225196
26;2025-11-03;8;650.0128116131109
26;2025-11-03;9;538.5818231889832
26;2025-11-03;10;623.0147121209982
26;2025-11-03;11;643.9341690862055
26;2025-11-03;12;690.9035686414289
26;2025-11-03;13;730.7708582432323
26;2025-11-03;14;737.4416940238953
26;2025-11-03;15;729.142137974756
26;2025-11-03;16;757.6919979479835
26;2025-11-03;17;787.8560071311855
26;2025-11-03;18;867.860774597686
26;2025-11-03;19;635.596381341519
26;2025-11-03;20;443.29492427606067
26;2025-11-03;21;298.7093923950575
26;2025-11-03;22;192.68359061078024
26;2025-11-03;23;136.6263719379649
26;2025-11-04;0;41.89957764308838
26;2025-11-04;1;0.0
26;2025-11-04;2;0.0
26;2025-11-04;3;0.0
26;2025-11-04;4;4.832726774876733
26;2025-11-04;5;58.305375068645844
26;2025-11-04;6;220.96223816489396
26;2025-11-04;7;354.8485342334272
26;2025-11-04;8;601.5740979129315
26;2025-11-04;9;537.7503669103662
26;2025-11-04;10;636.3890828009464
26;2025-11-04;11;695.2167782753412
26;2025-11-04;12;729.7564163993137
26;2025-11-04;13;760.7713154199915
26;2025-11-04;14;848.5499587004066
26;2025-11-04;15;851.08225798627
26;2025-11-04;16;803.6161008344569
26;2025-11-04;17;825.9791287596953
26;2025-11-04;18;907.6021706409144
26;2025-11-04;19;696.5241210113555
26;2025-11-04;20;485.8700376482351
26;2025-11-04;21;333.17138583281644
26;2025-11-04;22;210.03108785812879
26;2025-11-04;23;121.34244637663824
26;2025-11-05;0;34.815323208367204
26;2025-11-05;1;0.0
26;2025-11-05;2;0.0
26;2025-11-05;3;0.0
26;2025-11-05;4;1.3337661153600493
26;2025-11-05;5;69.22177272515171
26;2025-11-05;6;475.42332516314195
26;2025-11-05;7;1115.3700702596655
26;2025-11-05;8;2131.6338207076233
26;2025-11-05;9;1487.1344073171972
26;2025-11-05;10;1226.9572588433898
26;2025-11-05;11;1137.8331029298984
26;2025-11-05;12;1138.5585959665818
26;2025-11-05;13;1197.0430673065018
26;2025-11-05;14;1260.1633458888762
26;2025-11-05;15;1353.364371176885
26;2025-11-05;16;1489.9744795620372
26;2025-11-05;17;1669.5891709274874
26;2025-11-05;18;1789.1054365554232
26;2025-11-05;19;1212.619403817078
26;2025-11-05;20;771.0042067750343
26;2025-11-05;21;452.89026483341655
26;2025-11-05;22;226.01977266142876
26;2025-11-05;23;121.33793227587626
26;2025-11-06;0;32.38454287445359
26;2025-11-06;1;0.0
26;2025-11-06;2;0.0
26;2025-11-06;3;0.0
26;2025-11-06;4;5.0319457934042475
26;2025-11-06;5;82.27723574680635
26;2025-11-06;6;488.1096983070244
26;2025-11-06;7;1110.7078496338802
26;2025-11-06;8;2077.1206352397867
26;2025-11-06;9;1468.0223390978138
26;2025-11-06;10;1213.0868540499487
26;2025-11-06;11;1100.788181053973
26;2025-11-06;12;1151.071169832873
26;2025-11-06;13;1190.0481752682895
26;2025-11-06;14;1239.6072737095797
26;2025-11-06;15;1331.3394619684736
26;2025-11-06;16;1511.1188044966907
26;2025-11-06;17;1696.3599422064008
26;2025-11-06;18;1826.514942453045
26;2025-11-06;19;1239.1624769807386
26;2025-11-06;20;781.4626758562019
26;2025-11-06;21;449.8858122512507
26;2025-11-06;22;229.70030692472238
26;2025-11-06;23;124.4888035509066
26;2025-11-07;0;33.45984168977793
26;2025-11-07;1;0.0
26;2025-11-07;2;0.0
26;2025-11-07;3;0.0
26;2025-11-07;4;3.558182192692925
26;2025-11-07;5;80.81690666889403
26;2025-11-07;6;494.4803260933707
26;2025-11-07;7;1075.438146892781
26;2025-11-07;8;1934.8833206120055
26;2025-11-07;9;1423.1266482156245
26;2025-11-07;10;1200.8687919670713
26;2025-11-07;11;1150.0624315991981
26;2025-11-07;12;1147.4361831475312
26;2025-11-07;13;1198.8880441118572
26;2025-11-07;14;1247.8526686518378
26;2025-11-07;15;1364.550870791742
26;2025-11-07;16;1533.2119963407438
26;2025-11-07;17;1649.6461609425846
26;2025-11-07;18;1531.6884048794536
26;2025-11-07;19;1119.8563987105515
26;2025-11-07;20;744.8690551709778
26;2025-11-07;21;434.00094113663283
26;2025-11-07;22;223.54151987974944
26;2025-11-07;23;136.29507461214348
26;2025-11-08;0;43.75534807467852
26;2025-11-08;1;0.0
26;2025-11-08;2;0.0
26;2025-11-08;3;0.0
26;2025-11-08;4;8.720166724895194
26;2025-11-08;5;52.6390496716607
26;2025-11-08;6;253.13002603974218
26;2025-11-08;7;409.2924098273069
26;2025-11-08;8;590.5476284237692
26;2025-11-08;9;678.0741876363633
26;2025-11-08;10;799.1785429148996
26;2025-11-08;11;940.0298988407275
26;2025-11-08;12;982.4464656745024
26;2025-11-08;13;998.0499192270905
26;2025-11-08;14;997.4985822688575
26;2025-11-08;15;1000.7239583817154
26;2025-11-08;16;990.2662254921946
26;2025-11-08;17;942.7705466700285
26;2025-11-08;18;885.8830310104215
26;2025-11-08;19;754.5879763680348
26;2025-11-08;20;537.0550074602063
26;2025-11-08;21;374.3377052108559
26;2025-11-08;22;231.77599786314317
26;2025-11-08;23;163.7402849389439
26;2025-11-09;0;45.244523636974236
26;2025-11-09;1;0.0
26;2025-11-09;2;0.0
26;2025-11-09;3;0.0
26;2025-11-09;4;4.527541275454041
26;2025-11-09;5;24.24375935769649
26;2025-11-09;6;133.06924156011894
26;2025-11-09;7;271.74004454565295
26;2025-11-09;8;404.1809737568681
26;2025-11-09;9;519.0797319458336
26;2025-11-09;10;642.117700284471
26;2025-11-09;11;776.2949930174985
26;2025-11-09;12;838.144055110925
26;2025-11-09;13;876.0896127279755
26;2025-11-09;14;865.3995355895241
26;2025-11-09;15;843.7301969265932
26;2025-11-09;16;845.1507899430233
26;2025-11-09;17;805.1037713650014
26;2025-11-09;18;733.8225348711112
26;2025-11-09;19;565.9846957472666
26;2025-11-09;20;411.7461099246868
26;2025-11-09;21;273.6572803063708
26;2025-11-09;22;179.34645868434416
26;2025-11-09;23;106.00780478529657
26;2025-11-10;0;31.179588716452713
26;2025-11-10;1;0.0
26;2025-11-10;2;0.0
26;2025-11-10;3;0.0
26;2025-11-10;4;6.810308227421729
26;2025-11-10;5;80.4882192531229
26;2025-11-10;6;492.944760180373
26;2025-11-10;7;1092.0198650359812
26;2025-11-10;8;2037.2255130579547
26;2025-11-10;9;1459.448883071338
26;2025-11-10;10;1192.7277161188126
26;2025-11-10;11;1113.4470600896307
26;2025-11-10;12;1108.7902041149027
26;2025-11-10;13;1148.8168244172136
26;2025-11-10;14;1204.0642370536787
26;2025-11-10;15;1305.976323881725
26;2025-11-10;16;1487.0926573709721
26;2025-11-10;17;1678.3507714423763
26;2025-11-10;18;1831.8347559294
26;2025-11-10;19;1214.1181793909439
26;2025-11-10;20;755.7822883248018
26;2025-11-10;21;432.67534003160563
26;2025-11-10;22;211.57046710008603
26;2025-11-10;23;110.22531729948719
26;2025-11-11;0;31.987396926100132
26;2025-11-11;1;0.0
26;2025-11-11;2;0.0
26;2025-11-11;3;0.0
26;2025-11-11;4;2.87196047678151
26;2025-11-11;5;80.98247337896748
26;2025-11-11;6;472.501122638175
26;2025-11-11;7;1100.502571521179
26;2025-11-11;8;2061.969241678631
26;2025-11-11;9;1471.772742885364
26;2025-11-11;10;1191.6222947662993
26;2025-11-11;11;1125.9725897197484
26;2025-11-11;12;1140.6274275702085
26;2025-11-11;13;1166.6129808928188
26;2025-11-11;14;1224.3574546190619
26;2025-11-11;15;1316.1395076141523
26;2025-11-11;16;1512.0344392830739
26;2025-11-11;17;1714.997813522479
26;2025-11-11;18;1860.809362107304
26;2025-11-11;19;1214.1484136489623
26;2025-11-11;20;731.3713040747537
26;2025-11-11;21;431.0896687792443
26;2025-11-11;22;208.6924655128488
26;2025-11-11;23;111.03867497661838
26;2025-11-12;0;36.85396409846203
26;2025-11-12;1;0.0
26;2025-11-12;2;0.0
26;2025-11-12;3;0.0
26;2025-11-12;4;13.042589733825025
26;2025-11-12;5;92.46573954103758
26;2025-11-12;6;469.32929367904467
26;2025-11-12;7;1086.7227748767605
26;2025-11-12;8;2068.411769734171
26;2025-11-12;9;1430.0476099571329
26;2025-11-12;10;1145.4338601551633
26;2025-11-12;11;1033.568157753409
26;2025-11-12;12;1048.2035234737493
26;2025-11-12;13;1096.1320619024216
26;2025-11-12;14;1168.4401604465363
26;2025-11-12;15;1270.0453837376565
26;2025-11-12;16;1452.5938192073972
26;2025-11-12;17;1627.9027358816659
26;2025-11-12;18;1791.3344710011963
26;2025-11-12;19;1194.783261348721
26;2025-11-12;20;729.3379961214218
26;2025-11-12;21;432.7283371608506
26;2025-11-12;22;215.04485809411187
26;2025-11-12;23;120.36925806920794
26;2025-11-13;0;39.74305780693783
26;2025-11-13;1;0.0
26;2025-11-13;2;0.0
26;2025-11-13;3;0.0
26;2025-11-13;4;3.5827009977707576
26;2025-11-13;5;81.22741116083569
26;2025-11-13;6;465.9149251857149
26;2025-11-13;7;1071.7018348203078
26;2025-11-13;8;2024.443591811023
26;2025-11-13;9;1442.9416480734917
26;2025-11-13;10;1183.4890363681595
26;2025-11-13;11;1089.3347598211665
26;2025-11-13;12;1112.347576547587
26;2025-11-13;13;1163.9718037086525
26;2025-11-13;14;1202.3962425620898
26;2025-11-13;15;1304.239818787493
26;2025-11-13;16;1467.6508730416085
26;2025-11-13;17;1645.0648983198357
26;2025-11-13;18;1746.739033995917
26;2025-11-13;19;1186.3502871747228
26;2025-11-13;20;741.2663608562369
26;2025-11-13;21;421.17614094939154
26;2025-11-13;22;207.81955229665675
26;2025-11-13;23;114.0766841237346
26;2025-11-14;0;34.87616810085706
26;2025-11-14;1;0.0
26;2025-11-14;2;0.0
26;2025-11-14;3;0.0
26;2025-11-14;4;9.984324236516045
26;2025-11-14;5;86.90425572483116
26;2025-11-14;6;476.7034629074209
26;2025-11-14;7;1027.4627373660255
26;2025-11-14;8;1880.2542588454153
26;2025-11-14;9;1383.006621547678
26;2025-11-14;10;1156.5726471245403
26;2025-11-14;11;1084.573942769583
26;2025-11-14;12;1109.0951337552838
26;2025-11-14;13;1165.8303780780973
26;2025-11-14;14;1208.777474836297
26;2025-11-14;15;1315.2472211184502
26;2025-11-14;16;1488.9053730750334
26;2025-11-14;17;1592.1554448759998
26;2025-11-14;18;1462.1180437938447
26;2025-11-14;19;1062.7890964062308
26;2025-11-14;20;714.7775381058891
26;2025-11-14;21;422.6289806622499
26;2025-11-14;22;224.0096447937757
26;2025-11-14;23;141.92065057455363
26;2025-11-15;0;48.031153870617004
26;2025-11-15;1;0.0
26;2025-11-15;2;0.0
26;2025-11-15;3;0.0
26;2025-11-15;4;11.41905447365059
26;2025-11-15;5;45.66144927688481
26;2025-11-15;6;212.16724184709727
26;2025-11-15;7;346.9974267110083
26;2025-11-15;8;511.9468036948813
26;2025-11-15;9;614.6474107658221
26;2025-11-15;10;755.7436568725956
26;2025-11-15;11;862.0339466407249
26;2025-11-15;12;906.4024467146505
26;2025-11-15;13;906.3680874830598
26;2025-11-15;14;934.8891322766791
26;2025-11-15;15;917.6087254305855
26;2025-11-15;16;907.9682656913806
26;2025-11-15;17;862.0223642407173
26;2025-11-15;18;786.202311366016
26;2025-11-15;19;700.7696284509977
26;2025-11-15;20;492.92041208521863
26;2025-11-15;21;330.81950189748926
26;2025-11-15;22;213.66020174534168
26;2025-11-15;23;139.1829246843722
26;2025-11-16;0;57.30156793119488
26;2025-11-16;1;0.0
26;2025-11-16;2;0.0
26;2025-11-16;3;0.0
26;2025-11-16;4;2.681386813430663
26;2025-11-16;5;30.5164947971017
26;2025-11-16;6;129.64692430716423
26;2025-11-16;7;265.83430228900295
26;2025-11-16;8;393.94927950990484
26;2025-11-16;9;490.15673026614377
26;2025-11-16;10;602.1486575527731
26;2025-11-16;11;711.8578507782606
26;2025-11-16;12;755.1670321856718
26;2025-11-16;13;781.0094881601998
26;2025-11-16;14;781.0603298791768
26;2025-11-16;15;763.7063919565137
26;2025-11-16;16;748.6468202954093
26;2025-11-16;17;719.82491377298
26;2025-11-16;18;654.9719836138205
26;2025-11-16;19;532.7024608009453
26;2025-11-16;20;382.0727064237653
26;2025-11-16;21;253.41404603880977
26;2025-11-16;22;168.7913293690125
26;2025-11-16;23;110.13313005537464
26;2025-11-17;0;39.335810799802175
26;2025-11-17;1;0.0
26;2025-11-17;2;0.0
26;2025-11-17;3;0.0
26;2025-11-17;4;14.546626112396552
26;2025-11-17;5;83.65286311005036
26;2025-11-17;6;466.15412587350284
26;2025-11-17;7;993.8373512481083
26;2025-11-17;8;1860.7708805098628
26;2025-11-17;9;1327.8036588474838
26;2025-11-17;10;1075.1038153701563
26;2025-11-17;11;992.1347287591134
26;2025-11-17;12;1025.789064779249
26;2025-11-17;13;1047.0061333613453
26;2025-11-17;14;1067.8133381984321
26;2025-11-17;15;1173.30191109621
26;2025-11-17;16;1308.9550009916816
26;2025-11-17;17;1523.8233402506667
26;2025-11-17;18;1679.5842451330263
26;2025-11-17;19;1145.1398351016337
26;2025-11-17;20;705.7480897290814
26;2025-11-17;21;400.3779900536384
26;2025-11-17;22;190.06380448827622
26;2025-11-17;23;102.78047289702783
26;2025-11-18;0;25.858534949935347
26;2025-11-18;1;0.0
26;2025-11-18;2;0.0
26;2025-11-18;3;0.0
26;2025-11-18;4;25.007177496365898
26;2025-11-18;5;92.37173737722685
26;2025-11-18;6;491.44618515499315
26;2025-11-18;7;1001.9355781914146
26;2025-11-18;8;1847.4414947308956
26;2025-11-18;9;1343.28667276242
26;2025-11-18;10;1092.9608056230684
26;2025-11-18;11;1001.7432292625699
26;2025-11-18;12;1009.3485844538804
26;2025-11-18;13;1059.6968557529149
26;2025-11-18;14;1090.9127664306238
26;2025-11-18;15;1197.9100285715056
26;2025-11-18;16;1341.716405053961
26;2025-11-18;17;1537.9191678482173
26;2025-11-18;18;1658.4428152019957
26;2025-11-18;19;1114.393237533692
26;2025-11-18;20;714.1418371839164
26;2025-11-18;21;406.69639773521783
26;2025-11-18;22;205.0502715903374
26;2025-11-18;23;110.82716360034829
26;2025-11-19;0;24.12937845540671
26;2025-11-19;1;0.0
26;2025-11-19;2;0.0
26;2025-11-19;3;0.0
26;2025-11-19;4;3.735005003758033
26;2025-11-19;5;87.97800396333753
26;2025-11-19;6;465.60127221499135
26;2025-11-19;7;1020.5101730823644
26;2025-11-19;8;1918.31004327149
26;2025-11-19;9;1374.9902101378946
26;2025-11-19;10;1126.3120939493278
26;2025-11-19;11;1043.8731563890653
26;2025-11-19;12;1056.7956221120817
26;2025-11-19;13;1092.2932097177977
26;2025-11-19;14;1145.5003088466044
26;2025-11-19;15;1240.6133962632405
26;2025-11-19;16;1380.8486238147052
26;2025-11-19;17;1569.7923459535843
26;2025-11-19;18;1693.942486883775
26;2025-11-19;19;1181.0069556701794
26;2025-11-19;20;720.0532608426894
26;2025-11-19;21;423.6113804001425
26;2025-11-19;22;220.48478558712583
26;2025-11-19;23;114.26146236647867
26;2025-11-20;0;29.766588301685942
26;2025-11-20;1;0.0
26;2025-11-20;2;0.0
26;2025-11-20;3;0.0
26;2025-11-20;4;2.4139514284890993
26;2025-11-20;5;82.11299432213082
26;2025-11-20;6;461.9625016590933
26;2025-11-20;7;1031.0962219286027
26;2025-11-20;8;1934.3762554607438
26;2025-11-20;9;1381.8798304793104
26;2025-11-20;10;1130.899003992366
26;2025-11-20;11;1047.8096840260243
26;2025-11-20;12;1065.3744254224728
26;2025-11-20;13;1109.37592764483
26;2025-11-20;14;1154.8610390466763
26;2025-11-20;15;1274.6373353731688
26;2025-11-20;16;1417.2728666819207
26;2025-11-20;17;1609.716873847282
26;2025-11-20;18;1732.5183836319438
26;2025-11-20;19;1163.4694218880538
26;2025-11-20;20;703.663268520124
26;2025-11-20;21;415.88016552456713
26;2025-11-20;22;212.74139039996078
26;2025-11-20;23;114.26645369809319
26;2025-11-21;0;33.10198562595281
26;2025-11-21;1;0.0
26;2025-11-21;2;0.0
26;2025-11-21;3;0.0
26;2025-11-21;4;0.3654273056392867
26;2025-11-21;5;71.55778411074948
26;2025-11-21;6;441.0108998108886
26;2025-11-21;7;981.7406569814783
26;2025-11-21;8;1832.4380785023313
26;2025-11-21;9;1303.1677640715818
26;2025-11-21;10;1100.9464671661437
26;2025-11-21;11;1048.2745870227745
26;2025-11-21;12;1073.1370265443272
26;2025-11-21;13;1136.3244688113955
26;2025-11-21;14;1162.3364234837425
26;2025-11-21;15;1256.2177468843488
26;2025-11-21;16;1400.3242589175472
26;2025-11-21;17;1535.2836073314074
26;2025-11-21;18;1426.660432155685
26;2025-11-21;19;1059.098279231534
26;2025-11-21;20;685.8445543809506
26;2025-11-21;21;402.1319479010638
26;2025-11-21;22;218.90265972418024
26;2025-11-21;23;132.77219943544435
26;2025-11-22;0;51.12836067533817
26;2025-11-22;1;0.0
26;2025-11-22;2;0.0
26;2025-11-22;3;0.0
26;2025-11-22;4;8.493417586195505
26;2025-11-22;5;41.59888051294956
26;2025-11-22;6;217.72383094756543
26;2025-11-22;7;358.32152624669925
26;2025-11-22;8;525.3592235308935
26;2025-11-22;9;627.8490775353021
26;2025-11-22;10;762.5238138866666
26;2025-11-22;11;883.8803073734603
26;2025-11-22;12;933.3183250983996
26;2025-11-22;13;956.8840600226376
26;2025-11-22;14;949.4628733402523
26;2025-11-22;15;942.3574796887993
26;2025-11-22;16;924.7301904869805
26;2025-11-22;17;897.5488298781039
26;2025-11-22;18;847.6050921366727
26;2025-11-22;19;715.1452682146447
26;2025-11-22;20;516.5999555257144
26;2025-11-22;21;331.25136207226626
26;2025-11-22;22;206.51991496484868
26;2025-11-22;23;153.8692269971084
26;2025-11-23;0;48.56592318909861
26;2025-11-23;1;0.0
26;2025-11-23;2;0.0
26;2025-11-23;3;0.0
26;2025-11-23;4;0.0
26;2025-11-23;5;23.200127460321937
26;2025-11-23;6;122.0352074406029
26;2025-11-23;7;261.7751894358809
26;2025-11-23;8;398.91123522794123
26;2025-11-23;9;504.48823364295447
26;2025-11-23;10;614.9491678064797
26;2025-11-23;11;738.0185625551125
26;2025-11-23;12;791.2189962817274
26;2025-11-23;13;836.0071535268233
26;2025-11-23;14;817.3728835179154
26;2025-11-23;15;776.6066687862451
26;2025-11-23;16;730.7342846481581
26;2025-11-23;17;731.5197329597927
26;2025-11-23;18;674.0731983883387
26;2025-11-23;19;532.7706257564647
26;2025-11-23;20;364.46900052354147
26;2025-11-23;21;244.13209587970772
26;2025-11-23;22;166.81980712746588
26;2025-11-23;23;98.06073520568157
26;2025-11-24;0;20.665207675415104
26;2025-11-24;1;0.0
26;2025-11-24;2;0.0
26;2025-11-24;3;0.0
26;2025-11-24;4;0.0
26;2025-11-24;5;77.06747435813747
26;2025-11-24;6;491.30874201463524
26;2025-11-24;7;1014.6201359539732
26;2025-11-24;8;1909.5341131645914
26;2025-11-24;9;1384.534853852431
26;2025-11-24;10;1148.185391958119
26;2025-11-24;11;1059.408902071642
26;2025-11-24;12;1043.284915493297
26;2025-11-24;13;1075.1061946688208
26;2025-11-24;14;1110.8742608681207
26;2025-11-24;15;1217.3503911239154
26;2025-11-24;16;1393.8294588612598
26;2025-11-24;17;1570.741513686454
26;2025-11-24;18;1725.834150553771
26;2025-11-24;19;1136.5284890060138
26;2025-11-24;20;715.8117039649861
26;2025-11-24;21;395.7005006881741
26;2025-11-24;22;188.2799443484323
26;2025-11-24;23;93.40991939500304
26;2025-11-25;0;15.01042366611523
26;2025-11-25;1;0.0
26;2025-11-25;2;0.0
26;2025-11-25;3;0.0
26;2025-11-25;4;3.0193069188012487
26;2025-11-25;5;80.07410710406077
26;2025-11-25;6;468.45219444747545
26;2025-11-25;7;1075.4793896195206
26;2025-11-25;8;1959.7338097925558
26;2025-11-25;9;1397.8145492881727
26;2025-11-25;10;1140.1251851722973
26;2025-11-25;11;1057.3830905822263
26;2025-11-25;12;1077.812517934281
26;2025-11-25;13;1127.3536601719463
26;2025-11-25;14;1171.6580782574342
26;2025-11-25;15;1281.2812000090607
26;2025-11-25;16;1436.5712667738815
26;2025-11-25;17;1625.748273292007
26;2025-11-25;18;1766.972272218258
26;2025-11-25;19;1183.7743478651992
26;2025-11-25;20;725.6175810308487
26;2025-11-25;21;412.46366201021607
26;2025-11-25;22;203.51416955969938
26;2025-11-25;23;107.85698870719568
26;2025-11-26;0;28.87216823994447
26;2025-11-26;1;0.0
26;2025-11-26;2;0.0
26;2025-11-26;3;0.0
26;2025-11-26;4;4.227233144814022
26;2025-11-26;5;70.17913545888598
26;2025-11-26;6;449.114329505227
26;2025-11-26;7;1050.6531872788923
26;2025-11-26;8;1962.491460200551
26;2025-11-26;9;1439.6055421766255
26;2025-11-26;10;1184.6737853811696
26;2025-11-26;11;1083.781613153207
26;2025-11-26;12;1099.6265064517022
26;2025-11-26;13;1146.9010000244625
26;2025-11-26;14;1164.8696142764654
26;2025-11-26;15;1254.6400184960253
26;2025-11-26;16;1411.695413866641
26;2025-11-26;17;1613.3297731543448
26;2025-11-26;18;1753.6406019017559
26;2025-11-26;19;1160.0360170298673
26;2025-11-26;20;714.7478062581118
26;2025-11-26;21;408.2012851669819
26;2025-11-26;22;205.172072080124
26;2025-11-26;23;109.69710416074122
26;2025-11-27;0;31.370452236317306
26;2025-11-27;1;0.0
26;2025-11-27;2;0.0
26;2025-11-27;3;0.0
26;2025-11-27;4;4.4368565190479785
26;2025-11-27;5;83.15673500537662
26;2025-11-27;6;457.85831940773284
26;2025-11-27;7;1033.7277735371558
26;2025-11-27;8;1925.8348455690395
26;2025-11-27;9;1371.9561526329708
26;2025-11-27;10;1128.641117458076
26;2025-11-27;11;1037.4648771554348
26;2025-11-27;12;1045.5827612024714
26;2025-11-27;13;1111.061869960431
26;2025-11-27;14;1134.5617820297023
26;2025-11-27;15;1262.0601085685546
26;2025-11-27;16;1430.5917675723736
26;2025-11-27;17;1617.6127784659898
26;2025-11-27;18;1739.4187362590337
26;2025-11-27;19;1173.2224423373782
26;2025-11-27;20;734.7292325198466
26;2025-11-27;21;427.20648745486153
26;2025-11-27;22;242.09386286522658
26;2025-11-27;23;119.30893301239098
26;2025-11-28;0;33.61952239914126
26;2025-11-28;1;0.0
26;2025-11-28;2;0.0
26;2025-11-28;3;0.0
26;2025-11-28;4;6.1518420186858975
26;2025-11-28;5;89.60581244038701
26;2025-11-28;6;461.10765294913233
26;2025-11-28;7;1023.1606316100995
26;2025-11-28;8;1873.6859008093363
26;2025-11-28;9;1358.3850714523223
26;2025-11-28;10;1125.499104010486
26;2025-11-28;11;1070.269925490132
26;2025-11-28;12;1093.6493141036376
26;2025-11-28;13;1141.1547553197252
26;2025-11-28;14;1187.338349170972
26;2025-11-28;15;1305.2668223252003
26;2025-11-28;16;1472.84621499862
26;2025-11-28;17;1593.9020529819725
26;2025-11-28;18;1458.833996081882
26;2025-11-28;19;1068.4885074297229
26;2025-11-28;20;708.156219599314
26;2025-11-28;21;414.39668132590305
26;2025-11-28;22;222.65632112745777
26;2025-11-28;23;138.9753173193477
26;2025-11-29;0;50.67320166856109
26;2025-11-29;1;0.0
26;2025-11-29;2;0.0
26;2025-11-29;3;0.0
26;2025-11-29;4;9.624848477819796
26;2025-11-29;5;49.557287161464615
26;2025-11-29;6;232.6961915598385
26;2025-11-29;7;362.9210335191913
26;2025-11-29;8;531.8318442697379
26;2025-11-29;9;632.6790621303278
26;2025-11-29;10;757.0467335999805
26;2025-11-29;11;884.065106360927
26;2025-11-29;12;939.6101817959984
26;2025-11-29;13;966.0267679774875
26;2025-11-29;14;949.7827254352321
26;2025-11-29;15;938.7902681721262
26;2025-11-29;16;946.743477738167
26;2025-11-29;17;897.7414897141058
26;2025-11-29;18;836.5920997331605
26;2025-11-29;19;709.316078581109
26;2025-11-29;20;515.5162786685494
26;2025-11-29;21;359.90668591336146
26;2025-11-29;22;232.65234740095985
26;2025-11-29;23;161.24904858980847
26;2025-11-30;0;55.19133104763432
26;2025-11-30;1;0.0
26;2025-11-30;2;0.0
26;2025-11-30;3;0.0
26;2025-11-30;4;1.9312461584119092
26;2025-11-30;5;18.303452570392892
26;2025-11-30;6;121.82842975480594
26;2025-11-30;7;232.05818399696705
26;2025-11-30;8;366.43950260778155
26;2025-11-30;9;492.94509747884877
26;2025-11-30;10;602.9540405797677
26;2025-11-30;11;751.2239219911236
26;2025-11-30;12;806.0187440902926
26;2025-11-30;13;824.7204625124426
26;2025-11-30;14;828.7170083256239
26;2025-11-30;15;802.2396605755525
26;2025-11-30;16;799.281787142544
26;2025-11-30;17;756.4847745334382
26;2025-11-30;18;697.7871999893293
26;2025-11-30;19;544.6849285065744
26;2025-11-30;20;410.8948323633688
26;2025-11-30;21;271.5883485950664
26;2025-11-30;22;189.72332002713677
26;2025-11-30;23;123.5992611612154
26;2025-12-01;0;35.339188152111774
26;2025-12-01;1;0.0
26;2025-12-01;2;0.0
26;2025-12-01;3;0.0
26;2025-12-01;4;0.0
26;2025-12-01;5;68.79081985004302
26;2025-12-01;6;440.4033534723834
26;2025-12-01;7;999.9002087971697
26;2025-12-01;8;1844.643309725617
26;2025-12-01;9;1293.9844046211695
26;2025-12-01;10;1035.0238957256734
26;2025-12-01;11;927.5699436534727
26;2025-12-01;12;956.1896360999638
26;2025-12-01;13;1005.2376725947977
26;2025-12-01;14;1053.1052051874185
26;2025-12-01;15;1166.1676123564307
26;2025-12-01;16;1330.6265390731046
26;2025-12-01;17;1511.8966478233078
26;2025-12-01;18;1673.6338291360921
26;2025-12-01;19;1109.8400253798725
26;2025-12-01;20;682.5295994681526
26;2025-12-01;21;377.5161046591662
26;2025-12-01;22;179.6975111425021
26;2025-12-01;23;100.18028384329239
26;2025-12-02;0;32.71226349603171
26;2025-12-02;1;0.0
26;2025-12-02;2;0.0
26;2025-12-02;3;0.0
26;2025-12-02;4;0.0
26;2025-12-02;5;62.222677512758764
26;2025-12-02;6;425.22154959449057
26;2025-12-02;7;983.0275164380582
26;2025-12-02;8;1864.7720536112772
26;2025-12-02;9;1304.6353081749367
26;2025-12-02;10;1047.3658343053341
26;2025-12-02;11;948.6109704228242
26;2025-12-02;12;982.6616664881113
26;2025-12-02;13;1027.436262105934
26;2025-12-02;14;1080.5613290744545
26;2025-12-02;15;1186.6706894856586
26;2025-12-02;16;1325.038927796167
26;2025-12-02;17;1523.365233010083
26;2025-12-02;18;1676.766784459463
26;2025-12-02;19;1127.9945438344093
26;2025-12-02;20;685.669811106716
26;2025-12-02;21;382.7737592841728
26;2025-12-02;22;175.55870826000694
26;2025-12-02;23;98.26951603608336
26;2025-12-03;0;26.098071858473872
26;2025-12-03;1;0.0
26;2025-12-03;2;0.0
26;2025-12-03;3;0.0
26;2025-12-03;4;6.930066277296305
26;2025-12-03;5;61.04908223886059
26;2025-12-03;6;427.32888995298407
26;2025-12-03;7;989.0011455486231
26;2025-12-03;8;1869.9880247281592
26;2025-12-03;9;1331.3031063847825
26;2025-12-03;10;1075.9389090326472
26;2025-12-03;11;1001.2347742671436
26;2025-12-03;12;999.7172620647596
26;2025-12-03;13;1022.8127646442538
26;2025-12-03;14;1094.1268971417846
26;2025-12-03;15;1200.5001004507199
26;2025-12-03;16;1354.3733941939886
26;2025-12-03;17;1531.9804180338856
26;2025-12-03;18;1651.9903073545033
26;2025-12-03;19;1110.760444246615
26;2025-12-03;20;685.230458893749
26;2025-12-03;21;391.1663782444838
26;2025-12-03;22;187.22320457903277
26;2025-12-03;23;100.96407673223325
26;2025-12-04;0;32.43535899268227
26;2025-12-04;1;0.0
26;2025-12-04;2;0.0
26;2025-12-04;3;0.0
26;2025-12-04;4;0.0
26;2025-12-04;5;72.96350440858942
26;2025-12-04;6;434.82808661246617
26;2025-12-04;7;990.963336375368
26;2025-12-04;8;1865.2298563139243
26;2025-12-04;9;1312.4671807952336
26;2025-12-04;10;1051.285090467671
26;2025-12-04;11;947.1874061685099
26;2025-12-04;12;980.8973369904398
26;2025-12-04;13;1030.128789199852
26;2025-12-04;14;1097.8280297831154
26;2025-12-04;15;1196.5802714264805
26;2025-12-04;16;1348.1476948278619
26;2025-12-04;17;1517.1854231782881
26;2025-12-04;18;1638.1022650150912
26;2025-12-04;19;1093.8706431405844
26;2025-12-04;20;687.0706673008675
26;2025-12-04;21;394.45843069221445
26;2025-12-04;22;194.97490183692366
26;2025-12-04;23;103.83586358015839
26;2025-12-05;0;35.60146470008124
26;2025-12-05;1;0.0
26;2025-12-05;2;0.0
26;2025-12-05;3;0.0
26;2025-12-05;4;2.8778386041474278
26;2025-12-05;5;78.10920199174188
26;2025-12-05;6;445.5885894176715
26;2025-12-05;7;972.9032470918748
26;2025-12-05;8;1818.1248113807665
26;2025-12-05;9;1291.559350974485
26;2025-12-05;10;1063.9011225069573
26;2025-12-05;11;995.5200614215535
26;2025-12-05;12;1025.1312287100586
26;2025-12-05;13;1095.5990009623197
26;2025-12-05;14;1167.2432415864355
26;2025-12-05;15;1262.0357003856193
26;2025-12-05;16;1415.2332039278303
26;2025-12-05;17;1521.624262305618
26;2025-12-05;18;1416.8595480610645
26;2025-12-05;19;1034.1125748997101
26;2025-12-05;20;688.848028836789
26;2025-12-05;21;403.6657945524001
26;2025-12-05;22;210.41380820122646
26;2025-12-05;23;128.67521639636618
26;2025-12-06;0;48.497124485384234
26;2025-12-06;1;0.0
26;2025-12-06;2;0.0
26;2025-12-06;3;0.0
26;2025-12-06;4;7.1242072914847085
26;2025-12-06;5;46.52683570478575
26;2025-12-06;6;221.6123881874356
26;2025-12-06;7;340.2053434887067
26;2025-12-06;8;497.4181418241611
26;2025-12-06;9;600.9400568740356
26;2025-12-06;10;730.4162705541685
26;2025-12-06;11;852.5729890662877
26;2025-12-06;12;901.0483282203072
26;2025-12-06;13;929.5368457378083
26;2025-12-06;14;928.4381836564847
26;2025-12-06;15;908.4505218168331
26;2025-12-06;16;868.0126443325096
26;2025-12-06;17;845.9099746780558
26;2025-12-06;18;795.5307425202261
26;2025-12-06;19;662.5307157437703
26;2025-12-06;20;484.7144818021282
26;2025-12-06;21;324.85749167164494
26;2025-12-06;22;199.30518813122967
26;2025-12-06;23;126.42347837382226
26;2025-12-07;0;42.059223104523085
26;2025-12-07;1;0.0
26;2025-12-07;2;0.0
26;2025-12-07;3;0.0
26;2025-12-07;4;3.4352813587895525
26;2025-12-07;5;25.74399554883496
26;2025-12-07;6;121.9399056136275
26;2025-12-07;7;205.55034670532302
26;2025-12-07;8;334.61948454384674
26;2025-12-07;9;441.9074690195336
26;2025-12-07;10;567.5440156801526
26;2025-12-07;11;700.0910878780309
26;2025-12-07;12;754.5605661161363
26;2025-12-07;13;782.355511952495
26;2025-12-07;14;777.522351015407
26;2025-12-07;15;766.1685784468285
26;2025-12-07;16;734.2832417821692
26;2025-12-07;17;706.2153920620063
26;2025-12-07;18;643.8117827941558
26;2025-12-07;19;504.62262449549684
26;2025-12-07;20;377.42441096328287
26;2025-12-07;21;256.7468217181039
26;2025-12-07;22;174.16377589616013
26;2025-12-07;23;107.52962315336276
26;2025-12-08;0;31.55146971836257
26;2025-12-08;1;0.0
26;2025-12-08;2;0.0
26;2025-12-08;3;0.0
26;2025-12-08;4;0.0
26;2025-12-08;5;85.80477305844033
26;2025-12-08;6;451.13154365160005
26;2025-12-08;7;1000.7098987030879
26;2025-12-08;8;1877.3008312704512
26;2025-12-08;9;1323.0469752344197
26;2025-12-08;10;1056.9403764736223
26;2025-12-08;11;957.5852554314786
26;2025-12-08;12;979.5724677375489
26;2025-12-08;13;1029.3480038008704
26;2025-12-08;14;1070.7024732818609
26;2025-12-08;15;1188.2990507306733
26;2025-12-08;16;1346.7101329304273
26;2025-12-08;17;1530.9990583391136
26;2025-12-08;18;1654.1540471317385
26;2025-12-08;19;1107.9571451113231
26;2025-12-08;20;670.8155640788367
26;2025-12-08;21;368.7550862352657
26;2025-12-08;22;165.25602442421655
26;2025-12-08;23;80.66409087365139
26;2025-12-09;0;22.15792907702553
26;2025-12-09;1;0.0
26;2025-12-09;2;0.0
26;2025-12-09;3;0.0
26;2025-12-09;4;1.6496146029271586
26;2025-12-09;5;82.79631576756117
26;2025-12-09;6;465.8626981953654
26;2025-12-09;7;999.0337529560459
26;2025-12-09;8;1862.460117407424
26;2025-12-09;9;1316.784713341941
26;2025-12-09;10;1074.77188864284
26;2025-12-09;11;976.809844227317
26;2025-12-09;12;1002.5246086396567
26;2025-12-09;13;1044.4927842190696
26;2025-12-09;14;1072.3984033902284
26;2025-12-09;15;1176.5655006451395
26;2025-12-09;16;1345.2229536173909
26;2025-12-09;17;1511.77880015252
26;2025-12-09;18;1648.2260734508445
26;2025-12-09;19;1109.8584381473115
26;2025-12-09;20;687.5933515013602
26;2025-12-09;21;377.01421021458515
26;2025-12-09;22;167.28475516033916
26;2025-12-09;23;90.23978574260786
26;2025-12-10;0;9.794239559450716
26;2025-12-10;1;0.0
26;2025-12-10;2;0.0
26;2025-12-10;3;0.0
26;2025-12-10;4;2.6079625074078194
26;2025-12-10;5;67.09942094100722
26;2025-12-10;6;443.30411333038074
26;2025-12-10;7;971.9402627593317
26;2025-12-10;8;1809.2881494878761
26;2025-12-10;9;1306.6892756939078
26;2025-12-10;10;1048.5379043078929
26;2025-12-10;11;957.4455889599556
26;2025-12-10;12;989.9642331911391
26;2025-12-10;13;1038.7394478024155
26;2025-12-10;14;1084.6314724802887
26;2025-12-10;15;1194.7114964269301
26;2025-12-10;16;1353.1105824289903
26;2025-12-10;17;1536.4136880815554
26;2025-12-10;18;1641.8522116169665
26;2025-12-10;19;1127.4052106937702
26;2025-12-10;20;690.085431029803
26;2025-12-10;21;398.03556414187796
26;2025-12-10;22;187.2192962158091
26;2025-12-10;23;99.69549899956053
26;2025-12-11;0;28.815875901984214
26;2025-12-11;1;0.0
26;2025-12-11;2;0.0
26;2025-12-11;3;0.0
26;2025-12-11;4;4.407431676908232
26;2025-12-11;5;82.34015312873987
26;2025-12-11;6;463.2549240533997
26;2025-12-11;7;1010.2813615751006
26;2025-12-11;8;1820.135413761103
26;2025-12-11;9;1319.072548355684
26;2025-12-11;10;1079.6024067070696
26;2025-12-11;11;997.0658502812065
26;2025-12-11;12;1014.5484142547236
26;2025-12-11;13;1062.8078104657352
26;2025-12-11;14;1106.1301492673183
26;2025-12-11;15;1218.6162822962374
26;2025-12-11;16;1367.8719045502137
26;2025-12-11;17;1525.6747209589425
26;2025-12-11;18;1619.300047303318
26;2025-12-11;19;1109.4509905694547
26;2025-12-11;20;695.6488756805782
26;2025-12-11;21;405.40276739934944
26;2025-12-11;22;199.27372438291707
26;2025-12-11;23;107.40704062210386
26;2025-12-12;0;30.965976005658035
26;2025-12-12;1;0.0
26;2025-12-12;2;0.0
26;2025-12-12;3;0.0
26;2025-12-12;4;1.2255091887051321
26;2025-12-12;5;76.07321021032658
26;2025-12-12;6;464.2295458978254
26;2025-12-12;7;990.2237553865932
26;2025-12-12;8;1799.9549144468072
26;2025-12-12;9;1317.5617894342995
26;2025-12-12;10;1078.5978031471043
26;2025-12-12;11;1024.2719021792063
26;2025-12-12;12;1046.6505976929882
26;2025-12-12;13;1095.3057791301908
26;2025-12-12;14;1128.860714288262
26;2025-12-12;15;1201.382861476777
26;2025-12-12;16;1375.2859262603786
26;2025-12-12;17;1483.2982404043396
26;2025-12-12;18;1327.5993462136257
26;2025-12-12;19;958.8932306147569
26;2025-12-12;20;626.5515664110369
26;2025-12-12;21;341.785532890202
26;2025-12-12;22;123.9337278228096
26;2025-12-12;23;44.30911515549769
26;2025-12-13;0;39.18386419578894
26;2025-12-13;1;0.0
26;2025-12-13;2;0.0
26;2025-12-13;3;0.0
26;2025-12-13;4;23.26166611317251
26;2025-12-13;5;41.06966690743775
26;2025-12-13;6;232.46752971686033
26;2025-12-13;7;337.9777355027095
26;2025-12-13;8;489.41817559446497
26;2025-12-13;9;567.719632906538
26;2025-12-13;10;697.5873413201747
26;2025-12-13;11;823.5667407943045
26;2025-12-13;12;860.5473856764863
26;2025-12-13;13;895.0477954644789
26;2025-12-13;14;897.3164716791428
26;2025-12-13;15;880.4660420438278
26;2025-12-13;16;841.4640935573906
26;2025-12-13;17;796.0633421059764
26;2025-12-13;18;754.9584995851257
26;2025-12-13;19;662.5119645541396
26;2025-12-13;20;460.67893945330945
26;2025-12-13;21;323.7936902656854
26;2025-12-13;22;194.24011625981484
26;2025-12-13;23;131.5804956733307
26;2025-12-14;0;63.85873686862442
26;2025-12-14;1;0.0
26;2025-12-14;2;0.0
26;2025-12-14;3;0.0
26;2025-12-14;4;1.7648195269289317
26;2025-12-14;5;24.10249760319971
26;2025-12-14;6;139.24701720556743
26;2025-12-14;7;231.87865679737536
26;2025-12-14;8;350.1516783696503
26;2025-12-14;9;473.931767584263
26;2025-12-14;10;584.3148277605183
26;2025-12-14;11;728.673934834976
26;2025-12-14;12;772.1187634649165
26;2025-12-14;13;783.4254313851247
26;2025-12-14;14;775.1174997657758
26;2025-12-14;15;764.2404028201385
26;2025-12-14;16;744.9726144179754
26;2025-12-14;17;710.2882046558475
26;2025-12-14;18;643.7264075837772
26;2025-12-14;19;509.0740843954886
26;2025-12-14;20;371.12540337118634
26;2025-12-14;21;253.3747000569495
26;2025-12-14;22;170.8461368166321
26;2025-12-14;23;100.88389672899973
26;2025-12-15;0;35.70565811747019
26;2025-12-15;1;0.0
26;2025-12-15;2;0.0
26;2025-12-15;3;0.0
26;2025-12-15;4;9.786985059558333
26;2025-12-15;5;82.31044405385501
26;2025-12-15;6;455.5796815093551
26;2025-12-15;7;995.2131408426542
26;2025-12-15;8;1847.7360685657384
26;2025-12-15;9;1321.4796043102324
26;2025-12-15;10;1049.0444754430146
26;2025-12-15;11;940.1810645787898
26;2025-12-15;12;989.2882505296784
26;2025-12-15;13;1032.851486539019
26;2025-12-15;14;1087.3705830644099
26;2025-12-15;15;1198.5056634682026
26;2025-12-15;16;1375.6321497455829
26;2025-12-15;17;1588.9863996274953
26;2025-12-15;18;1722.2703614398608
26;2025-12-15;19;1160.5284143213635
26;2025-12-15;20;699.1588477726889
26;2025-12-15;21;394.73447393490875
26;2025-12-15;22;190.76271861968257
26;2025-12-15;23;103.43954330368558
26;2025-12-16;0;18.18765970226184
26;2025-12-16;1;0.0
26;2025-12-16;2;0.0
26;2025-12-16;3;0.0
26;2025-12-16;4;3.5186716040121837
26;2025-12-16;5;76.87740941656648
26;2025-12-16;6;450.95587580585305
26;2025-12-16;7;1003.9790322865499
26;2025-12-16;8;1879.8681630077115
26;2025-12-16;9;1324.7241587966441
26;2025-12-16;10;1047.8790463516043
26;2025-12-16;11;981.8325822565787
26;2025-12-16;12;986.9731913203918
26;2025-12-16;13;1061.4960830484283
26;2025-12-16;14;1097.0331549238576
26;2025-12-16;15;1209.8937554377248
26;2025-12-16;16;1373.465962967619
26;2025-12-16;17;1569.926640299942
26;2025-12-16;18;1703.343602598573
26;2025-12-16;19;1142.6879706813265
26;2025-12-16;20;705.7295270952314
26;2025-12-16;21;409.3647514098371
26;2025-12-16;22;200.3553523241119
26;2025-12-16;23;103.52304417280311
26;2025-12-17;0;34.99165812477952
26;2025-12-17;1;0.0
26;2025-12-17;2;0.0
26;2025-12-17;3;0.0
26;2025-12-17;4;1.8393163412087006
26;2025-12-17;5;83.74456378478305
26;2025-12-17;6;469.85164585380824
26;2025-12-17;7;1019.894217453904
26;2025-12-17;8;1928.3618019914159
26;2025-12-17;9;1372.3952954787064
26;2025-12-17;10;1109.140599777228
26;2025-12-17;11;1025.0908691254476
26;2025-12-17;12;1046.921279136734
26;2025-12-17;13;1093.3483877019712
26;2025-12-17;14;1144.4151875015511
26;2025-12-17;15;1239.1248517756212
26;2025-12-17;16;1391.4885537804148
26;2025-12-17;17;1562.8241579198502
26;2025-12-17;18;1676.439562925541
26;2025-12-17;19;1143.6901401850264
26;2025-12-17;20;708.499522536887
26;2025-12-17;21;412.1752779270972
26;2025-12-17;22;199.8069649930627
26;2025-12-17;23;103.73062898803869
26;2025-12-18;0;29.552076062678225
26;2025-12-18;1;0.0
26;2025-12-18;2;0.0
26;2025-12-18;3;0.0
26;2025-12-18;4;3.2671338610516614
26;2025-12-18;5;86.92632561909545
26;2025-12-18;6;469.038987001211
26;2025-12-18;7;1015.4994572029603
26;2025-12-18;8;1867.1534875040354
26;2025-12-18;9;1362.794672077245
26;2025-12-18;10;1109.8658144821784
26;2025-12-18;11;1033.28483087718
26;2025-12-18;12;1041.7433295629266
26;2025-12-18;13;1073.7296329139365
26;2025-12-18;14;1124.616354642132
26;2025-12-18;15;1223.5108840744817
26;2025-12-18;16;1398.993268364719
26;2025-12-18;17;1560.0419312418292
26;2025-12-18;18;1675.8509915852833
26;2025-12-18;19;1130.6698276737457
26;2025-12-18;20;701.1582586421058
26;2025-12-18;21;418.57899937519835
26;2025-12-18;22;216.377105848575
26;2025-12-18;23;116.10970786350072
26;2025-12-19;0;34.80970981215853
26;2025-12-19;1;0.0
26;2025-12-19;2;0.0
26;2025-12-19;3;0.0
26;2025-12-19;4;4.058443342251849
26;2025-12-19;5;73.84299904412046
26;2025-12-19;6;456.92058788538435
26;2025-12-19;7;990.9153755442433
26;2025-12-19;8;1825.7768783739928
26;2025-12-19;9;1320.3523986426892
26;2025-12-19;10;1086.2959333505682
26;2025-12-19;11;1033.7124923076822
26;2025-12-19;12;1055.8304179226268
26;2025-12-19;13;1098.3673341818283
26;2025-12-19;14;1149.4975125023834
26;2025-12-19;15;1257.7136379257363
26;2025-12-19;16;1422.2506521459882
26;2025-12-19;17;1534.573515899015
26;2025-12-19;18;1431.2364909700207
26;2025-12-19;19;1041.1166309609923
26;2025-12-19;20;688.9939553272708
26;2025-12-19;21;406.25475518880523
26;2025-12-19;22;210.51991942857262
26;2025-12-19;23;120.37547543717892
26;2025-12-20;0;43.0398911494425
26;2025-12-20;1;0.0
26;2025-12-20;2;0.0
26;2025-12-20;3;0.0
26;2025-12-20;4;6.412952030201154
26;2025-12-20;5;47.39546483883498
26;2025-12-20;6;228.83700123947807
26;2025-12-20;7;334.93044956732723
26;2025-12-20;8;499.8566228576877
26;2025-12-20;9;619.1675751789647
26;2025-12-20;10;737.919619945927
26;2025-12-20;11;869.3989072039969
26;2025-12-20;12;903.6909791852808
26;2025-12-20;13;935.1321409351266
26;2025-12-20;14;914.9587141909944
26;2025-12-20;15;895.7084049837924
26;2025-12-20;16;874.5405529851955
26;2025-12-20;17;846.6385125443433
26;2025-12-20;18;766.8829894159248
26;2025-12-20;19;677.2594108696509
26;2025-12-20;20;487.3770182153454
26;2025-12-20;21;330.92642695570066
26;2025-12-20;22;202.93264193429263
26;2025-12-20;23;127.49963178447331
26;2025-12-21;0;46.275348525710115
26;2025-12-21;1;0.0
26;2025-12-21;2;0.0
26;2025-12-21;3;0.0
26;2025-12-21;4;6.717682572369654
26;2025-12-21;5;28.398161440013382
26;2025-12-21;6;126.8915253609091
26;2025-12-21;7;224.82374200958776
26;2025-12-21;8;339.94349172658616
26;2025-12-21;9;455.16306295138475
26;2025-12-21;10;575.0909442437744
26;2025-12-21;11;726.1391710421203
26;2025-12-21;12;788.3945343254368
26;2025-12-21;13;801.4808860606577
26;2025-12-21;14;807.1680924680803
26;2025-12-21;15;748.5163139373982
26;2025-12-21;16;725.2660856684622
26;2025-12-21;17;694.8199120477423
26;2025-12-21;18;632.5490052737149
26;2025-12-21;19;504.6548320839902
26;2025-12-21;20;374.51172004695474
26;2025-12-21;21;246.3659205334833
26;2025-12-21;22;156.98107470642253
26;2025-12-21;23;99.78335387570849
26;2025-12-22;0;28.14718374605843
26;2025-12-22;1;0.0
26;2025-12-22;2;0.0
26;2025-12-22;3;0.0
26;2025-12-22;4;6.3336465300894815
26;2025-12-22;5;81.24311837697394
26;2025-12-22;6;464.5434956161267
26;2025-12-22;7;1006.5602189047158
26;2025-12-22;8;1830.355063332844
26;2025-12-22;9;1350.5925936112244
26;2025-12-22;10;1074.9813259940252
26;2025-12-22;11;997.5711072919776
26;2025-12-22;12;1022.7022794642821
26;2025-12-22;13;1044.4086011871461
26;2025-12-22;14;1074.1119284775373
26;2025-12-22;15;1167.49076814753
26;2025-12-22;16;1334.3931626662861
26;2025-12-22;17;1511.0283524729566
26;2025-12-22;18;1607.3592480399038
26;2025-12-22;19;1077.0481354287203
26;2025-12-22;20;672.7775289930896
26;2025-12-22;21;376.1715553477944
26;2025-12-22;22;175.20712407412407
26;2025-12-22;23;74.27619319553503
26;2025-12-23;0;26.12104074443357
26;2025-12-23;1;0.0
26;2025-12-23;2;0.0
26;2025-12-23;3;0.0
26;2025-12-23;4;11.541380080435601
26;2025-12-23;5;87.8841187911255
26;2025-12-23;6;484.4531265191441
26;2025-12-23;7;1002.6500922545808
26;2025-12-23;8;1874.162146904117
26;2025-12-23;9;1347.9756194811298
26;2025-12-23;10;1081.4297378227238
26;2025-12-23;11;986.4757573884444
26;2025-12-23;12;1003.7916819399265
26;2025-12-23;13;1039.534049997276
26;2025-12-23;14;1081.9390510885628
26;2025-12-23;15;1184.9435419907181
26;2025-12-23;16;1355.0264080670283
26;2025-12-23;17;1555.9500174357902
26;2025-12-23;18;1686.8417314874168
26;2025-12-23;19;1156.0549277322582
26;2025-12-23;20;705.3214149703145
26;2025-12-23;21;404.5677994073174
26;2025-12-23;22;205.04364124759337
26;2025-12-23;23;109.96419664823622
26;2025-12-24;0;35.29317246076903
26;2025-12-24;1;0.0
26;2025-12-24;2;0.0
26;2025-12-24;3;0.0
26;2025-12-24;4;2.0470168685153567
26;2025-12-24;5;75.57467535574858
26;2025-12-24;6;452.9451680031762
26;2025-12-24;7;1014.117509987513
26;2025-12-24;8;1890.4633561342973
26;2025-12-24;9;1359.6756663022547
26;2025-12-24;10;1095.9141076052679
26;2025-12-24;11;1011.7813504918842
26;2025-12-24;12;1020.6750541300867
26;2025-12-24;13;1055.9446530392875
26;2025-12-24;14;1095.1216566363898
26;2025-12-24;15;1217.5141301862327
26;2025-12-24;16;1372.174934658419
26;2025-12-24;17;1554.9155823724923
26;2025-12-24;18;1645.881610371388
26;2025-12-24;19;1134.735905028815
26;2025-12-24;20;710.2076158831624
26;2025-12-24;21;413.54067056771066
26;2025-12-24;22;205.88638981896327
26;2025-12-24;23;109.41881127474664
26;2025-12-25;0;31.79059957472589
26;2025-12-25;1;0.0
26;2025-12-25;2;0.0
26;2025-12-25;3;0.0
26;2025-12-25;4;3.5945730140854266
26;2025-12-25;5;77.65232031956077
26;2025-12-25;6;461.09996728479723
26;2025-12-25;7;1021.9925367358658
26;2025-12-25;8;1874.14339716745
26;2025-12-25;9;1365.0156528023897
26;2025-12-25;10;1098.7136096101297
26;2025-12-25;11;1028.642545074846
26;2025-12-25;12;1040.6742042483988
26;2025-12-25;13;1081.553642419116
26;2025-12-25;14;1121.7106657066688
26;2025-12-25;15;1229.8610343794232
26;2025-12-25;16;1404.990463655498
26;2025-12-25;17;1554.09619710087
26;2025-12-25;18;1620.0496619449186
26;2025-12-25;19;1100.1068218587632
26;2025-12-25;20;695.1724976580159
26;2025-12-25;21;390.07445826449884
26;2025-12-25;22;190.31959083474453
26;2025-12-25;23;110.03598909801326
26;2025-12-26;0;37.17286355293243
26;2025-12-26;1;0.0
26;2025-12-26;2;0.0
26;2025-12-26;3;0.0
26;2025-12-26;4;4.9596015939637255
26;2025-12-26;5;76.65275936134276
26;2025-12-26;6;471.69963769928466
26;2025-12-26;7;952.9515188274664
26;2025-12-26;8;1727.7836381024915
26;2025-12-26;9;1294.444644488768
26;2025-12-26;10;1051.6937551480141
26;2025-12-26;11;1009.265388789805
26;2025-12-26;12;1018.6416260016654
26;2025-12-26;13;1072.5239605811157
26;2025-12-26;14;1104.914414951595
26;2025-12-26;15;1216.2924906584133
26;2025-12-26;16;1377.3701206165338
26;2025-12-26;17;1483.096683547015
26;2025-12-26;18;1325.923523271004
26;2025-12-26;19;984.2992836987496
26;2025-12-26;20;650.223989848271
26;2025-12-26;21;362.10185418616595
26;2025-12-26;22;166.54893321696602
26;2025-12-26;23;96.98163203782156
26;2025-12-27;0;53.444571916539076
26;2025-12-27;1;0.0
26;2025-12-27;2;0.0
26;2025-12-27;3;0.0
26;2025-12-27;4;14.625065020439365
26;2025-12-27;5;55.66968705559043
26;2025-12-27;6;247.4784702879669
26;2025-12-27;7;340.6306744274833
26;2025-12-27;8;477.73833985279873
26;2025-12-27;9;586.6984893198482
26;2025-12-27;10;714.6215445837655
26;2025-12-27;11;850.0781101282511
26;2025-12-27;12;904.4233724935962
26;2025-12-27;13;923.0131528386188
26;2025-12-27;14;923.0118762793744
26;2025-12-27;15;897.9368935445118
26;2025-12-27;16;873.9295855733202
26;2025-12-27;17;846.0728431285387
26;2025-12-27;18;765.2101401464663
26;2025-12-27;19;662.2392869953391
26;2025-12-27;20;465.177261079189
26;2025-12-27;21;328.20925613660194
26;2025-12-27;22;202.63904562776474
26;2025-12-27;23;148.99722073227804
26;2025-12-28;0;43.50585725966971
26;2025-12-28;1;0.0
26;2025-12-28;2;0.0
26;2025-12-28;3;0.0
26;2025-12-28;4;0.0
26;2025-12-28;5;19.575380125519587
26;2025-12-28;6;121.06173268464579
26;2025-12-28;7;195.63217407571062
26;2025-12-28;8;314.1814330181837
26;2025-12-28;9;413.03099023278014
26;2025-12-28;10;520.2089719910584
26;2025-12-28;11;668.5262825820845
26;2025-12-28;12;710.0984568602233
26;2025-12-28;13;750.1311988753317
26;2025-12-28;14;757.4700536636888
26;2025-12-28;15;731.4335559325636
26;2025-12-28;16;707.1133443790555
26;2025-12-28;17;684.8236787431618
26;2025-12-28;18;630.6297809081749
26;2025-12-28;19;498.7572026987121
26;2025-12-28;20;358.54972007786466
26;2025-12-28;21;245.4544576763256
26;2025-12-28;22;158.32620704919736
26;2025-12-28;23;101.14027013544171
26;2025-12-29;0;34.863283228095725
26;2025-12-29;1;0.0
26;2025-12-29;2;0.0
26;2025-12-29;3;0.0
26;2025-12-29;4;13.590684689803538
26;2025-12-29;5;69.78030519417678
26;2025-12-29;6;472.9022327960803
26;2025-12-29;7;1010.3577616366789
26;2025-12-29;8;1826.9563526845077
26;2025-12-29;9;1333.962647337468
26;2025-12-29;10;1042.5223090034974
26;2025-12-29;11;971.8234008589873
26;2025-12-29;12;984.0760768441994
26;2025-12-29;13;1021.6967509361781
26;2025-12-29;14;1058.8093014449685
26;2025-12-29;15;1172.8589660099528
26;2025-12-29;16;1340.2739841751013
26;2025-12-29;17;1510.8702644303078
26;2025-12-29;18;1662.5566630913468
26;2025-12-29;19;1108.3323080026703
26;2025-12-29;20;681.9793188148706
26;2025-12-29;21;380.4976416553371
26;2025-12-29;22;171.8779565144656
26;2025-12-29;23;88.96201845852727
26;2025-12-30;0;30.64110234086013
26;2025-12-30;1;0.0
26;2025-12-30;2;0.0
26;2025-12-30;3;0.0
26;2025-12-30;4;19.054158972347523
26;2025-12-30;5;77.0065351785081
26;2025-12-30;6;461.96807130811663
26;2025-12-30;7;1010.2711241950642
26;2025-12-30;8;1838.9255707037723
26;2025-12-30;9;1336.8017484415577
26;2025-12-30;10;1029.0530718746936
26;2025-12-30;11;953.0290546577564
26;2025-12-30;12;930.4178761031814
26;2025-12-30;13;944.625476658864
26;2025-12-30;14;1023.4890531660755
26;2025-12-30;15;1145.8437018454997
26;2025-12-30;16;1333.1560493920888
26;2025-12-30;17;1492.4591520840722
26;2025-12-30;18;1642.2199746759322
26;2025-12-30;19;1114.2978021115669
26;2025-12-30;20;697.082908871131
26;2025-12-30;21;396.96152318904353
26;2025-12-30;22;177.59965407157426
26;2025-12-30;23;90.33190291551625
26;2025-12-31;0;33.137367002279575
26;2025-12-31;1;0.0
26;2025-12-31;2;0.0
26;2025-12-31;3;0.0
26;2025-12-31;4;1.4181624139210953
26;2025-12-31;5;19.567137680143105
26;2025-12-31;6;155.31259930960402
26;2025-12-31;7;202.8745437956576
26;2025-12-31;8;385.51723885888987
26;2025-12-31;9;369.0571212760415
26;2025-12-31;10;443.08565230328406
26;2025-12-31;11;514.1570147735065
26;2025-12-31;12;581.7557633444827
26;2025-12-31;13;594.1503854056763
26;2025-12-31;14;630.1616023809399
26;2025-12-31;15;640.1039654486356
26;2025-12-31;16;659.0407623885104
26;2025-12-31;17;679.7431344900073
26;2025-12-31;18;689.0324701407641
26;2025-12-31;19;576.4511388456153
26;2025-12-31;20;406.8581240652234
26;2025-12-31;21;292.23443150073945
26;2025-12-31;22;176.8791739245861
26;2025-12-31;23;116.57466184960322
28;2025-11-01;0;82.08709264458133
28;2025-11-01;1;0.0
28;2025-11-01;2;0.0
28;2025-11-01;3;0.0
28;2025-11-01;4;84.07843488387726
28;2025-11-01;5;137.4349534652743
28;2025-11-01;6;270.54222822281923
28;2025-11-01;7;673.4962781459701
28;2025-11-01;8;936.4424457721218
28;2025-11-01;9;730.2111708212442
28;2025-11-01;10;592.9176292870957
28;2025-11-01;11;569.9612009980192
28;2025-11-01;12;635.0016445319784
28;2025-11-01;13;657.8148649779289
28;2025-11-01;14;627.9712185776949
28;2025-11-01;15;668.6714907625537
28;2025-11-01;16;777.3191022245576
28;2025-11-01;17;833.4297172945483
28;2025-11-01;18;809.2499130715972
28;2025-11-01;19;600.8466722356729
28;2025-11-01;20;428.77041979344006
28;2025-11-01;21;320.6293639727842
28;2025-11-01;22;182.13536685597478
28;2025-11-01;23;90.3804263055464
28;2025-11-02;0;17.47845502826908
28;2025-11-02;1;0.0
28;2025-11-02;2;0.0
28;2025-11-02;3;0.0
28;2025-11-02;4;0.0
28;2025-11-02;5;35.09254767457594
28;2025-11-02;6;74.94272148789253
28;2025-11-02;7;167.8320842086461
28;2025-11-02;8;259.49810521965344
28;2025-11-02;9;319.1324633067886
28;2025-11-02;10;362.1396442776401
28;2025-11-02;11;372.01972247063435
28;2025-11-02;12;443.4548205155688
28;2025-11-02;13;483.56992961775404
28;2025-11-02;14;479.61658233139207
28;2025-11-02;15;490.6779787842882
28;2025-11-02;16;482.21141904692183
28;2025-11-02;17;465.4567544236178
28;2025-11-02;18;425.1399918594791
28;2025-11-02;19;347.9570495404793
28;2025-11-02;20;282.7580019895388
28;2025-11-02;21;207.11701735851602
28;2025-11-02;22;93.28970742942806
28;2025-11-02;23;4.092883395903129
28;2025-11-03;0;13.225493168180265
28;2025-11-03;1;0.0
28;2025-11-03;2;0.0
28;2025-11-03;3;0.0
28;2025-11-03;4;0.0
28;2025-11-03;5;35.26577654145308
28;2025-11-03;6;86.30604428489733
28;2025-11-03;7;203.59470999362844
28;2025-11-03;8;347.7034334877379
28;2025-11-03;9;343.86867714103323
28;2025-11-03;10;343.93684985914354
28;2025-11-03;11;319.2815262185277
28;2025-11-03;12;412.94721188046884
28;2025-11-03;13;448.21568744943454
28;2025-11-03;14;425.4123125678541
28;2025-11-03;15;441.3455056412465
28;2025-11-03;16;456.36912399445623
28;2025-11-03;17;482.9584299889834
28;2025-11-03;18;453.4750528207639
28;2025-11-03;19;363.1864123232036
28;2025-11-03;20;258.61997776292355
28;2025-11-03;21;192.51186659347033
28;2025-11-03;22;96.87440810147001
28;2025-11-03;23;22.687750085885682
28;2025-11-04;0;30.955848369851935
28;2025-11-04;1;0.0
28;2025-11-04;2;0.0
28;2025-11-04;3;0.0
28;2025-11-04;4;11.174297761918183
28;2025-11-04;5;29.429163646125687
28;2025-11-04;6;79.27916048945423
28;2025-11-04;7;192.44958277476226
28;2025-11-04;8;326.644615782665
28;2025-11-04;9;318.4493458714181
28;2025-11-04;10;315.72971981937934
28;2025-11-04;11;309.32609623201324
28;2025-11-04;12;366.46055755328297
28;2025-11-04;13;416.5957641625612
28;2025-11-04;14;414.8821469503261
28;2025-11-04;15;420.46228651131867
28;2025-11-04;16;419.752124156406
28;2025-11-04;17;431.38683704308164
28;2025-11-04;18;446.8359098480952
28;2025-11-04;19;352.0568810934783
28;2025-11-04;20;239.81031104239426
28;2025-11-04;21;181.63926068115376
28;2025-11-04;22;70.43781268472173
28;2025-11-04;23;0.0
28;2025-11-05;0;11.272231764941694
28;2025-11-05;1;0.0
28;2025-11-05;2;0.0
28;2025-11-05;3;0.0
28;2025-11-05;4;1.659235732141326
28;2025-11-05;5;71.55738765975883
28;2025-11-05;6;264.0915720724954
28;2025-11-05;7;791.7339215741621
28;2025-11-05;8;1141.5367671615236
28;2025-11-05;9;828.9228595952723
28;2025-11-05;10;604.7046723968662
28;2025-11-05;11;526.908647882328
28;2025-11-05;12;622.0218374348708
28;2025-11-05;13;650.4499241301835
28;2025-11-05;14;625.5886797573885
28;2025-11-05;15;679.3568297740705
28;2025-11-05;16;862.7613476354185
28;2025-11-05;17;960.9938505231219
28;2025-11-05;18;942.7210589052662
28;2025-11-05;19;669.1892764232734
28;2025-11-05;20;473.4257002210523
28;2025-11-05;21;282.954400623021
28;2025-11-05;22;118.15822162565314
28;2025-11-05;23;14.937879220163552
28;2025-11-06;0;8.994403552768517
28;2025-11-06;1;0.0
28;2025-11-06;2;0.0
28;2025-11-06;3;0.0
28;2025-11-06;4;1.3613547830261155
28;2025-11-06;5;68.6654666170046
28;2025-11-06;6;259.28360354013887
28;2025-11-06;7;784.5115503702461
28;2025-11-06;8;1133.208333769081
28;2025-11-06;9;800.259384365432
28;2025-11-06;10;586.7617453897318
28;2025-11-06;11;549.7931522895724
28;2025-11-06;12;635.626562426874
28;2025-11-06;13;655.8721894557754
28;2025-11-06;14;625.957067463571
28;2025-11-06;15;666.1076183090831
28;2025-11-06;16;817.687416892247
28;2025-11-06;17;922.7295045394713
28;2025-11-06;18;924.8522206662615
28;2025-11-06;19;659.3188334256366
28;2025-11-06;20;453.6124407172602
28;2025-11-06;21;276.44367635219743
28;2025-11-06;22;111.22703653884372
28;2025-11-06;23;4.192156923759967
28;2025-11-07;0;5.113383740595623
28;2025-11-07;1;0.0
28;2025-11-07;2;0.0
28;2025-11-07;3;0.0
28;2025-11-07;4;7.458357377148445
28;2025-11-07;5;69.88267110860085
28;2025-11-07;6;263.66288166639265
28;2025-11-07;7;780.2419305123756
28;2025-11-07;8;1093.9744714390404
28;2025-11-07;9;790.7690669299147
28;2025-11-07;10;585.9019141737191
28;2025-11-07;11;547.1269620723615
28;2025-11-07;12;621.5655905504008
28;2025-11-07;13;633.1846143679087
28;2025-11-07;14;621.5383700965392
28;2025-11-07;15;681.2420185915346
28;2025-11-07;16;845.8098347135308
28;2025-11-07;17;911.5867048888176
28;2025-11-07;18;852.9001440375893
28;2025-11-07;19;616.4881278734458
28;2025-11-07;20;447.22707153435505
28;2025-11-07;21;278.87275687172826
28;2025-11-07;22;119.25517133500728
28;2025-11-07;23;8.8422279939943
28;2025-11-08;0;14.002701467770464
28;2025-11-08;1;0.0
28;2025-11-08;2;0.0
28;2025-11-08;3;0.0
28;2025-11-08;4;6.2289766845880195
28;2025-11-08;5;41.69038724607856
28;2025-11-08;6;103.60857413365665
28;2025-11-08;7;218.13313289604733
28;2025-11-08;8;331.5567228080078
28;2025-11-08;9;377.463617068802
28;2025-11-08;10;435.4689035413577
28;2025-11-08;11;434.4618813535572
28;2025-11-08;12;491.73784216641724
28;2025-11-08;13;528.9115314719123
28;2025-11-08;14;528.3568556791029
28;2025-11-08;15;531.2210928605754
28;2025-11-08;16;513.3793765058228
28;2025-11-08;17;499.42779788110727
28;2025-11-08;18;449.84707094698393
28;2025-11-08;19;363.95351640718286
28;2025-11-08;20;271.861986273409
28;2025-11-08;21;229.82779686951648
28;2025-11-08;22;116.23750479028718
28;2025-11-08;23;28.63934208252914
28;2025-11-09;0;13.733188679052034
28;2025-11-09;1;0.0
28;2025-11-09;2;0.0
28;2025-11-09;3;0.0
28;2025-11-09;4;0.25879842632843975
28;2025-11-09;5;30.077280488131635
28;2025-11-09;6;74.91772065545263
28;2025-11-09;7;163.23492352616324
28;2025-11-09;8;252.4829013606547
28;2025-11-09;9;316.0524697192381
28;2025-11-09;10;377.94871125237955
28;2025-11-09;11;385.6019442038456
28;2025-11-09;12;435.4128284929078
28;2025-11-09;13;471.153952738882
28;2025-11-09;14;466.4492528630833
28;2025-11-09;15;477.3844232948678
28;2025-11-09;16;462.9847992098197
28;2025-11-09;17;446.34519186855
28;2025-11-09;18;411.27342547543213
28;2025-11-09;19;332.2773160283624
28;2025-11-09;20;274.254215989261
28;2025-11-09;21;207.10139323303352
28;2025-11-09;22;92.14988859612964
28;2025-11-09;23;12.193798986829734
28;2025-11-10;0;1.7455540067723518
28;2025-11-10;1;0.0
28;2025-11-10;2;0.0
28;2025-11-10;3;0.0
28;2025-11-10;4;1.3859330411532937
28;2025-11-10;5;68.25051777209922
28;2025-11-10;6;255.94880277642474
28;2025-11-10;7;772.0541596465893
28;2025-11-10;8;1123.101399933404
28;2025-11-10;9;797.2721345235327
28;2025-11-10;10;583.3159404560679
28;2025-11-10;11;524.5497109779521
28;2025-11-10;12;604.2829247225093
28;2025-11-10;13;637.6145641345838
28;2025-11-10;14;609.8746455228138
28;2025-11-10;15;661.0183770391454
28;2025-11-10;16;832.0246482425135
28;2025-11-10;17;946.3214044798724
28;2025-11-10;18;933.974815129596
28;2025-11-10;19;676.3957321837257
28;2025-11-10;20;471.1210010904398
28;2025-11-10;21;278.80642673631354
28;2025-11-10;22;107.09223734507748
28;2025-11-10;23;15.245592972395741
28;2025-11-11;0;4.044450460232838
28;2025-11-11;1;0.0
28;2025-11-11;2;0.0
28;2025-11-11;3;0.0
28;2025-11-11;4;2.892553632012664
28;2025-11-11;5;52.27026900399278
28;2025-11-11;6;247.10710622765583
28;2025-11-11;7;775.7038015124599
28;2025-11-11;8;1132.3013587559544
28;2025-11-11;9;811.9122083003347
28;2025-11-11;10;589.4928049599903
28;2025-11-11;11;528.1205920347812
28;2025-11-11;12;620.0571813023846
28;2025-11-11;13;652.2902468611371
28;2025-11-11;14;612.4358458379564
28;2025-11-11;15;715.402790928006
28;2025-11-11;16;868.3091973833112
28;2025-11-11;17;989.6404097632754
28;2025-11-11;18;997.8025028589346
28;2025-11-11;19;739.0447834572722
28;2025-11-11;20;504.225869626412
28;2025-11-11;21;308.60704772174245
28;2025-11-11;22;127.66472015963183
28;2025-11-11;23;8.188917903246193
28;2025-11-12;0;7.167534713879093
28;2025-11-12;1;0.0
28;2025-11-12;2;0.0
28;2025-11-12;3;0.0
28;2025-11-12;4;1.1305040784669131
28;2025-11-12;5;77.95785610102126
28;2025-11-12;6;272.5366532804867
28;2025-11-12;7;795.2515015841354
28;2025-11-12;8;1132.7620381390602
28;2025-11-12;9;818.220968740862
28;2025-11-12;10;610.7189692507415
28;2025-11-12;11;551.3220513066419
28;2025-11-12;12;628.0812748957198
28;2025-11-12;13;657.3514903735244
28;2025-11-12;14;634.8675742814493
28;2025-11-12;15;672.0100398880529
28;2025-11-12;16;845.3274573809617
28;2025-11-12;17;977.80902289121
28;2025-11-12;18;971.707838396711
28;2025-11-12;19;714.1678156658945
28;2025-11-12;20;509.2282787550307
28;2025-11-12;21;321.8102397490467
28;2025-11-12;22;135.910879574172
28;2025-11-12;23;24.105245229486286
28;2025-11-13;0;8.183057356334302
28;2025-11-13;1;0.0
28;2025-11-13;2;0.0
28;2025-11-13;3;0.0
28;2025-11-13;4;3.842721032162956
28;2025-11-13;5;85.19168569827855
28;2025-11-13;6;274.2904717086735
28;2025-11-13;7;796.8098213253318
28;2025-11-13;8;1134.7391493725308
28;2025-11-13;9;838.86047516401
28;2025-11-13;10;626.5064260942481
28;2025-11-13;11;582.7619868959189
28;2025-11-13;12;665.4067567333389
28;2025-11-13;13;670.473504772149
28;2025-11-13;14;654.6672779207214
28;2025-11-13;15;687.0539242791504
28;2025-11-13;16;852.5080320198429
28;2025-11-13;17;949.3119890973436
28;2025-11-13;18;932.5464717051849
28;2025-11-13;19;675.8592467448966
28;2025-11-13;20;487.4160343392484
28;2025-11-13;21;307.83354476397085
28;2025-11-13;22;137.5591733060886
28;2025-11-13;23;20.421529022519962
28;2025-11-14;0;13.288263283628623
28;2025-11-14;1;0.0
28;2025-11-14;2;0.0
28;2025-11-14;3;0.0
28;2025-11-14;4;11.465945529336409
28;2025-11-14;5;79.03325508481987
28;2025-11-14;6;266.3104962365344
28;2025-11-14;7;787.2115969044949
28;2025-11-14;8;1111.1342813112283
28;2025-11-14;9;812.8433592644692
28;2025-11-14;10;614.6746045217906
28;2025-11-14;11;585.3035264922016
28;2025-11-14;12;656.1684240702142
28;2025-11-14;13;677.8890115995358
28;2025-11-14;14;654.5864010315343
28;2025-11-14;15;710.0641789711913
28;2025-11-14;16;850.3356136937402
28;2025-11-14;17;919.007613369773
28;2025-11-14;18;883.6300904661359
28;2025-11-14;19;648.5007111171948
28;2025-11-14;20;475.4288017722296
28;2025-11-14;21;304.67216280099666
28;2025-11-14;22;134.61218980756342
28;2025-11-14;23;19.116350723523112
28;2025-11-15;0;33.53874723319734
28;2025-11-15;1;0.0
28;2025-11-15;2;0.0
28;2025-11-15;3;0.0
28;2025-11-15;4;5.836285950147442
28;2025-11-15;5;42.545708958816704
28;2025-11-15;6;122.10719552495004
28;2025-11-15;7;222.73119330156393
28;2025-11-15;8;315.0861029458897
28;2025-11-15;9;370.09868305058126
28;2025-11-15;10;419.99891911886647
28;2025-11-15;11;414.4197933271101
28;2025-11-15;12;497.30372119235415
28;2025-11-15;13;520.2154451232436
28;2025-11-15;14;511.3384982076217
28;2025-11-15;15;521.7316619671536
28;2025-11-15;16;487.11483176261515
28;2025-11-15;17;471.5329069233339
28;2025-11-15;18;438.9454492051466
28;2025-11-15;19;369.8026542768105
28;2025-11-15;20;287.3816518556214
28;2025-11-15;21;226.6057566275574
28;2025-11-15;22;103.66238106678168
28;2025-11-15;23;15.047092606253216
28;2025-11-16;0;14.619022647907002
28;2025-11-16;1;0.0
28;2025-11-16;2;0.0
28;2025-11-16;3;0.0
28;2025-11-16;4;0.8006770586867447
28;2025-11-16;5;33.86851119913274
28;2025-11-16;6;70.25084293274074
28;2025-11-16;7;157.0372816705808
28;2025-11-16;8;242.02964744871664
28;2025-11-16;9;308.05954134845206
28;2025-11-16;10;358.5225727982806
28;2025-11-16;11;377.22665608286775
28;2025-11-16;12;442.56162523499086
28;2025-11-16;13;487.88264581983424
28;2025-11-16;14;477.0703704649613
28;2025-11-16;15;478.66549776390923
28;2025-11-16;16;464.0014191651463
28;2025-11-16;17;450.6897569028997
28;2025-11-16;18;406.46633616899027
28;2025-11-16;19;341.9251564463762
28;2025-11-16;20;295.96827965428366
28;2025-11-16;21;227.44460940809387
28;2025-11-16;22;109.21772057794351
28;2025-11-16;23;19.104122746937207
28;2025-11-17;0;19.268727934767355
28;2025-11-17;1;0.0
28;2025-11-17;2;0.0
28;2025-11-17;3;0.0
28;2025-11-17;4;11.979544110392794
28;2025-11-17;5;76.65099078491306
28;2025-11-17;6;261.5196721636365
28;2025-11-17;7;743.5749207113622
28;2025-11-17;8;1064.4585300369758
28;2025-11-17;9;795.7411589232585
28;2025-11-17;10;580.2233883890378
28;2025-11-17;11;555.5607968610749
28;2025-11-17;12;626.8375586384744
28;2025-11-17;13;632.9666612879354
28;2025-11-17;14;607.8960546177984
28;2025-11-17;15;652.4299084178733
28;2025-11-17;16;793.8941752925521
28;2025-11-17;17;908.0132165145523
28;2025-11-17;18;894.9721470019492
28;2025-11-17;19;668.3322866215897
28;2025-11-17;20;457.30373310090465
28;2025-11-17;21;284.80545683308145
28;2025-11-17;22;122.46608586903022
28;2025-11-17;23;17.206067341560015
28;2025-11-18;0;24.61132638521991
28;2025-11-18;1;0.0
28;2025-11-18;2;0.0
28;2025-11-18;3;0.0
28;2025-11-18;4;17.490662752185813
28;2025-11-18;5;83.99692374319483
28;2025-11-18;6;254.45712868760594
28;2025-11-18;7;696.2296093739267
28;2025-11-18;8;1015.6754119506332
28;2025-11-18;9;764.7653516926937
28;2025-11-18;10;548.4704210239421
28;2025-11-18;11;520.169553342264
28;2025-11-18;12;594.0340223116048
28;2025-11-18;13;594.8814857941445
28;2025-11-18;14;552.1548104100938
28;2025-11-18;15;579.1530584750922
28;2025-11-18;16;758.931512666439
28;2025-11-18;17;895.9929222743247
28;2025-11-18;18;884.2881872669313
28;2025-11-18;19;634.0647443573438
28;2025-11-18;20;473.28132611996955
28;2025-11-18;21;291.4491697838582
28;2025-11-18;22;119.23481193009707
28;2025-11-18;23;27.21744710742314
28;2025-11-19;0;12.176526455505098
28;2025-11-19;1;0.0
28;2025-11-19;2;0.0
28;2025-11-19;3;0.0
28;2025-11-19;4;4.505024559654714
28;2025-11-19;5;48.908258032869355
28;2025-11-19;6;223.0521077061504
28;2025-11-19;7;721.0657794572202
28;2025-11-19;8;1030.3408789892253
28;2025-11-19;9;766.4425666437537
28;2025-11-19;10;543.7998390525031
28;2025-11-19;11;512.9748264656375
28;2025-11-19;12;603.7094894738186
28;2025-11-19;13;627.1226994006845
28;2025-11-19;14;586.9419475086758
28;2025-11-19;15;636.5811528224195
28;2025-11-19;16;798.6335115080041
28;2025-11-19;17;926.7685966546408
28;2025-11-19;18;920.9820417186847
28;2025-11-19;19;668.1842656199071
28;2025-11-19;20;480.62688708936446
28;2025-11-19;21;304.50780038942116
28;2025-11-19;22;130.946479486163
28;2025-11-19;23;10.321974251370591
28;2025-11-20;0;11.555154751900034
28;2025-11-20;1;0.0
28;2025-11-20;2;0.0
28;2025-11-20;3;0.0
28;2025-11-20;4;11.530604073203165
28;2025-11-20;5;91.54377170767987
28;2025-11-20;6;262.0617986636307
28;2025-11-20;7;741.7413068568022
28;2025-11-20;8;1040.3916229422994
28;2025-11-20;9;787.2358232967705
28;2025-11-20;10;580.0435245700264
28;2025-11-20;11;535.5169302674224
28;2025-11-20;12;622.5643518144972
28;2025-11-20;13;645.2227432844383
28;2025-11-20;14;608.5817512535241
28;2025-11-20;15;669.865689884727
28;2025-11-20;16;827.4734024721386
28;2025-11-20;17;938.2332310597026
28;2025-11-20;18;899.9617376464498
28;2025-11-20;19;654.4551849278545
28;2025-11-20;20;487.29076518713686
28;2025-11-20;21;304.14844964724875
28;2025-11-20;22;135.8477299906749
28;2025-11-20;23;22.788154343487122
28;2025-11-21;0;9.705342717601127
28;2025-11-21;1;0.0
28;2025-11-21;2;0.0
28;2025-11-21;3;0.0
28;2025-11-21;4;4.327463808144671
28;2025-11-21;5;71.25737432802998
28;2025-11-21;6;247.0398239939299
28;2025-11-21;7;737.891406280867
28;2025-11-21;8;1046.9901720717075
28;2025-11-21;9;779.4384895835275
28;2025-11-21;10;581.2312602866152
28;2025-11-21;11;560.8185640926849
28;2025-11-21;12;639.24910848523
28;2025-11-21;13;665.2892814696162
28;2025-11-21;14;651.9768735841957
28;2025-11-21;15;682.3677215981927
28;2025-11-21;16;822.3816461337753
28;2025-11-21;17;889.033193400498
28;2025-11-21;18;846.2767044549844
28;2025-11-21;19;636.6904908726113
28;2025-11-21;20;474.86249258061497
28;2025-11-21;21;308.21177208883194
28;2025-11-21;22;133.61829242165078
28;2025-11-21;23;19.682787472454322
28;2025-11-22;0;1.7901990687238367
28;2025-11-22;1;0.0
28;2025-11-22;2;0.0
28;2025-11-22;3;0.0
28;2025-11-22;4;14.961760004950975
28;2025-11-22;5;33.56718558329737
28;2025-11-22;6;96.18352766463562
28;2025-11-22;7;210.26911122542785
28;2025-11-22;8;324.8612047563753
28;2025-11-22;9;385.7985355323136
28;2025-11-22;10;434.750366251147
28;2025-11-22;11;441.68117395771435
28;2025-11-22;12;509.32563442481694
28;2025-11-22;13;537.3687905308678
28;2025-11-22;14;515.532012121542
28;2025-11-22;15;540.071069344866
28;2025-11-22;16;495.91951131818905
28;2025-11-22;17;491.35532743531525
28;2025-11-22;18;429.15073260468927
28;2025-11-22;19;370.6583501625384
28;2025-11-22;20;297.9427535489075
28;2025-11-22;21;234.66265766984372
28;2025-11-22;22;103.88291778292438
28;2025-11-22;23;13.789941927713414
28;2025-11-23;0;15.97542528480193
28;2025-11-23;1;0.0
28;2025-11-23;2;0.0
28;2025-11-23;3;0.0
28;2025-11-23;4;0.5111048005722978
28;2025-11-23;5;29.713967586622005
28;2025-11-23;6;69.03988327718218
28;2025-11-23;7;154.82902491587623
28;2025-11-23;8;259.79835500259514
28;2025-11-23;9;324.73276628559614
28;2025-11-23;10;374.6429511057908
28;2025-11-23;11;381.9067330569683
28;2025-11-23;12;437.5924199520121
28;2025-11-23;13;478.01061370020716
28;2025-11-23;14;473.08228280955603
28;2025-11-23;15;486.9011535187541
28;2025-11-23;16;473.8243301501281
28;2025-11-23;17;449.0324587538109
28;2025-11-23;18;407.1572197092398
28;2025-11-23;19;351.4869353364973
28;2025-11-23;20;288.5922704866075
28;2025-11-23;21;219.70743701510023
28;2025-11-23;22;112.43163134036229
28;2025-11-23;23;20.968267472887078
28;2025-11-24;0;4.890130236699463
28;2025-11-24;1;0.0
28;2025-11-24;2;0.0
28;2025-11-24;3;0.0
28;2025-11-24;4;12.949142096527453
28;2025-11-24;5;78.24072292695712
28;2025-11-24;6;264.87072037641803
28;2025-11-24;7;773.4221135848409
28;2025-11-24;8;1132.3937909208994
28;2025-11-24;9;834.2934042495042
28;2025-11-24;10;576.7327098109745
28;2025-11-24;11;527.4281429958417
28;2025-11-24;12;622.7355860807531
28;2025-11-24;13;660.3190351634796
28;2025-11-24;14;594.3834622741542
28;2025-11-24;15;640.7166559065031
28;2025-11-24;16;800.9015213775149
28;2025-11-24;17;920.1354351744092
28;2025-11-24;18;917.398157313846
28;2025-11-24;19;664.83185550661
28;2025-11-24;20;460.4520963711452
28;2025-11-24;21;267.364818730397
28;2025-11-24;22;103.99672238972619
28;2025-11-24;23;11.524134759376977
28;2025-11-25;0;13.101253282250696
28;2025-11-25;1;0.0
28;2025-11-25;2;0.0
28;2025-11-25;3;0.0
28;2025-11-25;4;0.3338354494570126
28;2025-11-25;5;66.3348227871412
28;2025-11-25;6;259.31437435389853
28;2025-11-25;7;773.693455930259
28;2025-11-25;8;1105.0776001301979
28;2025-11-25;9;801.9678443425541
28;2025-11-25;10;590.5577966437324
28;2025-11-25;11;533.0887846783111
28;2025-11-25;12;628.2776522790966
28;2025-11-25;13;665.7946522025493
28;2025-11-25;14;647.2778802869638
28;2025-11-25;15;680.7820005899123
28;2025-11-25;16;840.520586560583
28;2025-11-25;17;964.1969854357097
28;2025-11-25;18;940.8247328691402
28;2025-11-25;19;694.7838632950857
28;2025-11-25;20;495.59520454453354
28;2025-11-25;21;309.8686428482363
28;2025-11-25;22;137.9317921986147
28;2025-11-25;23;24.764541346030626
28;2025-11-26;0;11.120860942292268
28;2025-11-26;1;0.0
28;2025-11-26;2;0.0
28;2025-11-26;3;0.0
28;2025-11-26;4;12.587856944603004
28;2025-11-26;5;94.25468905888823
28;2025-11-26;6;273.2579872237021
28;2025-11-26;7;765.3113196845161
28;2025-11-26;8;1106.569006976507
28;2025-11-26;9;808.6901515834832
28;2025-11-26;10;617.7665871116595
28;2025-11-26;11;551.6139019989967
28;2025-11-26;12;632.470104697844
28;2025-11-26;13;679.7685728312676
28;2025-11-26;14;622.5802198335842
28;2025-11-26;15;662.1885494689268
28;2025-11-26;16;832.0102622476425
28;2025-11-26;17;949.5883335573898
28;2025-11-26;18;931.0817873751768
28;2025-11-26;19;697.7827565544336
28;2025-11-26;20;483.6096848910778
28;2025-11-26;21;311.6557843902717
28;2025-11-26;22;129.2817391082893
28;2025-11-26;23;14.778389326656054
28;2025-11-27;0;8.885303112468478
28;2025-11-27;1;0.0
28;2025-11-27;2;0.0
28;2025-11-27;3;0.0
28;2025-11-27;4;7.119862652801828
28;2025-11-27;5;89.56810800296563
28;2025-11-27;6;271.4260281158008
28;2025-11-27;7;808.6111921836945
28;2025-11-27;8;1144.4249429213971
28;2025-11-27;9;848.2735783448167
28;2025-11-27;10;629.94784315007
28;2025-11-27;11;583.8681189841789
28;2025-11-27;12;665.6318208399372
28;2025-11-27;13;685.1671909135825
28;2025-11-27;14;687.9384135923543
28;2025-11-27;15;710.8072519743673
28;2025-11-27;16;870.4408862012533
28;2025-11-27;17;994.3088954254911
28;2025-11-27;18;991.0630155337113
28;2025-11-27;19;703.217825877245
28;2025-11-27;20;505.6779168501406
28;2025-11-27;21;321.83269214734145
28;2025-11-27;22;139.3038490247265
28;2025-11-27;23;22.10028348676707
28;2025-11-28;0;14.757338622222562
28;2025-11-28;1;0.0
28;2025-11-28;2;0.0
28;2025-11-28;3;0.0
28;2025-11-28;4;2.7511650271853796
28;2025-11-28;5;52.445127050389374
28;2025-11-28;6;245.70679603490524
28;2025-11-28;7;749.7038624499917
28;2025-11-28;8;1087.019598898035
28;2025-11-28;9;788.4692693604113
28;2025-11-28;10;587.6455823811975
28;2025-11-28;11;551.340350427195
28;2025-11-28;12;631.1929336544531
28;2025-11-28;13;658.6481773512924
28;2025-11-28;14;645.7830616119182
28;2025-11-28;15;688.1464421241424
28;2025-11-28;16;826.3734547316624
28;2025-11-28;17;915.3853585607808
28;2025-11-28;18;862.0587955826164
28;2025-11-28;19;642.9113316258649
28;2025-11-28;20;468.42367817610864
28;2025-11-28;21;302.0464913147209
28;2025-11-28;22;133.20118506806335
28;2025-11-28;23;17.53810129234131
28;2025-11-29;0;4.577128452671332
28;2025-11-29;1;0.0
28;2025-11-29;2;0.0
28;2025-11-29;3;0.0
28;2025-11-29;4;0.0
28;2025-11-29;5;33.38637219073212
28;2025-11-29;6;85.04441755224616
28;2025-11-29;7;208.81966111855775
28;2025-11-29;8;340.3647895460008
28;2025-11-29;9;383.3586999835696
28;2025-11-29;10;444.7296921885806
28;2025-11-29;11;440.0278439306052
28;2025-11-29;12;507.0393815835133
28;2025-11-29;13;545.1664699173098
28;2025-11-29;14;548.1831218445625
28;2025-11-29;15;565.0350739105031
28;2025-11-29;16;532.0761064652422
28;2025-11-29;17;523.8125949073559
28;2025-11-29;18;483.4522641214377
28;2025-11-29;19;396.94621240785733
28;2025-11-29;20;313.70436361815393
28;2025-11-29;21;245.20562590804062
28;2025-11-29;22;118.39629688384525
28;2025-11-29;23;11.041520040230353
28;2025-11-30;0;9.0358535362397
28;2025-11-30;1;0.0
28;2025-11-30;2;0.0
28;2025-11-30;3;0.0
28;2025-11-30;4;0.0
28;2025-11-30;5;27.051624549088103
28;2025-11-30;6;65.53015774277281
28;2025-11-30;7;156.01884584112736
28;2025-11-30;8;243.76899181383564
28;2025-11-30;9;311.5875036591433
28;2025-11-30;10;371.58611186160954
28;2025-11-30;11;370.3851729579061
28;2025-11-30;12;433.2648489780048
28;2025-11-30;13;472.64162756659175
28;2025-11-30;14;477.4534531095325
28;2025-11-30;15;490.08272963209185
28;2025-11-30;16;487.52278160914034
28;2025-11-30;17;472.08885879586364
28;2025-11-30;18;433.335880491961
28;2025-11-30;19;352.08959377615076
28;2025-11-30;20;298.85922165735406
28;2025-11-30;21;223.5287863310433
28;2025-11-30;22;103.54328489660514
28;2025-11-30;23;9.941422551454252
28;2025-12-01;0;24.6927341379278
28;2025-12-01;1;0.0
28;2025-12-01;2;0.0
28;2025-12-01;3;0.0
28;2025-12-01;4;21.079677340713374
28;2025-12-01;5;96.50079946645741
28;2025-12-01;6;289.0603759846159
28;2025-12-01;7;765.8104563386887
28;2025-12-01;8;1116.364912215778
28;2025-12-01;9;808.5574510365718
28;2025-12-01;10;594.7570128438934
28;2025-12-01;11;532.5679703624301
28;2025-12-01;12;608.9978986299482
28;2025-12-01;13;631.6397942692815
28;2025-12-01;14;620.7984573018939
28;2025-12-01;15;649.851408999396
28;2025-12-01;16;816.7672096305721
28;2025-12-01;17;911.456983629801
28;2025-12-01;18;926.9776244439827
28;2025-12-01;19;677.5060665443744
28;2025-12-01;20;471.179138984459
28;2025-12-01;21;310.27221241716927
28;2025-12-01;22;137.91714122513804
28;2025-12-01;23;44.063807818146415
28;2025-12-02;0;26.87956610451613
28;2025-12-02;1;0.0
28;2025-12-02;2;0.0
28;2025-12-02;3;0.0
28;2025-12-02;4;20.53480081018114
28;2025-12-02;5;97.16065002777765
28;2025-12-02;6;282.4971803709856
28;2025-12-02;7;768.808802803265
28;2025-12-02;8;1112.8433388547799
28;2025-12-02;9;805.7541759494432
28;2025-12-02;10;594.4284012035162
28;2025-12-02;11;538.178740803061
28;2025-12-02;12;622.1292310870347
28;2025-12-02;13;637.6146294276301
28;2025-12-02;14;615.8643945911531
28;2025-12-02;15;682.3674885325868
28;2025-12-02;16;821.4097754469819
28;2025-12-02;17;931.2990095482712
28;2025-12-02;18;921.2839623458966
28;2025-12-02;19;696.669288598209
28;2025-12-02;20;483.3548565569322
28;2025-12-02;21;306.173258831858
28;2025-12-02;22;129.33300903411464
28;2025-12-02;23;27.004379112544427
28;2025-12-03;0;14.473173813840503
28;2025-12-03;1;0.0
28;2025-12-03;2;0.0
28;2025-12-03;3;0.0
28;2025-12-03;4;11.221811844194292
28;2025-12-03;5;88.70364269097752
28;2025-12-03;6;278.2382522775635
28;2025-12-03;7;770.7123154953524
28;2025-12-03;8;1110.128290344232
28;2025-12-03;9;806.8283010155295
28;2025-12-03;10;583.0630905335588
28;2025-12-03;11;523.0028209761634
28;2025-12-03;12;623.3120458292321
28;2025-12-03;13;648.1101626619566
28;2025-12-03;14;609.683513887096
28;2025-12-03;15;661.9332427139096
28;2025-12-03;16;813.552706767389
28;2025-12-03;17;933.5647668072628
28;2025-12-03;18;933.9231944275163
28;2025-12-03;19;682.9731789893863
28;2025-12-03;20;474.43696345184
28;2025-12-03;21;301.67612571891095
28;2025-12-03;22;131.73953978385805
28;2025-12-03;23;20.81311449545268
28;2025-12-04;0;17.038286418376913
28;2025-12-04;1;0.0
28;2025-12-04;2;0.0
28;2025-12-04;3;0.0
28;2025-12-04;4;12.791509304996453
28;2025-12-04;5;90.28623750687188
28;2025-12-04;6;279.18938745735136
28;2025-12-04;7;766.5567945526061
28;2025-12-04;8;1108.9104711281416
28;2025-12-04;9;800.055944154459
28;2025-12-04;10;582.55668665279
28;2025-12-04;11;536.1671574023837
28;2025-12-04;12;622.3842517005693
28;2025-12-04;13;646.6659907416191
28;2025-12-04;14;616.0626852773321
28;2025-12-04;15;655.9892563821255
28;2025-12-04;16;796.9688026656129
28;2025-12-04;17;905.241165229542
28;2025-12-04;18;904.3184776683138
28;2025-12-04;19;666.9433212962098
28;2025-12-04;20;467.747570031215
28;2025-12-04;21;300.73901874671765
28;2025-12-04;22;129.77143088340608
28;2025-12-04;23;39.56145742504344
28;2025-12-05;0;26.283596805093225
28;2025-12-05;1;0.0
28;2025-12-05;2;0.0
28;2025-12-05;3;0.0
28;2025-12-05;4;21.22828917193351
28;2025-12-05;5;84.54786619489039
28;2025-12-05;6;272.5915561783906
28;2025-12-05;7;749.5193741569561
28;2025-12-05;8;1076.5964741937578
28;2025-12-05;9;781.5892387177414
28;2025-12-05;10;573.1730024850281
28;2025-12-05;11;530.289658344577
28;2025-12-05;12;619.8346954490594
28;2025-12-05;13;646.7824556481971
28;2025-12-05;14;621.1591077059701
28;2025-12-05;15;672.3217526477475
28;2025-12-05;16;819.0663259027942
28;2025-12-05;17;868.3468974297189
28;2025-12-05;18;824.4932105792977
28;2025-12-05;19;609.0269523147108
28;2025-12-05;20;450.8836608216526
28;2025-12-05;21;293.04168550597194
28;2025-12-05;22;125.11973544349047
28;2025-12-05;23;25.9861849635883
28;2025-12-06;0;18.471468408650708
28;2025-12-06;1;0.0
28;2025-12-06;2;0.0
28;2025-12-06;3;0.0
28;2025-12-06;4;15.994527340116008
28;2025-12-06;5;48.72337274955311
28;2025-12-06;6;106.00043515431543
28;2025-12-06;7;210.25048252895476
28;2025-12-06;8;331.95158142106413
28;2025-12-06;9;383.2211059141558
28;2025-12-06;10;427.6822196138469
28;2025-12-06;11;422.7065206209005
28;2025-12-06;12;498.34484600074825
28;2025-12-06;13;528.7764733532838
28;2025-12-06;14;521.2882044335757
28;2025-12-06;15;528.1009263679078
28;2025-12-06;16;498.8944060274872
28;2025-12-06;17;485.2441510358736
28;2025-12-06;18;442.09590914347774
28;2025-12-06;19;357.9388322907429
28;2025-12-06;20;281.9732280304412
28;2025-12-06;21;232.97052143004782
28;2025-12-06;22;116.3065070735816
28;2025-12-06;23;26.795576979668738
28;2025-12-07;0;12.44030069817768
28;2025-12-07;1;0.0
28;2025-12-07;2;0.0
28;2025-12-07;3;0.0
28;2025-12-07;4;4.10904004209516
28;2025-12-07;5;27.237682106208695
28;2025-12-07;6;67.42820613293566
28;2025-12-07;7;131.64912071240678
28;2025-12-07;8;217.60866748332145
28;2025-12-07;9;280.2867057426831
28;2025-12-07;10;334.2911265778314
28;2025-12-07;11;345.0155478646522
28;2025-12-07;12;396.6002289376977
28;2025-12-07;13;439.5608812030884
28;2025-12-07;14;451.3238321040001
28;2025-12-07;15;443.65425842384155
28;2025-12-07;16;439.86629483826783
28;2025-12-07;17;422.3149419809615
28;2025-12-07;18;387.29180227854204
28;2025-12-07;19;314.2196934484458
28;2025-12-07;20;261.338598994755
28;2025-12-07;21;201.39081757512727
28;2025-12-07;22;87.7050159842197
28;2025-12-07;23;10.032160186781141
28;2025-12-08;0;18.44945679973779
28;2025-12-08;1;0.0
28;2025-12-08;2;0.0
28;2025-12-08;3;0.0
28;2025-12-08;4;15.611243935987432
28;2025-12-08;5;90.20227000881943
28;2025-12-08;6;277.7335586476776
28;2025-12-08;7;762.4007681472328
28;2025-12-08;8;1100.8551121799387
28;2025-12-08;9;793.3909962446069
28;2025-12-08;10;577.3996037783336
28;2025-12-08;11;523.5254572005043
28;2025-12-08;12;582.3444506550375
28;2025-12-08;13;616.8474414581345
28;2025-12-08;14;597.297862029739
28;2025-12-08;15;636.8911591272033
28;2025-12-08;16;803.6733304816473
28;2025-12-08;17;910.9622922677418
28;2025-12-08;18;897.4779834121557
28;2025-12-08;19;641.1079221871372
28;2025-12-08;20;460.48077234327667
28;2025-12-08;21;290.35548793463454
28;2025-12-08;22;115.32501261458344
28;2025-12-08;23;23.433282394603054
28;2025-12-09;0;17.601401134036337
28;2025-12-09;1;0.0
28;2025-12-09;2;0.0
28;2025-12-09;3;0.0
28;2025-12-09;4;9.898645871548467
28;2025-12-09;5;75.94368211715909
28;2025-12-09;6;265.7746868576401
28;2025-12-09;7;755.0926958551761
28;2025-12-09;8;1079.7035749923916
28;2025-12-09;9;785.1261941084988
28;2025-12-09;10;578.6974972825068
28;2025-12-09;11;520.7637624652257
28;2025-12-09;12;612.3735350990858
28;2025-12-09;13;631.8879481219986
28;2025-12-09;14;595.8537092622169
28;2025-12-09;15;638.2783601853159
28;2025-12-09;16;794.7721905371624
28;2025-12-09;17;895.1471167700518
28;2025-12-09;18;882.3558635652121
28;2025-12-09;19;645.3578082451131
28;2025-12-09;20;462.57979608649197
28;2025-12-09;21;294.06947653102054
28;2025-12-09;22;125.91593494160173
28;2025-12-09;23;20.606606742890506
28;2025-12-10;0;17.27428190427105
28;2025-12-10;1;0.0
28;2025-12-10;2;0.0
28;2025-12-10;3;0.0
28;2025-12-10;4;8.887263291260865
28;2025-12-10;5;78.61804724158208
28;2025-12-10;6;274.83514198038597
28;2025-12-10;7;748.9544747125149
28;2025-12-10;8;1081.524892590432
28;2025-12-10;9;776.1074236679117
28;2025-12-10;10;584.7742676160366
28;2025-12-10;11;533.3007137082681
28;2025-12-10;12;615.7941781214678
28;2025-12-10;13;635.3185658789524
28;2025-12-10;14;609.0961048675551
28;2025-12-10;15;658.2757424138098
28;2025-12-10;16;798.2304827723963
28;2025-12-10;17;904.0779104387252
28;2025-12-10;18;896.8041260773343
28;2025-12-10;19;650.2728006381703
28;2025-12-10;20;471.7108735843632
28;2025-12-10;21;302.1418515641275
28;2025-12-10;22;128.6322633575636
28;2025-12-10;23;23.976772038998718
28;2025-12-11;0;21.99688397861877
28;2025-12-11;1;0.0
28;2025-12-11;2;0.0
28;2025-12-11;3;0.0
28;2025-12-11;4;16.90863355852798
28;2025-12-11;5;86.53954066394465
28;2025-12-11;6;281.1166109650717
28;2025-12-11;7;766.3588727591191
28;2025-12-11;8;1076.9692097736465
28;2025-12-11;9;792.119819457699
28;2025-12-11;10;593.4735729460216
28;2025-12-11;11;551.2887974567265
28;2025-12-11;12;626.5622971269563
28;2025-12-11;13;641.8693077586032
28;2025-12-11;14;608.8640932112878
28;2025-12-11;15;665.1515474429235
28;2025-12-11;16;804.0997660545247
28;2025-12-11;17;903.8785855250089
28;2025-12-11;18;895.3354339324503
28;2025-12-11;19;650.8357437808327
28;2025-12-11;20;468.68707498341047
28;2025-12-11;21;309.54311831107714
28;2025-12-11;22;149.4060828498188
28;2025-12-11;23;29.104843774620463
28;2025-12-12;0;19.217917803988087
28;2025-12-12;1;0.0
28;2025-12-12;2;0.0
28;2025-12-12;3;0.0
28;2025-12-12;4;17.16815366021723
28;2025-12-12;5;66.3685117900506
28;2025-12-12;6;251.70317896095304
28;2025-12-12;7;726.8279349142827
28;2025-12-12;8;1056.2433369875694
28;2025-12-12;9;767.6625993276027
28;2025-12-12;10;584.8075145723658
28;2025-12-12;11;547.6002662325027
28;2025-12-12;12;618.1802575872073
28;2025-12-12;13;637.4385688091031
28;2025-12-12;14;617.3492584053083
28;2025-12-12;15;658.5543986278311
28;2025-12-12;16;786.9558765633496
28;2025-12-12;17;850.0557513757533
28;2025-12-12;18;831.8615329234249
28;2025-12-12;19;613.9298514099582
28;2025-12-12;20;444.43011407937206
28;2025-12-12;21;292.6120051366728
28;2025-12-12;22;130.22902124062733
28;2025-12-12;23;17.417589020694606
28;2025-12-13;0;9.167342038024287
28;2025-12-13;1;0.0
28;2025-12-13;2;0.0
28;2025-12-13;3;0.0
28;2025-12-13;4;6.790054781482183
28;2025-12-13;5;35.076660607192196
28;2025-12-13;6;102.04222357635791
28;2025-12-13;7;224.74221015576623
28;2025-12-13;8;345.79854366532095
28;2025-12-13;9;404.4079649039976
28;2025-12-13;10;437.85232923190904
28;2025-12-13;11;410.3784316345454
28;2025-12-13;12;481.1747052354112
28;2025-12-13;13;523.6360145005641
28;2025-12-13;14;498.71662024535783
28;2025-12-13;15;503.72621635116576
28;2025-12-13;16;480.52879375071325
28;2025-12-13;17;488.16576416971714
28;2025-12-13;18;442.06989060590234
28;2025-12-13;19;360.507292422662
28;2025-12-13;20;283.08536785602655
28;2025-12-13;21;228.51559209835227
28;2025-12-13;22;123.34385338795983
28;2025-12-13;23;27.915621025837197
28;2025-12-14;0;1.3083973221857832
28;2025-12-14;1;0.0
28;2025-12-14;2;0.0
28;2025-12-14;3;0.0
28;2025-12-14;4;0.0
28;2025-12-14;5;19.104568999060575
28;2025-12-14;6;61.9526535972297
28;2025-12-14;7;146.45146156960215
28;2025-12-14;8;244.93485136539235
28;2025-12-14;9;310.9288660275745
28;2025-12-14;10;349.38182826502884
28;2025-12-14;11;349.2562391555518
28;2025-12-14;12;405.16653485254693
28;2025-12-14;13;442.6859551119213
28;2025-12-14;14;448.41413078213327
28;2025-12-14;15;457.4760383111987
28;2025-12-14;16;441.1595315784414
28;2025-12-14;17;440.857491235145
28;2025-12-14;18;410.7043311769963
28;2025-12-14;19;337.83169901558523
28;2025-12-14;20;267.57472950008423
28;2025-12-14;21;209.59601564283275
28;2025-12-14;22;91.5856019376784
28;2025-12-14;23;10.367635814485652
28;2025-12-15;0;9.871714949421289
28;2025-12-15;1;0.0
28;2025-12-15;2;0.0
28;2025-12-15;3;0.0
28;2025-12-15;4;20.422790273784187
28;2025-12-15;5;87.95939277494938
28;2025-12-15;6;281.21055665125004
28;2025-12-15;7;770.9933758282564
28;2025-12-15;8;1107.0326103206576
28;2025-12-15;9;807.5209210572027
28;2025-12-15;10;607.8934600685566
28;2025-12-15;11;522.3357899800269
28;2025-12-15;12;605.0849667133504
28;2025-12-15;13;619.7963599439753
28;2025-12-15;14;613.8893492042714
28;2025-12-15;15;675.2204967825006
28;2025-12-15;16;826.5596974398517
28;2025-12-15;17;924.2381707415893
28;2025-12-15;18;934.6889376476965
28;2025-12-15;19;673.3336306335995
28;2025-12-15;20;477.30966392317276
28;2025-12-15;21;314.6821366661733
28;2025-12-15;22;141.86848105460848
28;2025-12-15;23;35.72561878808716
28;2025-12-16;0;24.352783452355197
28;2025-12-16;1;0.0
28;2025-12-16;2;0.0
28;2025-12-16;3;0.0
28;2025-12-16;4;16.941697696430595
28;2025-12-16;5;99.59744881433579
28;2025-12-16;6;284.83057720902605
28;2025-12-16;7;789.0936832470835
28;2025-12-16;8;1129.6355064619033
28;2025-12-16;9;823.8338833547814
28;2025-12-16;10;582.8516035018497
28;2025-12-16;11;536.878517165745
28;2025-12-16;12;613.5935088479295
28;2025-12-16;13;610.1099347331294
28;2025-12-16;14;593.4812267023428
28;2025-12-16;15;644.8477881679858
28;2025-12-16;16;809.416735494112
28;2025-12-16;17;911.0529929902202
28;2025-12-16;18;911.5075062818132
28;2025-12-16;19;668.802909283261
28;2025-12-16;20;485.86434038528074
28;2025-12-16;21;315.92404341562997
28;2025-12-16;22;146.0810225364654
28;2025-12-16;23;32.00833763971656
28;2025-12-17;0;21.98710931000494
28;2025-12-17;1;0.0
28;2025-12-17;2;0.0
28;2025-12-17;3;0.0
28;2025-12-17;4;6.476613784302572
28;2025-12-17;5;62.818615368239364
28;2025-12-17;6;252.2874402599516
28;2025-12-17;7;754.2969482931783
28;2025-12-17;8;1081.6500862925318
28;2025-12-17;9;779.1780473677427
28;2025-12-17;10;589.2396930590136
28;2025-12-17;11;545.0842165007057
28;2025-12-17;12;638.135254714535
28;2025-12-17;13;653.7206847106688
28;2025-12-17;14;619.5633664020062
28;2025-12-17;15;676.4266583532053
28;2025-12-17;16;819.1034515528811
28;2025-12-17;17;945.7297784303324
28;2025-12-17;18;932.0271634181117
28;2025-12-17;19;689.0384348250482
28;2025-12-17;20;488.1780508620361
28;2025-12-17;21;318.7542235058977
28;2025-12-17;22;144.40185366368377
28;2025-12-17;23;28.069608526359843
28;2025-12-18;0;20.719239111857178
28;2025-12-18;1;0.0
28;2025-12-18;2;0.0
28;2025-12-18;3;0.0
28;2025-12-18;4;10.730694487874302
28;2025-12-18;5;85.34932633386461
28;2025-12-18;6;263.49994031532475
28;2025-12-18;7;750.8560119296444
28;2025-12-18;8;1092.223542344827
28;2025-12-18;9;772.2682406863404
28;2025-12-18;10;556.3709667466213
28;2025-12-18;11;496.4068757504493
28;2025-12-18;12;590.4357272729479
28;2025-12-18;13;610.2274017959786
28;2025-12-18;14;572.6426578783559
28;2025-12-18;15;638.5678677200384
28;2025-12-18;16;795.1320742124639
28;2025-12-18;17;895.5632952898214
28;2025-12-18;18;892.7909706983996
28;2025-12-18;19;648.1920856273366
28;2025-12-18;20;460.60169019316857
28;2025-12-18;21;305.4356431332782
28;2025-12-18;22;137.40326612961536
28;2025-12-18;23;29.370674888602935
28;2025-12-19;0;12.720452277923641
28;2025-12-19;1;0.0
28;2025-12-19;2;0.0
28;2025-12-19;3;0.0
28;2025-12-19;4;14.109719661785846
28;2025-12-19;5;66.01835143025392
28;2025-12-19;6;253.45714222900736
28;2025-12-19;7;747.4004268453286
28;2025-12-19;8;1078.7662794240382
28;2025-12-19;9;772.725699061561
28;2025-12-19;10;578.7021451152482
28;2025-12-19;11;534.1247474205699
28;2025-12-19;12;615.5287624206027
28;2025-12-19;13;643.1702712875842
28;2025-12-19;14;615.7413650810886
28;2025-12-19;15;676.5817314314727
28;2025-12-19;16;806.4194135359235
28;2025-12-19;17;890.022156637591
28;2025-12-19;18;849.3417527127074
28;2025-12-19;19;611.7670110341542
28;2025-12-19;20;457.51714341270207
28;2025-12-19;21;297.8492150668869
28;2025-12-19;22;132.2199056670242
28;2025-12-19;23;27.250800417143182
28;2025-12-20;0;18.30147179171263
28;2025-12-20;1;0.0
28;2025-12-20;2;0.0
28;2025-12-20;3;0.0
28;2025-12-20;4;12.937447414022586
28;2025-12-20;5;47.297177230489865
28;2025-12-20;6;99.65052942194927
28;2025-12-20;7;207.1629071939913
28;2025-12-20;8;336.6187604385548
28;2025-12-20;9;389.99552727003214
28;2025-12-20;10;435.3532330272735
28;2025-12-20;11;434.0326207416569
28;2025-12-20;12;495.4830494369997
28;2025-12-20;13;533.6901957852643
28;2025-12-20;14;530.2809814231139
28;2025-12-20;15;537.6346121155132
28;2025-12-20;16;506.6628924267482
28;2025-12-20;17;492.3060224970186
28;2025-12-20;18;446.854583434922
28;2025-12-20;19;366.06056735842174
28;2025-12-20;20;300.1190193282655
28;2025-12-20;21;241.36540351876448
28;2025-12-20;22;122.66819992738647
28;2025-12-20;23;29.372430346903286
28;2025-12-21;0;0.0
28;2025-12-21;1;0.0
28;2025-12-21;2;0.0
28;2025-12-21;3;0.0
28;2025-12-21;4;0.0
28;2025-12-21;5;19.670242219254305
28;2025-12-21;6;64.99462781153971
28;2025-12-21;7;139.79937623831415
28;2025-12-21;8;215.77948313841773
28;2025-12-21;9;287.97564971934605
28;2025-12-21;10;342.4407162155738
28;2025-12-21;11;351.95916263675
28;2025-12-21;12;405.49639509722925
28;2025-12-21;13;453.9322446359062
28;2025-12-21;14;455.04422725992174
28;2025-12-21;15;475.37633716534936
28;2025-12-21;16;462.5855119575356
28;2025-12-21;17;426.7139203338069
28;2025-12-21;18;389.5107149473067
28;2025-12-21;19;320.4778461400982
28;2025-12-21;20;256.65046829689663
28;2025-12-21;21;200.0720889585265
28;2025-12-21;22;95.39367780834897
28;2025-12-21;23;8.764774782817824
28;2025-12-22;0;12.491637159916877
28;2025-12-22;1;0.0
28;2025-12-22;2;0.0
28;2025-12-22;3;0.0
28;2025-12-22;4;12.95081185916257
28;2025-12-22;5;79.43118118692547
28;2025-12-22;6;263.25487258401404
28;2025-12-22;7;735.2899914265918
28;2025-12-22;8;1086.9296203318681
28;2025-12-22;9;776.004596281882
28;2025-12-22;10;580.5390670084339
28;2025-12-22;11;523.121478215925
28;2025-12-22;12;601.4784214285601
28;2025-12-22;13;632.0130883821901
28;2025-12-22;14;601.2841477664215
28;2025-12-22;15;658.7927635583474
28;2025-12-22;16;801.5457990665932
28;2025-12-22;17;911.9100699107842
28;2025-12-22;18;913.1518097704661
28;2025-12-22;19;637.2606324080682
28;2025-12-22;20;452.94672818138855
28;2025-12-22;21;284.5631006864164
28;2025-12-22;22;136.72042149125633
28;2025-12-22;23;21.928832774032003
28;2025-12-23;0;8.61767180867713
28;2025-12-23;1;0.0
28;2025-12-23;2;0.0
28;2025-12-23;3;0.0
28;2025-12-23;4;11.33285762943575
28;2025-12-23;5;63.41031730282339
28;2025-12-23;6;258.76847777010573
28;2025-12-23;7;750.3360897938859
28;2025-12-23;8;1110.983792127834
28;2025-12-23;9;803.1514385153633
28;2025-12-23;10;599.3077729529814
28;2025-12-23;11;528.1775326455275
28;2025-12-23;12;606.0618511501082
28;2025-12-23;13;654.8425990945898
28;2025-12-23;14;628.7313386594368
28;2025-12-23;15;653.7688302640407
28;2025-12-23;16;797.0272830418708
28;2025-12-23;17;889.2124553152584
28;2025-12-23;18;900.179642108501
28;2025-12-23;19;649.3743572655153
28;2025-12-23;20;494.44006333522015
28;2025-12-23;21;312.0056323045713
28;2025-12-23;22;138.45951178315642
28;2025-12-23;23;25.769817312072234
28;2025-12-24;0;4.882930690919181
28;2025-12-24;1;0.0
28;2025-12-24;2;0.0
28;2025-12-24;3;0.0
28;2025-12-24;4;13.274918475570985
28;2025-12-24;5;76.70678957549035
28;2025-12-24;6;267.07263521848904
28;2025-12-24;7;751.1425982240531
28;2025-12-24;8;1089.0572289856407
28;2025-12-24;9;806.3010388059865
28;2025-12-24;10;571.391942066969
28;2025-12-24;11;502.3661714282373
28;2025-12-24;12;583.5542197067571
28;2025-12-24;13;594.6677348485184
28;2025-12-24;14;573.7519285433166
28;2025-12-24;15;613.9509866968878
28;2025-12-24;16;762.6731912608918
28;2025-12-24;17;873.0339760070835
28;2025-12-24;18;888.3824537134208
28;2025-12-24;19;645.4876406383081
28;2025-12-24;20;458.0437371947859
28;2025-12-24;21;294.15070522050263
28;2025-12-24;22;124.82420925444359
28;2025-12-24;23;13.650290810745673
28;2025-12-25;0;8.284664916710994
28;2025-12-25;1;0.0
28;2025-12-25;2;0.0
28;2025-12-25;3;0.0
28;2025-12-25;4;7.583590975479353
28;2025-12-25;5;66.90928941510373
28;2025-12-25;6;255.39500318354231
28;2025-12-25;7;742.043749183713
28;2025-12-25;8;1073.516823193885
28;2025-12-25;9;765.838288713025
28;2025-12-25;10;561.9146910535032
28;2025-12-25;11;497.46935605843044
28;2025-12-25;12;587.0073662465842
28;2025-12-25;13;610.2982456057366
28;2025-12-25;14;573.3056787457291
28;2025-12-25;15;624.2122624721055
28;2025-12-25;16;745.0288779219605
28;2025-12-25;17;858.2596121700742
28;2025-12-25;18;879.2447489742103
28;2025-12-25;19;630.1955522828885
28;2025-12-25;20;448.39941023616404
28;2025-12-25;21;298.09090857283866
28;2025-12-25;22;132.749328082173
28;2025-12-25;23;10.231666321162493
28;2025-12-26;0;27.74231322046427
28;2025-12-26;1;0.0
28;2025-12-26;2;0.0
28;2025-12-26;3;0.0
28;2025-12-26;4;37.52089364436995
28;2025-12-26;5;66.7980230144401
28;2025-12-26;6;262.85482671174884
28;2025-12-26;7;718.6000970162063
28;2025-12-26;8;1032.5124383989296
28;2025-12-26;9;753.1281933717501
28;2025-12-26;10;585.0128176731746
28;2025-12-26;11;513.7370838626866
28;2025-12-26;12;589.6797358065503
28;2025-12-26;13;616.8233520674507
28;2025-12-26;14;596.5261429842733
28;2025-12-26;15;642.3224931440876
28;2025-12-26;16;765.5617602578023
28;2025-12-26;17;837.0220885708261
28;2025-12-26;18;806.8390206586099
28;2025-12-26;19;595.6433391947935
28;2025-12-26;20;435.2596391470909
28;2025-12-26;21;291.5904958627865
28;2025-12-26;22;138.73286323591708
28;2025-12-26;23;28.521502018063245
28;2025-12-27;0;11.03164230299933
28;2025-12-27;1;0.0
28;2025-12-27;2;0.0
28;2025-12-27;3;0.0
28;2025-12-27;4;13.888715220365839
28;2025-12-27;5;37.95581180234973
28;2025-12-27;6;90.58912194752008
28;2025-12-27;7;190.7337925817383
28;2025-12-27;8;311.08352660045404
28;2025-12-27;9;359.08941617453786
28;2025-12-27;10;412.9257536523855
28;2025-12-27;11;422.0013773040491
28;2025-12-27;12;471.41937954960514
28;2025-12-27;13;507.0204556925767
28;2025-12-27;14;506.3534605716696
28;2025-12-27;15;525.9979477717061
28;2025-12-27;16;498.0966559629215
28;2025-12-27;17;481.71894069766563
28;2025-12-27;18;436.25867097010024
28;2025-12-27;19;355.02774507317815
28;2025-12-27;20;268.0631753714391
28;2025-12-27;21;234.82621814555657
28;2025-12-27;22;131.31715192630594
28;2025-12-27;23;27.710585990473703
28;2025-12-28;0;11.785049624867952
28;2025-12-28;1;0.0
28;2025-12-28;2;0.0
28;2025-12-28;3;0.0
28;2025-12-28;4;0.0
28;2025-12-28;5;10.083852685805766
28;2025-12-28;6;41.94043607358822
28;2025-12-28;7;115.43014107783813
28;2025-12-28;8;194.67064775445567
28;2025-12-28;9;263.65194474619955
28;2025-12-28;10;321.94584933764656
28;2025-12-28;11;336.4779493986603
28;2025-12-28;12;382.77083181858376
28;2025-12-28;13;434.94465768333947
28;2025-12-28;14;430.6799213365919
28;2025-12-28;15;444.74769252283784
28;2025-12-28;16;412.43917295888696
28;2025-12-28;17;389.32538111315216
28;2025-12-28;18;373.0334462038336
28;2025-12-28;19;295.7201356385809
28;2025-12-28;20;243.71286433553865
28;2025-12-28;21;201.14327039324428
28;2025-12-28;22;84.0704598529286
28;2025-12-28;23;5.157763551734206
28;2025-12-29;0;21.259729481924296
28;2025-12-29;1;0.0
28;2025-12-29;2;0.0
28;2025-12-29;3;0.0
28;2025-12-29;4;33.59685673994784
28;2025-12-29;5;66.62843079005688
28;2025-12-29;6;245.18349557826159
28;2025-12-29;7;702.0097421633768
28;2025-12-29;8;1044.7047939662546
28;2025-12-29;9;761.0019415275069
28;2025-12-29;10;568.2275704418868
28;2025-12-29;11;517.5501795112824
28;2025-12-29;12;592.9842066037152
28;2025-12-29;13;616.0831187242629
28;2025-12-29;14;577.2056939106063
28;2025-12-29;15;623.8063966715791
28;2025-12-29;16;781.9306830924436
28;2025-12-29;17;894.5795684206798
28;2025-12-29;18;883.0204911100761
28;2025-12-29;19;638.833874091085
28;2025-12-29;20;451.09733664473856
28;2025-12-29;21;299.55232423561927
28;2025-12-29;22;145.0820832082661
28;2025-12-29;23;47.173032594961114
28;2025-12-30;0;33.96562383816337
28;2025-12-30;1;0.0
28;2025-12-30;2;0.0
28;2025-12-30;3;0.0
28;2025-12-30;4;22.570285892072775
28;2025-12-30;5;85.41562949100643
28;2025-12-30;6;262.4370267341539
28;2025-12-30;7;726.7376940690763
28;2025-12-30;8;1077.7735960782938
28;2025-12-30;9;780.6804704119039
28;2025-12-30;10;553.2274798821505
28;2025-12-30;11;510.10998891478283
28;2025-12-30;12;578.9491562818694
28;2025-12-30;13;603.7662986332829
28;2025-12-30;14;578.3137737066854
28;2025-12-30;15;622.1071730103661
28;2025-12-30;16;764.5750702402851
28;2025-12-30;17;876.380591000007
28;2025-12-30;18;883.5664859872729
28;2025-12-30;19;642.1552073297632
28;2025-12-30;20;452.4111648860887
28;2025-12-30;21;315.2179931562979
28;2025-12-30;22;154.5804537206826
28;2025-12-30;23;49.27147578556901
28;2025-12-31;0;20.111078941184246
28;2025-12-31;1;0.0
28;2025-12-31;2;0.0
28;2025-12-31;3;0.0
28;2025-12-31;4;0.0
28;2025-12-31;5;0.0
28;2025-12-31;6;16.29590587501059
28;2025-12-31;7;70.72085006182573
28;2025-12-31;8;159.23582655259406
28;2025-12-31;9;208.1360012376399
28;2025-12-31;10;265.6713755446003
28;2025-12-31;11;269.1167830787366
28;2025-12-31;12;333.45003954414915
28;2025-12-31;13;362.8334328335163
28;2025-12-31;14;362.2850534761951
28;2025-12-31;15;352.03228701466963
28;2025-12-31;16;368.71065189347297
28;2025-12-31;17;418.18952022661784
28;2025-12-31;18;398.4721537565214
28;2025-12-31;19;320.4005394112516
28;2025-12-31;20;239.02819464071789
28;2025-12-31;21;191.19852549317963
28;2025-12-31;22;75.845080072202
28;2025-12-31;23;5.161123561279794
50;2025-11-01;0;96.24333986737224
50;2025-11-01;1;0.0
50;2025-11-01;2;0.0
50;2025-11-01;3;0.0
50;2025-11-01;4;63.52228537185101
50;2025-11-01;5;107.56539826257756
50;2025-11-01;6;497.81476619032844
50;2025-11-01;7;1630.0630213390182
50;2025-11-01;8;2228.8120751927536
50;2025-11-01;9;1773.7075912543532
50;2025-11-01;10;1531.58605239026
50;2025-11-01;11;1459.2180399617077
50;2025-11-01;12;1411.7028229841449
50;2025-11-01;13;1406.5409861259916
50;2025-11-01;14;1419.9800913750255
50;2025-11-01;15;1625.2253033647598
50;2025-11-01;16;1860.0042370700426
50;2025-11-01;17;1994.8106523096744
50;2025-11-01;18;1895.522740806375
50;2025-11-01;19;1210.334364572726
50;2025-11-01;20;895.6984556388809
50;2025-11-01;21;611.7478923053168
50;2025-11-01;22;315.5287685958761
50;2025-11-01;23;219.39530699115835
50;2025-11-02;0;29.084328564477687
50;2025-11-02;1;0.0
50;2025-11-02;2;0.0
50;2025-11-02;3;0.0
50;2025-11-02;4;0.0
50;2025-11-02;5;0.0
50;2025-11-02;6;33.53954030982675
50;2025-11-02;7;85.13554245469288
50;2025-11-02;8;130.56625098169036
50;2025-11-02;9;175.83772338575545
50;2025-11-02;10;217.1817913132105
50;2025-11-02;11;274.8855868409806
50;2025-11-02;12;278.8159746413407
50;2025-11-02;13;251.74616776550124
50;2025-11-02;14;299.8478333483126
50;2025-11-02;15;315.986743280932
50;2025-11-02;16;317.48719745765675
50;2025-11-02;17;286.3719443038931
50;2025-11-02;18;254.3692932432947
50;2025-11-02;19;256.4967172281679
50;2025-11-02;20;229.31506886989143
50;2025-11-02;21;108.08819409008095
50;2025-11-02;22;65.61346255601836
50;2025-11-02;23;18.837651297348202
50;2025-11-03;0;55.44013436111243
50;2025-11-03;1;0.0
50;2025-11-03;2;0.0
50;2025-11-03;3;0.0
50;2025-11-03;4;29.415724228254476
50;2025-11-03;5;31.844876615277826
50;2025-11-03;6;98.42289298818537
50;2025-11-03;7;183.24886775590187
50;2025-11-03;8;430.37429583888854
50;2025-11-03;9;317.6102625058399
50;2025-11-03;10;243.9897395288209
50;2025-11-03;11;367.9793963835071
50;2025-11-03;12;337.9925061418261
50;2025-11-03;13;316.82433703429035
50;2025-11-03;14;329.79401211739037
50;2025-11-03;15;375.96034985824116
50;2025-11-03;16;309.9775713099085
50;2025-11-03;17;430.194604676416
50;2025-11-03;18;455.21031349428495
50;2025-11-03;19;435.7270970439847
50;2025-11-03;20;266.692602715496
50;2025-11-03;21;208.58530055254505
50;2025-11-03;22;153.74002575199438
50;2025-11-03;23;109.32159373509535
50;2025-11-04;0;50.40372677912046
50;2025-11-04;1;0.0
50;2025-11-04;2;0.0
50;2025-11-04;3;0.0
50;2025-11-04;4;26.398326618176156
50;2025-11-04;5;41.178119434579344
50;2025-11-04;6;63.729804604874744
50;2025-11-04;7;136.47794094502171
50;2025-11-04;8;353.2260139886095
50;2025-11-04;9;289.6764122096337
50;2025-11-04;10;233.29316644558264
50;2025-11-04;11;306.75016774710053
50;2025-11-04;12;316.8328054820652
50;2025-11-04;13;328.32116027887764
50;2025-11-04;14;327.4617285329738
50;2025-11-04;15;350.0204528271476
50;2025-11-04;16;305.3378532668746
50;2025-11-04;17;473.5515231763591
50;2025-11-04;18;475.1865845162638
50;2025-11-04;19;468.41670023728386
50;2025-11-04;20;294.73185434721876
50;2025-11-04;21;228.93235944365745
50;2025-11-04;22;141.64190788782173
50;2025-11-04;23;105.10417064491696
50;2025-11-05;0;30.109776670370593
50;2025-11-05;1;0.0
50;2025-11-05;2;0.0
50;2025-11-05;3;0.0
50;2025-11-05;4;3.4990951995940804
50;2025-11-05;5;75.11356475774062
50;2025-11-05;6;575.0546143502798
50;2025-11-05;7;1777.3798889967406
50;2025-11-05;8;2615.1254160639946
50;2025-11-05;9;2108.3335370045597
50;2025-11-05;10;1639.3326872454413
50;2025-11-05;11;1566.7615428574065
50;2025-11-05;12;1469.6987819430988
50;2025-11-05;13;1410.8783517764498
50;2025-11-05;14;1371.7690691933135
50;2025-11-05;15;1552.3965593225275
50;2025-11-05;16;1723.2907430863377
50;2025-11-05;17;2280.160104259754
50;2025-11-05;18;2416.0433596147514
50;2025-11-05;19;1441.425947585943
50;2025-11-05;20;896.45151701566
50;2025-11-05;21;587.7608138756486
50;2025-11-05;22;271.41009552967955
50;2025-11-05;23;156.48219964372072
50;2025-11-06;0;34.955159992179006
50;2025-11-06;1;0.0
50;2025-11-06;2;0.0
50;2025-11-06;3;0.0
50;2025-11-06;4;13.923886252138459
50;2025-11-06;5;71.94972555865684
50;2025-11-06;6;572.3357913163873
50;2025-11-06;7;1772.9895143587264
50;2025-11-06;8;2551.7289859354896
50;2025-11-06;9;2077.2457551268158
50;2025-11-06;10;1619.3491678664282
50;2025-11-06;11;1471.5476357720042
50;2025-11-06;12;1414.6514732708033
50;2025-11-06;13;1412.113916323803
50;2025-11-06;14;1362.1846912680537
50;2025-11-06;15;1529.757426039176
50;2025-11-06;16;1669.256307372888
50;2025-11-06;17;2161.183745731072
50;2025-11-06;18;2309.0480558691656
50;2025-11-06;19;1375.369516277645
50;2025-11-06;20;867.101911058253
50;2025-11-06;21;582.2641297867647
50;2025-11-06;22;265.3474031732846
50;2025-11-06;23;153.579176494973
50;2025-11-07;0;36.178345649105495
50;2025-11-07;1;0.0
50;2025-11-07;2;0.0
50;2025-11-07;3;0.0
50;2025-11-07;4;16.676158644854468
50;2025-11-07;5;79.21828560316965
50;2025-11-07;6;530.0647119512819
50;2025-11-07;7;1699.959173058481
50;2025-11-07;8;2473.037203672924
50;2025-11-07;9;1990.1265459606582
50;2025-11-07;10;1585.1072648995187
50;2025-11-07;11;1483.8393451642578
50;2025-11-07;12;1444.6616328440539
50;2025-11-07;13;1449.2482459217813
50;2025-11-07;14;1416.5928060898248
50;2025-11-07;15;1604.912405559868
50;2025-11-07;16;1838.120584446703
50;2025-11-07;17;2010.05818759536
50;2025-11-07;18;1929.9397031957087
50;2025-11-07;19;1217.724566736945
50;2025-11-07;20;856.6734631924138
50;2025-11-07;21;585.8200496683439
50;2025-11-07;22;284.30568515074333
50;2025-11-07;23;178.3385371645262
50;2025-11-08;0;58.62830139043854
50;2025-11-08;1;0.0
50;2025-11-08;2;0.0
50;2025-11-08;3;0.0
50;2025-11-08;4;17.887082221231253
50;2025-11-08;5;1.414196946097377
50;2025-11-08;6;0.0
50;2025-11-08;7;63.14080884586872
50;2025-11-08;8;166.24328193686688
50;2025-11-08;9;131.76606722191434
50;2025-11-08;10;132.5646485412891
50;2025-11-08;11;197.47406802917124
50;2025-11-08;12;200.545365005343
50;2025-11-08;13;236.9818088919303
50;2025-11-08;14;271.97558416229685
50;2025-11-08;15;230.53435965681604
50;2025-11-08;16;238.1759840431481
50;2025-11-08;17;249.29824636489263
50;2025-11-08;18;210.4470419912809
50;2025-11-08;19;218.73453598517006
50;2025-11-08;20;161.0989224767693
50;2025-11-08;21;130.9813212605568
50;2025-11-08;22;85.55611357398948
50;2025-11-08;23;54.094969674859954
50;2025-11-09;0;17.694545927400668
50;2025-11-09;1;0.0
50;2025-11-09;2;0.0
50;2025-11-09;3;0.0
50;2025-11-09;4;10.530323240531061
50;2025-11-09;5;8.24445453488579
50;2025-11-09;6;7.006522155707557
50;2025-11-09;7;71.33377164267267
50;2025-11-09;8;109.68762209849945
50;2025-11-09;9;166.62666068957344
50;2025-11-09;10;183.15498149914674
50;2025-11-09;11;298.55662879860625
50;2025-11-09;12;338.7078747079545
50;2025-11-09;13;326.0338626272262
50;2025-11-09;14;377.83597482518036
50;2025-11-09;15;382.30406874920845
50;2025-11-09;16;362.34355874114283
50;2025-11-09;17;333.2494454013044
50;2025-11-09;18;290.14415647182665
50;2025-11-09;19;249.20880256317076
50;2025-11-09;20;191.8079240201355
50;2025-11-09;21;144.2905523499935
50;2025-11-09;22;67.76795335029112
50;2025-11-09;23;39.43029061365985
50;2025-11-10;0;24.088735707793035
50;2025-11-10;1;0.0
50;2025-11-10;2;0.0
50;2025-11-10;3;0.0
50;2025-11-10;4;11.5956770719323
50;2025-11-10;5;57.84181862116725
50;2025-11-10;6;578.8192172506078
50;2025-11-10;7;1781.4876300409219
50;2025-11-10;8;2577.0790693301137
50;2025-11-10;9;2059.2794634407283
50;2025-11-10;10;1586.0062926797373
50;2025-11-10;11;1491.8371307287653
50;2025-11-10;12;1402.7842809948406
50;2025-11-10;13;1371.8184557603743
50;2025-11-10;14;1337.6806426111634
50;2025-11-10;15;1521.632671395163
50;2025-11-10;16;1709.8791360439004
50;2025-11-10;17;2304.331608510254
50;2025-11-10;18;2479.0158613450894
50;2025-11-10;19;1467.6688595622384
50;2025-11-10;20;895.5704760618355
50;2025-11-10;21;582.6341708660152
50;2025-11-10;22;228.66778765594722
50;2025-11-10;23;118.02147534301139
50;2025-11-11;0;21.084829631940806
50;2025-11-11;1;0.0
50;2025-11-11;2;0.0
50;2025-11-11;3;0.0
50;2025-11-11;4;0.0
50;2025-11-11;5;58.74769861171603
50;2025-11-11;6;527.9379252449323
50;2025-11-11;7;1691.5562508979344
50;2025-11-11;8;2492.239869054022
50;2025-11-11;9;2027.226742811119
50;2025-11-11;10;1540.7978056443178
50;2025-11-11;11;1427.789721993879
50;2025-11-11;12;1364.0654473657464
50;2025-11-11;13;1371.3793895064573
50;2025-11-11;14;1300.0517636949462
50;2025-11-11;15;1575.206549457605
50;2025-11-11;16;1741.379713450862
50;2025-11-11;17;2355.5247049605878
50;2025-11-11;18;2503.157735186604
50;2025-11-11;19;1457.4114127352207
50;2025-11-11;20;912.2778205846389
50;2025-11-11;21;589.7906599090438
50;2025-11-11;22;258.71792713639957
50;2025-11-11;23;119.9286345910831
50;2025-11-12;0;30.62385932425559
50;2025-11-12;1;0.0
50;2025-11-12;2;0.0
50;2025-11-12;3;0.0
50;2025-11-12;4;5.450458754444071
50;2025-11-12;5;54.15230430973486
50;2025-11-12;6;542.9407579839831
50;2025-11-12;7;1732.2218328095973
50;2025-11-12;8;2540.267137134586
50;2025-11-12;9;2050.1677445493237
50;2025-11-12;10;1611.7775935438617
50;2025-11-12;11;1510.836705414311
50;2025-11-12;12;1427.7163394122726
50;2025-11-12;13;1418.2546091102752
50;2025-11-12;14;1391.7915014161401
50;2025-11-12;15;1576.7673922697813
50;2025-11-12;16;1724.380556625118
50;2025-11-12;17;2282.949716757141
50;2025-11-12;18;2463.964768079889
50;2025-11-12;19;1436.1764656373516
50;2025-11-12;20;893.054966680407
50;2025-11-12;21;596.4705339576383
50;2025-11-12;22;267.2594145854243
50;2025-11-12;23;140.01525598063097
50;2025-11-13;0;28.31686552307417
50;2025-11-13;1;0.0
50;2025-11-13;2;0.0
50;2025-11-13;3;0.0
50;2025-11-13;4;5.180048492778155
50;2025-11-13;5;63.14903242345633
50;2025-11-13;6;528.9393387427593
50;2025-11-13;7;1736.6779645597653
50;2025-11-13;8;2534.8469685940645
50;2025-11-13;9;2032.614379279308
50;2025-11-13;10;1563.662400211822
50;2025-11-13;11;1471.1081384116355
50;2025-11-13;12;1417.6254700581844
50;2025-11-13;13;1412.3346822129142
50;2025-11-13;14;1389.6281738776247
50;2025-11-13;15;1542.4663536887028
50;2025-11-13;16;1716.929401236524
50;2025-11-13;17;2194.760793652254
50;2025-11-13;18;2332.943417040893
50;2025-11-13;19;1364.627311705122
50;2025-11-13;20;845.0700375062486
50;2025-11-13;21;550.0442046995313
50;2025-11-13;22;234.0568766146048
50;2025-11-13;23;121.02810726470614
50;2025-11-14;0;28.56006975946775
50;2025-11-14;1;0.0
50;2025-11-14;2;0.0
50;2025-11-14;3;0.0
50;2025-11-14;4;0.8312702117494837
50;2025-11-14;5;56.37164145768236
50;2025-11-14;6;513.1938009050333
50;2025-11-14;7;1661.698010604169
50;2025-11-14;8;2416.5218041251146
50;2025-11-14;9;1948.7159075994416
50;2025-11-14;10;1572.5810495262867
50;2025-11-14;11;1469.578015951647
50;2025-11-14;12;1435.239832805294
50;2025-11-14;13;1445.9713456181084
50;2025-11-14;14;1436.8181395035613
50;2025-11-14;15;1621.9040219469116
50;2025-11-14;16;1857.0242166179469
50;2025-11-14;17;2006.6109487925085
50;2025-11-14;18;1898.0532569511536
50;2025-11-14;19;1146.0199303544243
50;2025-11-14;20;806.3384701022966
50;2025-11-14;21;548.7079926022936
50;2025-11-14;22;240.1566438445302
50;2025-11-14;23;136.577116962147
50;2025-11-15;0;46.6693732935795
50;2025-11-15;1;0.0
50;2025-11-15;2;0.0
50;2025-11-15;3;0.0
50;2025-11-15;4;0.0
50;2025-11-15;5;25.004693343574786
50;2025-11-15;6;95.87560560181703
50;2025-11-15;7;154.70680259317032
50;2025-11-15;8;285.7056975376849
50;2025-11-15;9;252.92191588815854
50;2025-11-15;10;219.8273297558335
50;2025-11-15;11;289.0394132261218
50;2025-11-15;12;298.65175299921805
50;2025-11-15;13;330.4569498080631
50;2025-11-15;14;342.5247975833449
50;2025-11-15;15;328.75763599136565
50;2025-11-15;16;328.75125103796125
50;2025-11-15;17;289.3988283958931
50;2025-11-15;18;252.76477621730805
50;2025-11-15;19;266.5938268656853
50;2025-11-15;20;242.64335005813564
50;2025-11-15;21;154.22947574162083
50;2025-11-15;22;74.21624239120672
50;2025-11-15;23;20.699450725565384
50;2025-11-16;0;29.85114963836395
50;2025-11-16;1;0.0
50;2025-11-16;2;0.0
50;2025-11-16;3;0.0
50;2025-11-16;4;2.0385973691876416
50;2025-11-16;5;0.0
50;2025-11-16;6;6.186503550663133
50;2025-11-16;7;69.03173060058111
50;2025-11-16;8;114.3830529874815
50;2025-11-16;9;174.48820684648717
50;2025-11-16;10;195.10160568547553
50;2025-11-16;11;274.2829296160974
50;2025-11-16;12;302.11969988305617
50;2025-11-16;13;298.10552965219927
50;2025-11-16;14;291.21391935176024
50;2025-11-16;15;327.77965555875517
50;2025-11-16;16;348.4218237523566
50;2025-11-16;17;308.62130160497395
50;2025-11-16;18;245.14697649282334
50;2025-11-16;19;219.8341875062183
50;2025-11-16;20;194.09050214661818
50;2025-11-16;21;113.30231924878876
50;2025-11-16;22;46.21682419493527
50;2025-11-16;23;2.202257577864316
50;2025-11-17;0;16.031792734329997
50;2025-11-17;1;0.0
50;2025-11-17;2;0.0
50;2025-11-17;3;0.0
50;2025-11-17;4;9.512079477316092
50;2025-11-17;5;69.81816932505399
50;2025-11-17;6;513.5515773984632
50;2025-11-17;7;1666.065043543112
50;2025-11-17;8;2436.833658114
50;2025-11-17;9;1971.0953157282015
50;2025-11-17;10;1520.1584169904613
50;2025-11-17;11;1406.4078004307753
50;2025-11-17;12;1298.7428778826538
50;2025-11-17;13;1321.906275592296
50;2025-11-17;14;1258.3368255504934
50;2025-11-17;15;1412.8774082721798
50;2025-11-17;16;1600.5526055770606
50;2025-11-17;17;2160.4262984506267
50;2025-11-17;18;2335.6485246683706
50;2025-11-17;19;1326.3176813570803
50;2025-11-17;20;813.3437215366572
50;2025-11-17;21;546.3024555903962
50;2025-11-17;22;233.5454651388343
50;2025-11-17;23;112.96546503274499
50;2025-11-18;0;24.130175799529297
50;2025-11-18;1;0.0
50;2025-11-18;2;0.0
50;2025-11-18;3;0.0
50;2025-11-18;4;31.60963100883555
50;2025-11-18;5;68.76060491806481
50;2025-11-18;6;541.6625406577168
50;2025-11-18;7;1663.108307887685
50;2025-11-18;8;2468.643831743504
50;2025-11-18;9;1989.4660552425646
50;2025-11-18;10;1501.1718551993658
50;2025-11-18;11;1411.862467576068
50;2025-11-18;12;1334.9474052265532
50;2025-11-18;13;1319.5730629997665
50;2025-11-18;14;1264.9610675015267
50;2025-11-18;15;1397.6109837924355
50;2025-11-18;16;1572.980077566968
50;2025-11-18;17;2191.494841404775
50;2025-11-18;18;2287.0637034098654
50;2025-11-18;19;1358.8730028752402
50;2025-11-18;20;814.3034017478157
50;2025-11-18;21;494.2629536423928
50;2025-11-18;22;211.39325873120276
50;2025-11-18;23;109.04348612397371
50;2025-11-19;0;35.58714204370938
50;2025-11-19;1;0.0
50;2025-11-19;2;0.0
50;2025-11-19;3;0.0
50;2025-11-19;4;0.18626206460999128
50;2025-11-19;5;57.99313954753495
50;2025-11-19;6;510.4958948319539
50;2025-11-19;7;1638.756047986322
50;2025-11-19;8;2405.0687420618706
50;2025-11-19;9;1958.662266040369
50;2025-11-19;10;1522.359215212436
50;2025-11-19;11;1421.4017052977836
50;2025-11-19;12;1367.8161619596488
50;2025-11-19;13;1347.9257383327572
50;2025-11-19;14;1301.7326816876157
50;2025-11-19;15;1480.587438858252
50;2025-11-19;16;1657.2940572407483
50;2025-11-19;17;2228.3525258745794
50;2025-11-19;18;2360.4425261380775
50;2025-11-19;19;1372.9520074401703
50;2025-11-19;20;853.1885211749504
50;2025-11-19;21;563.0761178174107
50;2025-11-19;22;248.69293717516018
50;2025-11-19;23;123.16754615679031
50;2025-11-20;0;29.365286251501743
50;2025-11-20;1;0.0
50;2025-11-20;2;0.0
50;2025-11-20;3;0.0
50;2025-11-20;4;0.0
50;2025-11-20;5;51.91305437871199
50;2025-11-20;6;505.62793847430436
50;2025-11-20;7;1644.3950485531664
50;2025-11-20;8;2437.412652812829
50;2025-11-20;9;1973.7003418609645
50;2025-11-20;10;1514.6713495239183
50;2025-11-20;11;1424.3914022571284
50;2025-11-20;12;1375.1360483415433
50;2025-11-20;13;1364.5084834388317
50;2025-11-20;14;1340.2476257183694
50;2025-11-20;15;1525.875089141215
50;2025-11-20;16;1691.8372472950211
50;2025-11-20;17;2200.5734443710894
50;2025-11-20;18;2327.2164103519294
50;2025-11-20;19;1376.9082579099875
50;2025-11-20;20;870.5542747285855
50;2025-11-20;21;581.0149889958461
50;2025-11-20;22;258.1216475295332
50;2025-11-20;23;136.15453171499314
50;2025-11-21;0;34.28123794306168
50;2025-11-21;1;0.0
50;2025-11-21;2;0.0
50;2025-11-21;3;0.0
50;2025-11-21;4;4.702316241502444
50;2025-11-21;5;70.1921041782582
50;2025-11-21;6;486.7703707161604
50;2025-11-21;7;1621.7118453388816
50;2025-11-21;8;2365.7143415301234
50;2025-11-21;9;1878.2378090009934
50;2025-11-21;10;1495.7339033569488
50;2025-11-21;11;1428.2119785005616
50;2025-11-21;12;1393.2846101168805
50;2025-11-21;13;1410.5839040497715
50;2025-11-21;14;1377.178384470897
50;2025-11-21;15;1613.8584400213183
50;2025-11-21;16;1807.4727339104415
50;2025-11-21;17;1977.1125422099967
50;2025-11-21;18;1872.0599382883372
50;2025-11-21;19;1148.0542233508118
50;2025-11-21;20;857.0577613339404
50;2025-11-21;21;588.2572818587223
50;2025-11-21;22;295.2893270771753
50;2025-11-21;23;170.30607011317932
50;2025-11-22;0;52.80123444949436
50;2025-11-22;1;0.0
50;2025-11-22;2;0.0
50;2025-11-22;3;0.0
50;2025-11-22;4;75.70075383976769
50;2025-11-22;5;43.57495352799367
50;2025-11-22;6;88.36151275612383
50;2025-11-22;7;203.70388205989707
50;2025-11-22;8;378.623013368371
50;2025-11-22;9;314.70230978560835
50;2025-11-22;10;292.92164392603695
50;2025-11-22;11;370.62025071754977
50;2025-11-22;12;368.6180040598096
50;2025-11-22;13;383.2474167457923
50;2025-11-22;14;424.1703448742401
50;2025-11-22;15;480.8986203762088
50;2025-11-22;16;478.7085336928945
50;2025-11-22;17;418.91191605993373
50;2025-11-22;18;359.24258525062464
50;2025-11-22;19;361.26177590203093
50;2025-11-22;20;305.75228069510644
50;2025-11-22;21;239.52828100365866
50;2025-11-22;22;168.2507942407982
50;2025-11-22;23;92.95962553321681
50;2025-11-23;0;61.223532931891896
50;2025-11-23;1;0.0
50;2025-11-23;2;0.0
50;2025-11-23;3;0.0
50;2025-11-23;4;26.84889077853461
50;2025-11-23;5;14.20745287028376
50;2025-11-23;6;78.42500493020066
50;2025-11-23;7;157.7176273520513
50;2025-11-23;8;220.7124146447154
50;2025-11-23;9;258.3616744944932
50;2025-11-23;10;250.9916104674254
50;2025-11-23;11;347.29463112416136
50;2025-11-23;12;383.2841780354708
50;2025-11-23;13;406.70133704912996
50;2025-11-23;14;445.5781203958208
50;2025-11-23;15;483.1246536647387
50;2025-11-23;16;504.3227413313242
50;2025-11-23;17;428.02366525831496
50;2025-11-23;18;420.79004225897637
50;2025-11-23;19;369.5785414218027
50;2025-11-23;20;317.6048500242896
50;2025-11-23;21;228.65692998493216
50;2025-11-23;22;147.7768696346145
50;2025-11-23;23;75.12586889026147
50;2025-11-24;0;26.789418620728384
50;2025-11-24;1;0.0
50;2025-11-24;2;0.0
50;2025-11-24;3;0.0
50;2025-11-24;4;17.703929100695063
50;2025-11-24;5;76.48236606647379
50;2025-11-24;6;536.0446136283381
50;2025-11-24;7;1804.2544932927715
50;2025-11-24;8;2627.9118510767075
50;2025-11-24;9;2125.6782548849296
50;2025-11-24;10;1641.2215780464303
50;2025-11-24;11;1521.1344764172113
50;2025-11-24;12;1425.7448207623013
50;2025-11-24;13;1399.3879333183463
50;2025-11-24;14;1379.7705585464055
50;2025-11-24;15;1561.0924306120817
50;2025-11-24;16;1696.772036853412
50;2025-11-24;17;2256.8989853187013
50;2025-11-24;18;2452.4591980254245
50;2025-11-24;19;1398.2677396113768
50;2025-11-24;20;847.2584024650307
50;2025-11-24;21;550.8892320337234
50;2025-11-24;22;239.35330194462995
50;2025-11-24;23;111.01211085006707
50;2025-11-25;0;30.01532899012568
50;2025-11-25;1;0.0
50;2025-11-25;2;0.0
50;2025-11-25;3;0.0
50;2025-11-25;4;9.93253513842285
50;2025-11-25;5;78.49175935422295
50;2025-11-25;6;559.114856431892
50;2025-11-25;7;1748.7843505460928
50;2025-11-25;8;2524.281977513024
50;2025-11-25;9;2073.163299918152
50;2025-11-25;10;1610.2462087729489
50;2025-11-25;11;1510.0727762031265
50;2025-11-25;12;1444.7360617295385
50;2025-11-25;13;1427.8404550954206
50;2025-11-25;14;1407.7717484551922
50;2025-11-25;15;1584.05738380283
50;2025-11-25;16;1738.9594676509391
50;2025-11-25;17;2340.9160195886084
50;2025-11-25;18;2492.1102498464743
50;2025-11-25;19;1463.007056725724
50;2025-11-25;20;899.5979703437584
50;2025-11-25;21;585.3179654674838
50;2025-11-25;22;269.9233234322732
50;2025-11-25;23;140.13904098590785
50;2025-11-26;0;36.6371167633863
50;2025-11-26;1;0.0
50;2025-11-26;2;0.0
50;2025-11-26;3;0.0
50;2025-11-26;4;13.21771691686888
50;2025-11-26;5;72.1983356991766
50;2025-11-26;6;533.3357088299315
50;2025-11-26;7;1777.6345243733863
50;2025-11-26;8;2595.36875893306
50;2025-11-26;9;2071.437035926715
50;2025-11-26;10;1619.3466495959171
50;2025-11-26;11;1549.006250975025
50;2025-11-26;12;1493.0567913521395
50;2025-11-26;13;1479.5476975562178
50;2025-11-26;14;1435.6805612756766
50;2025-11-26;15;1635.2706403083907
50;2025-11-26;16;1696.2225400184836
50;2025-11-26;17;2304.7354932766575
50;2025-11-26;18;2449.0794639661644
50;2025-11-26;19;1493.677003196657
50;2025-11-26;20;903.2692867443974
50;2025-11-26;21;597.7544246920111
50;2025-11-26;22;282.2376191392099
50;2025-11-26;23;151.39889155559547
50;2025-11-27;0;43.671272105983576
50;2025-11-27;1;0.0
50;2025-11-27;2;0.0
50;2025-11-27;3;0.0
50;2025-11-27;4;10.203475902049377
50;2025-11-27;5;55.84011402289991
50;2025-11-27;6;520.2685238739325
50;2025-11-27;7;1731.7054807298928
50;2025-11-27;8;2552.968998731046
50;2025-11-27;9;2053.7748670781807
50;2025-11-27;10;1568.1014887581684
50;2025-11-27;11;1480.623185690512
50;2025-11-27;12;1429.8425553110715
50;2025-11-27;13;1412.2079829035347
50;2025-11-27;14;1393.9449096438411
50;2025-11-27;15;1558.1974982176305
50;2025-11-27;16;1729.3034234542092
50;2025-11-27;17;2254.640355487337
50;2025-11-27;18;2347.86253472952
50;2025-11-27;19;1390.7355364339007
50;2025-11-27;20;880.1713113417181
50;2025-11-27;21;585.5724963015389
50;2025-11-27;22;275.00461732140906
50;2025-11-27;23;149.05338302109544
50;2025-11-28;0;40.13102729922048
50;2025-11-28;1;0.0
50;2025-11-28;2;0.0
50;2025-11-28;3;0.0
50;2025-11-28;4;11.452944676279685
50;2025-11-28;5;62.627942426250456
50;2025-11-28;6;529.3249994577777
50;2025-11-28;7;1663.2239460621627
50;2025-11-28;8;2384.2879228997826
50;2025-11-28;9;1933.9912395387903
50;2025-11-28;10;1585.6348901428537
50;2025-11-28;11;1497.580469461967
50;2025-11-28;12;1445.9033233377236
50;2025-11-28;13;1437.278550867819
50;2025-11-28;14;1408.7170887569475
50;2025-11-28;15;1664.2788702979392
50;2025-11-28;16;1862.919965056065
50;2025-11-28;17;2065.1807989449117
50;2025-11-28;18;2000.960302039336
50;2025-11-28;19;1214.045708233887
50;2025-11-28;20;859.2128795578085
50;2025-11-28;21;575.5727862645889
50;2025-11-28;22;294.1332388841269
50;2025-11-28;23;179.14324851553386
50;2025-11-29;0;42.68805444366524
50;2025-11-29;1;0.0
50;2025-11-29;2;0.0
50;2025-11-29;3;0.0
50;2025-11-29;4;0.0
50;2025-11-29;5;8.401088780495343
50;2025-11-29;6;51.91428839677485
50;2025-11-29;7;187.2042070240052
50;2025-11-29;8;348.5168097618561
50;2025-11-29;9;306.65470475161004
50;2025-11-29;10;272.660024845284
50;2025-11-29;11;374.05178657791447
50;2025-11-29;12;411.1239067684697
50;2025-11-29;13;416.36278185977585
50;2025-11-29;14;441.0817727081324
50;2025-11-29;15;427.7007769588265
50;2025-11-29;16;422.64477003473206
50;2025-11-29;17;409.5643649640189
50;2025-11-29;18;343.50641868658363
50;2025-11-29;19;318.09467458031315
50;2025-11-29;20;263.32482576373445
50;2025-11-29;21;208.35371533427133
50;2025-11-29;22;121.45211565436045
50;2025-11-29;23;51.352579459535036
50;2025-11-30;0;37.69562623092713
50;2025-11-30;1;0.0
50;2025-11-30;2;0.0
50;2025-11-30;3;0.0
50;2025-11-30;4;0.0
50;2025-11-30;5;11.697393900338284
50;2025-11-30;6;21.072458283483797
50;2025-11-30;7;94.08941295672469
50;2025-11-30;8;178.39920170593518
50;2025-11-30;9;226.60418176515157
50;2025-11-30;10;207.22723571621873
50;2025-11-30;11;320.3807968894651
50;2025-11-30;12;357.05630994818756
50;2025-11-30;13;384.3863825962717
50;2025-11-30;14;401.83784714998285
50;2025-11-30;15;386.8750418920081
50;2025-11-30;16;425.5120919406706
50;2025-11-30;17;378.47161348100843
50;2025-11-30;18;326.68421119951853
50;2025-11-30;19;302.9532671666955
50;2025-11-30;20;240.11053752821817
50;2025-11-30;21;187.82384401664126
50;2025-11-30;22;122.32510236855819
50;2025-11-30;23;40.41101496343242
50;2025-12-01;0;59.07351989447011
50;2025-12-01;1;0.0
50;2025-12-01;2;0.0
50;2025-12-01;3;0.0
50;2025-12-01;4;15.655402256268985
50;2025-12-01;5;61.657174436121295
50;2025-12-01;6;598.5739396181498
50;2025-12-01;7;1856.8700544506617
50;2025-12-01;8;2642.7280892551516
50;2025-12-01;9;2131.3377072146304
50;2025-12-01;10;1619.1592516088494
50;2025-12-01;11;1507.909329057973
50;2025-12-01;12;1459.6984326753293
50;2025-12-01;13;1415.35842513585
50;2025-12-01;14;1392.4466148602273
50;2025-12-01;15;1593.6006807706422
50;2025-12-01;16;1783.3017804821307
50;2025-12-01;17;2328.0259848474643
50;2025-12-01;18;2477.8823349326512
50;2025-12-01;19;1447.7365145014926
50;2025-12-01;20;897.8124305071763
50;2025-12-01;21;595.9023777412141
50;2025-12-01;22;258.8380883597391
50;2025-12-01;23;147.20476926833135
50;2025-12-02;0;22.217294229197023
50;2025-12-02;1;0.0
50;2025-12-02;2;0.0
50;2025-12-02;3;0.0
50;2025-12-02;4;24.036552072815653
50;2025-12-02;5;74.27697386590921
50;2025-12-02;6;602.1219524496828
50;2025-12-02;7;1837.9050368047601
50;2025-12-02;8;2619.9595154250055
50;2025-12-02;9;2087.445389690472
50;2025-12-02;10;1576.4518870652123
50;2025-12-02;11;1518.446163443022
50;2025-12-02;12;1459.8964243526727
50;2025-12-02;13;1378.6967089857412
50;2025-12-02;14;1337.231135147249
50;2025-12-02;15;1578.8078171508619
50;2025-12-02;16;1735.4586241335385
50;2025-12-02;17;2313.4835367489345
50;2025-12-02;18;2490.765836566211
50;2025-12-02;19;1444.7930785498374
50;2025-12-02;20;907.8476329974358
50;2025-12-02;21;607.8554164973776
50;2025-12-02;22;284.44851176632886
50;2025-12-02;23;164.0103355403096
50;2025-12-03;0;43.19095298017521
50;2025-12-03;1;0.0
50;2025-12-03;2;0.0
50;2025-12-03;3;0.0
50;2025-12-03;4;55.747019620800984
50;2025-12-03;5;144.58056564032006
50;2025-12-03;6;622.9716251419468
50;2025-12-03;7;1796.7148575184738
50;2025-12-03;8;2518.915210501564
50;2025-12-03;9;2042.864866822446
50;2025-12-03;10;1600.2464887325705
50;2025-12-03;11;1501.5065760765501
50;2025-12-03;12;1445.0154971913648
50;2025-12-03;13;1439.457467474061
50;2025-12-03;14;1427.638433855041
50;2025-12-03;15;1582.488633696752
50;2025-12-03;16;1720.4044300295486
50;2025-12-03;17;2294.3962277614737
50;2025-12-03;18;2442.093413510014
50;2025-12-03;19;1456.4077383864312
50;2025-12-03;20;938.5023438963804
50;2025-12-03;21;600.5244093823158
50;2025-12-03;22;309.21484340915896
50;2025-12-03;23;214.08089956201877
50;2025-12-04;0;49.181104311671334
50;2025-12-04;1;0.0
50;2025-12-04;2;0.0
50;2025-12-04;3;0.0
50;2025-12-04;4;10.034277769223877
50;2025-12-04;5;74.06371130814671
50;2025-12-04;6;609.2446690609929
50;2025-12-04;7;1817.0193881951832
50;2025-12-04;8;2621.6813209816364
50;2025-12-04;9;2096.4058329554323
50;2025-12-04;10;1595.5135393246344
50;2025-12-04;11;1509.2430498443193
50;2025-12-04;12;1468.061871342234
50;2025-12-04;13;1425.9002210966332
50;2025-12-04;14;1393.4633326812766
50;2025-12-04;15;1553.0755446760063
50;2025-12-04;16;1740.4297212105375
50;2025-12-04;17;2227.939193689602
50;2025-12-04;18;2360.8189917019017
50;2025-12-04;19;1374.8407946337388
50;2025-12-04;20;908.8964897999832
50;2025-12-04;21;585.8171840104856
50;2025-12-04;22;283.55276432263815
50;2025-12-04;23;167.2245292756063
50;2025-12-05;0;38.49000088547098
50;2025-12-05;1;0.0
50;2025-12-05;2;0.0
50;2025-12-05;3;0.0
50;2025-12-05;4;7.491163648533529
50;2025-12-05;5;57.3795951801103
50;2025-12-05;6;555.5006331036077
50;2025-12-05;7;1749.6298758254645
50;2025-12-05;8;2532.8838969932794
50;2025-12-05;9;2009.6359285726087
50;2025-12-05;10;1599.8863414415096
50;2025-12-05;11;1544.538453469043
50;2025-12-05;12;1522.958445656961
50;2025-12-05;13;1489.0456155752172
50;2025-12-05;14;1442.136819187082
50;2025-12-05;15;1645.5311706260775
50;2025-12-05;16;1870.2693397127516
50;2025-12-05;17;2064.5520572814808
50;2025-12-05;18;1956.0114814237895
50;2025-12-05;19;1188.1523075962664
50;2025-12-05;20;877.8663224122533
50;2025-12-05;21;588.7634332813346
50;2025-12-05;22;308.0222462766276
50;2025-12-05;23;197.78675743625604
50;2025-12-06;0;49.01840655848571
50;2025-12-06;1;0.0
50;2025-12-06;2;0.0
50;2025-12-06;3;0.0
50;2025-12-06;4;2.8798109110642827
50;2025-12-06;5;58.45520306641936
50;2025-12-06;6;161.10895729962522
50;2025-12-06;7;343.66063716014133
50;2025-12-06;8;489.6551432739485
50;2025-12-06;9;470.3042157325415
50;2025-12-06;10;453.8838733528898
50;2025-12-06;11;548.9501281372114
50;2025-12-06;12;605.2404290145289
50;2025-12-06;13;580.5916876427343
50;2025-12-06;14;599.1918693019729
50;2025-12-06;15;585.8172579915041
50;2025-12-06;16;585.4671383137924
50;2025-12-06;17;553.7301964845701
50;2025-12-06;18;484.96169621248214
50;2025-12-06;19;495.46639017579116
50;2025-12-06;20;411.3003057121226
50;2025-12-06;21;318.45800064384497
50;2025-12-06;22;184.80781704989533
50;2025-12-06;23;112.467146451806
50;2025-12-07;0;50.402203561015085
50;2025-12-07;1;0.0
50;2025-12-07;2;0.0
50;2025-12-07;3;0.0
50;2025-12-07;4;4.240606300800096
50;2025-12-07;5;43.24199180613198
50;2025-12-07;6;74.34059487980505
50;2025-12-07;7;188.66609996936324
50;2025-12-07;8;245.96221765792802
50;2025-12-07;9;295.0203850291678
50;2025-12-07;10;308.4154937800933
50;2025-12-07;11;440.0557442710195
50;2025-12-07;12;499.71308085765656
50;2025-12-07;13;509.32854294074434
50;2025-12-07;14;464.71310838350036
50;2025-12-07;15;499.57699230912306
50;2025-12-07;16;498.9261272815222
50;2025-12-07;17;459.71551508190873
50;2025-12-07;18;386.4481681185849
50;2025-12-07;19;378.88147694034603
50;2025-12-07;20;338.8825472758342
50;2025-12-07;21;255.2182572662756
50;2025-12-07;22;164.02300422263215
50;2025-12-07;23;90.83216213016124
50;2025-12-08;0;33.27366693934164
50;2025-12-08;1;0.0
50;2025-12-08;2;0.0
50;2025-12-08;3;0.0
50;2025-12-08;4;4.8566962179917255
50;2025-12-08;5;67.36936778567895
50;2025-12-08;6;529.615684607649
50;2025-12-08;7;1769.226363356256
50;2025-12-08;8;2557.3597252640575
50;2025-12-08;9;2019.7292760359883
50;2025-12-08;10;1539.2688041758854
50;2025-12-08;11;1460.635857950476
50;2025-12-08;12;1376.5866939198452
50;2025-12-08;13;1363.046151376272
50;2025-12-08;14;1322.0897195910438
50;2025-12-08;15;1520.0501694484635
50;2025-12-08;16;1691.4824019028053
50;2025-12-08;17;2228.52363451
50;2025-12-08;18;2394.873436232913
50;2025-12-08;19;1376.6627020666406
50;2025-12-08;20;850.3015805173902
50;2025-12-08;21;555.3155941092432
50;2025-12-08;22;261.5946766942088
50;2025-12-08;23;136.3725599683139
50;2025-12-09;0;51.63674044909828
50;2025-12-09;1;0.0
50;2025-12-09;2;0.0
50;2025-12-09;3;0.0
50;2025-12-09;4;18.784674106651096
50;2025-12-09;5;43.74634641675004
50;2025-12-09;6;515.7048278176737
50;2025-12-09;7;1753.2606120173177
50;2025-12-09;8;2540.669909024128
50;2025-12-09;9;2005.182690576461
50;2025-12-09;10;1573.8856663650317
50;2025-12-09;11;1494.3357716384894
50;2025-12-09;12;1458.0390158086416
50;2025-12-09;13;1419.563156631889
50;2025-12-09;14;1359.1282980545793
50;2025-12-09;15;1511.7094398251156
50;2025-12-09;16;1698.993020255934
50;2025-12-09;17;2282.1213586441972
50;2025-12-09;18;2454.777240282178
50;2025-12-09;19;1444.7862395042716
50;2025-12-09;20;898.8989072792069
50;2025-12-09;21;578.7895495256743
50;2025-12-09;22;277.4526218976311
50;2025-12-09;23;160.81497160442507
50;2025-12-10;0;41.763510764257376
50;2025-12-10;1;0.0
50;2025-12-10;2;0.0
50;2025-12-10;3;0.0
50;2025-12-10;4;10.59617268289901
50;2025-12-10;5;59.19796554311358
50;2025-12-10;6;530.3033760032301
50;2025-12-10;7;1746.991748396667
50;2025-12-10;8;2534.4372568306662
50;2025-12-10;9;2015.5423700681347
50;2025-12-10;10;1559.8748309950895
50;2025-12-10;11;1483.5440511552886
50;2025-12-10;12;1422.9021008042223
50;2025-12-10;13;1391.860793402253
50;2025-12-10;14;1360.766928550154
50;2025-12-10;15;1512.9035755609225
50;2025-12-10;16;1701.958689028097
50;2025-12-10;17;2277.3812224634794
50;2025-12-10;18;2421.7960951299638
50;2025-12-10;19;1413.0384456795668
50;2025-12-10;20;886.6339360550328
50;2025-12-10;21;573.3372262503796
50;2025-12-10;22;274.5131768491102
50;2025-12-10;23;158.97448014512725
50;2025-12-11;0;36.78254384344609
50;2025-12-11;1;0.0
50;2025-12-11;2;0.0
50;2025-12-11;3;0.0
50;2025-12-11;4;6.081736488322008
50;2025-12-11;5;61.80314058429542
50;2025-12-11;6;536.2683663693458
50;2025-12-11;7;1670.6207867024154
50;2025-12-11;8;2434.886371565346
50;2025-12-11;9;1980.1168779496259
50;2025-12-11;10;1563.553364287629
50;2025-12-11;11;1458.1940937546306
50;2025-12-11;12;1401.9422910588746
50;2025-12-11;13;1386.2184646102496
50;2025-12-11;14;1343.7532965593468
50;2025-12-11;15;1504.6980783838399
50;2025-12-11;16;1673.2262828537246
50;2025-12-11;17;2187.3402779193993
50;2025-12-11;18;2362.143571636949
50;2025-12-11;19;1360.8599385249545
50;2025-12-11;20;884.988073133543
50;2025-12-11;21;582.6300343540752
50;2025-12-11;22;280.1476223204368
50;2025-12-11;23;157.37961374288068
50;2025-12-12;0;49.80487267348519
50;2025-12-12;1;0.0
50;2025-12-12;2;0.0
50;2025-12-12;3;0.0
50;2025-12-12;4;4.848784823185724
50;2025-12-12;5;71.63184827163991
50;2025-12-12;6;522.3088922643758
50;2025-12-12;7;1637.9003331862416
50;2025-12-12;8;2366.058466643294
50;2025-12-12;9;1919.125120854227
50;2025-12-12;10;1571.925374780078
50;2025-12-12;11;1464.9528270676692
50;2025-12-12;12;1429.1284426486168
50;2025-12-12;13;1450.629479203138
50;2025-12-12;14;1394.0395910163488
50;2025-12-12;15;1608.6482186448952
50;2025-12-12;16;1804.9980954719667
50;2025-12-12;17;1911.3808398951944
50;2025-12-12;18;1812.7089183966796
50;2025-12-12;19;1114.5900195732504
50;2025-12-12;20;791.9381407994292
50;2025-12-12;21;548.6157604105674
50;2025-12-12;22;254.74188704267874
50;2025-12-12;23;138.69211081025287
50;2025-12-13;0;56.50380394587194
50;2025-12-13;1;0.0
50;2025-12-13;2;0.0
50;2025-12-13;3;0.0
50;2025-12-13;4;0.0
50;2025-12-13;5;3.9349046779999526
50;2025-12-13;6;63.86664099521397
50;2025-12-13;7;234.44043918720854
50;2025-12-13;8;372.2514178559286
50;2025-12-13;9;352.0649831055573
50;2025-12-13;10;346.56337377453605
50;2025-12-13;11;442.0732039983351
50;2025-12-13;12;496.1118937040823
50;2025-12-13;13;504.4590185937186
50;2025-12-13;14;526.6094003413341
50;2025-12-13;15;505.19708923497603
50;2025-12-13;16;496.0394925016626
50;2025-12-13;17;473.8897992043748
50;2025-12-13;18;357.8376632465657
50;2025-12-13;19;371.79243201278535
50;2025-12-13;20;285.61628962977437
50;2025-12-13;21;218.56170849195905
50;2025-12-13;22;116.18364500390771
50;2025-12-13;23;84.63524046259931
50;2025-12-14;0;45.46028129388753
50;2025-12-14;1;0.0
50;2025-12-14;2;0.0
50;2025-12-14;3;0.0
50;2025-12-14;4;0.0
50;2025-12-14;5;15.115178300352227
50;2025-12-14;6;36.94188268222581
50;2025-12-14;7;132.22971120612885
50;2025-12-14;8;217.79945576882824
50;2025-12-14;9;241.25940879485677
50;2025-12-14;10;286.7054919318187
50;2025-12-14;11;383.7033407791555
50;2025-12-14;12;429.8367395909393
50;2025-12-14;13;447.6053481760537
50;2025-12-14;14;463.52921468640494
50;2025-12-14;15;464.0904611180983
50;2025-12-14;16;477.29224576054946
50;2025-12-14;17;452.9093367739929
50;2025-12-14;18;392.44288297051
50;2025-12-14;19;379.10592511471594
50;2025-12-14;20;278.07304752139066
50;2025-12-14;21;233.31507953305618
50;2025-12-14;22;104.11588108049887
50;2025-12-14;23;56.54054652351101
50;2025-12-15;0;31.249058728014347
50;2025-12-15;1;0.0
50;2025-12-15;2;0.0
50;2025-12-15;3;0.0
50;2025-12-15;4;12.487261186757678
50;2025-12-15;5;66.9012709187881
50;2025-12-15;6;540.7322752764366
50;2025-12-15;7;1700.3230717195954
50;2025-12-15;8;2484.8795100374937
50;2025-12-15;9;2021.1980749797392
50;2025-12-15;10;1542.8237239779369
50;2025-12-15;11;1462.5154558414333
50;2025-12-15;12;1386.623931670662
50;2025-12-15;13;1388.2326397181232
50;2025-12-15;14;1319.8527891199055
50;2025-12-15;15;1527.1093206651037
50;2025-12-15;16;1653.1840877984152
50;2025-12-15;17;2261.48746176078
50;2025-12-15;18;2440.051473859626
50;2025-12-15;19;1413.4485896866563
50;2025-12-15;20;868.37801563558
50;2025-12-15;21;555.7174438762281
50;2025-12-15;22;256.31930839937064
50;2025-12-15;23;116.64823171908188
50;2025-12-16;0;65.03412376957431
50;2025-12-16;1;0.0
50;2025-12-16;2;0.0
50;2025-12-16;3;0.0
50;2025-12-16;4;23.377892409995866
50;2025-12-16;5;66.17214799767044
50;2025-12-16;6;557.5569778274155
50;2025-12-16;7;1752.9585090879327
50;2025-12-16;8;2518.0734960546024
50;2025-12-16;9;2042.67705225157
50;2025-12-16;10;1567.866002835642
50;2025-12-16;11;1461.7404725150063
50;2025-12-16;12;1405.3073636114066
50;2025-12-16;13;1341.7328634207843
50;2025-12-16;14;1308.919218103827
50;2025-12-16;15;1479.0128672481096
50;2025-12-16;16;1647.2254163160392
50;2025-12-16;17;2267.5739099090188
50;2025-12-16;18;2436.9130614325386
50;2025-12-16;19;1413.248076533299
50;2025-12-16;20;837.7244049019905
50;2025-12-16;21;517.151908951086
50;2025-12-16;22;219.23796936385168
50;2025-12-16;23;111.93758047215374
50;2025-12-17;0;28.41566879461061
50;2025-12-17;1;0.0
50;2025-12-17;2;0.0
50;2025-12-17;3;0.0
50;2025-12-17;4;0.0
50;2025-12-17;5;54.73189784399119
50;2025-12-17;6;534.2790543779311
50;2025-12-17;7;1665.0546820211453
50;2025-12-17;8;2428.0990429954
50;2025-12-17;9;1996.6616170379327
50;2025-12-17;10;1563.3631079039735
50;2025-12-17;11;1464.701133259984
50;2025-12-17;12;1406.652175346544
50;2025-12-17;13;1393.467872863349
50;2025-12-17;14;1341.744400374374
50;2025-12-17;15;1533.119901922414
50;2025-12-17;16;1681.1230584957234
50;2025-12-17;17;2292.854156341733
50;2025-12-17;18;2406.8237176076673
50;2025-12-17;19;1416.4783541212237
50;2025-12-17;20;870.9573371203661
50;2025-12-17;21;550.1890411308146
50;2025-12-17;22;257.72113341235143
50;2025-12-17;23;141.58313070763222
50;2025-12-18;0;42.817633455254395
50;2025-12-18;1;0.0
50;2025-12-18;2;0.0
50;2025-12-18;3;0.0
50;2025-12-18;4;6.205967684994221
50;2025-12-18;5;63.16729005891955
50;2025-12-18;6;535.5197835899692
50;2025-12-18;7;1679.8589137534768
50;2025-12-18;8;2408.191163767905
50;2025-12-18;9;1988.659756804763
50;2025-12-18;10;1551.095985918933
50;2025-12-18;11;1443.9759089490067
50;2025-12-18;12;1386.4744517979593
50;2025-12-18;13;1385.3053240473018
50;2025-12-18;14;1341.3747019601242
50;2025-12-18;15;1501.0501094025813
50;2025-12-18;16;1688.5032533187093
50;2025-12-18;17;2234.32439822585
50;2025-12-18;18;2407.2329753064687
50;2025-12-18;19;1409.5091091669942
50;2025-12-18;20;896.9946427074741
50;2025-12-18;21;582.1482759848327
50;2025-12-18;22;240.05304532375817
50;2025-12-18;23;143.78940711188477
50;2025-12-19;0;46.70397352631164
50;2025-12-19;1;0.0
50;2025-12-19;2;0.0
50;2025-12-19;3;0.0
50;2025-12-19;4;6.359965508883533
50;2025-12-19;5;60.78400322577875
50;2025-12-19;6;532.1581916651162
50;2025-12-19;7;1627.9038519119722
50;2025-12-19;8;2335.9660109624983
50;2025-12-19;9;1929.3954672338568
50;2025-12-19;10;1550.5671185003239
50;2025-12-19;11;1470.2885069556687
50;2025-12-19;12;1437.8171054123663
50;2025-12-19;13;1417.5616255383586
50;2025-12-19;14;1381.1430333243816
50;2025-12-19;15;1608.1230368501451
50;2025-12-19;16;1840.6134585922389
50;2025-12-19;17;2014.8077408368824
50;2025-12-19;18;1936.789763979685
50;2025-12-19;19;1162.0850147365106
50;2025-12-19;20;821.2900425052535
50;2025-12-19;21;539.9783217878459
50;2025-12-19;22;265.7896200052661
50;2025-12-19;23;168.54345224230406
50;2025-12-20;0;46.38235188430326
50;2025-12-20;1;0.0
50;2025-12-20;2;0.0
50;2025-12-20;3;0.0
50;2025-12-20;4;0.0
50;2025-12-20;5;28.068445023646177
50;2025-12-20;6;86.49331106930583
50;2025-12-20;7;243.1957029077405
50;2025-12-20;8;413.8757180835574
50;2025-12-20;9;411.3484784870182
50;2025-12-20;10;388.3687948178504
50;2025-12-20;11;499.02660833008196
50;2025-12-20;12;530.3271714364034
50;2025-12-20;13;540.6653668108587
50;2025-12-20;14;556.8569787007633
50;2025-12-20;15;544.9354276309647
50;2025-12-20;16;543.2439284269841
50;2025-12-20;17;506.0054710706929
50;2025-12-20;18;439.6071675681063
50;2025-12-20;19;412.4668410173214
50;2025-12-20;20;291.80831904389953
50;2025-12-20;21;243.62475314562505
50;2025-12-20;22;138.0306413791876
50;2025-12-20;23;88.66308130880088
50;2025-12-21;0;35.933680229285756
50;2025-12-21;1;0.0
50;2025-12-21;2;0.0
50;2025-12-21;3;0.0
50;2025-12-21;4;0.0
50;2025-12-21;5;24.667534653020425
50;2025-12-21;6;47.06959681401577
50;2025-12-21;7;131.04061266671613
50;2025-12-21;8;199.1422734030201
50;2025-12-21;9;247.88951820925092
50;2025-12-21;10;289.12143599632475
50;2025-12-21;11;387.8778556420427
50;2025-12-21;12;436.0154558674409
50;2025-12-21;13;458.9108858115033
50;2025-12-21;14;484.6277814511859
50;2025-12-21;15;490.57111451266144
50;2025-12-21;16;474.81035857051893
50;2025-12-21;17;454.42983869185224
50;2025-12-21;18;378.1782528054805
50;2025-12-21;19;340.391883883539
50;2025-12-21;20;266.1240479971956
50;2025-12-21;21;203.9737186875367
50;2025-12-21;22;100.90419493960758
50;2025-12-21;23;40.338778799897455
50;2025-12-22;0;42.57621281510296
50;2025-12-22;1;0.0
50;2025-12-22;2;0.0
50;2025-12-22;3;0.0
50;2025-12-22;4;12.38962475032622
50;2025-12-22;5;75.12199471244367
50;2025-12-22;6;566.3436096136668
50;2025-12-22;7;1728.6628680052868
50;2025-12-22;8;2440.245631246541
50;2025-12-22;9;2015.1155397804544
50;2025-12-22;10;1565.6228017169303
50;2025-12-22;11;1432.8070415298976
50;2025-12-22;12;1352.478302317109
50;2025-12-22;13;1350.3624138089513
50;2025-12-22;14;1281.0437526370333
50;2025-12-22;15;1483.5623922828506
50;2025-12-22;16;1595.8372932657971
50;2025-12-22;17;2179.8033209052846
50;2025-12-22;18;2347.9924930932993
50;2025-12-22;19;1383.1959523690193
50;2025-12-22;20;838.3242841724142
50;2025-12-22;21;520.2015023333679
50;2025-12-22;22;214.98132848786577
50;2025-12-22;23;117.08402087490299
50;2025-12-23;0;26.112316176202626
50;2025-12-23;1;0.0
50;2025-12-23;2;0.0
50;2025-12-23;3;0.0
50;2025-12-23;4;0.0
50;2025-12-23;5;62.30394365885536
50;2025-12-23;6;539.3386049979324
50;2025-12-23;7;1737.3835625527875
50;2025-12-23;8;2470.2766876239684
50;2025-12-23;9;2031.0611763891688
50;2025-12-23;10;1587.645551282927
50;2025-12-23;11;1489.447931091293
50;2025-12-23;12;1431.3596619460534
50;2025-12-23;13;1393.4002754871299
50;2025-12-23;14;1304.5166530278198
50;2025-12-23;15;1475.6036090165908
50;2025-12-23;16;1649.0947889260156
50;2025-12-23;17;2267.7682062045596
50;2025-12-23;18;2434.8977717588796
50;2025-12-23;19;1409.262096691915
50;2025-12-23;20;853.3999200627662
50;2025-12-23;21;530.0853339983786
50;2025-12-23;22;235.36168450074285
50;2025-12-23;23;124.0065192833141
50;2025-12-24;0;20.635838112190868
50;2025-12-24;1;0.0
50;2025-12-24;2;0.0
50;2025-12-24;3;0.0
50;2025-12-24;4;0.0
50;2025-12-24;5;62.719729858674555
50;2025-12-24;6;551.7726942837706
50;2025-12-24;7;1706.8613037078924
50;2025-12-24;8;2459.0835159733756
50;2025-12-24;9;2024.3698466569456
50;2025-12-24;10;1574.145121256108
50;2025-12-24;11;1485.5272164495766
50;2025-12-24;12;1423.2297376997312
50;2025-12-24;13;1409.6189126297395
50;2025-12-24;14;1363.1418102820116
50;2025-12-24;15;1506.2501325059704
50;2025-12-24;16;1658.4487482865497
50;2025-12-24;17;2308.743309199326
50;2025-12-24;18;2494.265780364154
50;2025-12-24;19;1432.6886503294168
50;2025-12-24;20;878.7902649622706
50;2025-12-24;21;566.6771429973885
50;2025-12-24;22;231.80787649938554
50;2025-12-24;23;115.70667197147645
50;2025-12-25;0;34.15092387044865
50;2025-12-25;1;0.0
50;2025-12-25;2;0.0
50;2025-12-25;3;0.0
50;2025-12-25;4;0.0
50;2025-12-25;5;58.90851552287245
50;2025-12-25;6;520.9006376416166
50;2025-12-25;7;1682.0948664090993
50;2025-12-25;8;2406.7191526382494
50;2025-12-25;9;1987.9880763802616
50;2025-12-25;10;1572.3135696954137
50;2025-12-25;11;1474.521700864888
50;2025-12-25;12;1425.138793061134
50;2025-12-25;13;1407.1929458424097
50;2025-12-25;14;1329.3870098461095
50;2025-12-25;15;1512.718061441522
50;2025-12-25;16;1692.4226634051884
50;2025-12-25;17;2236.0926714565785
50;2025-12-25;18;2379.5609027847213
50;2025-12-25;19;1384.0785705928552
50;2025-12-25;20;806.2652291184669
50;2025-12-25;21;530.7623821455938
50;2025-12-25;22;245.9916844459675
50;2025-12-25;23;94.53221249968658
50;2025-12-26;0;59.98432755928923
50;2025-12-26;1;0.0
50;2025-12-26;2;0.0
50;2025-12-26;3;0.0
50;2025-12-26;4;12.873507409241597
50;2025-12-26;5;47.6063983881869
50;2025-12-26;6;527.4207396384509
50;2025-12-26;7;1611.0339401358915
50;2025-12-26;8;2330.102149501077
50;2025-12-26;9;1952.8761372828892
50;2025-12-26;10;1548.6482592337397
50;2025-12-26;11;1434.0977691328062
50;2025-12-26;12;1428.7324703058644
50;2025-12-26;13;1419.4049789118628
50;2025-12-26;14;1390.420591358356
50;2025-12-26;15;1566.258367248889
50;2025-12-26;16;1772.5174330929099
50;2025-12-26;17;1934.5565909312738
50;2025-12-26;18;1826.5410979498931
50;2025-12-26;19;1111.6297034581191
50;2025-12-26;20;765.0461803962141
50;2025-12-26;21;540.8779715956867
50;2025-12-26;22;267.6454987787204
50;2025-12-26;23;144.99789565684364
50;2025-12-27;0;41.318775180686316
50;2025-12-27;1;0.0
50;2025-12-27;2;0.0
50;2025-12-27;3;0.0
50;2025-12-27;4;0.0
50;2025-12-27;5;35.10440720921167
50;2025-12-27;6;116.48794224799565
50;2025-12-27;7;255.31972815858074
50;2025-12-27;8;412.0136645588212
50;2025-12-27;9;403.0377192968536
50;2025-12-27;10;405.0063251526107
50;2025-12-27;11;519.2740860132365
50;2025-12-27;12;562.5085909182553
50;2025-12-27;13;589.5696988295207
50;2025-12-27;14;611.1700967268523
50;2025-12-27;15;568.9635386552352
50;2025-12-27;16;585.7031927129617
50;2025-12-27;17;574.3500588565959
50;2025-12-27;18;506.4486998391026
50;2025-12-27;19;457.46113640192436
50;2025-12-27;20;344.4695498393845
50;2025-12-27;21;270.6922209663081
50;2025-12-27;22;163.43132238071576
50;2025-12-27;23;95.11733320864425
50;2025-12-28;0;35.60406670088719
50;2025-12-28;1;0.0
50;2025-12-28;2;0.0
50;2025-12-28;3;0.0
50;2025-12-28;4;0.0
50;2025-12-28;5;6.297732328565871
50;2025-12-28;6;67.51997119027067
50;2025-12-28;7;121.23013682731676
50;2025-12-28;8;169.04081627149526
50;2025-12-28;9;245.54413253483904
50;2025-12-28;10;283.77420795125647
50;2025-12-28;11;377.7828671757839
50;2025-12-28;12;427.03328211855364
50;2025-12-28;13;408.96669433325735
50;2025-12-28;14;473.27670308407613
50;2025-12-28;15;455.55082901128446
50;2025-12-28;16;451.82465414700056
50;2025-12-28;17;417.90665308880307
50;2025-12-28;18;376.02104332739214
50;2025-12-28;19;301.2138729466328
50;2025-12-28;20;214.1941919378079
50;2025-12-28;21;181.1648096249794
50;2025-12-28;22;128.64787541690055
50;2025-12-28;23;66.15361146448095
50;2025-12-29;0;42.9227132081362
50;2025-12-29;1;0.0
50;2025-12-29;2;0.0
50;2025-12-29;3;0.0
50;2025-12-29;4;0.0
50;2025-12-29;5;36.319698435576925
50;2025-12-29;6;538.4128380462811
50;2025-12-29;7;1769.1574290024223
50;2025-12-29;8;2502.7123172189026
50;2025-12-29;9;2116.0105832017507
50;2025-12-29;10;1631.9138042580732
50;2025-12-29;11;1500.604482641821
50;2025-12-29;12;1461.786059743502
50;2025-12-29;13;1457.9206040724166
50;2025-12-29;14;1425.1038311879897
50;2025-12-29;15;1605.3854844037687
50;2025-12-29;16;1756.446816288128
50;2025-12-29;17;2341.9582440527083
50;2025-12-29;18;2531.211066217141
50;2025-12-29;19;1474.2984288773891
50;2025-12-29;20;889.5353653195638
50;2025-12-29;21;581.4826336192813
50;2025-12-29;22;270.0277889303983
50;2025-12-29;23;146.60372293524279
50;2025-12-30;0;47.02841622490644
50;2025-12-30;1;0.0
50;2025-12-30;2;0.0
50;2025-12-30;3;0.0
50;2025-12-30;4;4.945548990052885
50;2025-12-30;5;48.443241425335714
50;2025-12-30;6;557.6423367784286
50;2025-12-30;7;1749.804272543489
50;2025-12-30;8;2505.8169085986824
50;2025-12-30;9;2093.9410014798646
50;2025-12-30;10;1611.0600618406138
50;2025-12-30;11;1462.578543943819
50;2025-12-30;12;1381.269599146729
50;2025-12-30;13;1340.7001154928203
50;2025-12-30;14;1328.0992076674538
50;2025-12-30;15;1493.055313618113
50;2025-12-30;16;1705.3313974932967
50;2025-12-30;17;2287.160007266215
50;2025-12-30;18;2468.9969176080554
50;2025-12-30;19;1400.3933606656842
50;2025-12-30;20;855.0091695307897
50;2025-12-30;21;514.2293368029763
50;2025-12-30;22;246.6711381040592
50;2025-12-30;23;149.72208074012065
50;2025-12-31;0;44.93318188794069
50;2025-12-31;1;0.0
50;2025-12-31;2;0.0
50;2025-12-31;3;0.0
50;2025-12-31;4;6.062541855290192
50;2025-12-31;5;29.1010836667308
50;2025-12-31;6;82.0345880182258
50;2025-12-31;7;197.03525910357814
50;2025-12-31;8;378.37425316508177
50;2025-12-31;9;346.7787423159787
50;2025-12-31;10;323.8337323537701
50;2025-12-31;11;408.35876469734666
50;2025-12-31;12;478.7484923274736
50;2025-12-31;13;421.32595205681014
50;2025-12-31;14;471.21428321844786
50;2025-12-31;15;481.2066058988741
50;2025-12-31;16;475.7060932259519
50;2025-12-31;17;597.8340503998403
50;2025-12-31;18;531.4273411979202
50;2025-12-31;19;523.897811570859
50;2025-12-31;20;335.92895686733584
50;2025-12-31;21;245.7512898496542
50;2025-12-31;22;162.96235285503587
50;2025-12-31;23;72.75535146189941
