route;date;hour;boardings
1;2025-01-01;5;2
1;2025-01-01;6;26
1;2025-01-01;7;26
1;2025-01-01;8;26
1;2025-01-01;9;53
1;2025-01-01;10;68
1;2025-01-01;11;49
1;2025-01-01;12;144
1;2025-01-01;13;165
1;2025-01-01;14;217
1;2025-01-01;15;173
1;2025-01-01;16;154
1;2025-01-01;17;126
1;2025-01-01;18;126
1;2025-01-01;19;163
1;2025-01-01;20;162
1;2025-01-01;21;110
1;2025-01-01;22;67
1;2025-01-01;23;3
1;2025-01-02;5;16
1;2025-01-02;6;57
1;2025-01-02;7;116
1;2025-01-02;8;186
1;2025-01-02;9;268
1;2025-01-02;10;335
1;2025-01-02;11;314
1;2025-01-02;12;526
1;2025-01-02;13;600
1;2025-01-02;14;588
1;2025-01-02;15;546
1;2025-01-02;16;493
1;2025-01-02;17;421
1;2025-01-02;18;320
1;2025-01-02;19;296
1;2025-01-02;20;175
1;2025-01-02;21;232
1;2025-01-02;22;94
1;2025-01-02;23;27
1;2025-01-03;5;26
1;2025-01-03;6;96
1;2025-01-03;7;204
1;2025-01-03;8;223
1;2025-01-03;9;383
1;2025-01-03;10;494
1;2025-01-03;11;479
1;2025-01-03;12;715
1;2025-01-03;13;635
1;2025-01-03;14;757
1;2025-01-03;15;646
1;2025-01-03;16;611
1;2025-01-03;17;583
1;2025-01-03;18;419
1;2025-01-03;19;268
1;2025-01-03;20;295
1;2025-01-03;21;258
1;2025-01-03;22;140
1;2025-01-03;23;36
1;2025-01-04;5;24
1;2025-01-04;6;100
1;2025-01-04;7;185
1;2025-01-04;8;251
1;2025-01-04;9;379
1;2025-01-04;10;463
1;2025-01-04;11;403
1;2025-01-04;12;633
1;2025-01-04;13;655
1;2025-01-04;14;650
1;2025-01-04;15;610
1;2025-01-04;16;517
1;2025-01-04;17;417
1;2025-01-04;18;455
1;2025-01-04;19;371
1;2025-01-04;20;279
1;2025-01-04;21;248
1;2025-01-04;22;90
1;2025-01-04;23;30
1;2025-01-05;5;13
1;2025-01-05;6;127
1;2025-01-05;7;194
1;2025-01-05;8;314
1;2025-01-05;9;460
1;2025-01-05;10;528
1;2025-01-05;11;590
1;2025-01-05;12;673
1;2025-01-05;13;699
1;2025-01-05;14;652
1;2025-01-05;15;584
1;2025-01-05;16;535
1;2025-01-05;17;421
1;2025-01-05;18;418
1;2025-01-05;19;375
1;2025-01-05;20;262
1;2025-01-05;21;248
1;2025-01-05;22;148
1;2025-01-05;23;36
1;2025-01-06;5;29
1;2025-01-06;6;95
1;2025-01-06;7;222
1;2025-01-06;8;277
1;2025-01-06;9;455
1;2025-01-06;10;510
1;2025-01-06;11;558
1;2025-01-06;12;746
1;2025-01-06;13;786
1;2025-01-06;14;691
1;2025-01-06;15;697
1;2025-01-06;16;705
1;2025-01-06;17;617
1;2025-01-06;18;483
1;2025-01-06;19;442
1;2025-01-06;20;287
1;2025-01-06;21;263
1;2025-01-06;22;107
1;2025-01-06;23;36
1;2025-01-07;5;16
1;2025-01-07;6;80
1;2025-01-07;7;182
1;2025-01-07;8;249
1;2025-01-07;9;467
1;2025-01-07;10;492
1;2025-01-07;11;373
1;2025-01-07;12;540
1;2025-01-07;13;703
1;2025-01-07;14;587
1;2025-01-07;15;543
1;2025-01-07;16;598
1;2025-01-07;17;446
1;2025-01-07;18;317
1;2025-01-07;19;350
1;2025-01-07;20;295
1;2025-01-07;21;244
1;2025-01-07;22;138
1;2025-01-07;23;19
1;2025-01-08;5;22
1;2025-01-08;6;107
1;2025-01-08;7;242
1;2025-01-08;8;272
1;2025-01-08;9;433
1;2025-01-08;10;521
1;2025-01-08;11;450
1;2025-01-08;12;690
1;2025-01-08;13;791
1;2025-01-08;14;597
1;2025-01-08;15;576
1;2025-01-08;16;635
1;2025-01-08;17;612
1;2025-01-08;18;408
1;2025-01-08;19;347
1;2025-01-08;20;300
1;2025-01-08;21;211
1;2025-01-08;22;100
1;2025-01-08;23;18
1;2025-01-09;4;10
1;2025-01-09;5;151
1;2025-01-09;6;514
1;2025-01-09;7;1630
1;2025-01-09;8;1882
1;2025-01-09;9;1460
1;2025-01-09;10;1453
1;2025-01-09;11;1443
1;2025-01-09;12;1451
1;2025-01-09;13;1538
1;2025-01-09;14;1405
1;2025-01-09;15;1833
1;2025-01-09;16;1567
1;2025-01-09;17;1685
1;2025-01-09;18;1943
1;2025-01-09;19;1353
1;2025-01-09;20;938
1;2025-01-09;21;578
1;2025-01-09;22;221
1;2025-01-09;23;61
1;2025-01-10;0;7
1;2025-01-10;1;1
1;2025-01-10;4;7
1;2025-01-10;5;130
1;2025-01-10;6;517
1;2025-01-10;7;1356
1;2025-01-10;8;1554
1;2025-01-10;9;1209
1;2025-01-10;10;1136
1;2025-01-10;11;1266
1;2025-01-10;12;1258
1;2025-01-10;13;1273
1;2025-01-10;14;1459
1;2025-01-10;15;1397
1;2025-01-10;16;1398
1;2025-01-10;17;1635
1;2025-01-10;18;1412
1;2025-01-10;19;1011
1;2025-01-10;20;676
1;2025-01-10;21;442
1;2025-01-10;22;239
1;2025-01-10;23;49
1;2025-01-11;0;3
1;2025-01-11;5;22
1;2025-01-11;6;129
1;2025-01-11;7;252
1;2025-01-11;8;312
1;2025-01-11;9;617
1;2025-01-11;10;596
1;2025-01-11;11;695
1;2025-01-11;12;978
1;2025-01-11;13;908
1;2025-01-11;14;821
1;2025-01-11;15;841
1;2025-01-11;16;639
1;2025-01-11;17;580
1;2025-01-11;18;467
1;2025-01-11;19;403
1;2025-01-11;20;295
1;2025-01-11;21;231
1;2025-01-11;22;121
1;2025-01-11;23;30
1;2025-01-12;5;20
1;2025-01-12;6;95
1;2025-01-12;7;218
1;2025-01-12;8;296
1;2025-01-12;9;466
1;2025-01-12;10;561
1;2025-01-12;11;600
1;2025-01-12;12;799
1;2025-01-12;13;832
1;2025-01-12;14;775
1;2025-01-12;15;742
1;2025-01-12;16;628
1;2025-01-12;17;560
1;2025-01-12;18;499
1;2025-01-12;19;462
1;2025-01-12;20;294
1;2025-01-12;21;225
1;2025-01-12;22;83
1;2025-01-12;23;27
1;2025-01-13;4;9
1;2025-01-13;5;107
1;2025-01-13;6;466
1;2025-01-13;7;1313
1;2025-01-13;8;1557
1;2025-01-13;9;1146
1;2025-01-13;10;1180
1;2025-01-13;11;1140
1;2025-01-13;12;1435
1;2025-01-13;13;1257
1;2025-01-13;14;1218
1;2025-01-13;15;1542
1;2025-01-13;16;1565
1;2025-01-13;17;1643
1;2025-01-13;18;1488
1;2025-01-13;19;1275
1;2025-01-13;20;854
1;2025-01-13;21;479
1;2025-01-13;22;168
1;2025-01-13;23;51
1;2025-01-14;0;1
1;2025-01-14;4;5
1;2025-01-14;5;143
1;2025-01-14;6;565
1;2025-01-14;7;1502
1;2025-01-14;8;1781
1;2025-01-14;9;1338
1;2025-01-14;10;1301
1;2025-01-14;11;1258
1;2025-01-14;12;1282
1;2025-01-14;13;1322
1;2025-01-14;14;1317
1;2025-01-14;15;1428
1;2025-01-14;16;1293
1;2025-01-14;17;1513
1;2025-01-14;18;1672
1;2025-01-14;19;1278
1;2025-01-14;20;918
1;2025-01-14;21;455
1;2025-01-14;22;247
1;2025-01-14;23;56
1;2025-01-15;0;4
1;2025-01-15;4;7
1;2025-01-15;5;117
1;2025-01-15;6;486
1;2025-01-15;7;1333
1;2025-01-15;8;1687
1;2025-01-15;9;1229
1;2025-01-15;10;1112
1;2025-01-15;11;1271
1;2025-01-15;12;1329
1;2025-01-15;13;1454
1;2025-01-15;14;1356
1;2025-01-15;15;1607
1;2025-01-15;16;1617
1;2025-01-15;17;1687
1;2025-01-15;18;1678
1;2025-01-15;19;1446
1;2025-01-15;20;959
1;2025-01-15;21;513
1;2025-01-15;22;198
1;2025-01-15;23;57
1;2025-01-16;0;7
1;2025-01-16;4;4
1;2025-01-16;5;150
1;2025-01-16;6;574
1;2025-01-16;7;1481
1;2025-01-16;8;1789
1;2025-01-16;9;1469
1;2025-01-16;10;1303
1;2025-01-16;11;1355
1;2025-01-16;12;1442
1;2025-01-16;13;1492
1;2025-01-16;14;1372
1;2025-01-16;15;1526
1;2025-01-16;16;1570
1;2025-01-16;17;1554
1;2025-01-16;18;1688
1;2025-01-16;19;1251
1;2025-01-16;20;934
1;2025-01-16;21;411
1;2025-01-16;22;247
1;2025-01-16;23;95
1;2025-01-17;0;8
1;2025-01-17;4;3
1;2025-01-17;5;141
1;2025-01-17;6;539
1;2025-01-17;7;1545
1;2025-01-17;8;1811
1;2025-01-17;9;1161
1;2025-01-17;10;1143
1;2025-01-17;11;1336
1;2025-01-17;12;1326
1;2025-01-17;13;1445
1;2025-01-17;14;1363
1;2025-01-17;15;1454
1;2025-01-17;16;1546
1;2025-01-17;17;1697
1;2025-01-17;18;1500
1;2025-01-17;19;1055
1;2025-01-17;20;768
1;2025-01-17;21;455
1;2025-01-17;22;213
1;2025-01-17;23;88
1;2025-01-18;0;9
1;2025-01-18;5;24
1;2025-01-18;6;146
1;2025-01-18;7;256
1;2025-01-18;8;425
1;2025-01-18;9;710
1;2025-01-18;10;764
1;2025-01-18;11;829
1;2025-01-18;12;1061
1;2025-01-18;13;1100
1;2025-01-18;14;1055
1;2025-01-18;15;952
1;2025-01-18;16;770
1;2025-01-18;17;676
1;2025-01-18;18;615
1;2025-01-18;19;508
1;2025-01-18;20;457
1;2025-01-18;21;283
1;2025-01-18;22;156
1;2025-01-18;23;46
1;2025-01-19;5;25
1;2025-01-19;6;135
1;2025-01-19;7;216
1;2025-01-19;8;343
1;2025-01-19;9;626
1;2025-01-19;10;758
1;2025-01-19;11;938
1;2025-01-19;12;999
1;2025-01-19;13;1268
1;2025-01-19;14;844
1;2025-01-19;15;898
1;2025-01-19;16;787
1;2025-01-19;17;803
1;2025-01-19;18;552
1;2025-01-19;19;490
1;2025-01-19;20;410
1;2025-01-19;21;326
1;2025-01-19;22;130
1;2025-01-19;23;81
1;2025-01-20;0;5
1;2025-01-20;4;8
1;2025-01-20;5;108
1;2025-01-20;6;577
1;2025-01-20;7;1303
1;2025-01-20;8;1679
1;2025-01-20;9;1329
1;2025-01-20;10;1254
1;2025-01-20;11;1306
1;2025-01-20;12;1236
1;2025-01-20;13;1278
1;2025-01-20;14;1271
1;2025-01-20;15;1306
1;2025-01-20;16;1387
1;2025-01-20;17;1305
1;2025-01-20;18;1491
1;2025-01-20;19;1074
1;2025-01-20;20;756
1;2025-01-20;21;437
1;2025-01-20;22;210
1;2025-01-20;23;54
1;2025-01-21;0;6
1;2025-01-21;4;10
1;2025-01-21;5;158
1;2025-01-21;6;604
1;2025-01-21;7;1387
1;2025-01-21;8;1591
1;2025-01-21;9;1413
1;2025-01-21;10;1350
1;2025-01-21;11;1268
1;2025-01-21;12;1308
1;2025-01-21;13;1403
1;2025-01-21;14;1327
1;2025-01-21;15;1431
1;2025-01-21;16;1212
1;2025-01-21;17;1225
1;2025-01-21;18;1579
1;2025-01-21;19;1199
1;2025-01-21;20;687
1;2025-01-21;21;499
1;2025-01-21;22;228
1;2025-01-21;23;48
1;2025-01-22;0;7
1;2025-01-22;4;5
1;2025-01-22;5;176
1;2025-01-22;6;578
1;2025-01-22;7;1566
1;2025-01-22;8;1751
1;2025-01-22;9;1535
1;2025-01-22;10;1259
1;2025-01-22;11;1372
1;2025-01-22;12;1281
1;2025-01-22;13;1532
1;2025-01-22;14;1191
1;2025-01-22;15;1499
1;2025-01-22;16;1307
1;2025-01-22;17;1648
1;2025-01-22;18;1671
1;2025-01-22;19;1225
1;2025-01-22;20;837
1;2025-01-22;21;462
1;2025-01-22;22;231
1;2025-01-22;23;48
1;2025-01-23;0;6
1;2025-01-23;4;4
1;2025-01-23;5;176
1;2025-01-23;6;614
1;2025-01-23;7;1431
1;2025-01-23;8;1591
1;2025-01-23;9;1314
1;2025-01-23;10;1232
1;2025-01-23;11;1422
1;2025-01-23;12;1325
1;2025-01-23;13;1407
1;2025-01-23;14;1537
1;2025-01-23;15;1684
1;2025-01-23;16;1507
1;2025-01-23;17;1789
1;2025-01-23;18;1740
1;2025-01-23;19;1383
1;2025-01-23;20;813
1;2025-01-23;21;503
1;2025-01-23;22;252
1;2025-01-23;23;59
1;2025-01-24;0;6
1;2025-01-24;4;4
1;2025-01-24;5;134
1;2025-01-24;6;483
1;2025-01-24;7;1542
1;2025-01-24;8;1678
1;2025-01-24;9;1344
1;2025-01-24;10;1224
1;2025-01-24;11;1336
1;2025-01-24;12;1281
1;2025-01-24;13;1462
1;2025-01-24;14;1345
1;2025-01-24;15;1575
1;2025-01-24;16;1590
1;2025-01-24;17;1762
1;2025-01-24;18;1433
1;2025-01-24;19;1095
1;2025-01-24;20;751
1;2025-01-24;21;430
1;2025-01-24;22;303
1;2025-01-24;23;58
1;2025-01-25;0;7
1;2025-01-25;5;27
1;2025-01-25;6;168
1;2025-01-25;7;291
1;2025-01-25;8;306
1;2025-01-25;9;676
1;2025-01-25;10;804
1;2025-01-25;11;763
1;2025-01-25;12;906
1;2025-01-25;13;1074
1;2025-01-25;14;997
1;2025-01-25;15;807
1;2025-01-25;16;715
1;2025-01-25;17;695
1;2025-01-25;18;511
1;2025-01-25;19;429
1;2025-01-25;20;300
1;2025-01-25;21;255
1;2025-01-25;22;135
1;2025-01-25;23;87
1;2025-01-26;5;27
1;2025-01-26;6;127
1;2025-01-26;7;208
1;2025-01-26;8;291
1;2025-01-26;9;430
1;2025-01-26;10;584
1;2025-01-26;11;519
1;2025-01-26;12;668
1;2025-01-26;13;847
1;2025-01-26;14;741
1;2025-01-26;15;686
1;2025-01-26;16;536
1;2025-01-26;17;521
1;2025-01-26;18;555
1;2025-01-26;19;381
1;2025-01-26;20;386
1;2025-01-26;21;263
1;2025-01-26;22;129
1;2025-01-26;23;17
1;2025-01-27;4;6
1;2025-01-27;5;143
1;2025-01-27;6;581
1;2025-01-27;7;1589
1;2025-01-27;8;1767
1;2025-01-27;9;1434
1;2025-01-27;10;1071
1;2025-01-27;11;1179
1;2025-01-27;12;1481
1;2025-01-27;13;1347
1;2025-01-27;14;1295
1;2025-01-27;15;1452
1;2025-01-27;16;1337
1;2025-01-27;17;1669
1;2025-01-27;18;1706
1;2025-01-27;19;1164
1;2025-01-27;20;835
1;2025-01-27;21;504
1;2025-01-27;22;218
1;2025-01-27;23;57
1;2025-01-28;0;13
1;2025-01-28;4;5
1;2025-01-28;5;144
1;2025-01-28;6;581
1;2025-01-28;7;1470
1;2025-01-28;8;1796
1;2025-01-28;9;1373
1;2025-01-28;10;1257
1;2025-01-28;11;1335
1;2025-01-28;12;1360
1;2025-01-28;13;1347
1;2025-01-28;14;1343
1;2025-01-28;15;1568
1;2025-01-28;16;1484
1;2025-01-28;17;1769
1;2025-01-28;18;1633
1;2025-01-28;19;1220
1;2025-01-28;20;805
1;2025-01-28;21;527
1;2025-01-28;22;226
1;2025-01-28;23;32
1;2025-01-29;0;10
1;2025-01-29;4;9
1;2025-01-29;5;128
1;2025-01-29;6;591
1;2025-01-29;7;1450
1;2025-01-29;8;1673
1;2025-01-29;9;1322
1;2025-01-29;10;1173
1;2025-01-29;11;1255
1;2025-01-29;12;1235
1;2025-01-29;13;1259
1;2025-01-29;14;1124
1;2025-01-29;15;1397
1;2025-01-29;16;1352
1;2025-01-29;17;1575
1;2025-01-29;18;1640
1;2025-01-29;19;1007
1;2025-01-29;20;713
1;2025-01-29;21;431
1;2025-01-29;22;279
1;2025-01-29;23;20
1;2025-01-30;0;2
1;2025-01-30;4;6
1;2025-01-30;5;147
1;2025-01-30;6;584
1;2025-01-30;7;1609
1;2025-01-30;8;1880
1;2025-01-30;9;1739
1;2025-01-30;10;1376
1;2025-01-30;11;1382
1;2025-01-30;12;1635
1;2025-01-30;13;1459
1;2025-01-30;14;1504
1;2025-01-30;15;1486
1;2025-01-30;16;1827
1;2025-01-30;17;1760
1;2025-01-30;18;1811
1;2025-01-30;19;1444
1;2025-01-30;20;848
1;2025-01-30;21;520
1;2025-01-30;22;244
1;2025-01-30;23;72
1;2025-01-31;0;11
1;2025-01-31;4;3
1;2025-01-31;5;116
1;2025-01-31;6;608
1;2025-01-31;7;1488
1;2025-01-31;8;1944
1;2025-01-31;9;1513
1;2025-01-31;10;1336
1;2025-01-31;11;1447
1;2025-01-31;12;1410
1;2025-01-31;13;1412
1;2025-01-31;14;1487
1;2025-01-31;15;1645
1;2025-01-31;16;1474
1;2025-01-31;17;1659
1;2025-01-31;18;1524
1;2025-01-31;19;1181
1;2025-01-31;20;772
1;2025-01-31;21;568
1;2025-01-31;22;265
1;2025-01-31;23;59
1;2025-02-01;0;22
1;2025-02-01;5;36
1;2025-02-01;6;135
1;2025-02-01;7;274
1;2025-02-01;8;334
1;2025-02-01;9;666
1;2025-02-01;10;675
1;2025-02-01;11;743
1;2025-02-01;12;889
1;2025-02-01;13;941
1;2025-02-01;14;879
1;2025-02-01;15;937
1;2025-02-01;16;718
1;2025-02-01;17;690
1;2025-02-01;18;644
1;2025-02-01;19;551
1;2025-02-01;20;443
1;2025-02-01;21;238
1;2025-02-01;22;174
1;2025-02-01;23;25
1;2025-02-02;4;2
1;2025-02-02;5;21
1;2025-02-02;6;99
1;2025-02-02;7;212
1;2025-02-02;8;259
1;2025-02-02;9;530
1;2025-02-02;10;681
1;2025-02-02;11;675
1;2025-02-02;12;850
1;2025-02-02;13;878
1;2025-02-02;14;837
1;2025-02-02;15;697
1;2025-02-02;16;666
1;2025-02-02;17;443
1;2025-02-02;18;394
1;2025-02-02;19;359
1;2025-02-02;20;320
1;2025-02-02;21;199
1;2025-02-02;22;88
1;2025-02-02;23;25
1;2025-02-03;4;6
1;2025-02-03;5;122
1;2025-02-03;6;516
1;2025-02-03;7;1549
1;2025-02-03;8;1845
1;2025-02-03;9;1471
1;2025-02-03;10;1169
1;2025-02-03;11;1235
1;2025-02-03;12;1396
1;2025-02-03;13;1333
1;2025-02-03;14;1225
1;2025-02-03;15;1446
1;2025-02-03;16;1444
1;2025-02-03;17;1666
1;2025-02-03;18;1444
1;2025-02-03;19;1260
1;2025-02-03;20;746
1;2025-02-03;21;474
1;2025-02-03;22;270
1;2025-02-03;23;30
1;2025-02-04;0;1
1;2025-02-04;4;5
1;2025-02-04;5;155
1;2025-02-04;6;606
1;2025-02-04;7;1474
1;2025-02-04;8;1847
1;2025-02-04;9;1382
1;2025-02-04;10;1147
1;2025-02-04;11;1324
1;2025-02-04;12;1320
1;2025-02-04;13;1334
1;2025-02-04;14;1089
1;2025-02-04;15;1533
1;2025-02-04;16;1333
1;2025-02-04;17;1562
1;2025-02-04;18;1565
1;2025-02-04;19;1077
1;2025-02-04;20;775
1;2025-02-04;21;469
1;2025-02-04;22;208
1;2025-02-04;23;64
1;2025-02-05;0;9
1;2025-02-05;4;8
1;2025-02-05;5;133
1;2025-02-05;6;608
1;2025-02-05;7;1431
1;2025-02-05;8;1785
1;2025-02-05;9;1484
1;2025-02-05;10;1185
1;2025-02-05;11;1158
1;2025-02-05;12;1358
1;2025-02-05;13;1286
1;2025-02-05;14;1377
1;2025-02-05;15;1401
1;2025-02-05;16;1528
1;2025-02-05;17;1775
1;2025-02-05;18;1622
1;2025-02-05;19;1190
1;2025-02-05;20;844
1;2025-02-05;21;450
1;2025-02-05;22;191
1;2025-02-05;23;67
1;2025-02-06;0;3
1;2025-02-06;4;8
1;2025-02-06;5;131
1;2025-02-06;6;527
1;2025-02-06;7;1428
1;2025-02-06;8;1789
1;2025-02-06;9;1254
1;2025-02-06;10;1180
1;2025-02-06;11;1391
1;2025-02-06;12;1385
1;2025-02-06;13;1447
1;2025-02-06;14;1555
1;2025-02-06;15;1664
1;2025-02-06;16;1586
1;2025-02-06;17;1750
1;2025-02-06;18;1755
1;2025-02-06;19;1401
1;2025-02-06;20;849
1;2025-02-06;21;565
1;2025-02-06;22;248
1;2025-02-06;23;82
1;2025-02-07;0;10
1;2025-02-07;4;6
1;2025-02-07;5;145
1;2025-02-07;6;592
1;2025-02-07;7;1575
1;2025-02-07;8;1726
1;2025-02-07;9;1397
1;2025-02-07;10;1272
1;2025-02-07;11;1410
1;2025-02-07;12;1440
1;2025-02-07;13;1355
1;2025-02-07;14;1370
1;2025-02-07;15;1522
1;2025-02-07;16;1380
1;2025-02-07;17;1331
1;2025-02-07;18;1576
1;2025-02-07;19;1039
1;2025-02-07;20;819
1;2025-02-07;21;511
1;2025-02-07;22;203
1;2025-02-07;23;65
1;2025-02-08;0;12
1;2025-02-08;5;38
1;2025-02-08;6;186
1;2025-02-08;7;300
1;2025-02-08;8;429
1;2025-02-08;9;665
1;2025-02-08;10;732
1;2025-02-08;11;815
1;2025-02-08;12;1126
1;2025-02-08;13;917
1;2025-02-08;14;1008
1;2025-02-08;15;766
1;2025-02-08;16;724
1;2025-02-08;17;783
1;2025-02-08;18;524
1;2025-02-08;19;540
1;2025-02-08;20;440
1;2025-02-08;21;344
1;2025-02-08;22;97
1;2025-02-08;23;39
1;2025-02-09;0;2
1;2025-02-09;5;30
1;2025-02-09;6;118
1;2025-02-09;7;258
1;2025-02-09;8;332
1;2025-02-09;9;516
1;2025-02-09;10;645
1;2025-02-09;11;720
1;2025-02-09;12;878
1;2025-02-09;13;916
1;2025-02-09;14;748
1;2025-02-09;15;702
1;2025-02-09;16;633
1;2025-02-09;17;609
1;2025-02-09;18;539
1;2025-02-09;19;418
1;2025-02-09;20;328
1;2025-02-09;21;247
1;2025-02-09;22;106
1;2025-02-09;23;25
1;2025-02-10;4;10
1;2025-02-10;5;101
1;2025-02-10;6;585
1;2025-02-10;7;1448
1;2025-02-10;8;1690
1;2025-02-10;9;1280
1;2025-02-10;10;1197
1;2025-02-10;11;1289
1;2025-02-10;12;1190
1;2025-02-10;13;1343
1;2025-02-10;14;1245
1;2025-02-10;15;1653
1;2025-02-10;16;1445
1;2025-02-10;17;1625
1;2025-02-10;18;1994
1;2025-02-10;19;1391
1;2025-02-10;20;799
1;2025-02-10;21;479
1;2025-02-10;22;212
1;2025-02-10;23;34
1;2025-02-11;0;5
1;2025-02-11;4;3
1;2025-02-11;5;116
1;2025-02-11;6;551
1;2025-02-11;7;1477
1;2025-02-11;8;1707
1;2025-02-11;9;1420
1;2025-02-11;10;1253
1;2025-02-11;11;1524
1;2025-02-11;12;1346
1;2025-02-11;13;1414
1;2025-02-11;14;1330
1;2025-02-11;15;1332
1;2025-02-11;16;1362
1;2025-02-11;17;1556
1;2025-02-11;18;1593
1;2025-02-11;19;1385
1;2025-02-11;20;684
1;2025-02-11;21;493
1;2025-02-11;22;170
1;2025-02-11;23;101
1;2025-02-12;0;7
1;2025-02-12;1;2
1;2025-02-12;4;3
1;2025-02-12;5;150
1;2025-02-12;6;602
1;2025-02-12;7;1565
1;2025-02-12;8;1888
1;2025-02-12;9;1535
1;2025-02-12;10;1220
1;2025-02-12;11;1409
1;2025-02-12;12;1551
1;2025-02-12;13;1641
1;2025-02-12;14;1356
1;2025-02-12;15;1417
1;2025-02-12;16;1511
1;2025-02-12;17;1630
1;2025-02-12;18;1752
1;2025-02-12;19;1141
1;2025-02-12;20;778
1;2025-02-12;21;358
1;2025-02-12;22;192
1;2025-02-12;23;54
1;2025-02-13;0;2
1;2025-02-13;4;6
1;2025-02-13;5;107
1;2025-02-13;6;465
1;2025-02-13;7;1112
1;2025-02-13;8;1592
1;2025-02-13;9;1198
1;2025-02-13;10;1223
1;2025-02-13;11;1183
1;2025-02-13;12;1307
1;2025-02-13;13;1296
1;2025-02-13;14;1268
1;2025-02-13;15;1524
1;2025-02-13;16;1405
1;2025-02-13;17;1671
1;2025-02-13;18;1779
1;2025-02-13;19;1349
1;2025-02-13;20;792
1;2025-02-13;21;398
1;2025-02-13;22;213
1;2025-02-13;23;33
1;2025-02-14;0;4
1;2025-02-14;4;7
1;2025-02-14;5;130
1;2025-02-14;6;606
1;2025-02-14;7;1493
1;2025-02-14;8;1561
1;2025-02-14;9;1350
1;2025-02-14;10;1219
1;2025-02-14;11;1347
1;2025-02-14;12;1328
1;2025-02-14;13;1445
1;2025-02-14;14;1301
1;2025-02-14;15;1529
1;2025-02-14;16;1587
1;2025-02-14;17;1622
1;2025-02-14;18;1491
1;2025-02-14;19;1107
1;2025-02-14;20;820
1;2025-02-14;21;576
1;2025-02-14;22;257
1;2025-02-14;23;66
1;2025-02-15;0;11
1;2025-02-15;5;40
1;2025-02-15;6;172
1;2025-02-15;7;349
1;2025-02-15;8;497
1;2025-02-15;9;685
1;2025-02-15;10;929
1;2025-02-15;11;798
1;2025-02-15;12;1099
1;2025-02-15;13;1087
1;2025-02-15;14;909
1;2025-02-15;15;624
1;2025-02-15;16;789
1;2025-02-15;17;547
1;2025-02-15;18;559
1;2025-02-15;19;436
1;2025-02-15;20;376
1;2025-02-15;21;283
1;2025-02-15;22;124
1;2025-02-15;23;65
1;2025-02-16;5;11
1;2025-02-16;6;119
1;2025-02-16;7;227
1;2025-02-16;8;366
1;2025-02-16;9;610
1;2025-02-16;10;704
1;2025-02-16;11;621
1;2025-02-16;12;885
1;2025-02-16;13;989
1;2025-02-16;14;813
1;2025-02-16;15;682
1;2025-02-16;16;631
1;2025-02-16;17;631
1;2025-02-16;18;469
1;2025-02-16;19;393
1;2025-02-16;20;408
1;2025-02-16;21;266
1;2025-02-16;22;144
1;2025-02-16;23;37
1;2025-02-17;4;8
1;2025-02-17;5;158
1;2025-02-17;6;498
1;2025-02-17;7;1265
1;2025-02-17;8;1613
1;2025-02-17;9;1173
1;2025-02-17;10;1079
1;2025-02-17;11;1262
1;2025-02-17;12;1217
1;2025-02-17;13;1209
1;2025-02-17;14;1238
1;2025-02-17;15;1370
1;2025-02-17;16;1335
1;2025-02-17;17;1589
1;2025-02-17;18;1803
1;2025-02-17;19;1389
1;2025-02-17;20;761
1;2025-02-17;21;430
1;2025-02-17;22;266
1;2025-02-17;23;49
1;2025-02-18;0;1
1;2025-02-18;4;9
1;2025-02-18;5;143
1;2025-02-18;6;542
1;2025-02-18;7;1508
1;2025-02-18;8;1620
1;2025-02-18;9;1330
1;2025-02-18;10;1248
1;2025-02-18;11;1402
1;2025-02-18;12;1444
1;2025-02-18;13;1369
1;2025-02-18;14;1252
1;2025-02-18;15;1431
1;2025-02-18;16;1413
1;2025-02-18;17;1519
1;2025-02-18;18;1531
1;2025-02-18;19;1246
1;2025-02-18;20;872
1;2025-02-18;21;536
1;2025-02-18;22;231
1;2025-02-18;23;49
1;2025-02-19;0;5
1;2025-02-19;4;8
1;2025-02-19;5;151
1;2025-02-19;6;620
1;2025-02-19;7;1323
1;2025-02-19;8;1709
1;2025-02-19;9;1470
1;2025-02-19;10;1165
1;2025-02-19;11;1420
1;2025-02-19;12;1498
1;2025-02-19;13;1474
1;2025-02-19;14;1335
1;2025-02-19;15;1541
1;2025-02-19;16;1418
1;2025-02-19;17;1601
1;2025-02-19;18;1664
1;2025-02-19;19;1410
1;2025-02-19;20;862
1;2025-02-19;21;526
1;2025-02-19;22;288
1;2025-02-19;23;51
1;2025-02-20;0;8
1;2025-02-20;4;8
1;2025-02-20;5;125
1;2025-02-20;6;649
1;2025-02-20;7;1436
1;2025-02-20;8;1604
1;2025-02-20;9;1433
1;2025-02-20;10;1228
1;2025-02-20;11;1249
1;2025-02-20;12;1040
1;2025-02-20;13;1201
1;2025-02-20;14;1238
1;2025-02-20;15;1280
1;2025-02-20;16;1462
1;2025-02-20;17;1733
1;2025-02-20;18;1618
1;2025-02-20;19;1289
1;2025-02-20;20;796
1;2025-02-20;21;529
1;2025-02-20;22;278
1;2025-02-20;23;56
1;2025-02-21;0;6
1;2025-02-21;4;7
1;2025-02-21;5;144
1;2025-02-21;6;546
1;2025-02-21;7;1452
1;2025-02-21;8;1777
1;2025-02-21;9;1510
1;2025-02-21;10;1409
1;2025-02-21;11;1627
1;2025-02-21;12;1551
1;2025-02-21;13;1769
1;2025-02-21;14;1509
1;2025-02-21;15;1671
1;2025-02-21;16;2147
1;2025-02-21;17;1960
1;2025-02-21;18;1760
1;2025-02-21;19;1317
1;2025-02-21;20;919
1;2025-02-21;21;576
1;2025-02-21;22;305
1;2025-02-21;23;76
1;2025-02-22;0;13
1;2025-02-22;5;41
1;2025-02-22;6;163
1;2025-02-22;7;388
1;2025-02-22;8;476
1;2025-02-22;9;819
1;2025-02-22;10;1014
1;2025-02-22;11;994
1;2025-02-22;12;970
1;2025-02-22;13;1002
1;2025-02-22;14;933
1;2025-02-22;15;818
1;2025-02-22;16;775
1;2025-02-22;17;709
1;2025-02-22;18;624
1;2025-02-22;19;649
1;2025-02-22;20;384
1;2025-02-22;21;330
1;2025-02-22;22;147
1;2025-02-22;23;55
1;2025-02-23;0;4
1;2025-02-23;4;2
1;2025-02-23;5;23
1;2025-02-23;6;97
1;2025-02-23;7;240
1;2025-02-23;8;308
1;2025-02-23;9;581
1;2025-02-23;10;689
1;2025-02-23;11;628
1;2025-02-23;12;726
1;2025-02-23;13;941
1;2025-02-23;14;840
1;2025-02-23;15;687
1;2025-02-23;16;564
1;2025-02-23;17;564
1;2025-02-23;18;520
1;2025-02-23;19;518
1;2025-02-23;20;340
1;2025-02-23;21;301
1;2025-02-23;22;133
1;2025-02-23;23;39
1;2025-02-24;4;2
1;2025-02-24;5;139
1;2025-02-24;6;561
1;2025-02-24;7;1482
1;2025-02-24;8;1736
1;2025-02-24;9;1375
1;2025-02-24;10;1174
1;2025-02-24;11;1227
1;2025-02-24;12;1142
1;2025-02-24;13;1250
1;2025-02-24;14;953
1;2025-02-24;15;1427
1;2025-02-24;16;1416
1;2025-02-24;17;1703
1;2025-02-24;18;1886
1;2025-02-24;19;1286
1;2025-02-24;20;846
1;2025-02-24;21;471
1;2025-02-24;22;239
1;2025-02-24;23;50
1;2025-02-25;0;1
1;2025-02-25;4;3
1;2025-02-25;5;140
1;2025-02-25;6;690
1;2025-02-25;7;1530
1;2025-02-25;8;1926
1;2025-02-25;9;1342
1;2025-02-25;10;1232
1;2025-02-25;11;1286
1;2025-02-25;12;1397
1;2025-02-25;13;1230
1;2025-02-25;14;1140
1;2025-02-25;15;1527
1;2025-02-25;16;1560
1;2025-02-25;17;1676
1;2025-02-25;18;1718
1;2025-02-25;19;1374
1;2025-02-25;20;905
1;2025-02-25;21;476
1;2025-02-25;22;226
1;2025-02-25;23;50
1;2025-02-26;0;5
1;2025-02-26;4;8
1;2025-02-26;5;150
1;2025-02-26;6;597
1;2025-02-26;7;1463
1;2025-02-26;8;1775
1;2025-02-26;9;1338
1;2025-02-26;10;1277
1;2025-02-26;11;1401
1;2025-02-26;12;1556
1;2025-02-26;13;1389
1;2025-02-26;14;1379
1;2025-02-26;15;1387
1;2025-02-26;16;1461
1;2025-02-26;17;1834
1;2025-02-26;18;1673
1;2025-02-26;19;1350
1;2025-02-26;20;860
1;2025-02-26;21;430
1;2025-02-26;22;277
1;2025-02-26;23;63
1;2025-02-27;0;15
1;2025-02-27;4;6
1;2025-02-27;5;140
1;2025-02-27;6;658
1;2025-02-27;7;1427
1;2025-02-27;8;1782
1;2025-02-27;9;1595
1;2025-02-27;10;1303
1;2025-02-27;11;1446
1;2025-02-27;12;1601
1;2025-02-27;13;1538
1;2025-02-27;14;1500
1;2025-02-27;15;1555
1;2025-02-27;16;1423
1;2025-02-27;17;1686
1;2025-02-27;18;1832
1;2025-02-27;19;1408
1;2025-02-27;20;956
1;2025-02-27;21;467
1;2025-02-27;22;245
1;2025-02-27;23;56
1;2025-02-28;0;10
1;2025-02-28;4;7
1;2025-02-28;5;134
1;2025-02-28;6;592
1;2025-02-28;7;1586
1;2025-02-28;8;1986
1;2025-02-28;9;1376
1;2025-02-28;10;1182
1;2025-02-28;11;1483
1;2025-02-28;12;1537
1;2025-02-28;13;1410
1;2025-02-28;14;1207
1;2025-02-28;15;1574
1;2025-02-28;16;1533
1;2025-02-28;17;1598
1;2025-02-28;18;1582
1;2025-02-28;19;1117
1;2025-02-28;20;872
1;2025-02-28;21;511
1;2025-02-28;22;300
1;2025-02-28;23;77
1;2025-03-01;0;8
1;2025-03-01;5;31
1;2025-03-01;6;178
1;2025-03-01;7;281
1;2025-03-01;8;494
1;2025-03-01;9;750
1;2025-03-01;10;809
1;2025-03-01;11;846
1;2025-03-01;12;940
1;2025-03-01;13;1035
1;2025-03-01;14;1014
1;2025-03-01;15;844
1;2025-03-01;16;782
1;2025-03-01;17;709
1;2025-03-01;18;651
1;2025-03-01;19;577
1;2025-03-01;20;436
1;2025-03-01;21;340
1;2025-03-01;22;167
1;2025-03-01;23;38
1;2025-03-02;5;16
1;2025-03-02;6;130
1;2025-03-02;7;214
1;2025-03-02;8;388
1;2025-03-02;9;570
1;2025-03-02;10;734
1;2025-03-02;11;630
1;2025-03-02;12;880
1;2025-03-02;13;812
1;2025-03-02;14;761
1;2025-03-02;15;698
1;2025-03-02;16;557
1;2025-03-02;17;566
1;2025-03-02;18;515
1;2025-03-02;19;364
1;2025-03-02;20;259
1;2025-03-02;21;167
1;2025-03-02;22;89
1;2025-03-02;23;45
1;2025-03-03;4;8
1;2025-03-03;5;145
1;2025-03-03;6;558
1;2025-03-03;7;1416
1;2025-03-03;8;1718
1;2025-03-03;9;1313
1;2025-03-03;10;1127
1;2025-03-03;11;1215
1;2025-03-03;12;1345
1;2025-03-03;13;1212
1;2025-03-03;14;1092
1;2025-03-03;15;1245
1;2025-03-03;16;1485
1;2025-03-03;17;1607
1;2025-03-03;18;1895
1;2025-03-03;19;1263
1;2025-03-03;20;865
1;2025-03-03;21;498
1;2025-03-03;22;257
1;2025-03-03;23;56
1;2025-03-04;0;1
1;2025-03-04;4;11
1;2025-03-04;5;135
1;2025-03-04;6;566
1;2025-03-04;7;1615
1;2025-03-04;8;1955
1;2025-03-04;9;1517
1;2025-03-04;10;1327
1;2025-03-04;11;1346
1;2025-03-04;12;1281
1;2025-03-04;13;1372
1;2025-03-04;14;1454
1;2025-03-04;15;1409
1;2025-03-04;16;1711
1;2025-03-04;17;1766
1;2025-03-04;18;1953
1;2025-03-04;19;1225
1;2025-03-04;20;916
1;2025-03-04;21;484
1;2025-03-04;22;209
1;2025-03-04;23;57
1;2025-03-05;0;12
1;2025-03-05;4;8
1;2025-03-05;5;148
1;2025-03-05;6;519
1;2025-03-05;7;1556
1;2025-03-05;8;1885
1;2025-03-05;9;1538
1;2025-03-05;10;1209
1;2025-03-05;11;1297
1;2025-03-05;12;1332
1;2025-03-05;13;1431
1;2025-03-05;14;1294
1;2025-03-05;15;1511
1;2025-03-05;16;1480
1;2025-03-05;17;1841
1;2025-03-05;18;1767
1;2025-03-05;19;1467
1;2025-03-05;20;907
1;2025-03-05;21;502
1;2025-03-05;22;281
1;2025-03-05;23;75
1;2025-03-06;0;9
1;2025-03-06;4;6
1;2025-03-06;5;126
1;2025-03-06;6;552
1;2025-03-06;7;1505
1;2025-03-06;8;1811
1;2025-03-06;9;1481
1;2025-03-06;10;1427
1;2025-03-06;11;1415
1;2025-03-06;12;1356
1;2025-03-06;13;1459
1;2025-03-06;14;1562
1;2025-03-06;15;1649
1;2025-03-06;16;1500
1;2025-03-06;17;1820
1;2025-03-06;18;1701
1;2025-03-06;19;1330
1;2025-03-06;20;1039
1;2025-03-06;21;520
1;2025-03-06;22;293
1;2025-03-06;23;80
1;2025-03-07;0;3
1;2025-03-07;4;8
1;2025-03-07;5;171
1;2025-03-07;6;634
1;2025-03-07;7;1870
1;2025-03-07;8;2108
1;2025-03-07;9;1588
1;2025-03-07;10;1538
1;2025-03-07;11;1565
1;2025-03-07;12;1520
1;2025-03-07;13;1702
1;2025-03-07;14;1587
1;2025-03-07;15;1993
1;2025-03-07;16;1752
1;2025-03-07;17;2041
1;2025-03-07;18;1486
1;2025-03-07;19;1107
1;2025-03-07;20;694
1;2025-03-07;21;497
1;2025-03-07;22;283
1;2025-03-07;23;83
1;2025-03-08;0;5
1;2025-03-08;5;38
1;2025-03-08;6;153
1;2025-03-08;7;298
1;2025-03-08;8;377
1;2025-03-08;9;549
1;2025-03-08;10;759
1;2025-03-08;11;627
1;2025-03-08;12;918
1;2025-03-08;13;1010
1;2025-03-08;14;878
1;2025-03-08;15;973
1;2025-03-08;16;869
1;2025-03-08;17;740
1;2025-03-08;18;727
1;2025-03-08;19;600
1;2025-03-08;20;323
1;2025-03-08;21;242
1;2025-03-08;22;152
1;2025-03-08;23;53
1;2025-03-09;5;38
1;2025-03-09;6;134
1;2025-03-09;7;235
1;2025-03-09;8;296
1;2025-03-09;9;574
1;2025-03-09;10;689
1;2025-03-09;11;683
1;2025-03-09;12;887
1;2025-03-09;13;978
1;2025-03-09;14;902
1;2025-03-09;15;853
1;2025-03-09;16;787
1;2025-03-09;17;803
1;2025-03-09;18;591
1;2025-03-09;19;473
1;2025-03-09;20;396
1;2025-03-09;21;288
1;2025-03-09;22;74
1;2025-03-09;23;62
1;2025-03-10;4;3
1;2025-03-10;5;88
1;2025-03-10;6;554
1;2025-03-10;7;1411
1;2025-03-10;8;1943
1;2025-03-10;9;1402
1;2025-03-10;10;1198
1;2025-03-10;11;1432
1;2025-03-10;12;1412
1;2025-03-10;13;1262
1;2025-03-10;14;1425
1;2025-03-10;15;1669
1;2025-03-10;16;1681
1;2025-03-10;17;1981
1;2025-03-10;18;2196
1;2025-03-10;19;1697
1;2025-03-10;20;920
1;2025-03-10;21;539
1;2025-03-10;22;223
1;2025-03-10;23;51
1;2025-03-11;0;3
1;2025-03-11;4;7
1;2025-03-11;5;154
1;2025-03-11;6;547
1;2025-03-11;7;1503
1;2025-03-11;8;1906
1;2025-03-11;9;1451
1;2025-03-11;10;1415
1;2025-03-11;11;1616
1;2025-03-11;12;1484
1;2025-03-11;13;1370
1;2025-03-11;14;1462
1;2025-03-11;15;1658
1;2025-03-11;16;1497
1;2025-03-11;17;1711
1;2025-03-11;18;1739
1;2025-03-11;19;1450
1;2025-03-11;20;988
1;2025-03-11;21;457
1;2025-03-11;22;249
1;2025-03-11;23;51
1;2025-03-12;0;2
1;2025-03-12;4;7
1;2025-03-12;5;135
1;2025-03-12;6;594
1;2025-03-12;7;1410
1;2025-03-12;8;1818
1;2025-03-12;9;1402
1;2025-03-12;10;1260
1;2025-03-12;11;1481
1;2025-03-12;12;1433
1;2025-03-12;13;1420
1;2025-03-12;14;1336
1;2025-03-12;15;1582
1;2025-03-12;16;1416
1;2025-03-12;17;1545
1;2025-03-12;18;1985
1;2025-03-12;19;1171
1;2025-03-12;20;863
1;2025-03-12;21;483
1;2025-03-12;22;297
1;2025-03-12;23;72
1;2025-03-13;0;10
1;2025-03-13;4;6
1;2025-03-13;5;121
1;2025-03-13;6;518
1;2025-03-13;7;1506
1;2025-03-13;8;1933
1;2025-03-13;9;1537
1;2025-03-13;10;1230
1;2025-03-13;11;1304
1;2025-03-13;12;1342
1;2025-03-13;13;1204
1;2025-03-13;14;1187
1;2025-03-13;15;1566
1;2025-03-13;16;1683
1;2025-03-13;17;1823
1;2025-03-13;18;1699
1;2025-03-13;19;1349
1;2025-03-13;20;851
1;2025-03-13;21;616
1;2025-03-13;22;281
1;2025-03-13;23;66
1;2025-03-14;0;3
1;2025-03-14;4;2
1;2025-03-14;5;149
1;2025-03-14;6;626
1;2025-03-14;7;1486
1;2025-03-14;8;1747
1;2025-03-14;9;1496
1;2025-03-14;10;1201
1;2025-03-14;11;1353
1;2025-03-14;12;1279
1;2025-03-14;13;1319
1;2025-03-14;14;1209
1;2025-03-14;15;1408
1;2025-03-14;16;1578
1;2025-03-14;17;1653
1;2025-03-14;18;1530
1;2025-03-14;19;1223
1;2025-03-14;20;734
1;2025-03-14;21;508
1;2025-03-14;22;307
1;2025-03-14;23;81
1;2025-03-15;0;10
1;2025-03-15;5;38
1;2025-03-15;6;187
1;2025-03-15;7;427
1;2025-03-15;8;486
1;2025-03-15;9;736
1;2025-03-15;10;882
1;2025-03-15;11;814
1;2025-03-15;12;995
1;2025-03-15;13;937
1;2025-03-15;14;1010
1;2025-03-15;15;745
1;2025-03-15;16;774
1;2025-03-15;17;830
1;2025-03-15;18;646
1;2025-03-15;19;683
1;2025-03-15;20;347
1;2025-03-15;21;338
1;2025-03-15;22;133
1;2025-03-15;23;21
1;2025-03-16;5;23
1;2025-03-16;6;157
1;2025-03-16;7;260
1;2025-03-16;8;356
1;2025-03-16;9;618
1;2025-03-16;10;809
1;2025-03-16;11;813
1;2025-03-16;12;984
1;2025-03-16;13;951
1;2025-03-16;14;823
1;2025-03-16;15;758
1;2025-03-16;16;735
1;2025-03-16;17;686
1;2025-03-16;18;620
1;2025-03-16;19;464
1;2025-03-16;20;364
1;2025-03-16;21;351
1;2025-03-16;22;122
1;2025-03-16;23;20
1;2025-03-17;4;7
1;2025-03-17;5;122
1;2025-03-17;6;645
1;2025-03-17;7;1466
1;2025-03-17;8;1822
1;2025-03-17;9;1535
1;2025-03-17;10;1243
1;2025-03-17;11;1205
1;2025-03-17;12;1328
1;2025-03-17;13;1271
1;2025-03-17;14;1428
1;2025-03-17;15;1572
1;2025-03-17;16;1349
1;2025-03-17;17;1789
1;2025-03-17;18;1927
1;2025-03-17;19;1471
1;2025-03-17;20;855
1;2025-03-17;21;527
1;2025-03-17;22;229
1;2025-03-17;23;30
1;2025-03-18;0;2
1;2025-03-18;4;3
1;2025-03-18;5;125
1;2025-03-18;6;621
1;2025-03-18;7;1579
1;2025-03-18;8;1812
1;2025-03-18;9;1608
1;2025-03-18;10;1330
1;2025-03-18;11;1396
1;2025-03-18;12;1356
1;2025-03-18;13;1411
1;2025-03-18;14;1402
1;2025-03-18;15;1539
1;2025-03-18;16;1426
1;2025-03-18;17;1678
1;2025-03-18;18;1663
1;2025-03-18;19;1404
1;2025-03-18;20;940
1;2025-03-18;21;457
1;2025-03-18;22;286
1;2025-03-18;23;42
1;2025-03-19;0;4
1;2025-03-19;4;9
1;2025-03-19;5;127
1;2025-03-19;6;557
1;2025-03-19;7;1636
1;2025-03-19;8;2066
1;2025-03-19;9;1431
1;2025-03-19;10;1498
1;2025-03-19;11;1365
1;2025-03-19;12;1316
1;2025-03-19;13;1407
1;2025-03-19;14;1414
1;2025-03-19;15;1578
1;2025-03-19;16;1400
1;2025-03-19;17;1845
1;2025-03-19;18;1670
1;2025-03-19;19;1404
1;2025-03-19;20;936
1;2025-03-19;21;523
1;2025-03-19;22;303
1;2025-03-19;23;50
1;2025-03-20;0;6
1;2025-03-20;5;92
1;2025-03-20;6;604
1;2025-03-20;7;1507
1;2025-03-20;8;2098
1;2025-03-20;9;1534
1;2025-03-20;10;1440
1;2025-03-20;11;1385
1;2025-03-20;12;1652
1;2025-03-20;13;1389
1;2025-03-20;14;1355
1;2025-03-20;15;1637
1;2025-03-20;16;1614
1;2025-03-20;17;1882
1;2025-03-20;18;1705
1;2025-03-20;19;1408
1;2025-03-20;20;957
1;2025-03-20;21;525
1;2025-03-20;22;278
1;2025-03-20;23;56
1;2025-03-21;0;10
1;2025-03-21;4;1
1;2025-03-21;5;100
1;2025-03-21;6;536
1;2025-03-21;7;1560
1;2025-03-21;8;1875
1;2025-03-21;9;1403
1;2025-03-21;10;1281
1;2025-03-21;11;1590
1;2025-03-21;12;1416
1;2025-03-21;13;1432
1;2025-03-21;14;1456
1;2025-03-21;15;1740
1;2025-03-21;16;1440
1;2025-03-21;17;1805
1;2025-03-21;18;1508
1;2025-03-21;19;1193
1;2025-03-21;20;987
1;2025-03-21;21;635
1;2025-03-21;22;245
1;2025-03-21;23;75
1;2025-03-22;0;14
1;2025-03-22;5;37
1;2025-03-22;6;166
1;2025-03-22;7;434
1;2025-03-22;8;539
1;2025-03-22;9;851
1;2025-03-22;10;947
1;2025-03-22;11;758
1;2025-03-22;12;1075
1;2025-03-22;13;1031
1;2025-03-22;14;1031
1;2025-03-22;15;891
1;2025-03-22;16;866
1;2025-03-22;17;880
1;2025-03-22;18;643
1;2025-03-22;19;547
1;2025-03-22;20;431
1;2025-03-22;21;249
1;2025-03-22;22;138
1;2025-03-22;23;21
1;2025-03-23;5;42
1;2025-03-23;6;157
1;2025-03-23;7;276
1;2025-03-23;8;370
1;2025-03-23;9;632
1;2025-03-23;10;794
1;2025-03-23;11;701
1;2025-03-23;12;957
1;2025-03-23;13;879
1;2025-03-23;14;825
1;2025-03-23;15;741
1;2025-03-23;16;646
1;2025-03-23;17;637
1;2025-03-23;18;569
1;2025-03-23;19;424
1;2025-03-23;20;340
1;2025-03-23;21;250
1;2025-03-23;22;128
1;2025-03-23;23;28
1;2025-03-24;4;10
1;2025-03-24;5;116
1;2025-03-24;6;579
1;2025-03-24;7;1561
1;2025-03-24;8;1851
1;2025-03-24;9;1489
1;2025-03-24;10;1264
1;2025-03-24;11;1345
1;2025-03-24;12;1452
1;2025-03-24;13;1319
1;2025-03-24;14;1303
1;2025-03-24;15;1329
1;2025-03-24;16;1419
1;2025-03-24;17;1781
1;2025-03-24;18;1551
1;2025-03-24;19;1271
1;2025-03-24;20;912
1;2025-03-24;21;561
1;2025-03-24;22;223
1;2025-03-24;23;30
1;2025-03-25;0;4
1;2025-03-25;4;6
1;2025-03-25;5;152
1;2025-03-25;6;563
1;2025-03-25;7;1616
1;2025-03-25;8;1935
1;2025-03-25;9;1520
1;2025-03-25;10;1242
1;2025-03-25;11;1266
1;2025-03-25;12;1379
1;2025-03-25;13;1283
1;2025-03-25;14;1331
1;2025-03-25;15;1666
1;2025-03-25;16;1483
1;2025-03-25;17;1595
1;2025-03-25;18;1768
1;2025-03-25;19;1241
1;2025-03-25;20;944
1;2025-03-25;21;539
1;2025-03-25;22;247
1;2025-03-25;23;56
1;2025-03-26;0;1
1;2025-03-26;4;5
1;2025-03-26;5;132
1;2025-03-26;6;616
1;2025-03-26;7;1576
1;2025-03-26;8;1864
1;2025-03-26;9;1580
1;2025-03-26;10;1339
1;2025-03-26;11;1383
1;2025-03-26;12;1371
1;2025-03-26;13;1461
1;2025-03-26;14;1365
1;2025-03-26;15;1525
1;2025-03-26;16;1445
1;2025-03-26;17;1864
1;2025-03-26;18;1727
1;2025-03-26;19;1305
1;2025-03-26;20;808
1;2025-03-26;21;605
1;2025-03-26;22;189
1;2025-03-26;23;64
1;2025-03-27;4;8
1;2025-03-27;5;155
1;2025-03-27;6;605
1;2025-03-27;7;1468
1;2025-03-27;8;1847
1;2025-03-27;9;1475
1;2025-03-27;10;1215
1;2025-03-27;11;1315
1;2025-03-27;12;1415
1;2025-03-27;13;1335
1;2025-03-27;14;1481
1;2025-03-27;15;1651
1;2025-03-27;16;1328
1;2025-03-27;17;1692
1;2025-03-27;18;1833
1;2025-03-27;19;1229
1;2025-03-27;20;825
1;2025-03-27;21;478
1;2025-03-27;22;252
1;2025-03-27;23;75
1;2025-03-28;0;4
1;2025-03-28;4;7
1;2025-03-28;5;136
1;2025-03-28;6;635
1;2025-03-28;7;1568
1;2025-03-28;8;1816
1;2025-03-28;9;1602
1;2025-03-28;10;1426
1;2025-03-28;11;1604
1;2025-03-28;12;1491
1;2025-03-28;13;1524
1;2025-03-28;14;1412
1;2025-03-28;15;1286
1;2025-03-28;16;1701
1;2025-03-28;17;1618
1;2025-03-28;18;1724
1;2025-03-28;19;1385
1;2025-03-28;20;777
1;2025-03-28;21;629
1;2025-03-28;22;308
1;2025-03-28;23;154
1;2025-03-29;0;15
1;2025-03-29;5;27
1;2025-03-29;6;193
1;2025-03-29;7;343
1;2025-03-29;8;474
1;2025-03-29;9;768
1;2025-03-29;10;831
1;2025-03-29;11;720
1;2025-03-29;12;958
1;2025-03-29;13;1085
1;2025-03-29;14;948
1;2025-03-29;15;865
1;2025-03-29;16;769
1;2025-03-29;17;724
1;2025-03-29;18;632
1;2025-03-29;19;563
1;2025-03-29;20;435
1;2025-03-29;21;291
1;2025-03-29;22;154
1;2025-03-29;23;38
1;2025-03-30;5;69
1;2025-03-30;6;200
1;2025-03-30;7;250
1;2025-03-30;8;360
1;2025-03-30;9;759
1;2025-03-30;10;837
1;2025-03-30;11;924
1;2025-03-30;12;875
1;2025-03-30;13;1026
1;2025-03-30;14;948
1;2025-03-30;15;879
1;2025-03-30;16;852
1;2025-03-30;17;742
1;2025-03-30;18;580
1;2025-03-30;19;587
1;2025-03-30;20;461
1;2025-03-30;21;336
1;2025-03-30;22;139
1;2025-03-30;23;55
1;2025-03-31;4;4
1;2025-03-31;5;148
1;2025-03-31;6;624
1;2025-03-31;7;1216
1;2025-03-31;8;1301
1;2025-03-31;9;1359
1;2025-03-31;10;937
1;2025-03-31;11;1026
1;2025-03-31;12;1019
1;2025-03-31;13;1031
1;2025-03-31;14;985
1;2025-03-31;15;1053
1;2025-03-31;16;1029
1;2025-03-31;17;1307
1;2025-03-31;18;1210
1;2025-03-31;19;961
1;2025-03-31;20;628
1;2025-03-31;21;373
1;2025-03-31;22;207
1;2025-03-31;23;84
1;2025-04-01;0;27
1;2025-04-01;5;116
1;2025-04-01;6;655
1;2025-04-01;7;1388
1;2025-04-01;8;1741
1;2025-04-01;9;1722
1;2025-04-01;10;1233
1;2025-04-01;11;947
1;2025-04-01;12;743
1;2025-04-01;13;743
1;2025-04-01;14;818
1;2025-04-01;15;907
1;2025-04-01;16;935
1;2025-04-01;17;1461
1;2025-04-01;18;1923
1;2025-04-01;19;1175
1;2025-04-01;20;703
1;2025-04-01;21;515
1;2025-04-01;22;292
1;2025-04-01;23;86
1;2025-04-02;0;28
1;2025-04-02;4;23
1;2025-04-02;5;112
1;2025-04-02;6;472
1;2025-04-02;7;1427
1;2025-04-02;8;1856
1;2025-04-02;9;1738
1;2025-04-02;10;983
1;2025-04-02;11;924
1;2025-04-02;12;918
1;2025-04-02;13;899
1;2025-04-02;14;787
1;2025-04-02;15;859
1;2025-04-02;16;1239
1;2025-04-02;17;1696
1;2025-04-02;18;1799
1;2025-04-02;19;1378
1;2025-04-02;20;653
1;2025-04-02;21;612
1;2025-04-02;22;292
1;2025-04-02;23;139
1;2025-04-03;0;61
1;2025-04-03;1;1
1;2025-04-03;4;12
1;2025-04-03;5;118
1;2025-04-03;6;773
1;2025-04-03;7;1080
1;2025-04-03;8;1529
1;2025-04-03;9;1064
1;2025-04-03;10;1227
1;2025-04-03;11;890
1;2025-04-03;12;960
1;2025-04-03;13;877
1;2025-04-03;14;784
1;2025-04-03;15;818
1;2025-04-03;16;960
1;2025-04-03;17;1293
1;2025-04-03;18;1546
1;2025-04-03;19;1397
1;2025-04-03;20;700
1;2025-04-03;21;564
1;2025-04-03;22;285
1;2025-04-03;23;213
1;2025-04-04;0;38
1;2025-04-04;4;7
1;2025-04-04;5;130
1;2025-04-04;6;530
1;2025-04-04;7;1452
1;2025-04-04;8;1574
1;2025-04-04;9;1577
1;2025-04-04;10;1242
1;2025-04-04;11;977
1;2025-04-04;12;985
1;2025-04-04;13;907
1;2025-04-04;14;912
1;2025-04-04;15;1162
1;2025-04-04;16;1305
1;2025-04-04;17;1638
1;2025-04-04;18;1579
1;2025-04-04;19;1023
1;2025-04-04;20;848
1;2025-04-04;21;481
1;2025-04-04;22;359
1;2025-04-04;23;204
1;2025-04-05;0;96
1;2025-04-05;1;3
1;2025-04-05;4;6
1;2025-04-05;5;67
1;2025-04-05;6;181
1;2025-04-05;7;440
1;2025-04-05;8;479
1;2025-04-05;9;712
1;2025-04-05;10;579
1;2025-04-05;11;610
1;2025-04-05;12;762
1;2025-04-05;13;828
1;2025-04-05;14;754
1;2025-04-05;15;663
1;2025-04-05;16;800
1;2025-04-05;17;540
1;2025-04-05;18;787
1;2025-04-05;19;637
1;2025-04-05;20;607
1;2025-04-05;21;276
1;2025-04-05;22;290
1;2025-04-05;23;124
1;2025-04-06;0;90
1;2025-04-06;1;11
1;2025-04-06;5;40
1;2025-04-06;6;177
1;2025-04-06;7;309
1;2025-04-06;8;251
1;2025-04-06;9;504
1;2025-04-06;10;536
1;2025-04-06;11;625
1;2025-04-06;12;568
1;2025-04-06;13;521
1;2025-04-06;14;477
1;2025-04-06;15;484
1;2025-04-06;16;447
1;2025-04-06;17;559
1;2025-04-06;18;482
1;2025-04-06;19;449
1;2025-04-06;20;329
1;2025-04-06;21;221
1;2025-04-06;22;120
1;2025-04-06;23;39
1;2025-04-07;1;4
1;2025-04-07;4;7
1;2025-04-07;5;132
1;2025-04-07;6;573
1;2025-04-07;7;1416
1;2025-04-07;8;2040
1;2025-04-07;9;1448
1;2025-04-07;10;1357
1;2025-04-07;11;1359
1;2025-04-07;12;1427
1;2025-04-07;13;1317
1;2025-04-07;14;1235
1;2025-04-07;15;1496
1;2025-04-07;16;1685
1;2025-04-07;17;1872
1;2025-04-07;18;1882
1;2025-04-07;19;1458
1;2025-04-07;20;862
1;2025-04-07;21;419
1;2025-04-07;22;209
1;2025-04-07;23;53
1;2025-04-08;0;4
1;2025-04-08;2;30
1;2025-04-08;3;103
1;2025-04-08;4;77
1;2025-04-08;5;169
1;2025-04-08;6;711
1;2025-04-08;7;1646
1;2025-04-08;8;1948
1;2025-04-08;9;1725
1;2025-04-08;10;1687
1;2025-04-08;11;1482
1;2025-04-08;12;1543
1;2025-04-08;13;1564
1;2025-04-08;14;1565
1;2025-04-08;15;1749
1;2025-04-08;16;1536
1;2025-04-08;17;1976
1;2025-04-08;18;2014
1;2025-04-08;19;1789
1;2025-04-08;20;961
1;2025-04-08;21;412
1;2025-04-08;22;384
1;2025-04-08;23;34
1;2025-04-09;4;7
1;2025-04-09;5;143
1;2025-04-09;6;558
1;2025-04-09;7;1567
1;2025-04-09;8;2533
1;2025-04-09;9;1632
1;2025-04-09;10;1672
1;2025-04-09;11;1493
1;2025-04-09;12;1421
1;2025-04-09;13;1791
1;2025-04-09;14;1568
1;2025-04-09;15;1699
1;2025-04-09;16;1982
1;2025-04-09;17;2179
1;2025-04-09;18;2645
1;2025-04-09;19;1776
1;2025-04-09;20;1228
1;2025-04-09;21;732
1;2025-04-09;22;411
1;2025-04-09;23;46
1;2025-04-10;0;8
1;2025-04-10;4;9
1;2025-04-10;5;128
1;2025-04-10;6;553
1;2025-04-10;7;1623
1;2025-04-10;8;2053
1;2025-04-10;9;1595
1;2025-04-10;10;1670
1;2025-04-10;11;1576
1;2025-04-10;12;1588
1;2025-04-10;13;1674
1;2025-04-10;14;1522
1;2025-04-10;15;1567
1;2025-04-10;16;1717
1;2025-04-10;17;1832
1;2025-04-10;18;2110
1;2025-04-10;19;1483
1;2025-04-10;20;965
1;2025-04-10;21;553
1;2025-04-10;22;270
1;2025-04-10;23;51
1;2025-04-11;0;2
1;2025-04-11;4;10
1;2025-04-11;5;131
1;2025-04-11;6;548
1;2025-04-11;7;1390
1;2025-04-11;8;1794
1;2025-04-11;9;1429
1;2025-04-11;10;1419
1;2025-04-11;11;1629
1;2025-04-11;12;1372
1;2025-04-11;13;1451
1;2025-04-11;14;1332
1;2025-04-11;15;1334
1;2025-04-11;16;1509
1;2025-04-11;17;1531
1;2025-04-11;18;1458
1;2025-04-11;19;1143
1;2025-04-11;20;704
1;2025-04-11;21;410
1;2025-04-11;22;221
1;2025-04-11;23;40
1;2025-04-12;0;6
1;2025-04-12;1;1
1;2025-04-12;5;27
1;2025-04-12;6;215
1;2025-04-12;7;361
1;2025-04-12;8;503
1;2025-04-12;9;810
1;2025-04-12;10;929
1;2025-04-12;11;1034
1;2025-04-12;12;1110
1;2025-04-12;13;1044
1;2025-04-12;14;1080
1;2025-04-12;15;927
1;2025-04-12;16;782
1;2025-04-12;17;679
1;2025-04-12;18;738
1;2025-04-12;19;923
1;2025-04-12;20;517
1;2025-04-12;21;336
1;2025-04-12;22;190
1;2025-04-12;23;23
1;2025-04-13;5;35
1;2025-04-13;6;193
1;2025-04-13;7;354
1;2025-04-13;8;561
1;2025-04-13;9;735
1;2025-04-13;10;854
1;2025-04-13;11;958
1;2025-04-13;12;1085
1;2025-04-13;13;1088
1;2025-04-13;14;935
1;2025-04-13;15;839
1;2025-04-13;16;730
1;2025-04-13;17;758
1;2025-04-13;18;828
1;2025-04-13;19;555
1;2025-04-13;20;344
1;2025-04-13;21;349
1;2025-04-13;22;125
1;2025-04-13;23;42
1;2025-04-14;0;2
1;2025-04-14;4;10
1;2025-04-14;5;129
1;2025-04-14;6;549
1;2025-04-14;7;1491
1;2025-04-14;8;1860
1;2025-04-14;9;1306
1;2025-04-14;10;1194
1;2025-04-14;11;1286
1;2025-04-14;12;1370
1;2025-04-14;13;1341
1;2025-04-14;14;1313
1;2025-04-14;15;1517
1;2025-04-14;16;1484
1;2025-04-14;17;1883
1;2025-04-14;18;1940
1;2025-04-14;19;1487
1;2025-04-14;20;1014
1;2025-04-14;21;537
1;2025-04-14;22;260
1;2025-04-14;23;29
1;2025-04-15;0;3
1;2025-04-15;4;15
1;2025-04-15;5;143
1;2025-04-15;6;611
1;2025-04-15;7;1606
1;2025-04-15;8;2074
1;2025-04-15;9;1637
1;2025-04-15;10;1524
1;2025-04-15;11;1547
1;2025-04-15;12;1402
1;2025-04-15;13;1419
1;2025-04-15;14;1247
1;2025-04-15;15;1521
1;2025-04-15;16;1504
1;2025-04-15;17;1662
1;2025-04-15;18;1869
1;2025-04-15;19;1422
1;2025-04-15;20;1014
1;2025-04-15;21;423
1;2025-04-15;22;265
1;2025-04-15;23;23
1;2025-04-16;0;2
1;2025-04-16;4;14
1;2025-04-16;5;152
1;2025-04-16;6;576
1;2025-04-16;7;1699
1;2025-04-16;8;2146
1;2025-04-16;9;1458
1;2025-04-16;10;1498
1;2025-04-16;11;1444
1;2025-04-16;12;1375
1;2025-04-16;13;1433
1;2025-04-16;14;1549
1;2025-04-16;15;1649
1;2025-04-16;16;1896
1;2025-04-16;17;2013
1;2025-04-16;18;2043
1;2025-04-16;19;1677
1;2025-04-16;20;1208
1;2025-04-16;21;585
1;2025-04-16;22;269
1;2025-04-16;23;53
1;2025-04-17;0;15
1;2025-04-17;4;8
1;2025-04-17;5;106
1;2025-04-17;6;565
1;2025-04-17;7;1539
1;2025-04-17;8;2110
1;2025-04-17;9;1351
1;2025-04-17;10;1495
1;2025-04-17;11;1389
1;2025-04-17;12;1357
1;2025-04-17;13;1410
1;2025-04-17;14;1438
1;2025-04-17;15;1338
1;2025-04-17;16;1526
1;2025-04-17;17;1902
1;2025-04-17;18;1886
1;2025-04-17;19;1424
1;2025-04-17;20;869
1;2025-04-17;21;535
1;2025-04-17;22;318
1;2025-04-17;23;42
1;2025-04-18;0;7
1;2025-04-18;4;9
1;2025-04-18;5;137
1;2025-04-18;6;520
1;2025-04-18;7;1649
1;2025-04-18;8;2130
1;2025-04-18;9;1417
1;2025-04-18;10;1568
1;2025-04-18;11;1511
1;2025-04-18;12;1459
1;2025-04-18;13;1665
1;2025-04-18;14;1631
1;2025-04-18;15;1853
1;2025-04-18;16;1800
1;2025-04-18;17;1992
1;2025-04-18;18;1902
1;2025-04-18;19;1372
1;2025-04-18;20;1180
1;2025-04-18;21;527
1;2025-04-18;22;299
1;2025-04-18;23;52
1;2025-04-19;0;12
1;2025-04-19;5;49
1;2025-04-19;6;190
1;2025-04-19;7;444
1;2025-04-19;8;592
1;2025-04-19;9;804
1;2025-04-19;10;1039
1;2025-04-19;11;918
1;2025-04-19;12;1392
1;2025-04-19;13;1035
1;2025-04-19;14;1019
1;2025-04-19;15;1004
1;2025-04-19;16;719
1;2025-04-19;17;689
1;2025-04-19;18;854
1;2025-04-19;19;584
1;2025-04-19;20;456
1;2025-04-19;21;429
1;2025-04-19;22;190
1;2025-04-19;23;47
1;2025-04-20;5;35
1;2025-04-20;6;115
1;2025-04-20;7;240
1;2025-04-20;8;427
1;2025-04-20;9;568
1;2025-04-20;10;666
1;2025-04-20;11;663
1;2025-04-20;12;755
1;2025-04-20;13;791
1;2025-04-20;14;806
1;2025-04-20;15;782
1;2025-04-20;16;791
1;2025-04-20;17;584
1;2025-04-20;18;684
1;2025-04-20;19;595
1;2025-04-20;20;492
1;2025-04-20;21;229
1;2025-04-20;22;139
1;2025-04-20;23;34
1;2025-04-21;4;6
1;2025-04-21;5;146
1;2025-04-21;6;576
1;2025-04-21;7;1495
1;2025-04-21;8;2193
1;2025-04-21;9;1310
1;2025-04-21;10;1361
1;2025-04-21;11;1155
1;2025-04-21;12;1390
1;2025-04-21;13;1371
1;2025-04-21;14;1386
1;2025-04-21;15;1538
1;2025-04-21;16;1627
1;2025-04-21;17;1911
1;2025-04-21;18;2033
1;2025-04-21;19;1641
1;2025-04-21;20;832
1;2025-04-21;21;518
1;2025-04-21;22;300
1;2025-04-21;23;43
1;2025-04-22;0;5
1;2025-04-22;4;6
1;2025-04-22;5;132
1;2025-04-22;6;522
1;2025-04-22;7;1641
1;2025-04-22;8;2149
1;2025-04-22;9;1630
1;2025-04-22;10;1425
1;2025-04-22;11;1285
1;2025-04-22;12;1433
1;2025-04-22;13;1756
1;2025-04-22;14;1432
1;2025-04-22;15;1570
1;2025-04-22;16;1636
1;2025-04-22;17;2119
1;2025-04-22;18;2135
1;2025-04-22;19;2272
1;2025-04-22;20;1353
1;2025-04-22;21;679
1;2025-04-22;22;347
1;2025-04-22;23;78
1;2025-04-23;0;19
1;2025-04-23;4;10
1;2025-04-23;5;144
1;2025-04-23;6;584
1;2025-04-23;7;1645
1;2025-04-23;8;2256
1;2025-04-23;9;1611
1;2025-04-23;10;1445
1;2025-04-23;11;1312
1;2025-04-23;12;1494
1;2025-04-23;13;1390
1;2025-04-23;14;1366
1;2025-04-23;15;1544
1;2025-04-23;16;1666
1;2025-04-23;17;1766
1;2025-04-23;18;1940
1;2025-04-23;19;1419
1;2025-04-23;20;957
1;2025-04-23;21;536
1;2025-04-23;22;253
1;2025-04-23;23;36
1;2025-04-24;0;7
1;2025-04-24;4;6
1;2025-04-24;5;144
1;2025-04-24;6;576
1;2025-04-24;7;1650
1;2025-04-24;8;2270
1;2025-04-24;9;1560
1;2025-04-24;10;1587
1;2025-04-24;11;1346
1;2025-04-24;12;1329
1;2025-04-24;13;1393
1;2025-04-24;14;1275
1;2025-04-24;15;1432
1;2025-04-24;16;1654
1;2025-04-24;17;1944
1;2025-04-24;18;2036
1;2025-04-24;19;1289
1;2025-04-24;20;1032
1;2025-04-24;21;449
1;2025-04-24;22;249
1;2025-04-24;23;53
1;2025-04-25;0;5
1;2025-04-25;4;11
1;2025-04-25;5;131
1;2025-04-25;6;431
1;2025-04-25;7;1410
1;2025-04-25;8;2024
1;2025-04-25;9;1266
1;2025-04-25;10;1447
1;2025-04-25;11;1345
1;2025-04-25;12;1370
1;2025-04-25;13;1248
1;2025-04-25;14;1238
1;2025-04-25;15;1522
1;2025-04-25;16;1552
1;2025-04-25;17;1866
1;2025-04-25;18;1717
1;2025-04-25;19;1331
1;2025-04-25;20;802
1;2025-04-25;21;598
1;2025-04-25;22;327
1;2025-04-25;23;37
1;2025-04-26;0;8
1;2025-04-26;5;43
1;2025-04-26;6;157
1;2025-04-26;7;375
1;2025-04-26;8;584
1;2025-04-26;9;812
1;2025-04-26;10;971
1;2025-04-26;11;744
1;2025-04-26;12;977
1;2025-04-26;13;973
1;2025-04-26;14;838
1;2025-04-26;15;738
1;2025-04-26;16;708
1;2025-04-26;17;598
1;2025-04-26;18;670
1;2025-04-26;19;608
1;2025-04-26;20;542
1;2025-04-26;21;305
1;2025-04-26;22;141
1;2025-04-26;23;40
1;2025-04-27;4;1
1;2025-04-27;5;23
1;2025-04-27;6;118
1;2025-04-27;7;275
1;2025-04-27;8;457
1;2025-04-27;9;616
1;2025-04-27;10;722
1;2025-04-27;11;646
1;2025-04-27;12;827
1;2025-04-27;13;705
1;2025-04-27;14;709
1;2025-04-27;15;587
1;2025-04-27;16;624
1;2025-04-27;17;606
1;2025-04-27;18;621
1;2025-04-27;19;481
1;2025-04-27;20;374
1;2025-04-27;21;243
1;2025-04-27;22;65
1;2025-04-27;23;19
1;2025-04-28;4;13
1;2025-04-28;5;168
1;2025-04-28;6;525
1;2025-04-28;7;1447
1;2025-04-28;8;1971
1;2025-04-28;9;1547
1;2025-04-28;10;1331
1;2025-04-28;11;1221
1;2025-04-28;12;1225
1;2025-04-28;13;1214
1;2025-04-28;14;1383
1;2025-04-28;15;1672
1;2025-04-28;16;1621
1;2025-04-28;17;1897
1;2025-04-28;18;1954
1;2025-04-28;19;1523
1;2025-04-28;20;967
1;2025-04-28;21;554
1;2025-04-28;22;252
1;2025-04-28;23;45
1;2025-04-29;0;5
1;2025-04-29;4;3
1;2025-04-29;5;111
1;2025-04-29;6;514
1;2025-04-29;7;1643
1;2025-04-29;8;1909
1;2025-04-29;9;1401
1;2025-04-29;10;1402
1;2025-04-29;11;1551
1;2025-04-29;12;1250
1;2025-04-29;13;1520
1;2025-04-29;14;1188
1;2025-04-29;15;1347
1;2025-04-29;16;1540
1;2025-04-29;17;1569
1;2025-04-29;18;1695
1;2025-04-29;19;1440
1;2025-04-29;20;1056
1;2025-04-29;21;385
1;2025-04-29;22;288
1;2025-04-29;23;48
1;2025-04-30;0;4
1;2025-04-30;4;8
1;2025-04-30;5;153
1;2025-04-30;6;559
1;2025-04-30;7;1299
1;2025-04-30;8;2051
1;2025-04-30;9;1321
1;2025-04-30;10;1226
1;2025-04-30;11;1139
1;2025-04-30;12;1386
1;2025-04-30;13;1399
1;2025-04-30;14;1385
1;2025-04-30;15;1536
1;2025-04-30;16;1635
1;2025-04-30;17;1753
1;2025-04-30;18;1596
1;2025-04-30;19;1218
1;2025-04-30;20;747
1;2025-04-30;21;446
1;2025-04-30;22;246
1;2025-04-30;23;41
1;2025-05-01;5;31
1;2025-05-01;6;167
1;2025-05-01;7;257
1;2025-05-01;8;349
1;2025-05-01;9;571
1;2025-05-01;10;536
1;2025-05-01;11;434
1;2025-05-01;12;583
1;2025-05-01;13;587
1;2025-05-01;14;522
1;2025-05-01;15;518
1;2025-05-01;16;373
1;2025-05-01;17;412
1;2025-05-01;18;407
1;2025-05-01;19;467
1;2025-05-01;20;365
1;2025-05-01;21;287
1;2025-05-01;22;140
1;2025-05-01;23;34
1;2025-05-02;5;26
1;2025-05-02;6;151
1;2025-05-02;7;269
1;2025-05-02;8;386
1;2025-05-02;9;563
1;2025-05-02;10;529
1;2025-05-02;11;499
1;2025-05-02;12;642
1;2025-05-02;13;568
1;2025-05-02;14;558
1;2025-05-02;15;547
1;2025-05-02;16;489
1;2025-05-02;17;470
1;2025-05-02;18;523
1;2025-05-02;19;392
1;2025-05-02;20;298
1;2025-05-02;21;281
1;2025-05-02;22;125
1;2025-05-02;23;36
1;2025-05-03;5;29
1;2025-05-03;6;177
1;2025-05-03;7;259
1;2025-05-03;8;356
1;2025-05-03;9;643
1;2025-05-03;10;747
1;2025-05-03;11;637
1;2025-05-03;12;753
1;2025-05-03;13;587
1;2025-05-03;14;651
1;2025-05-03;15;657
1;2025-05-03;16;634
1;2025-05-03;17;584
1;2025-05-03;18;502
1;2025-05-03;19;427
1;2025-05-03;20;392
1;2025-05-03;21;239
1;2025-05-03;22;128
1;2025-05-03;23;23
1;2025-05-04;5;30
1;2025-05-04;6;158
1;2025-05-04;7;253
1;2025-05-04;8;363
1;2025-05-04;9;595
1;2025-05-04;10;695
1;2025-05-04;11;619
1;2025-05-04;12;799
1;2025-05-04;13;1024
1;2025-05-04;14;714
1;2025-05-04;15;683
1;2025-05-04;16;598
1;2025-05-04;17;484
1;2025-05-04;18;462
1;2025-05-04;19;420
1;2025-05-04;20;276
1;2025-05-04;21;251
1;2025-05-04;22;103
1;2025-05-04;23;24
1;2025-05-05;4;2
1;2025-05-05;5;129
1;2025-05-05;6;498
1;2025-05-05;7;1318
1;2025-05-05;8;1825
1;2025-05-05;9;1371
1;2025-05-05;10;1153
1;2025-05-05;11;1351
1;2025-05-05;12;1165
1;2025-05-05;13;1204
1;2025-05-05;14;1147
1;2025-05-05;15;1251
1;2025-05-05;16;1486
1;2025-05-05;17;1663
1;2025-05-05;18;1629
1;2025-05-05;19;1311
1;2025-05-05;20;965
1;2025-05-05;21;380
1;2025-05-05;22;217
1;2025-05-05;23;28
1;2025-05-06;0;3
1;2025-05-06;4;6
1;2025-05-06;5;144
1;2025-05-06;6;509
1;2025-05-06;7;1351
1;2025-05-06;8;1904
1;2025-05-06;9;1587
1;2025-05-06;10;1500
1;2025-05-06;11;1492
1;2025-05-06;12;1453
1;2025-05-06;13;1615
1;2025-05-06;14;1350
1;2025-05-06;15;1527
1;2025-05-06;16;1295
1;2025-05-06;17;1755
1;2025-05-06;18;1831
1;2025-05-06;19;1363
1;2025-05-06;20;987
1;2025-05-06;21;504
1;2025-05-06;22;273
1;2025-05-06;23;35
1;2025-05-07;0;5
1;2025-05-07;4;7
1;2025-05-07;5;139
1;2025-05-07;6;324
1;2025-05-07;7;1047
1;2025-05-07;8;1695
1;2025-05-07;9;1372
1;2025-05-07;10;1327
1;2025-05-07;11;1322
1;2025-05-07;12;1316
1;2025-05-07;13;1257
1;2025-05-07;14;1511
1;2025-05-07;15;1670
1;2025-05-07;16;1362
1;2025-05-07;17;1485
1;2025-05-07;18;1489
1;2025-05-07;19;1219
1;2025-05-07;20;840
1;2025-05-07;21;468
1;2025-05-07;22;277
1;2025-05-07;23;33
1;2025-05-08;0;8
1;2025-05-08;5;30
1;2025-05-08;6;170
1;2025-05-08;7;346
1;2025-05-08;8;384
1;2025-05-08;9;676
1;2025-05-08;10;697
1;2025-05-08;11;651
1;2025-05-08;12;894
1;2025-05-08;13;826
1;2025-05-08;14;898
1;2025-05-08;15;814
1;2025-05-08;16;693
1;2025-05-08;17;694
1;2025-05-08;18;660
1;2025-05-08;19;527
1;2025-05-08;20;455
1;2025-05-08;21;354
1;2025-05-08;22;140
1;2025-05-08;23;31
1;2025-05-09;4;2
1;2025-05-09;5;27
1;2025-05-09;6;96
1;2025-05-09;7;205
1;2025-05-09;8;372
1;2025-05-09;9;534
1;2025-05-09;10;367
1;2025-05-09;11;361
1;2025-05-09;12;509
1;2025-05-09;13;605
1;2025-05-09;14;434
1;2025-05-09;15;476
1;2025-05-09;16;473
1;2025-05-09;17;520
1;2025-05-09;18;586
1;2025-05-09;19;433
1;2025-05-09;20;394
1;2025-05-09;21;273
1;2025-05-09;22;82
1;2025-05-09;23;72
1;2025-05-10;4;1
1;2025-05-10;5;23
1;2025-05-10;6;167
1;2025-05-10;7;247
1;2025-05-10;8;285
1;2025-05-10;9;543
1;2025-05-10;10;600
1;2025-05-10;11;612
1;2025-05-10;12;784
1;2025-05-10;13;785
1;2025-05-10;14;728
1;2025-05-10;15;606
1;2025-05-10;16;563
1;2025-05-10;17;611
1;2025-05-10;18;554
1;2025-05-10;19;539
1;2025-05-10;20;335
1;2025-05-10;21;292
1;2025-05-10;22;128
1;2025-05-10;23;12
1;2025-05-11;0;1
1;2025-05-11;5;20
1;2025-05-11;6;143
1;2025-05-11;7;240
1;2025-05-11;8;360
1;2025-05-11;9;440
1;2025-05-11;10;674
1;2025-05-11;11;563
1;2025-05-11;12;634
1;2025-05-11;13;691
1;2025-05-11;14;635
1;2025-05-11;15;720
1;2025-05-11;16;629
1;2025-05-11;17;517
1;2025-05-11;18;596
1;2025-05-11;19;472
1;2025-05-11;20;294
1;2025-05-11;21;248
1;2025-05-11;22;53
1;2025-05-11;23;21
1;2025-05-12;4;7
1;2025-05-12;5;167
1;2025-05-12;6;725
1;2025-05-12;7;1716
1;2025-05-12;8;1866
1;2025-05-12;9;1440
1;2025-05-12;10;1222
1;2025-05-12;11;1373
1;2025-05-12;12;1194
1;2025-05-12;13;1491
1;2025-05-12;14;1103
1;2025-05-12;15;1440
1;2025-05-12;16;1586
1;2025-05-12;17;1829
1;2025-05-12;18;1822
1;2025-05-12;19;1439
1;2025-05-12;20;957
1;2025-05-12;21;454
1;2025-05-12;22;265
1;2025-05-12;23;28
1;2025-05-13;0;2
1;2025-05-13;4;4
1;2025-05-13;5;179
1;2025-05-13;6;554
1;2025-05-13;7;1656
1;2025-05-13;8;1948
1;2025-05-13;9;1325
1;2025-05-13;10;1350
1;2025-05-13;11;1390
1;2025-05-13;12;1436
1;2025-05-13;13;1399
1;2025-05-13;14;1220
1;2025-05-13;15;1411
1;2025-05-13;16;1483
1;2025-05-13;17;1736
1;2025-05-13;18;1710
1;2025-05-13;19;1459
1;2025-05-13;20;999
1;2025-05-13;21;491
1;2025-05-13;22;293
1;2025-05-13;23;45
1;2025-05-14;0;1
1;2025-05-14;4;6
1;2025-05-14;5;124
1;2025-05-14;6;556
1;2025-05-14;7;1546
1;2025-05-14;8;2063
1;2025-05-14;9;1426
1;2025-05-14;10;1338
1;2025-05-14;11;1345
1;2025-05-14;12;1431
1;2025-05-14;13;1430
1;2025-05-14;14;1348
1;2025-05-14;15;1412
1;2025-05-14;16;1534
1;2025-05-14;17;1706
1;2025-05-14;18;1815
1;2025-05-14;19;1409
1;2025-05-14;20;987
1;2025-05-14;21;439
1;2025-05-14;22;263
1;2025-05-14;23;50
1;2025-05-15;0;2
1;2025-05-15;4;4
1;2025-05-15;5;125
1;2025-05-15;6;543
1;2025-05-15;7;1623
1;2025-05-15;8;2185
1;2025-05-15;9;1606
1;2025-05-15;10;1441
1;2025-05-15;11;1415
1;2025-05-15;12;1431
1;2025-05-15;13;1494
1;2025-05-15;14;1583
1;2025-05-15;15;1756
1;2025-05-15;16;1733
1;2025-05-15;17;2013
1;2025-05-15;18;2055
1;2025-05-15;19;1610
1;2025-05-15;20;975
1;2025-05-15;21;449
1;2025-05-15;22;312
1;2025-05-15;23;64
1;2025-05-16;0;6
1;2025-05-16;4;6
1;2025-05-16;5;104
1;2025-05-16;6;486
1;2025-05-16;7;1408
1;2025-05-16;8;1873
1;2025-05-16;9;1464
1;2025-05-16;10;1246
1;2025-05-16;11;1397
1;2025-05-16;12;1346
1;2025-05-16;13;1379
1;2025-05-16;14;1403
1;2025-05-16;15;1422
1;2025-05-16;16;1707
1;2025-05-16;17;1621
1;2025-05-16;18;1582
1;2025-05-16;19;1357
1;2025-05-16;20;893
1;2025-05-16;21;527
1;2025-05-16;22;344
1;2025-05-16;23;43
1;2025-05-17;5;26
1;2025-05-17;6;221
1;2025-05-17;7;326
1;2025-05-17;8;448
1;2025-05-17;9;762
1;2025-05-17;10;717
1;2025-05-17;11;686
1;2025-05-17;12;708
1;2025-05-17;13;919
1;2025-05-17;14;892
1;2025-05-17;15;770
1;2025-05-17;16;638
1;2025-05-17;17;840
1;2025-05-17;18;597
1;2025-05-17;19;663
1;2025-05-17;20;506
1;2025-05-17;21;324
1;2025-05-17;22;118
1;2025-05-17;23;26
1;2025-05-18;5;35
1;2025-05-18;6;142
1;2025-05-18;7;270
1;2025-05-18;8;387
1;2025-05-18;9;613
1;2025-05-18;10;744
1;2025-05-18;11;676
1;2025-05-18;12;849
1;2025-05-18;13;860
1;2025-05-18;14;726
1;2025-05-18;15;570
1;2025-05-18;16;618
1;2025-05-18;17;489
1;2025-05-18;18;470
1;2025-05-18;19;494
1;2025-05-18;20;391
1;2025-05-18;21;247
1;2025-05-18;22;96
1;2025-05-18;23;45
1;2025-05-19;4;9
1;2025-05-19;5;139
1;2025-05-19;6;545
1;2025-05-19;7;1444
1;2025-05-19;8;1989
1;2025-05-19;9;1318
1;2025-05-19;10;1307
1;2025-05-19;11;1327
1;2025-05-19;12;1166
1;2025-05-19;13;1251
1;2025-05-19;14;1329
1;2025-05-19;15;1368
1;2025-05-19;16;1424
1;2025-05-19;17;1561
1;2025-05-19;18;1798
1;2025-05-19;19;1567
1;2025-05-19;20;1041
1;2025-05-19;21;444
1;2025-05-19;22;311
1;2025-05-19;23;43
1;2025-05-20;0;2
1;2025-05-20;4;5
1;2025-05-20;5;134
1;2025-05-20;6;585
1;2025-05-20;7;1386
1;2025-05-20;8;1808
1;2025-05-20;9;1477
1;2025-05-20;10;1267
1;2025-05-20;11;1227
1;2025-05-20;12;1180
1;2025-05-20;13;1364
1;2025-05-20;14;1427
1;2025-05-20;15;1389
1;2025-05-20;16;1501
1;2025-05-20;17;1595
1;2025-05-20;18;1769
1;2025-05-20;19;1527
1;2025-05-20;20;940
1;2025-05-20;21;555
1;2025-05-20;22;341
1;2025-05-20;23;40
1;2025-05-21;0;2
1;2025-05-21;4;10
1;2025-05-21;5;137
1;2025-05-21;6;547
1;2025-05-21;7;1398
1;2025-05-21;8;2088
1;2025-05-21;9;1481
1;2025-05-21;10;1464
1;2025-05-21;11;1569
1;2025-05-21;12;1375
1;2025-05-21;13;1388
1;2025-05-21;14;1296
1;2025-05-21;15;1539
1;2025-05-21;16;1389
1;2025-05-21;17;1842
1;2025-05-21;18;1910
1;2025-05-21;19;1453
1;2025-05-21;20;1069
1;2025-05-21;21;652
1;2025-05-21;22;399
1;2025-05-21;23;44
1;2025-05-22;0;3
1;2025-05-22;4;4
1;2025-05-22;5;164
1;2025-05-22;6;511
1;2025-05-22;7;1375
1;2025-05-22;8;1922
1;2025-05-22;9;1507
1;2025-05-22;10;1231
1;2025-05-22;11;1432
1;2025-05-22;12;1264
1;2025-05-22;13;1323
1;2025-05-22;14;1273
1;2025-05-22;15;1363
1;2025-05-22;16;1464
1;2025-05-22;17;1553
1;2025-05-22;18;1842
1;2025-05-22;19;1187
1;2025-05-22;20;1091
1;2025-05-22;21;579
1;2025-05-22;22;328
1;2025-05-22;23;52
1;2025-05-23;0;2
1;2025-05-23;4;9
1;2025-05-23;5;152
1;2025-05-23;6;544
1;2025-05-23;7;1301
1;2025-05-23;8;1781
1;2025-05-23;9;1350
1;2025-05-23;10;1301
1;2025-05-23;11;1384
1;2025-05-23;12;1461
1;2025-05-23;13;1465
1;2025-05-23;14;1351
1;2025-05-23;15;1508
1;2025-05-23;16;1856
1;2025-05-23;17;1787
1;2025-05-23;18;1722
1;2025-05-23;19;1310
1;2025-05-23;20;939
1;2025-05-23;21;618
1;2025-05-23;22;421
1;2025-05-23;23;63
1;2025-05-24;0;5
1;2025-05-24;4;2
1;2025-05-24;5;49
1;2025-05-24;6;203
1;2025-05-24;7;333
1;2025-05-24;8;494
1;2025-05-24;9;761
1;2025-05-24;10;794
1;2025-05-24;11;698
1;2025-05-24;12;808
1;2025-05-24;13;1041
1;2025-05-24;14;792
1;2025-05-24;15;853
1;2025-05-24;16;739
1;2025-05-24;17;773
1;2025-05-24;18;653
1;2025-05-24;19;634
1;2025-05-24;20;398
1;2025-05-24;21;390
1;2025-05-24;22;225
1;2025-05-24;23;51
1;2025-05-25;5;30
1;2025-05-25;6;145
1;2025-05-25;7;266
1;2025-05-25;8;440
1;2025-05-25;9;693
1;2025-05-25;10;570
1;2025-05-25;11;805
1;2025-05-25;12;888
1;2025-05-25;13;836
1;2025-05-25;14;738
1;2025-05-25;15;687
1;2025-05-25;16;675
1;2025-05-25;17;543
1;2025-05-25;18;627
1;2025-05-25;19;587
1;2025-05-25;20;428
1;2025-05-25;21;339
1;2025-05-25;22;187
1;2025-05-25;23;44
1;2025-05-26;4;4
1;2025-05-26;5;143
1;2025-05-26;6;558
1;2025-05-26;7;1294
1;2025-05-26;8;1690
1;2025-05-26;9;1588
1;2025-05-26;10;1229
1;2025-05-26;11;1311
1;2025-05-26;12;1260
1;2025-05-26;13;1231
1;2025-05-26;14;1180
1;2025-05-26;15;1167
1;2025-05-26;16;1307
1;2025-05-26;17;1684
1;2025-05-26;18;1746
1;2025-05-26;19;1433
1;2025-05-26;20;943
1;2025-05-26;21;519
1;2025-05-26;22;279
1;2025-05-26;23;40
1;2025-05-27;4;14
1;2025-05-27;5;133
1;2025-05-27;6;532
1;2025-05-27;7;1391
1;2025-05-27;8;1800
1;2025-05-27;9;1507
1;2025-05-27;10;1369
1;2025-05-27;11;1320
1;2025-05-27;12;1356
1;2025-05-27;13;1413
1;2025-05-27;14;1233
1;2025-05-27;15;1234
1;2025-05-27;16;1344
1;2025-05-27;17;1772
1;2025-05-27;18;1763
1;2025-05-27;19;1570
1;2025-05-27;20;965
1;2025-05-27;21;468
1;2025-05-27;22;290
1;2025-05-27;23;55
1;2025-05-28;0;1
1;2025-05-28;4;9
1;2025-05-28;5;150
1;2025-05-28;6;594
1;2025-05-28;7;1384
1;2025-05-28;8;1822
1;2025-05-28;9;1583
1;2025-05-28;10;1383
1;2025-05-28;11;1428
1;2025-05-28;12;1236
1;2025-05-28;13;1244
1;2025-05-28;14;1216
1;2025-05-28;15;1330
1;2025-05-28;16;1242
1;2025-05-28;17;1723
1;2025-05-28;18;1779
1;2025-05-28;19;1549
1;2025-05-28;20;1013
1;2025-05-28;21;579
1;2025-05-28;22;344
1;2025-05-28;23;51
1;2025-05-29;0;8
1;2025-05-29;4;9
1;2025-05-29;5;132
1;2025-05-29;6;522
1;2025-05-29;7;1551
1;2025-05-29;8;1965
1;2025-05-29;9;1761
1;2025-05-29;10;1696
1;2025-05-29;11;1470
1;2025-05-29;12;1247
1;2025-05-29;13;1183
1;2025-05-29;14;1091
1;2025-05-29;15;1114
1;2025-05-29;16;1342
1;2025-05-29;17;1648
1;2025-05-29;18;1748
1;2025-05-29;19;1470
1;2025-05-29;20;882
1;2025-05-29;21;563
1;2025-05-29;22;337
1;2025-05-29;23;70
1;2025-05-30;0;9
1;2025-05-30;4;8
1;2025-05-30;5;128
1;2025-05-30;6;465
1;2025-05-30;7;1099
1;2025-05-30;8;1858
1;2025-05-30;9;1465
1;2025-05-30;10;1268
1;2025-05-30;11;1203
1;2025-05-30;12;1167
1;2025-05-30;13;1443
1;2025-05-30;14;1229
1;2025-05-30;15;1285
1;2025-05-30;16;1351
1;2025-05-30;17;1661
1;2025-05-30;18;1493
1;2025-05-30;19;1198
1;2025-05-30;20;927
1;2025-05-30;21;427
1;2025-05-30;22;298
1;2025-05-30;23;41
1;2025-05-31;0;3
1;2025-05-31;4;2
1;2025-05-31;5;20
1;2025-05-31;6;204
1;2025-05-31;7;370
1;2025-05-31;8;468
1;2025-05-31;9;632
1;2025-05-31;10;800
1;2025-05-31;11;830
1;2025-05-31;12;952
1;2025-05-31;13;856
1;2025-05-31;14;702
1;2025-05-31;15;583
1;2025-05-31;16;535
1;2025-05-31;17;561
1;2025-05-31;18;611
1;2025-05-31;19;574
1;2025-05-31;20;486
1;2025-05-31;21;385
1;2025-05-31;22;157
1;2025-05-31;23;30
1;2025-06-01;5;29
1;2025-06-01;6;133
1;2025-06-01;7;279
1;2025-06-01;8;385
1;2025-06-01;9;611
1;2025-06-01;10;690
1;2025-06-01;11;667
1;2025-06-01;12;797
1;2025-06-01;13;852
1;2025-06-01;14;638
1;2025-06-01;15;640
1;2025-06-01;16;619
1;2025-06-01;17;679
1;2025-06-01;18;536
1;2025-06-01;19;437
1;2025-06-01;20;393
1;2025-06-01;21;291
1;2025-06-01;22;132
1;2025-06-01;23;42
1;2025-06-02;4;5
1;2025-06-02;5;121
1;2025-06-02;6;532
1;2025-06-02;7;1242
1;2025-06-02;8;1827
1;2025-06-02;9;1410
1;2025-06-02;10;1352
1;2025-06-02;11;1389
1;2025-06-02;12;1306
1;2025-06-02;13;1381
1;2025-06-02;14;1199
1;2025-06-02;15;1351
1;2025-06-02;16;1452
1;2025-06-02;17;1725
1;2025-06-02;18;1609
1;2025-06-02;19;1460
1;2025-06-02;20;983
1;2025-06-02;21;426
1;2025-06-02;22;275
1;2025-06-02;23;42
1;2025-06-03;4;3
1;2025-06-03;5;152
1;2025-06-03;6;539
1;2025-06-03;7;1332
1;2025-06-03;8;1746
1;2025-06-03;9;1453
1;2025-06-03;10;1354
1;2025-06-03;11;1280
1;2025-06-03;12;1388
1;2025-06-03;13;1192
1;2025-06-03;14;1263
1;2025-06-03;15;1239
1;2025-06-03;16;1381
1;2025-06-03;17;1673
1;2025-06-03;18;1861
1;2025-06-03;19;1459
1;2025-06-03;20;947
1;2025-06-03;21;570
1;2025-06-03;22;312
1;2025-06-03;23;30
1;2025-06-04;0;2
1;2025-06-04;4;8
1;2025-06-04;5;142
1;2025-06-04;6;584
1;2025-06-04;7;1310
1;2025-06-04;8;1740
1;2025-06-04;9;1559
1;2025-06-04;10;1270
1;2025-06-04;11;1476
1;2025-06-04;12;1219
1;2025-06-04;13;1397
1;2025-06-04;14;1209
1;2025-06-04;15;1348
1;2025-06-04;16;1282
1;2025-06-04;17;1447
1;2025-06-04;18;1700
1;2025-06-04;19;1449
1;2025-06-04;20;928
1;2025-06-04;21;463
1;2025-06-04;22;332
1;2025-06-04;23;56
1;2025-06-05;4;4
1;2025-06-05;5;127
1;2025-06-05;6;401
1;2025-06-05;7;1307
1;2025-06-05;8;1981
1;2025-06-05;9;1504
1;2025-06-05;10;1548
1;2025-06-05;11;1477
1;2025-06-05;12;1433
1;2025-06-05;13;1421
1;2025-06-05;14;1263
1;2025-06-05;15;1171
1;2025-06-05;16;1492
1;2025-06-05;17;1694
1;2025-06-05;18;2129
1;2025-06-05;19;1620
1;2025-06-05;20;1041
1;2025-06-05;21;674
1;2025-06-05;22;430
1;2025-06-05;23;74
1;2025-06-06;0;8
1;2025-06-06;4;10
1;2025-06-06;5;240
1;2025-06-06;6;544
1;2025-06-06;7;1184
1;2025-06-06;8;1722
1;2025-06-06;9;1541
1;2025-06-06;10;1404
1;2025-06-06;11;1464
1;2025-06-06;12;1364
1;2025-06-06;13;1427
1;2025-06-06;14;1251
1;2025-06-06;15;1440
1;2025-06-06;16;1441
1;2025-06-06;17;1594
1;2025-06-06;18;1457
1;2025-06-06;19;1148
1;2025-06-06;20;849
1;2025-06-06;21;560
1;2025-06-06;22;314
1;2025-06-06;23;33
1;2025-06-07;0;6
1;2025-06-07;5;38
1;2025-06-07;6;180
1;2025-06-07;7;370
1;2025-06-07;8;531
1;2025-06-07;9;774
1;2025-06-07;10;926
1;2025-06-07;11;953
1;2025-06-07;12;942
1;2025-06-07;13;854
1;2025-06-07;14;732
1;2025-06-07;15;739
1;2025-06-07;16;647
1;2025-06-07;17;653
1;2025-06-07;18;594
1;2025-06-07;19;611
1;2025-06-07;20;446
1;2025-06-07;21;395
1;2025-06-07;22;191
1;2025-06-07;23;44
1;2025-06-08;5;32
1;2025-06-08;6;148
1;2025-06-08;7;317
1;2025-06-08;8;530
1;2025-06-08;9;639
1;2025-06-08;10;694
1;2025-06-08;11;764
1;2025-06-08;12;913
1;2025-06-08;13;785
1;2025-06-08;14;505
1;2025-06-08;15;556
1;2025-06-08;16;680
1;2025-06-08;17;571
1;2025-06-08;18;345
1;2025-06-08;19;399
1;2025-06-08;20;215
1;2025-06-08;21;260
1;2025-06-08;22;116
1;2025-06-08;23;30
1;2025-06-09;4;11
1;2025-06-09;5;100
1;2025-06-09;6;450
1;2025-06-09;7;1128
1;2025-06-09;8;1651
1;2025-06-09;9;1338
1;2025-06-09;10;1268
1;2025-06-09;11;1160
1;2025-06-09;12;1311
1;2025-06-09;13;1281
1;2025-06-09;14;1179
1;2025-06-09;15;1442
1;2025-06-09;16;1272
1;2025-06-09;17;1574
1;2025-06-09;18;1924
1;2025-06-09;19;1407
1;2025-06-09;20;1088
1;2025-06-09;21;588
1;2025-06-09;22;355
1;2025-06-09;23;45
1;2025-06-10;0;8
1;2025-06-10;4;15
1;2025-06-10;5;121
1;2025-06-10;6;480
1;2025-06-10;7;1362
1;2025-06-10;8;1764
1;2025-06-10;9;1576
1;2025-06-10;10;1516
1;2025-06-10;11;1314
1;2025-06-10;12;1520
1;2025-06-10;13;1347
1;2025-06-10;14;1258
1;2025-06-10;15;1359
1;2025-06-10;16;1361
1;2025-06-10;17;1744
1;2025-06-10;18;1756
1;2025-06-10;19;1467
1;2025-06-10;20;945
1;2025-06-10;21;577
1;2025-06-10;22;283
1;2025-06-10;23;52
1;2025-06-11;0;5
1;2025-06-11;4;4
1;2025-06-11;5;142
1;2025-06-11;6;482
1;2025-06-11;7;1240
1;2025-06-11;8;1598
1;2025-06-11;9;1487
1;2025-06-11;10;1495
1;2025-06-11;11;1468
1;2025-06-11;12;1399
1;2025-06-11;13;1379
1;2025-06-11;14;1284
1;2025-06-11;15;1356
1;2025-06-11;16;1332
1;2025-06-11;17;1490
1;2025-06-11;18;1311
1;2025-06-11;19;1016
1;2025-06-11;20;781
1;2025-06-11;21;478
1;2025-06-11;22;264
1;2025-06-11;23;29
1;2025-06-12;0;3
1;2025-06-12;4;1
1;2025-06-12;5;36
1;2025-06-12;6;183
1;2025-06-12;7;326
1;2025-06-12;8;432
1;2025-06-12;9;653
1;2025-06-12;10;700
1;2025-06-12;11;770
1;2025-06-12;12;908
1;2025-06-12;13;807
1;2025-06-12;14;855
1;2025-06-12;15;609
1;2025-06-12;16;745
1;2025-06-12;17;670
1;2025-06-12;18;685
1;2025-06-12;19;509
1;2025-06-12;20;403
1;2025-06-12;21;312
1;2025-06-12;22;169
1;2025-06-12;23;44
1;2025-06-13;4;1
1;2025-06-13;5;31
1;2025-06-13;6;180
1;2025-06-13;7;302
1;2025-06-13;8;388
1;2025-06-13;9;559
1;2025-06-13;10;718
1;2025-06-13;11;586
1;2025-06-13;12;780
1;2025-06-13;13;766
1;2025-06-13;14;704
1;2025-06-13;15;523
1;2025-06-13;16;434
1;2025-06-13;17;442
1;2025-06-13;18;438
1;2025-06-13;19;404
1;2025-06-13;20;308
1;2025-06-13;21;248
1;2025-06-13;22;111
1;2025-06-13;23;38
1;2025-06-14;5;33
1;2025-06-14;6;115
1;2025-06-14;7;265
1;2025-06-14;8;356
1;2025-06-14;9;523
1;2025-06-14;10;587
1;2025-06-14;11;422
1;2025-06-14;12;503
1;2025-06-14;13;529
1;2025-06-14;14;472
1;2025-06-14;15;426
1;2025-06-14;16;468
1;2025-06-14;17;443
1;2025-06-14;18;408
1;2025-06-14;19;472
1;2025-06-14;20;404
1;2025-06-14;21;376
1;2025-06-14;22;126
1;2025-06-14;23;25
1;2025-06-15;5;27
1;2025-06-15;6;108
1;2025-06-15;7;221
1;2025-06-15;8;279
1;2025-06-15;9;439
1;2025-06-15;10;612
1;2025-06-15;11;498
1;2025-06-15;12;694
1;2025-06-15;13;756
1;2025-06-15;14;676
1;2025-06-15;15;602
1;2025-06-15;16;541
1;2025-06-15;17;540
1;2025-06-15;18;554
1;2025-06-15;19;483
1;2025-06-15;20;398
1;2025-06-15;21;248
1;2025-06-15;22;122
1;2025-06-15;23;29
1;2025-06-16;2;1
1;2025-06-16;3;4
1;2025-06-16;4;16
1;2025-06-16;5;134
1;2025-06-16;6;457
1;2025-06-16;7;1181
1;2025-06-16;8;1552
1;2025-06-16;9;1314
1;2025-06-16;10;1201
1;2025-06-16;11;1329
1;2025-06-16;12;1306
1;2025-06-16;13;1313
1;2025-06-16;14;1161
1;2025-06-16;15;1230
1;2025-06-16;16;1220
1;2025-06-16;17;1557
1;2025-06-16;18;1711
1;2025-06-16;19;1321
1;2025-06-16;20;959
1;2025-06-16;21;486
1;2025-06-16;22;278
1;2025-06-16;23;23
1;2025-06-17;0;4
1;2025-06-17;4;6
1;2025-06-17;5;151
1;2025-06-17;6;486
1;2025-06-17;7;1131
1;2025-06-17;8;1724
1;2025-06-17;9;1548
1;2025-06-17;10;1316
1;2025-06-17;11;1312
1;2025-06-17;12;1325
1;2025-06-17;13;1415
1;2025-06-17;14;821
1;2025-06-17;15;939
1;2025-06-17;16;1077
1;2025-06-17;17;1263
1;2025-06-17;18;1566
1;2025-06-17;19;1302
1;2025-06-17;20;907
1;2025-06-17;21;425
1;2025-06-17;22;232
1;2025-06-17;23;41
1;2025-06-18;0;3
1;2025-06-18;4;10
1;2025-06-18;5;98
1;2025-06-18;6;429
1;2025-06-18;7;1079
1;2025-06-18;8;1713
1;2025-06-18;9;1259
1;2025-06-18;10;927
1;2025-06-18;11;1013
1;2025-06-18;12;999
1;2025-06-18;13;1078
1;2025-06-18;14;990
1;2025-06-18;15;1073
1;2025-06-18;16;1156
1;2025-06-18;17;1523
1;2025-06-18;18;1682
1;2025-06-18;19;1123
1;2025-06-18;20;828
1;2025-06-18;21;432
1;2025-06-18;22;268
1;2025-06-18;23;29
1;2025-06-19;0;7
1;2025-06-19;4;10
1;2025-06-19;5;106
1;2025-06-19;6;424
1;2025-06-19;7;1192
1;2025-06-19;8;1520
1;2025-06-19;9;1197
1;2025-06-19;10;1080
1;2025-06-19;11;1287
1;2025-06-19;12;1439
1;2025-06-19;13;1317
1;2025-06-19;14;1205
1;2025-06-19;15;1084
1;2025-06-19;16;1077
1;2025-06-19;17;1414
1;2025-06-19;18;1517
1;2025-06-19;19;1146
1;2025-06-19;20;807
1;2025-06-19;21;407
1;2025-06-19;22;197
1;2025-06-19;23;36
1;2025-06-20;0;5
1;2025-06-20;4;5
1;2025-06-20;5;117
1;2025-06-20;6;483
1;2025-06-20;7;1181
1;2025-06-20;8;1620
1;2025-06-20;9;1320
1;2025-06-20;10;1091
1;2025-06-20;11;1124
1;2025-06-20;12;1098
1;2025-06-20;13;1050
1;2025-06-20;14;991
1;2025-06-20;15;1213
1;2025-06-20;16;1284
1;2025-06-20;17;1432
1;2025-06-20;18;1301
1;2025-06-20;19;1136
1;2025-06-20;20;743
1;2025-06-20;21;517
1;2025-06-20;22;258
1;2025-06-20;23;72
1;2025-06-21;0;15
1;2025-06-21;4;1
1;2025-06-21;5;35
1;2025-06-21;6;187
1;2025-06-21;7;292
1;2025-06-21;8;445
1;2025-06-21;9;661
1;2025-06-21;10;745
1;2025-06-21;11;700
1;2025-06-21;12;860
1;2025-06-21;13;820
1;2025-06-21;14;824
1;2025-06-21;15;673
1;2025-06-21;16;681
1;2025-06-21;17;679
1;2025-06-21;18;676
1;2025-06-21;19;619
1;2025-06-21;20;426
1;2025-06-21;21;361
1;2025-06-21;22;187
1;2025-06-21;23;43
1;2025-06-22;5;25
1;2025-06-22;6;122
1;2025-06-22;7;203
1;2025-06-22;8;296
1;2025-06-22;9;534
1;2025-06-22;10;650
1;2025-06-22;11;582
1;2025-06-22;12;793
1;2025-06-22;13;749
1;2025-06-22;14;626
1;2025-06-22;15;530
1;2025-06-22;16;533
1;2025-06-22;17;539
1;2025-06-22;18;448
1;2025-06-22;19;443
1;2025-06-22;20;376
1;2025-06-22;21;312
1;2025-06-22;22;128
1;2025-06-22;23;49
1;2025-06-23;4;8
1;2025-06-23;5;134
1;2025-06-23;6;486
1;2025-06-23;7;1204
1;2025-06-23;8;1510
1;2025-06-23;9;1294
1;2025-06-23;10;1296
1;2025-06-23;11;1234
1;2025-06-23;12;1254
1;2025-06-23;13;1234
1;2025-06-23;14;1115
1;2025-06-23;15;1170
1;2025-06-23;16;1187
1;2025-06-23;17;1484
1;2025-06-23;18;1575
1;2025-06-23;19;1250
1;2025-06-23;20;956
1;2025-06-23;21;453
1;2025-06-23;22;278
1;2025-06-23;23;37
1;2025-06-24;0;6
1;2025-06-24;4;6
1;2025-06-24;5;141
1;2025-06-24;6;530
1;2025-06-24;7;1302
1;2025-06-24;8;1560
1;2025-06-24;9;1345
1;2025-06-24;10;1252
1;2025-06-24;11;1298
1;2025-06-24;12;1243
1;2025-06-24;13;1308
1;2025-06-24;14;1159
1;2025-06-24;15;1119
1;2025-06-24;16;1136
1;2025-06-24;17;1455
1;2025-06-24;18;1633
1;2025-06-24;19;1126
1;2025-06-24;20;809
1;2025-06-24;21;382
1;2025-06-24;22;174
1;2025-06-24;23;39
1;2025-06-25;0;10
1;2025-06-25;4;10
1;2025-06-25;5;131
1;2025-06-25;6;439
1;2025-06-25;7;1096
1;2025-06-25;8;1393
1;2025-06-25;9;1318
1;2025-06-25;10;1312
1;2025-06-25;11;1166
1;2025-06-25;12;1200
1;2025-06-25;13;1197
1;2025-06-25;14;920
1;2025-06-25;15;1028
1;2025-06-25;16;1078
1;2025-06-25;17;1321
1;2025-06-25;18;1496
1;2025-06-25;19;1034
1;2025-06-25;20;772
1;2025-06-25;21;478
1;2025-06-25;22;262
1;2025-06-25;23;44
1;2025-06-26;0;2
1;2025-06-26;4;9
1;2025-06-26;5;133
1;2025-06-26;6;551
1;2025-06-26;7;1251
1;2025-06-26;8;1491
1;2025-06-26;9;1377
1;2025-06-26;10;1320
1;2025-06-26;11;1329
1;2025-06-26;12;1240
1;2025-06-26;13;1292
1;2025-06-26;14;1059
1;2025-06-26;15;1159
1;2025-06-26;16;1249
1;2025-06-26;17;1463
1;2025-06-26;18;1606
1;2025-06-26;19;1379
1;2025-06-26;20;914
1;2025-06-26;21;399
1;2025-06-26;22;242
1;2025-06-26;23;54
1;2025-06-27;0;5
1;2025-06-27;5;119
1;2025-06-27;6;434
1;2025-06-27;7;1038
1;2025-06-27;8;1896
1;2025-06-27;9;1051
1;2025-06-27;10;1140
1;2025-06-27;11;938
1;2025-06-27;12;1156
1;2025-06-27;13;1164
1;2025-06-27;14;1055
1;2025-06-27;15;1301
1;2025-06-27;16;1247
1;2025-06-27;17;1364
1;2025-06-27;18;1375
1;2025-06-27;19;1138
1;2025-06-27;20;765
1;2025-06-27;21;538
1;2025-06-27;22;280
1;2025-06-27;23;47
1;2025-06-28;0;9
1;2025-06-28;4;1
1;2025-06-28;5;49
1;2025-06-28;6;178
1;2025-06-28;7;363
1;2025-06-28;8;456
1;2025-06-28;9;742
1;2025-06-28;10;771
1;2025-06-28;11;667
1;2025-06-28;12;888
1;2025-06-28;13;770
1;2025-06-28;14;765
1;2025-06-28;15;619
1;2025-06-28;16;677
1;2025-06-28;17;603
1;2025-06-28;18;535
1;2025-06-28;19;436
1;2025-06-28;20;381
1;2025-06-28;21;291
1;2025-06-28;22;163
1;2025-06-28;23;70
1;2025-06-29;0;7
1;2025-06-29;5;27
1;2025-06-29;6;115
1;2025-06-29;7;259
1;2025-06-29;8;217
1;2025-06-29;9;464
1;2025-06-29;10;599
1;2025-06-29;11;594
1;2025-06-29;12;787
1;2025-06-29;13;804
1;2025-06-29;14;835
1;2025-06-29;15;599
1;2025-06-29;16;595
1;2025-06-29;17;475
1;2025-06-29;18;473
1;2025-06-29;19;363
1;2025-06-29;20;276
1;2025-06-29;21;221
1;2025-06-29;22;103
1;2025-06-29;23;31
1;2025-06-30;4;6
1;2025-06-30;5;107
1;2025-06-30;6;478
1;2025-06-30;7;1244
1;2025-06-30;8;1571
1;2025-06-30;9;1281
1;2025-06-30;10;1078
1;2025-06-30;11;994
1;2025-06-30;12;1113
1;2025-06-30;13;1184
1;2025-06-30;14;924
1;2025-06-30;15;1008
1;2025-06-30;16;967
1;2025-06-30;17;1383
1;2025-06-30;18;1475
1;2025-06-30;19;1317
1;2025-06-30;20;794
1;2025-06-30;21;440
1;2025-06-30;22;277
1;2025-06-30;23;45
1;2025-07-01;0;5
1;2025-07-01;4;5
1;2025-07-01;5;146
1;2025-07-01;6;463
1;2025-07-01;7;1091
1;2025-07-01;8;1427
1;2025-07-01;9;1269
1;2025-07-01;10;1058
1;2025-07-01;11;1186
1;2025-07-01;12;1116
1;2025-07-01;13;934
1;2025-07-01;14;855
1;2025-07-01;15;944
1;2025-07-01;16;1262
1;2025-07-01;17;1225
1;2025-07-01;18;1425
1;2025-07-01;19;1181
1;2025-07-01;20;762
1;2025-07-01;21;445
1;2025-07-01;22;281
1;2025-07-01;23;29
1;2025-07-02;0;2
1;2025-07-02;4;7
1;2025-07-02;5;151
1;2025-07-02;6;427
1;2025-07-02;7;1233
1;2025-07-02;8;1562
1;2025-07-02;9;1328
1;2025-07-02;10;1192
1;2025-07-02;11;1421
1;2025-07-02;12;1228
1;2025-07-02;13;1251
1;2025-07-02;14;1174
1;2025-07-02;15;1116
1;2025-07-02;16;1218
1;2025-07-02;17;1516
1;2025-07-02;18;1540
1;2025-07-02;19;1304
1;2025-07-02;20;761
1;2025-07-02;21;395
1;2025-07-02;22;208
1;2025-07-02;23;30
1;2025-07-03;0;5
1;2025-07-03;4;11
1;2025-07-03;5;129
1;2025-07-03;6;532
1;2025-07-03;7;1144
1;2025-07-03;8;1638
1;2025-07-03;9;1317
1;2025-07-03;10;1170
1;2025-07-03;11;1274
1;2025-07-03;12;1273
1;2025-07-03;13;1346
1;2025-07-03;14;1154
1;2025-07-03;15;1225
1;2025-07-03;16;1086
1;2025-07-03;17;1333
1;2025-07-03;18;1587
1;2025-07-03;19;1207
1;2025-07-03;20;829
1;2025-07-03;21;543
1;2025-07-03;22;233
1;2025-07-03;23;23
1;2025-07-04;0;9
1;2025-07-04;4;1
1;2025-07-04;5;99
1;2025-07-04;6;406
1;2025-07-04;7;1247
1;2025-07-04;8;1566
1;2025-07-04;9;1304
1;2025-07-04;10;1225
1;2025-07-04;11;1215
1;2025-07-04;12;1153
1;2025-07-04;13;1174
1;2025-07-04;14;1084
1;2025-07-04;15;1264
1;2025-07-04;16;1319
1;2025-07-04;17;1623
1;2025-07-04;18;1370
1;2025-07-04;19;1080
1;2025-07-04;20;753
1;2025-07-04;21;473
1;2025-07-04;22;267
1;2025-07-04;23;53
1;2025-07-05;0;1
1;2025-07-05;5;35
1;2025-07-05;6;165
1;2025-07-05;7;319
1;2025-07-05;8;437
1;2025-07-05;9;598
1;2025-07-05;10;690
1;2025-07-05;11;569
1;2025-07-05;12;846
1;2025-07-05;13;856
1;2025-07-05;14;719
1;2025-07-05;15;720
1;2025-07-05;16;693
1;2025-07-05;17;682
1;2025-07-05;18;532
1;2025-07-05;19;588
1;2025-07-05;20;462
1;2025-07-05;21;315
1;2025-07-05;22;128
1;2025-07-05;23;68
1;2025-07-06;0;2
1;2025-07-06;1;1
1;2025-07-06;5;35
1;2025-07-06;6;118
1;2025-07-06;7;235
1;2025-07-06;8;375
1;2025-07-06;9;522
1;2025-07-06;10;572
1;2025-07-06;11;610
1;2025-07-06;12;711
1;2025-07-06;13;775
1;2025-07-06;14;678
1;2025-07-06;15;637
1;2025-07-06;16;593
1;2025-07-06;17;592
1;2025-07-06;18;512
1;2025-07-06;19;501
1;2025-07-06;20;366
1;2025-07-06;21;250
1;2025-07-06;22;106
1;2025-07-06;23;41
1;2025-07-07;4;13
1;2025-07-07;5;130
1;2025-07-07;6;446
1;2025-07-07;7;1125
1;2025-07-07;8;1440
1;2025-07-07;9;1117
1;2025-07-07;10;1104
1;2025-07-07;11;1180
1;2025-07-07;12;1055
1;2025-07-07;13;1011
1;2025-07-07;14;906
1;2025-07-07;15;972
1;2025-07-07;16;971
1;2025-07-07;17;1087
1;2025-07-07;18;1311
1;2025-07-07;19;966
1;2025-07-07;20;551
1;2025-07-07;21;393
1;2025-07-07;22;252
1;2025-07-07;23;44
1;2025-07-08;0;4
1;2025-07-08;4;12
1;2025-07-08;5;119
1;2025-07-08;6;427
1;2025-07-08;7;1106
1;2025-07-08;8;1549
1;2025-07-08;9;1272
1;2025-07-08;10;1296
1;2025-07-08;11;1176
1;2025-07-08;12;1018
1;2025-07-08;13;1024
1;2025-07-08;14;1039
1;2025-07-08;15;978
1;2025-07-08;16;1145
1;2025-07-08;17;1348
1;2025-07-08;18;1552
1;2025-07-08;19;1173
1;2025-07-08;20;953
1;2025-07-08;21;464
1;2025-07-08;22;214
1;2025-07-08;23;46
1;2025-07-09;0;11
1;2025-07-09;4;10
1;2025-07-09;5;155
1;2025-07-09;6;497
1;2025-07-09;7;1188
1;2025-07-09;8;1433
1;2025-07-09;9;1397
1;2025-07-09;10;1044
1;2025-07-09;11;1062
1;2025-07-09;12;927
1;2025-07-09;13;950
1;2025-07-09;14;957
1;2025-07-09;15;868
1;2025-07-09;16;946
1;2025-07-09;17;1159
1;2025-07-09;18;1542
1;2025-07-09;19;1112
1;2025-07-09;20;782
1;2025-07-09;21;378
1;2025-07-09;22;272
1;2025-07-09;23;29
1;2025-07-10;0;1
1;2025-07-10;4;1
1;2025-07-10;5;114
1;2025-07-10;6;490
1;2025-07-10;7;1276
1;2025-07-10;8;1528
1;2025-07-10;9;1278
1;2025-07-10;10;1096
1;2025-07-10;11;1083
1;2025-07-10;12;938
1;2025-07-10;13;880
1;2025-07-10;14;793
1;2025-07-10;15;700
1;2025-07-10;16;931
1;2025-07-10;17;1177
1;2025-07-10;18;1463
1;2025-07-10;19;1269
1;2025-07-10;20;863
1;2025-07-10;21;594
1;2025-07-10;22;265
1;2025-07-10;23;24
1;2025-07-11;0;1
1;2025-07-11;4;2
1;2025-07-11;5;106
1;2025-07-11;6;466
1;2025-07-11;7;1101
1;2025-07-11;8;1444
1;2025-07-11;9;1317
1;2025-07-11;10;1064
1;2025-07-11;11;1133
1;2025-07-11;12;941
1;2025-07-11;13;834
1;2025-07-11;14;712
1;2025-07-11;15;876
1;2025-07-11;16;933
1;2025-07-11;17;1198
1;2025-07-11;18;1310
1;2025-07-11;19;1054
1;2025-07-11;20;825
1;2025-07-11;21;530
1;2025-07-11;22;324
1;2025-07-11;23;82
1;2025-07-12;0;1
1;2025-07-12;5;45
1;2025-07-12;6;175
1;2025-07-12;7;301
1;2025-07-12;8;364
1;2025-07-12;9;631
1;2025-07-12;10;748
1;2025-07-12;11;590
1;2025-07-12;12;668
1;2025-07-12;13;492
1;2025-07-12;14;545
1;2025-07-12;15;464
1;2025-07-12;16;425
1;2025-07-12;17;570
1;2025-07-12;18;547
1;2025-07-12;19;360
1;2025-07-12;20;224
1;2025-07-12;21;138
1;2025-07-12;22;135
1;2025-07-12;23;31
1;2025-07-13;5;26
1;2025-07-13;6;112
1;2025-07-13;7;254
1;2025-07-13;8;353
1;2025-07-13;9;588
1;2025-07-13;10;664
1;2025-07-13;11;632
1;2025-07-13;12;599
1;2025-07-13;13;740
1;2025-07-13;14;663
1;2025-07-13;15;510
1;2025-07-13;16;487
1;2025-07-13;17;446
1;2025-07-13;18;456
1;2025-07-13;19;416
1;2025-07-13;20;374
1;2025-07-13;21;287
1;2025-07-13;22;158
1;2025-07-13;23;35
1;2025-07-14;4;11
1;2025-07-14;5;153
1;2025-07-14;6;419
1;2025-07-14;7;1022
1;2025-07-14;8;1343
1;2025-07-14;9;1170
1;2025-07-14;10;1042
1;2025-07-14;11;1058
1;2025-07-14;12;828
1;2025-07-14;13;840
1;2025-07-14;14;687
1;2025-07-14;15;774
1;2025-07-14;16;867
1;2025-07-14;17;1245
1;2025-07-14;18;1203
1;2025-07-14;19;1071
1;2025-07-14;20;718
1;2025-07-14;21;431
1;2025-07-14;22;252
1;2025-07-14;23;37
1;2025-07-15;0;2
1;2025-07-15;4;5
1;2025-07-15;5;130
1;2025-07-15;6;516
1;2025-07-15;7;985
1;2025-07-15;8;1562
1;2025-07-15;9;1271
1;2025-07-15;10;1169
1;2025-07-15;11;1150
1;2025-07-15;12;914
1;2025-07-15;13;860
1;2025-07-15;14;407
1;2025-07-15;15;735
1;2025-07-15;16;925
1;2025-07-15;17;1255
1;2025-07-15;18;1222
1;2025-07-15;19;1001
1;2025-07-15;20;726
1;2025-07-15;21;406
1;2025-07-15;22;223
1;2025-07-15;23;39
1;2025-07-16;0;5
1;2025-07-16;4;11
1;2025-07-16;5;123
1;2025-07-16;6;467
1;2025-07-16;7;1022
1;2025-07-16;8;1555
1;2025-07-16;9;1407
1;2025-07-16;10;1309
1;2025-07-16;11;1329
1;2025-07-16;12;1245
1;2025-07-16;13;1182
1;2025-07-16;14;1011
1;2025-07-16;15;981
1;2025-07-16;16;1043
1;2025-07-16;17;1504
1;2025-07-16;18;1534
1;2025-07-16;19;1400
1;2025-07-16;20;787
1;2025-07-16;21;363
1;2025-07-16;22;297
1;2025-07-16;23;47
1;2025-07-17;0;1
1;2025-07-17;4;8
1;2025-07-17;5;111
1;2025-07-17;6;463
1;2025-07-17;7;1064
1;2025-07-17;8;1556
1;2025-07-17;9;1156
1;2025-07-17;10;1234
1;2025-07-17;11;1111
1;2025-07-17;12;1096
1;2025-07-17;13;896
1;2025-07-17;14;887
1;2025-07-17;15;997
1;2025-07-17;16;943
1;2025-07-17;17;1201
1;2025-07-17;18;1349
1;2025-07-17;19;1206
1;2025-07-17;20;795
1;2025-07-17;21;468
1;2025-07-17;22;284
1;2025-07-17;23;51
1;2025-07-18;0;6
1;2025-07-18;1;2
1;2025-07-18;4;8
1;2025-07-18;5;129
1;2025-07-18;6;478
1;2025-07-18;7;1016
1;2025-07-18;8;1550
1;2025-07-18;9;1318
1;2025-07-18;10;1196
1;2025-07-18;11;1131
1;2025-07-18;12;1162
1;2025-07-18;13;1092
1;2025-07-18;14;1017
1;2025-07-18;15;1095
1;2025-07-18;16;1017
1;2025-07-18;17;1172
1;2025-07-18;18;1257
1;2025-07-18;19;938
1;2025-07-18;20;679
1;2025-07-18;21;396
1;2025-07-18;22;298
1;2025-07-18;23;69
1;2025-07-19;0;5
1;2025-07-19;5;37
1;2025-07-19;6;113
1;2025-07-19;7;240
1;2025-07-19;8;358
1;2025-07-19;9;578
1;2025-07-19;10;703
1;2025-07-19;11;699
1;2025-07-19;12;738
1;2025-07-19;13;813
1;2025-07-19;14;678
1;2025-07-19;15;672
1;2025-07-19;16;618
1;2025-07-19;17;500
1;2025-07-19;18;445
1;2025-07-19;19;489
1;2025-07-19;20;345
1;2025-07-19;21;232
1;2025-07-19;22;113
1;2025-07-19;23;22
1;2025-07-20;5;18
1;2025-07-20;6;110
1;2025-07-20;7;233
1;2025-07-20;8;309
1;2025-07-20;9;515
1;2025-07-20;10;594
1;2025-07-20;11;586
1;2025-07-20;12;729
1;2025-07-20;13;717
1;2025-07-20;14;761
1;2025-07-20;15;599
1;2025-07-20;16;595
1;2025-07-20;17;614
1;2025-07-20;18;435
1;2025-07-20;19;449
1;2025-07-20;20;430
1;2025-07-20;21;313
1;2025-07-20;22;129
1;2025-07-20;23;36
1;2025-07-21;4;10
1;2025-07-21;5;97
1;2025-07-21;6;514
1;2025-07-21;7;880
1;2025-07-21;8;1286
1;2025-07-21;9;682
1;2025-07-21;10;194
1;2025-07-21;11;500
1;2025-07-21;12;572
1;2025-07-21;13;658
1;2025-07-21;14;816
1;2025-07-21;15;969
1;2025-07-21;16;1141
1;2025-07-21;17;1380
1;2025-07-21;18;1403
1;2025-07-21;19;1161
1;2025-07-21;20;790
1;2025-07-21;21;563
1;2025-07-21;22;304
1;2025-07-21;23;26
1;2025-07-22;0;3
1;2025-07-22;1;6
1;2025-07-22;2;7
1;2025-07-22;3;8
1;2025-07-22;4;13
1;2025-07-22;5;119
1;2025-07-22;6;432
1;2025-07-22;7;1080
1;2025-07-22;8;1388
1;2025-07-22;9;1305
1;2025-07-22;10;1188
1;2025-07-22;11;1208
1;2025-07-22;12;1197
1;2025-07-22;13;1140
1;2025-07-22;14;987
1;2025-07-22;15;1069
1;2025-07-22;16;1139
1;2025-07-22;17;877
1;2025-07-22;18;1100
1;2025-07-22;19;807
1;2025-07-22;20;789
1;2025-07-22;21;517
1;2025-07-22;22;217
1;2025-07-22;23;51
1;2025-07-23;0;3
1;2025-07-23;4;9
1;2025-07-23;5;88
1;2025-07-23;6;371
1;2025-07-23;7;1016
1;2025-07-23;8;1524
1;2025-07-23;9;1287
1;2025-07-23;10;1162
1;2025-07-23;11;1250
1;2025-07-23;12;1226
1;2025-07-23;13;1189
1;2025-07-23;14;1039
1;2025-07-23;15;1103
1;2025-07-23;16;1002
1;2025-07-23;17;1241
1;2025-07-23;18;1410
1;2025-07-23;19;1367
1;2025-07-23;20;775
1;2025-07-23;21;447
1;2025-07-23;22;252
1;2025-07-23;23;35
1;2025-07-24;0;1
1;2025-07-24;4;7
1;2025-07-24;5;99
1;2025-07-24;6;410
1;2025-07-24;7;994
1;2025-07-24;8;1397
1;2025-07-24;9;1216
1;2025-07-24;10;1096
1;2025-07-24;11;996
1;2025-07-24;12;1090
1;2025-07-24;13;897
1;2025-07-24;14;697
1;2025-07-24;15;721
1;2025-07-24;16;1052
1;2025-07-24;17;1221
1;2025-07-24;18;1416
1;2025-07-24;19;1210
1;2025-07-24;20;794
1;2025-07-24;21;501
1;2025-07-24;22;240
1;2025-07-24;23;36
1;2025-07-25;4;8
1;2025-07-25;5;113
1;2025-07-25;6;364
1;2025-07-25;7;1077
1;2025-07-25;8;1395
1;2025-07-25;9;1189
1;2025-07-25;10;1136
1;2025-07-25;11;1128
1;2025-07-25;12;1021
1;2025-07-25;13;984
1;2025-07-25;14;837
1;2025-07-25;15;1038
1;2025-07-25;16;1012
1;2025-07-25;17;1294
1;2025-07-25;18;1311
1;2025-07-25;19;1013
1;2025-07-25;20;792
1;2025-07-25;21;658
1;2025-07-25;22;242
1;2025-07-25;23;51
1;2025-07-26;0;1
1;2025-07-26;5;22
1;2025-07-26;6;152
1;2025-07-26;7;331
1;2025-07-26;8;401
1;2025-07-26;9;668
1;2025-07-26;10;696
1;2025-07-26;11;604
1;2025-07-26;12;632
1;2025-07-26;13;713
1;2025-07-26;14;715
1;2025-07-26;15;586
1;2025-07-26;16;558
1;2025-07-26;17;514
1;2025-07-26;18;531
1;2025-07-26;19;510
1;2025-07-26;20;397
1;2025-07-26;21;332
1;2025-07-26;22;144
1;2025-07-26;23;39
1;2025-07-27;5;25
1;2025-07-27;6;119
1;2025-07-27;7;308
1;2025-07-27;8;364
1;2025-07-27;9;613
1;2025-07-27;10;684
1;2025-07-27;11;557
1;2025-07-27;12;740
1;2025-07-27;13;742
1;2025-07-27;14;612
1;2025-07-27;15;603
1;2025-07-27;16;458
1;2025-07-27;17;528
1;2025-07-27;18;403
1;2025-07-27;19;523
1;2025-07-27;20;396
1;2025-07-27;21;307
1;2025-07-27;22;145
1;2025-07-27;23;21
1;2025-07-28;4;15
1;2025-07-28;5;123
1;2025-07-28;6;445
1;2025-07-28;7;1113
1;2025-07-28;8;1471
1;2025-07-28;9;1179
1;2025-07-28;10;1085
1;2025-07-28;11;1104
1;2025-07-28;12;998
1;2025-07-28;13;1038
1;2025-07-28;14;965
1;2025-07-28;15;978
1;2025-07-28;16;1042
1;2025-07-28;17;1329
1;2025-07-28;18;1552
1;2025-07-28;19;1338
1;2025-07-28;20;825
1;2025-07-28;21;405
1;2025-07-28;22;240
1;2025-07-28;23;30
1;2025-07-29;0;1
1;2025-07-29;4;8
1;2025-07-29;5;121
1;2025-07-29;6;468
1;2025-07-29;7;1156
1;2025-07-29;8;1539
1;2025-07-29;9;1310
1;2025-07-29;10;1213
1;2025-07-29;11;1138
1;2025-07-29;12;992
1;2025-07-29;13;966
1;2025-07-29;14;782
1;2025-07-29;15;982
1;2025-07-29;16;1015
1;2025-07-29;17;1347
1;2025-07-29;18;1568
1;2025-07-29;19;1164
1;2025-07-29;20;846
1;2025-07-29;21;476
1;2025-07-29;22;169
1;2025-07-29;23;81
1;2025-07-30;4;9
1;2025-07-30;5;111
1;2025-07-30;6;447
1;2025-07-30;7;999
1;2025-07-30;8;1625
1;2025-07-30;9;1282
1;2025-07-30;10;1240
1;2025-07-30;11;1081
1;2025-07-30;12;1135
1;2025-07-30;13;1126
1;2025-07-30;14;1035
1;2025-07-30;15;1151
1;2025-07-30;16;980
1;2025-07-30;17;1199
1;2025-07-30;18;1827
1;2025-07-30;19;1337
1;2025-07-30;20;894
1;2025-07-30;21;475
1;2025-07-30;22;234
1;2025-07-30;23;70
1;2025-07-31;0;5
1;2025-07-31;4;18
1;2025-07-31;5;85
1;2025-07-31;6;497
1;2025-07-31;7;968
1;2025-07-31;8;1573
1;2025-07-31;9;1362
1;2025-07-31;10;1350
1;2025-07-31;11;1172
1;2025-07-31;12;1263
1;2025-07-31;13;1090
1;2025-07-31;14;886
1;2025-07-31;15;1105
1;2025-07-31;16;1166
1;2025-07-31;17;1513
1;2025-07-31;18;1755
1;2025-07-31;19;1490
1;2025-07-31;20;980
1;2025-07-31;21;522
1;2025-07-31;22;280
1;2025-07-31;23;46
1;2025-08-01;0;2
1;2025-08-01;4;6
1;2025-08-01;5;84
1;2025-08-01;6;480
1;2025-08-01;7;1099
1;2025-08-01;8;1508
1;2025-08-01;9;1183
1;2025-08-01;10;915
1;2025-08-01;11;978
1;2025-08-01;12;974
1;2025-08-01;13;937
1;2025-08-01;14;926
1;2025-08-01;15;1021
1;2025-08-01;16;1080
1;2025-08-01;17;1343
1;2025-08-01;18;1144
1;2025-08-01;19;986
1;2025-08-01;20;620
1;2025-08-01;21;387
1;2025-08-01;22;149
1;2025-08-01;23;26
1;2025-08-02;0;1
1;2025-08-02;5;43
1;2025-08-02;6;179
1;2025-08-02;7;273
1;2025-08-02;8;424
1;2025-08-02;9;589
1;2025-08-02;10;684
1;2025-08-02;11;647
1;2025-08-02;12;804
1;2025-08-02;13;779
1;2025-08-02;14;621
1;2025-08-02;15;620
1;2025-08-02;16;601
1;2025-08-02;17;528
1;2025-08-02;18;475
1;2025-08-02;19;425
1;2025-08-02;20;399
1;2025-08-02;21;299
1;2025-08-02;22;115
1;2025-08-02;23;33
1;2025-08-03;5;19
1;2025-08-03;6;100
1;2025-08-03;7;224
1;2025-08-03;8;338
1;2025-08-03;9;512
1;2025-08-03;10;628
1;2025-08-03;11;619
1;2025-08-03;12;616
1;2025-08-03;13;750
1;2025-08-03;14;664
1;2025-08-03;15;588
1;2025-08-03;16;516
1;2025-08-03;17;532
1;2025-08-03;18;577
1;2025-08-03;19;447
1;2025-08-03;20;415
1;2025-08-03;21;276
1;2025-08-03;22;128
1;2025-08-03;23;30
1;2025-08-04;4;9
1;2025-08-04;5;123
1;2025-08-04;6;371
1;2025-08-04;7;1014
1;2025-08-04;8;1426
1;2025-08-04;9;1070
1;2025-08-04;10;1006
1;2025-08-04;11;841
1;2025-08-04;12;1007
1;2025-08-04;13;737
1;2025-08-04;14;683
1;2025-08-04;15;593
1;2025-08-04;16;805
1;2025-08-04;17;1080
1;2025-08-04;18;1364
1;2025-08-04;19;1060
1;2025-08-04;20;641
1;2025-08-04;21;423
1;2025-08-04;22;191
1;2025-08-04;23;23
1;2025-08-05;0;1
1;2025-08-05;4;9
1;2025-08-05;5;124
1;2025-08-05;6;436
1;2025-08-05;7;1074
1;2025-08-05;8;1395
1;2025-08-05;9;1156
1;2025-08-05;10;955
1;2025-08-05;11;920
1;2025-08-05;12;1148
1;2025-08-05;13;1073
1;2025-08-05;14;957
1;2025-08-05;15;1127
1;2025-08-05;16;1004
1;2025-08-05;17;1352
1;2025-08-05;18;1503
1;2025-08-05;19;1340
1;2025-08-05;20;874
1;2025-08-05;21;484
1;2025-08-05;22;229
1;2025-08-05;23;32
1;2025-08-06;0;2
1;2025-08-06;4;12
1;2025-08-06;5;124
1;2025-08-06;6;425
1;2025-08-06;7;1160
1;2025-08-06;8;1505
1;2025-08-06;9;1437
1;2025-08-06;10;1271
1;2025-08-06;11;1224
1;2025-08-06;12;1280
1;2025-08-06;13;1242
1;2025-08-06;14;1095
1;2025-08-06;15;1256
1;2025-08-06;16;1122
1;2025-08-06;17;1479
1;2025-08-06;18;1687
1;2025-08-06;19;1181
1;2025-08-06;20;916
1;2025-08-06;21;502
1;2025-08-06;22;236
1;2025-08-06;23;27
1;2025-08-07;0;6
1;2025-08-07;4;7
1;2025-08-07;5;117
1;2025-08-07;6;371
1;2025-08-07;7;1100
1;2025-08-07;8;1441
1;2025-08-07;9;1048
1;2025-08-07;10;1108
1;2025-08-07;11;974
1;2025-08-07;12;948
1;2025-08-07;13;956
1;2025-08-07;14;970
1;2025-08-07;15;1043
1;2025-08-07;16;1019
1;2025-08-07;17;1320
1;2025-08-07;18;1480
1;2025-08-07;19;1212
1;2025-08-07;20;777
1;2025-08-07;21;410
1;2025-08-07;22;252
1;2025-08-07;23;26
1;2025-08-08;0;4
1;2025-08-08;3;5
1;2025-08-08;4;10
1;2025-08-08;5;139
1;2025-08-08;6;372
1;2025-08-08;7;1066
1;2025-08-08;8;1379
1;2025-08-08;9;1174
1;2025-08-08;10;1012
1;2025-08-08;11;1002
1;2025-08-08;12;1063
1;2025-08-08;13;1166
1;2025-08-08;14;1112
1;2025-08-08;15;1078
1;2025-08-08;16;1138
1;2025-08-08;17;1327
1;2025-08-08;18;1188
1;2025-08-08;19;959
1;2025-08-08;20;699
1;2025-08-08;21;426
1;2025-08-08;22;210
1;2025-08-08;23;18
1;2025-08-09;0;7
1;2025-08-09;5;39
1;2025-08-09;6;166
1;2025-08-09;7;312
1;2025-08-09;8;349
1;2025-08-09;9;561
1;2025-08-09;10;727
1;2025-08-09;11;580
1;2025-08-09;12;760
1;2025-08-09;13;772
1;2025-08-09;14;611
1;2025-08-09;15;525
1;2025-08-09;16;550
1;2025-08-09;17;552
1;2025-08-09;18;488
1;2025-08-09;19;465
1;2025-08-09;20;355
1;2025-08-09;21;254
1;2025-08-09;22;127
1;2025-08-09;23;26
1;2025-08-10;5;12
1;2025-08-10;6;75
1;2025-08-10;7;225
1;2025-08-10;8;346
1;2025-08-10;9;553
1;2025-08-10;10;632
1;2025-08-10;11;544
1;2025-08-10;12;691
1;2025-08-10;13;473
1;2025-08-10;14;496
1;2025-08-10;15;526
1;2025-08-10;16;456
1;2025-08-10;17;418
1;2025-08-10;18;482
1;2025-08-10;19;353
1;2025-08-10;20;381
1;2025-08-10;21;296
1;2025-08-10;22;78
1;2025-08-10;23;16
1;2025-08-11;4;7
1;2025-08-11;5;105
1;2025-08-11;6;476
1;2025-08-11;7;1083
1;2025-08-11;8;1304
1;2025-08-11;9;1112
1;2025-08-11;10;1026
1;2025-08-11;11;952
1;2025-08-11;12;939
1;2025-08-11;13;962
1;2025-08-11;14;954
1;2025-08-11;15;1018
1;2025-08-11;16;992
1;2025-08-11;17;1260
1;2025-08-11;18;1313
1;2025-08-11;19;1018
1;2025-08-11;20;675
1;2025-08-11;21;287
1;2025-08-11;22;233
1;2025-08-11;23;19
1;2025-08-12;0;5
1;2025-08-12;4;8
1;2025-08-12;5;120
1;2025-08-12;6;511
1;2025-08-12;7;1171
1;2025-08-12;8;1548
1;2025-08-12;9;1286
1;2025-08-12;10;1144
1;2025-08-12;11;1079
1;2025-08-12;12;1138
1;2025-08-12;13;1117
1;2025-08-12;14;977
1;2025-08-12;15;935
1;2025-08-12;16;994
1;2025-08-12;17;1156
1;2025-08-12;18;1386
1;2025-08-12;19;1199
1;2025-08-12;20;683
1;2025-08-12;21;411
1;2025-08-12;22;173
1;2025-08-12;23;26
1;2025-08-13;0;5
1;2025-08-13;4;10
1;2025-08-13;5;143
1;2025-08-13;6;465
1;2025-08-13;7;1043
1;2025-08-13;8;1690
1;2025-08-13;9;1315
1;2025-08-13;10;1192
1;2025-08-13;11;1285
1;2025-08-13;12;1184
1;2025-08-13;13;1103
1;2025-08-13;14;1081
1;2025-08-13;15;1009
1;2025-08-13;16;1133
1;2025-08-13;17;1381
1;2025-08-13;18;1536
1;2025-08-13;19;1322
1;2025-08-13;20;802
1;2025-08-13;21;426
1;2025-08-13;22;238
1;2025-08-13;23;40
1;2025-08-14;0;6
1;2025-08-14;4;7
1;2025-08-14;5;129
1;2025-08-14;6;455
1;2025-08-14;7;1176
1;2025-08-14;8;1395
1;2025-08-14;9;1248
1;2025-08-14;10;1182
1;2025-08-14;11;1138
1;2025-08-14;12;1055
1;2025-08-14;13;963
1;2025-08-14;14;982
1;2025-08-14;15;931
1;2025-08-14;16;1114
1;2025-08-14;17;1391
1;2025-08-14;18;1509
1;2025-08-14;19;1270
1;2025-08-14;20;736
1;2025-08-14;21;459
1;2025-08-14;22;216
1;2025-08-14;23;30
1;2025-08-15;0;10
1;2025-08-15;4;5
1;2025-08-15;5;118
1;2025-08-15;6;433
1;2025-08-15;7;1057
1;2025-08-15;8;1436
1;2025-08-15;9;1150
1;2025-08-15;10;1091
1;2025-08-15;11;1156
1;2025-08-15;12;1111
1;2025-08-15;13;1046
1;2025-08-15;14;980
1;2025-08-15;15;1194
1;2025-08-15;16;1128
1;2025-08-15;17;1379
1;2025-08-15;18;1309
1;2025-08-15;19;1050
1;2025-08-15;20;716
1;2025-08-15;21;418
1;2025-08-15;22;234
1;2025-08-15;23;42
1;2025-08-16;0;6
1;2025-08-16;5;27
1;2025-08-16;6;139
1;2025-08-16;7;277
1;2025-08-16;8;401
1;2025-08-16;9;601
1;2025-08-16;10;585
1;2025-08-16;11;624
1;2025-08-16;12;730
1;2025-08-16;13;758
1;2025-08-16;14;709
1;2025-08-16;15;585
1;2025-08-16;16;592
1;2025-08-16;17;581
1;2025-08-16;18;519
1;2025-08-16;19;428
1;2025-08-16;20;434
1;2025-08-16;21;194
1;2025-08-16;22;86
1;2025-08-16;23;43
1;2025-08-17;5;28
1;2025-08-17;6;98
1;2025-08-17;7;246
1;2025-08-17;8;312
1;2025-08-17;9;562
1;2025-08-17;10;601
1;2025-08-17;11;760
1;2025-08-17;12;795
1;2025-08-17;13;813
1;2025-08-17;14;692
1;2025-08-17;15;663
1;2025-08-17;16;672
1;2025-08-17;17;539
1;2025-08-17;18;574
1;2025-08-17;19;516
1;2025-08-17;20;409
1;2025-08-17;21;347
1;2025-08-17;22;181
1;2025-08-17;23;25
1;2025-08-18;4;10
1;2025-08-18;5;121
1;2025-08-18;6;503
1;2025-08-18;7;1051
1;2025-08-18;8;1514
1;2025-08-18;9;1105
1;2025-08-18;10;1086
1;2025-08-18;11;1086
1;2025-08-18;12;1106
1;2025-08-18;13;1022
1;2025-08-18;14;1021
1;2025-08-18;15;1038
1;2025-08-18;16;1008
1;2025-08-18;17;1430
1;2025-08-18;18;1523
1;2025-08-18;19;1101
1;2025-08-18;20;773
1;2025-08-18;21;479
1;2025-08-18;22;193
1;2025-08-18;23;29
1;2025-08-19;0;3
1;2025-08-19;4;6
1;2025-08-19;5;141
1;2025-08-19;6;455
1;2025-08-19;7;1079
1;2025-08-19;8;1483
1;2025-08-19;9;1208
1;2025-08-19;10;1176
1;2025-08-19;11;1227
1;2025-08-19;12;1219
1;2025-08-19;13;1162
1;2025-08-19;14;1059
1;2025-08-19;15;1137
1;2025-08-19;16;1103
1;2025-08-19;17;1420
1;2025-08-19;18;1520
1;2025-08-19;19;1271
1;2025-08-19;20;803
1;2025-08-19;21;379
1;2025-08-19;22;246
1;2025-08-19;23;41
1;2025-08-20;0;15
1;2025-08-20;4;11
1;2025-08-20;5;104
1;2025-08-20;6;567
1;2025-08-20;7;1099
1;2025-08-20;8;1630
1;2025-08-20;9;1204
1;2025-08-20;10;1141
1;2025-08-20;11;1118
1;2025-08-20;12;1240
1;2025-08-20;13;1203
1;2025-08-20;14;1074
1;2025-08-20;15;1204
1;2025-08-20;16;1006
1;2025-08-20;17;1479
1;2025-08-20;18;1389
1;2025-08-20;19;1312
1;2025-08-20;20;834
1;2025-08-20;21;393
1;2025-08-20;22;223
1;2025-08-20;23;27
1;2025-08-21;0;2
1;2025-08-21;4;9
1;2025-08-21;5;122
1;2025-08-21;6;520
1;2025-08-21;7;1111
1;2025-08-21;8;1462
1;2025-08-21;9;1195
1;2025-08-21;10;1089
1;2025-08-21;11;1002
1;2025-08-21;12;1159
1;2025-08-21;13;1122
1;2025-08-21;14;1003
1;2025-08-21;15;999
1;2025-08-21;16;1199
1;2025-08-21;17;1277
1;2025-08-21;18;1585
1;2025-08-21;19;1069
1;2025-08-21;20;833
1;2025-08-21;21;450
1;2025-08-21;22;249
1;2025-08-21;23;25
1;2025-08-22;0;1
1;2025-08-22;4;7
1;2025-08-22;5;129
1;2025-08-22;6;517
1;2025-08-22;7;1208
1;2025-08-22;8;1636
1;2025-08-22;9;1107
1;2025-08-22;10;819
1;2025-08-22;11;937
1;2025-08-22;12;1171
1;2025-08-22;13;1073
1;2025-08-22;14;1046
1;2025-08-22;15;1151
1;2025-08-22;16;1347
1;2025-08-22;17;1388
1;2025-08-22;18;1242
1;2025-08-22;19;1066
1;2025-08-22;20;773
1;2025-08-22;21;362
1;2025-08-22;22;135
1;2025-08-22;23;32
1;2025-08-23;5;26
1;2025-08-23;6;164
1;2025-08-23;7;250
1;2025-08-23;8;360
1;2025-08-23;9;514
1;2025-08-23;10;568
1;2025-08-23;11;475
1;2025-08-23;12;566
1;2025-08-23;13;680
1;2025-08-23;14;609
1;2025-08-23;15;573
1;2025-08-23;16;514
1;2025-08-23;17;614
1;2025-08-23;18;501
1;2025-08-23;19;424
1;2025-08-23;20;349
1;2025-08-23;21;242
1;2025-08-23;22;97
1;2025-08-23;23;25
1;2025-08-24;5;30
1;2025-08-24;6;100
1;2025-08-24;7;287
1;2025-08-24;8;331
1;2025-08-24;9;572
1;2025-08-24;10;616
1;2025-08-24;11;640
1;2025-08-24;12;763
1;2025-08-24;13;768
1;2025-08-24;14;642
1;2025-08-24;15;565
1;2025-08-24;16;523
1;2025-08-24;17;448
1;2025-08-24;18;581
1;2025-08-24;19;419
1;2025-08-24;20;359
1;2025-08-24;21;314
1;2025-08-24;22;111
1;2025-08-24;23;41
1;2025-08-25;4;7
1;2025-08-25;5;105
1;2025-08-25;6;474
1;2025-08-25;7;1272
1;2025-08-25;8;1578
1;2025-08-25;9;1332
1;2025-08-25;10;1194
1;2025-08-25;11;1237
1;2025-08-25;12;1135
1;2025-08-25;13;1145
1;2025-08-25;14;1160
1;2025-08-25;15;1057
1;2025-08-25;16;1139
1;2025-08-25;17;1427
1;2025-08-25;18;1597
1;2025-08-25;19;1286
1;2025-08-25;20;898
1;2025-08-25;21;474
1;2025-08-25;22;185
1;2025-08-25;23;51
1;2025-08-26;0;2
1;2025-08-26;3;3
1;2025-08-26;4;19
1;2025-08-26;5;158
1;2025-08-26;6;425
1;2025-08-26;7;1160
1;2025-08-26;8;1520
1;2025-08-26;9;1346
1;2025-08-26;10;1215
1;2025-08-26;11;1173
1;2025-08-26;12;1122
1;2025-08-26;13;1209
1;2025-08-26;14;1027
1;2025-08-26;15;1114
1;2025-08-26;16;1130
1;2025-08-26;17;1364
1;2025-08-26;18;1484
1;2025-08-26;19;1076
1;2025-08-26;20;898
1;2025-08-26;21;380
1;2025-08-26;22;228
1;2025-08-26;23;35
1;2025-08-27;0;1
1;2025-08-27;4;10
1;2025-08-27;5;119
1;2025-08-27;6;469
1;2025-08-27;7;1217
1;2025-08-27;8;1680
1;2025-08-27;9;1235
1;2025-08-27;10;1158
1;2025-08-27;11;996
1;2025-08-27;12;1068
1;2025-08-27;13;1122
1;2025-08-27;14;1153
1;2025-08-27;15;1082
1;2025-08-27;16;1265
1;2025-08-27;17;1495
1;2025-08-27;18;1619
1;2025-08-27;19;1565
1;2025-08-27;20;969
1;2025-08-27;21;545
1;2025-08-27;22;320
1;2025-08-27;23;64
1;2025-08-28;0;9
1;2025-08-28;1;6
1;2025-08-28;4;10
1;2025-08-28;5;124
1;2025-08-28;6;512
1;2025-08-28;7;1199
1;2025-08-28;8;1685
1;2025-08-28;9;1371
1;2025-08-28;10;1362
1;2025-08-28;11;1249
1;2025-08-28;12;1262
1;2025-08-28;13;1243
1;2025-08-28;14;1162
1;2025-08-28;15;1208
1;2025-08-28;16;1261
1;2025-08-28;17;1749
1;2025-08-28;18;1557
1;2025-08-28;19;1252
1;2025-08-28;20;832
1;2025-08-28;21;441
1;2025-08-28;22;272
1;2025-08-28;23;29
1;2025-08-29;4;8
1;2025-08-29;5;106
1;2025-08-29;6;398
1;2025-08-29;7;1098
1;2025-08-29;8;1557
1;2025-08-29;9;1347
1;2025-08-29;10;1205
1;2025-08-29;11;1134
1;2025-08-29;12;1124
1;2025-08-29;13;1036
1;2025-08-29;14;1056
1;2025-08-29;15;1097
1;2025-08-29;16;1306
1;2025-08-29;17;1460
1;2025-08-29;18;1367
1;2025-08-29;19;1019
1;2025-08-29;20;821
1;2025-08-29;21;463
1;2025-08-29;22;312
1;2025-08-29;23;45
1;2025-08-30;0;16
1;2025-08-30;5;37
1;2025-08-30;6;170
1;2025-08-30;7;348
1;2025-08-30;8;484
1;2025-08-30;9;714
1;2025-08-30;10;706
1;2025-08-30;11;686
1;2025-08-30;12;756
1;2025-08-30;13;910
1;2025-08-30;14;771
1;2025-08-30;15;690
1;2025-08-30;16;668
1;2025-08-30;17;694
1;2025-08-30;18;709
1;2025-08-30;19;606
1;2025-08-30;20;433
1;2025-08-30;21;369
1;2025-08-30;22;188
1;2025-08-30;23;29
1;2025-08-31;5;28
1;2025-08-31;6;105
1;2025-08-31;7;277
1;2025-08-31;8;264
1;2025-08-31;9;479
1;2025-08-31;10;660
1;2025-08-31;11;592
1;2025-08-31;12;663
1;2025-08-31;13;792
1;2025-08-31;14;837
1;2025-08-31;15;806
1;2025-08-31;16;650
1;2025-08-31;17;716
1;2025-08-31;18;696
1;2025-08-31;19;630
1;2025-08-31;20;368
1;2025-08-31;21;298
1;2025-08-31;22;125
1;2025-08-31;23;21
7;2025-01-01;6;39
7;2025-01-01;7;91
7;2025-01-01;8;131
7;2025-01-01;9;124
7;2025-01-01;10;191
7;2025-01-01;11;289
7;2025-01-01;12;303
7;2025-01-01;13;477
7;2025-01-01;14;495
7;2025-01-01;15;529
7;2025-01-01;16;516
7;2025-01-01;17;619
7;2025-01-01;18;538
7;2025-01-01;19;382
7;2025-01-01;20;401
7;2025-01-01;21;354
7;2025-01-01;22;174
7;2025-01-01;23;142
7;2025-01-02;0;84
7;2025-01-02;1;16
7;2025-01-02;5;36
7;2025-01-02;6;139
7;2025-01-02;7;197
7;2025-01-02;8;323
7;2025-01-02;9;479
7;2025-01-02;10;492
7;2025-01-02;11;617
7;2025-01-02;12;847
7;2025-01-02;13;972
7;2025-01-02;14;1012
7;2025-01-02;15;865
7;2025-01-02;16;827
7;2025-01-02;17;720
7;2025-01-02;18;769
7;2025-01-02;19;680
7;2025-01-02;20;451
7;2025-01-02;21;363
7;2025-01-02;22;330
7;2025-01-02;23;173
7;2025-01-03;0;85
7;2025-01-03;1;19
7;2025-01-03;4;1
7;2025-01-03;5;33
7;2025-01-03;6;198
7;2025-01-03;7;280
7;2025-01-03;8;592
7;2025-01-03;9;543
7;2025-01-03;10;750
7;2025-01-03;11;1078
7;2025-01-03;12;1070
7;2025-01-03;13;1216
7;2025-01-03;14;1249
7;2025-01-03;15;1084
7;2025-01-03;16;1038
7;2025-01-03;17;936
7;2025-01-03;18;871
7;2025-01-03;19;931
7;2025-01-03;20;596
7;2025-01-03;21;521
7;2025-01-03;22;309
7;2025-01-03;23;227
7;2025-01-04;0;86
7;2025-01-04;1;18
7;2025-01-04;4;1
7;2025-01-04;5;25
7;2025-01-04;6;202
7;2025-01-04;7;303
7;2025-01-04;8;528
7;2025-01-04;9;641
7;2025-01-04;10;687
7;2025-01-04;11;908
7;2025-01-04;12;974
7;2025-01-04;13;1061
7;2025-01-04;14;1174
7;2025-01-04;15;1066
7;2025-01-04;16;1108
7;2025-01-04;17;1011
7;2025-01-04;18;948
7;2025-01-04;19;941
7;2025-01-04;20;712
7;2025-01-04;21;505
7;2025-01-04;22;327
7;2025-01-04;23;233
7;2025-01-05;0;91
7;2025-01-05;1;6
7;2025-01-05;4;1
7;2025-01-05;5;30
7;2025-01-05;6;177
7;2025-01-05;7;314
7;2025-01-05;8;528
7;2025-01-05;9;663
7;2025-01-05;10;668
7;2025-01-05;11;765
7;2025-01-05;12;974
7;2025-01-05;13;968
7;2025-01-05;14;1042
7;2025-01-05;15;1110
7;2025-01-05;16;968
7;2025-01-05;17;911
7;2025-01-05;18;819
7;2025-01-05;19;689
7;2025-01-05;20;547
7;2025-01-05;21;516
7;2025-01-05;22;352
7;2025-01-05;23;205
7;2025-01-06;0;99
7;2025-01-06;1;17
7;2025-01-06;5;49
7;2025-01-06;6;292
7;2025-01-06;7;378
7;2025-01-06;8;472
7;2025-01-06;9;663
7;2025-01-06;10;781
7;2025-01-06;11;834
7;2025-01-06;12;1107
7;2025-01-06;13;1077
7;2025-01-06;14;1010
7;2025-01-06;15;1047
7;2025-01-06;16;1066
7;2025-01-06;17;1103
7;2025-01-06;18;1009
7;2025-01-06;19;884
7;2025-01-06;20;559
7;2025-01-06;21;512
7;2025-01-06;22;392
7;2025-01-06;23;182
7;2025-01-07;0;107
7;2025-01-07;1;81
7;2025-01-07;2;19
7;2025-01-07;3;10
7;2025-01-07;5;37
7;2025-01-07;6;248
7;2025-01-07;7;297
7;2025-01-07;8;554
7;2025-01-07;9;532
7;2025-01-07;10;581
7;2025-01-07;11;782
7;2025-01-07;12;949
7;2025-01-07;13;1066
7;2025-01-07;14;1012
7;2025-01-07;15;947
7;2025-01-07;16;894
7;2025-01-07;17;873
7;2025-01-07;18;851
7;2025-01-07;19;827
7;2025-01-07;20;568
7;2025-01-07;21;540
7;2025-01-07;22;338
7;2025-01-07;23;143
7;2025-01-08;0;82
7;2025-01-08;1;19
7;2025-01-08;4;1
7;2025-01-08;5;53
7;2025-01-08;6;218
7;2025-01-08;7;366
7;2025-01-08;8;578
7;2025-01-08;9;739
7;2025-01-08;10;756
7;2025-01-08;11;876
7;2025-01-08;12;1020
7;2025-01-08;13;1147
7;2025-01-08;14;1192
7;2025-01-08;15;1013
7;2025-01-08;16;1016
7;2025-01-08;17;988
7;2025-01-08;18;879
7;2025-01-08;19;758
7;2025-01-08;20;543
7;2025-01-08;21;433
7;2025-01-08;22;276
7;2025-01-08;23;140
7;2025-01-09;0;53
7;2025-01-09;1;15
7;2025-01-09;5;175
7;2025-01-09;6;688
7;2025-01-09;7;1426
7;2025-01-09;8;2137
7;2025-01-09;9;1597
7;2025-01-09;10;1089
7;2025-01-09;11;1056
7;2025-01-09;12;994
7;2025-01-09;13;1220
7;2025-01-09;14;1280
7;2025-01-09;15;994
7;2025-01-09;16;1721
7;2025-01-09;17;2142
7;2025-01-09;18;2218
7;2025-01-09;19;1381
7;2025-01-09;20;708
7;2025-01-09;21;421
7;2025-01-09;22;190
7;2025-01-09;23;133
7;2025-01-10;0;40
7;2025-01-10;1;8
7;2025-01-10;2;1
7;2025-01-10;5;192
7;2025-01-10;6;765
7;2025-01-10;7;1495
7;2025-01-10;8;1957
7;2025-01-10;9;1829
7;2025-01-10;10;1349
7;2025-01-10;11;1113
7;2025-01-10;12;1095
7;2025-01-10;13;1393
7;2025-01-10;14;1451
7;2025-01-10;15;1429
7;2025-01-10;16;1656
7;2025-01-10;17;2089
7;2025-01-10;18;1594
7;2025-01-10;19;1320
7;2025-01-10;20;818
7;2025-01-10;21;456
7;2025-01-10;22;236
7;2025-01-10;23;126
7;2025-01-11;0;55
7;2025-01-11;1;5
7;2025-01-11;4;1
7;2025-01-11;5;31
7;2025-01-11;6;228
7;2025-01-11;7;382
7;2025-01-11;8;588
7;2025-01-11;9;681
7;2025-01-11;10;917
7;2025-01-11;11;1144
7;2025-01-11;12;1258
7;2025-01-11;13;1315
7;2025-01-11;14;1380
7;2025-01-11;15;1158
7;2025-01-11;16;1144
7;2025-01-11;17;1006
7;2025-01-11;18;804
7;2025-01-11;19;1052
7;2025-01-11;20;718
7;2025-01-11;21;583
7;2025-01-11;22;336
7;2025-01-11;23;235
7;2025-01-12;0;103
7;2025-01-12;1;19
7;2025-01-12;5;22
7;2025-01-12;6;130
7;2025-01-12;7;305
7;2025-01-12;8;477
7;2025-01-12;9;632
7;2025-01-12;10;636
7;2025-01-12;11;953
7;2025-01-12;12;1023
7;2025-01-12;13;1081
7;2025-01-12;14;1150
7;2025-01-12;15;1055
7;2025-01-12;16;975
7;2025-01-12;17;1104
7;2025-01-12;18;853
7;2025-01-12;19;715
7;2025-01-12;20;582
7;2025-01-12;21;428
7;2025-01-12;22;251
7;2025-01-12;23;178
7;2025-01-13;0;59
7;2025-01-13;1;10
7;2025-01-13;5;222
7;2025-01-13;6;768
7;2025-01-13;7;1896
7;2025-01-13;8;2561
7;2025-01-13;9;1972
7;2025-01-13;10;1687
7;2025-01-13;11;1650
7;2025-01-13;12;1627
7;2025-01-13;13;1553
7;2025-01-13;14;1605
7;2025-01-13;15;1763
7;2025-01-13;16;1953
7;2025-01-13;17;2808
7;2025-01-13;18;2811
7;2025-01-13;19;2009
7;2025-01-13;20;1034
7;2025-01-13;21;541
7;2025-01-13;22;299
7;2025-01-13;23;193
7;2025-01-14;0;63
7;2025-01-14;1;16
7;2025-01-14;5;196
7;2025-01-14;6;689
7;2025-01-14;7;1468
7;2025-01-14;8;2572
7;2025-01-14;9;1861
7;2025-01-14;10;1449
7;2025-01-14;11;1201
7;2025-01-14;12;1439
7;2025-01-14;13;1587
7;2025-01-14;14;1463
7;2025-01-14;15;1721
7;2025-01-14;16;1896
7;2025-01-14;17;2314
7;2025-01-14;18;2520
7;2025-01-14;19;1879
7;2025-01-14;20;916
7;2025-01-14;21;600
7;2025-01-14;22;299
7;2025-01-14;23;148
7;2025-01-15;0;56
7;2025-01-15;1;14
7;2025-01-15;4;2
7;2025-01-15;5;198
7;2025-01-15;6;770
7;2025-01-15;7;1657
7;2025-01-15;8;2623
7;2025-01-15;9;1940
7;2025-01-15;10;1561
7;2025-01-15;11;1273
7;2025-01-15;12;1235
7;2025-01-15;13;1374
7;2025-01-15;14;1377
7;2025-01-15;15;1470
7;2025-01-15;16;1889
7;2025-01-15;17;2198
7;2025-01-15;18;2504
7;2025-01-15;19;1634
7;2025-01-15;20;897
7;2025-01-15;21;595
7;2025-01-15;22;258
7;2025-01-15;23;114
7;2025-01-16;0;54
7;2025-01-16;1;2
7;2025-01-16;5;199
7;2025-01-16;6;734
7;2025-01-16;7;1663
7;2025-01-16;8;2656
7;2025-01-16;9;2086
7;2025-01-16;10;1695
7;2025-01-16;11;1168
7;2025-01-16;12;1211
7;2025-01-16;13;1490
7;2025-01-16;14;1497
7;2025-01-16;15;1638
7;2025-01-16;16;1727
7;2025-01-16;17;2375
7;2025-01-16;18;2689
7;2025-01-16;19;1585
7;2025-01-16;20;1083
7;2025-01-16;21;514
7;2025-01-16;22;304
7;2025-01-16;23;117
7;2025-01-17;0;38
7;2025-01-17;1;6
7;2025-01-17;5;220
7;2025-01-17;6;679
7;2025-01-17;7;1847
7;2025-01-17;8;2217
7;2025-01-17;9;1903
7;2025-01-17;10;1283
7;2025-01-17;11;1551
7;2025-01-17;12;1580
7;2025-01-17;13;1657
7;2025-01-17;14;1668
7;2025-01-17;15;1782
7;2025-01-17;16;2083
7;2025-01-17;17;2131
7;2025-01-17;18;2104
7;2025-01-17;19;1319
7;2025-01-17;20;952
7;2025-01-17;21;667
7;2025-01-17;22;333
7;2025-01-17;23;217
7;2025-01-18;0;115
7;2025-01-18;1;14
7;2025-01-18;4;2
7;2025-01-18;5;47
7;2025-01-18;6;221
7;2025-01-18;7;442
7;2025-01-18;8;760
7;2025-01-18;9;924
7;2025-01-18;10;1043
7;2025-01-18;11;1291
7;2025-01-18;12;1526
7;2025-01-18;13;1389
7;2025-01-18;14;1524
7;2025-01-18;15;1217
7;2025-01-18;16;1366
7;2025-01-18;17;1198
7;2025-01-18;18;1109
7;2025-01-18;19;1017
7;2025-01-18;20;816
7;2025-01-18;21;673
7;2025-01-18;22;318
7;2025-01-18;23;261
7;2025-01-19;0;83
7;2025-01-19;1;38
7;2025-01-19;5;28
7;2025-01-19;6;200
7;2025-01-19;7;267
7;2025-01-19;8;572
7;2025-01-19;9;709
7;2025-01-19;10;884
7;2025-01-19;11;1257
7;2025-01-19;12;1283
7;2025-01-19;13;1370
7;2025-01-19;14;1390
7;2025-01-19;15;1311
7;2025-01-19;16;1276
7;2025-01-19;17;1121
7;2025-01-19;18;778
7;2025-01-19;19;717
7;2025-01-19;20;670
7;2025-01-19;21;467
7;2025-01-19;22;313
7;2025-01-19;23;161
7;2025-01-20;0;64
7;2025-01-20;1;20
7;2025-01-20;5;184
7;2025-01-20;6;686
7;2025-01-20;7;1451
7;2025-01-20;8;2246
7;2025-01-20;9;1751
7;2025-01-20;10;1295
7;2025-01-20;11;1085
7;2025-01-20;12;1070
7;2025-01-20;13;1074
7;2025-01-20;14;1225
7;2025-01-20;15;1475
7;2025-01-20;16;1752
7;2025-01-20;17;2179
7;2025-01-20;18;2452
7;2025-01-20;19;1708
7;2025-01-20;20;830
7;2025-01-20;21;469
7;2025-01-20;22;200
7;2025-01-20;23;115
7;2025-01-21;0;52
7;2025-01-21;1;3
7;2025-01-21;5;190
7;2025-01-21;6;682
7;2025-01-21;7;1462
7;2025-01-21;8;2560
7;2025-01-21;9;1755
7;2025-01-21;10;1570
7;2025-01-21;11;1227
7;2025-01-21;12;1109
7;2025-01-21;13;1340
7;2025-01-21;14;1665
7;2025-01-21;15;1506
7;2025-01-21;16;1588
7;2025-01-21;17;1980
7;2025-01-21;18;2142
7;2025-01-21;19;1455
7;2025-01-21;20;868
7;2025-01-21;21;472
7;2025-01-21;22;189
7;2025-01-21;23;123
7;2025-01-22;0;49
7;2025-01-22;1;5
7;2025-01-22;5;170
7;2025-01-22;6;721
7;2025-01-22;7;1749
7;2025-01-22;8;2803
7;2025-01-22;9;2037
7;2025-01-22;10;1786
7;2025-01-22;11;1481
7;2025-01-22;12;1422
7;2025-01-22;13;1593
7;2025-01-22;14;1735
7;2025-01-22;15;1888
7;2025-01-22;16;1880
7;2025-01-22;17;2383
7;2025-01-22;18;2736
7;2025-01-22;19;1881
7;2025-01-22;20;1104
7;2025-01-22;21;653
7;2025-01-22;22;337
7;2025-01-22;23;180
7;2025-01-23;0;65
7;2025-01-23;1;5
7;2025-01-23;4;1
7;2025-01-23;5;208
7;2025-01-23;6;797
7;2025-01-23;7;1779
7;2025-01-23;8;2564
7;2025-01-23;9;2187
7;2025-01-23;10;1388
7;2025-01-23;11;1312
7;2025-01-23;12;1276
7;2025-01-23;13;1442
7;2025-01-23;14;1861
7;2025-01-23;15;1732
7;2025-01-23;16;1946
7;2025-01-23;17;2600
7;2025-01-23;18;2759
7;2025-01-23;19;1877
7;2025-01-23;20;1059
7;2025-01-23;21;648
7;2025-01-23;22;327
7;2025-01-23;23;151
7;2025-01-24;0;48
7;2025-01-24;1;15
7;2025-01-24;5;207
7;2025-01-24;6;671
7;2025-01-24;7;1500
7;2025-01-24;8;2444
7;2025-01-24;9;1768
7;2025-01-24;10;1528
7;2025-01-24;11;1332
7;2025-01-24;12;1249
7;2025-01-24;13;1697
7;2025-01-24;14;1458
7;2025-01-24;15;1514
7;2025-01-24;16;2171
7;2025-01-24;17;2462
7;2025-01-24;18;2045
7;2025-01-24;19;1727
7;2025-01-24;20;852
7;2025-01-24;21;531
7;2025-01-24;22;289
7;2025-01-24;23;214
7;2025-01-25;0;61
7;2025-01-25;1;19
7;2025-01-25;4;2
7;2025-01-25;5;31
7;2025-01-25;6;215
7;2025-01-25;7;421
7;2025-01-25;8;620
7;2025-01-25;9;1033
7;2025-01-25;10;1003
7;2025-01-25;11;1239
7;2025-01-25;12;1345
7;2025-01-25;13;1453
7;2025-01-25;14;1027
7;2025-01-25;15;1235
7;2025-01-25;16;1213
7;2025-01-25;17;1042
7;2025-01-25;18;1104
7;2025-01-25;19;1124
7;2025-01-25;20;841
7;2025-01-25;21;578
7;2025-01-25;22;365
7;2025-01-25;23;276
7;2025-01-26;0;112
7;2025-01-26;1;29
7;2025-01-26;5;18
7;2025-01-26;6;159
7;2025-01-26;7;342
7;2025-01-26;8;601
7;2025-01-26;9;657
7;2025-01-26;10;690
7;2025-01-26;11;946
7;2025-01-26;12;1169
7;2025-01-26;13;1140
7;2025-01-26;14;1089
7;2025-01-26;15;1214
7;2025-01-26;16;1125
7;2025-01-26;17;974
7;2025-01-26;18;911
7;2025-01-26;19;735
7;2025-01-26;20;699
7;2025-01-26;21;521
7;2025-01-26;22;293
7;2025-01-26;23;184
7;2025-01-27;0;58
7;2025-01-27;1;15
7;2025-01-27;4;2
7;2025-01-27;5;210
7;2025-01-27;6;714
7;2025-01-27;7;1506
7;2025-01-27;8;2357
7;2025-01-27;9;1880
7;2025-01-27;10;1444
7;2025-01-27;11;1217
7;2025-01-27;12;1259
7;2025-01-27;13;1253
7;2025-01-27;14;1394
7;2025-01-27;15;1700
7;2025-01-27;16;1743
7;2025-01-27;17;2342
7;2025-01-27;18;2541
7;2025-01-27;19;1729
7;2025-01-27;20;1148
7;2025-01-27;21;618
7;2025-01-27;22;290
7;2025-01-27;23;188
7;2025-01-28;0;53
7;2025-01-28;1;13
7;2025-01-28;5;163
7;2025-01-28;6;816
7;2025-01-28;7;1686
7;2025-01-28;8;2396
7;2025-01-28;9;1896
7;2025-01-28;10;1595
7;2025-01-28;11;1206
7;2025-01-28;12;1193
7;2025-01-28;13;898
7;2025-01-28;14;1299
7;2025-01-28;15;1508
7;2025-01-28;16;1528
7;2025-01-28;17;2231
7;2025-01-28;18;2453
7;2025-01-28;19;1382
7;2025-01-28;20;803
7;2025-01-28;21;449
7;2025-01-28;22;228
7;2025-01-28;23;148
7;2025-01-29;0;52
7;2025-01-29;1;1
7;2025-01-29;5;205
7;2025-01-29;6;771
7;2025-01-29;7;1498
7;2025-01-29;8;2588
7;2025-01-29;9;2038
7;2025-01-29;10;1344
7;2025-01-29;11;1128
7;2025-01-29;12;1017
7;2025-01-29;13;1235
7;2025-01-29;14;1120
7;2025-01-29;15;1384
7;2025-01-29;16;1737
7;2025-01-29;17;2061
7;2025-01-29;18;1933
7;2025-01-29;19;1477
7;2025-01-29;20;1094
7;2025-01-29;21;491
7;2025-01-29;22;262
7;2025-01-29;23;162
7;2025-01-30;0;47
7;2025-01-30;1;12
7;2025-01-30;5;200
7;2025-01-30;6;879
7;2025-01-30;7;1677
7;2025-01-30;8;2162
7;2025-01-30;9;1839
7;2025-01-30;10;1313
7;2025-01-30;11;1189
7;2025-01-30;12;1160
7;2025-01-30;13;1203
7;2025-01-30;14;1219
7;2025-01-30;15;1406
7;2025-01-30;16;1488
7;2025-01-30;17;1968
7;2025-01-30;18;2431
7;2025-01-30;19;1411
7;2025-01-30;20;927
7;2025-01-30;21;566
7;2025-01-30;22;172
7;2025-01-30;23;165
7;2025-01-31;0;46
7;2025-01-31;1;1
7;2025-01-31;4;2
7;2025-01-31;5;223
7;2025-01-31;6;737
7;2025-01-31;7;1628
7;2025-01-31;8;2370
7;2025-01-31;9;1761
7;2025-01-31;10;1502
7;2025-01-31;11;1401
7;2025-01-31;12;1502
7;2025-01-31;13;1620
7;2025-01-31;14;1567
7;2025-01-31;15;1877
7;2025-01-31;16;2265
7;2025-01-31;17;2425
7;2025-01-31;18;2332
7;2025-01-31;19;1668
7;2025-01-31;20;1156
7;2025-01-31;21;635
7;2025-01-31;22;304
7;2025-01-31;23;228
7;2025-02-01;0;103
7;2025-02-01;1;43
7;2025-02-01;4;2
7;2025-02-01;5;58
7;2025-02-01;6;320
7;2025-02-01;7;502
7;2025-02-01;8;758
7;2025-02-01;9;875
7;2025-02-01;10;829
7;2025-02-01;11;1195
7;2025-02-01;12;1245
7;2025-02-01;13;1152
7;2025-02-01;14;1327
7;2025-02-01;15;1307
7;2025-02-01;16;1210
7;2025-02-01;17;1264
7;2025-02-01;18;1058
7;2025-02-01;19;1012
7;2025-02-01;20;830
7;2025-02-01;21;591
7;2025-02-01;22;352
7;2025-02-01;23;220
7;2025-02-02;0;112
7;2025-02-02;1;26
7;2025-02-02;5;25
7;2025-02-02;6;264
7;2025-02-02;7;316
7;2025-02-02;8;544
7;2025-02-02;9;599
7;2025-02-02;10;774
7;2025-02-02;11;1016
7;2025-02-02;12;1222
7;2025-02-02;13;1219
7;2025-02-02;14;1252
7;2025-02-02;15;1211
7;2025-02-02;16;1236
7;2025-02-02;17;1256
7;2025-02-02;18;1062
7;2025-02-02;19;760
7;2025-02-02;20;669
7;2025-02-02;21;529
7;2025-02-02;22;277
7;2025-02-02;23;149
7;2025-02-03;0;70
7;2025-02-03;1;17
7;2025-02-03;5;233
7;2025-02-03;6;870
7;2025-02-03;7;1517
7;2025-02-03;8;2285
7;2025-02-03;9;1710
7;2025-02-03;10;1533
7;2025-02-03;11;1427
7;2025-02-03;12;1446
7;2025-02-03;13;1346
7;2025-02-03;14;1561
7;2025-02-03;15;1582
7;2025-02-03;16;1855
7;2025-02-03;17;2250
7;2025-02-03;18;2695
7;2025-02-03;19;1821
7;2025-02-03;20;1106
7;2025-02-03;21;564
7;2025-02-03;22;282
7;2025-02-03;23;140
7;2025-02-04;0;46
7;2025-02-04;1;10
7;2025-02-04;5;225
7;2025-02-04;6;988
7;2025-02-04;7;1708
7;2025-02-04;8;1968
7;2025-02-04;9;1762
7;2025-02-04;10;1642
7;2025-02-04;11;1463
7;2025-02-04;12;1395
7;2025-02-04;13;1662
7;2025-02-04;14;1576
7;2025-02-04;15;1693
7;2025-02-04;16;1908
7;2025-02-04;17;2459
7;2025-02-04;18;2582
7;2025-02-04;19;1809
7;2025-02-04;20;1150
7;2025-02-04;21;707
7;2025-02-04;22;339
7;2025-02-04;23;162
7;2025-02-05;0;81
7;2025-02-05;1;18
7;2025-02-05;5;211
7;2025-02-05;6;944
7;2025-02-05;7;1640
7;2025-02-05;8;2593
7;2025-02-05;9;1886
7;2025-02-05;10;1433
7;2025-02-05;11;1130
7;2025-02-05;12;1183
7;2025-02-05;13;1188
7;2025-02-05;14;1414
7;2025-02-05;15;1663
7;2025-02-05;16;1922
7;2025-02-05;17;2291
7;2025-02-05;18;2321
7;2025-02-05;19;1594
7;2025-02-05;20;1084
7;2025-02-05;21;511
7;2025-02-05;22;251
7;2025-02-05;23;161
7;2025-02-06;0;65
7;2025-02-06;1;20
7;2025-02-06;4;1
7;2025-02-06;5;214
7;2025-02-06;6;933
7;2025-02-06;7;1613
7;2025-02-06;8;2473
7;2025-02-06;9;1869
7;2025-02-06;10;1597
7;2025-02-06;11;1472
7;2025-02-06;12;1540
7;2025-02-06;13;1509
7;2025-02-06;14;1603
7;2025-02-06;15;1599
7;2025-02-06;16;1816
7;2025-02-06;17;2458
7;2025-02-06;18;2966
7;2025-02-06;19;2262
7;2025-02-06;20;1194
7;2025-02-06;21;770
7;2025-02-06;22;322
7;2025-02-06;23;221
7;2025-02-07;0;63
7;2025-02-07;1;10
7;2025-02-07;5;215
7;2025-02-07;6;801
7;2025-02-07;7;1658
7;2025-02-07;8;2313
7;2025-02-07;9;1981
7;2025-02-07;10;1550
7;2025-02-07;11;1674
7;2025-02-07;12;1615
7;2025-02-07;13;1660
7;2025-02-07;14;1821
7;2025-02-07;15;1802
7;2025-02-07;16;2435
7;2025-02-07;17;2390
7;2025-02-07;18;2161
7;2025-02-07;19;1569
7;2025-02-07;20;1080
7;2025-02-07;21;676
7;2025-02-07;22;256
7;2025-02-07;23;152
7;2025-02-08;0;102
7;2025-02-08;1;31
7;2025-02-08;5;49
7;2025-02-08;6;334
7;2025-02-08;7;535
7;2025-02-08;8;659
7;2025-02-08;9;933
7;2025-02-08;10;847
7;2025-02-08;11;1304
7;2025-02-08;12;1410
7;2025-02-08;13;1231
7;2025-02-08;14;1609
7;2025-02-08;15;1309
7;2025-02-08;16;1326
7;2025-02-08;17;1134
7;2025-02-08;18;1196
7;2025-02-08;19;1046
7;2025-02-08;20;810
7;2025-02-08;21;708
7;2025-02-08;22;277
7;2025-02-08;23;235
7;2025-02-09;0;108
7;2025-02-09;1;19
7;2025-02-09;2;1
7;2025-02-09;4;1
7;2025-02-09;5;47
7;2025-02-09;6;249
7;2025-02-09;7;320
7;2025-02-09;8;546
7;2025-02-09;9;640
7;2025-02-09;10;876
7;2025-02-09;11;1020
7;2025-02-09;12;1090
7;2025-02-09;13;1125
7;2025-02-09;14;1427
7;2025-02-09;15;1187
7;2025-02-09;16;1050
7;2025-02-09;17;1185
7;2025-02-09;18;995
7;2025-02-09;19;772
7;2025-02-09;20;621
7;2025-02-09;21;626
7;2025-02-09;22;288
7;2025-02-09;23;154
7;2025-02-10;0;87
7;2025-02-10;1;15
7;2025-02-10;5;243
7;2025-02-10;6;875
7;2025-02-10;7;1737
7;2025-02-10;8;2434
7;2025-02-10;9;2127
7;2025-02-10;10;1465
7;2025-02-10;11;1177
7;2025-02-10;12;1218
7;2025-02-10;13;1437
7;2025-02-10;14;1607
7;2025-02-10;15;1786
7;2025-02-10;16;2168
7;2025-02-10;17;2386
7;2025-02-10;18;2462
7;2025-02-10;19;1807
7;2025-02-10;20;1193
7;2025-02-10;21;618
7;2025-02-10;22;236
7;2025-02-10;23;192
7;2025-02-11;0;43
7;2025-02-11;1;13
7;2025-02-11;4;2
7;2025-02-11;5;238
7;2025-02-11;6;899
7;2025-02-11;7;1535
7;2025-02-11;8;2597
7;2025-02-11;9;1729
7;2025-02-11;10;1516
7;2025-02-11;11;1485
7;2025-02-11;12;1337
7;2025-02-11;13;1599
7;2025-02-11;14;1757
7;2025-02-11;15;1727
7;2025-02-11;16;1945
7;2025-02-11;17;2500
7;2025-02-11;18;2811
7;2025-02-11;19;2211
7;2025-02-11;20;1130
7;2025-02-11;21;770
7;2025-02-11;22;400
7;2025-02-11;23;227
7;2025-02-12;0;64
7;2025-02-12;1;16
7;2025-02-12;2;1
7;2025-02-12;5;179
7;2025-02-12;6;763
7;2025-02-12;7;1784
7;2025-02-12;8;2640
7;2025-02-12;9;2244
7;2025-02-12;10;1670
7;2025-02-12;11;1328
7;2025-02-12;12;1386
7;2025-02-12;13;1558
7;2025-02-12;14;1579
7;2025-02-12;15;1746
7;2025-02-12;16;1644
7;2025-02-12;17;2606
7;2025-02-12;18;2532
7;2025-02-12;19;1879
7;2025-02-12;20;1149
7;2025-02-12;21;574
7;2025-02-12;22;263
7;2025-02-12;23;224
7;2025-02-13;0;62
7;2025-02-13;1;11
7;2025-02-13;2;2
7;2025-02-13;4;1
7;2025-02-13;5;184
7;2025-02-13;6;877
7;2025-02-13;7;1616
7;2025-02-13;8;2685
7;2025-02-13;9;1991
7;2025-02-13;10;1604
7;2025-02-13;11;1495
7;2025-02-13;12;1458
7;2025-02-13;13;1521
7;2025-02-13;14;1690
7;2025-02-13;15;2026
7;2025-02-13;16;2041
7;2025-02-13;17;2116
7;2025-02-13;18;3130
7;2025-02-13;19;2031
7;2025-02-13;20;958
7;2025-02-13;21;671
7;2025-02-13;22;287
7;2025-02-13;23;170
7;2025-02-14;0;64
7;2025-02-14;1;8
7;2025-02-14;4;1
7;2025-02-14;5;161
7;2025-02-14;6;849
7;2025-02-14;7;2060
7;2025-02-14;8;2518
7;2025-02-14;9;2191
7;2025-02-14;10;1890
7;2025-02-14;11;1673
7;2025-02-14;12;1737
7;2025-02-14;13;1773
7;2025-02-14;14;1940
7;2025-02-14;15;2488
7;2025-02-14;16;2635
7;2025-02-14;17;2982
7;2025-02-14;18;2363
7;2025-02-14;19;1883
7;2025-02-14;20;1466
7;2025-02-14;21;624
7;2025-02-14;22;413
7;2025-02-14;23;206
7;2025-02-15;0;87
7;2025-02-15;1;36
7;2025-02-15;5;55
7;2025-02-15;6;348
7;2025-02-15;7;459
7;2025-02-15;8;877
7;2025-02-15;9;959
7;2025-02-15;10;907
7;2025-02-15;11;1143
7;2025-02-15;12;1454
7;2025-02-15;13;1289
7;2025-02-15;14;1434
7;2025-02-15;15;1265
7;2025-02-15;16;1213
7;2025-02-15;17;1141
7;2025-02-15;18;1078
7;2025-02-15;19;1110
7;2025-02-15;20;804
7;2025-02-15;21;723
7;2025-02-15;22;340
7;2025-02-15;23;234
7;2025-02-16;0;99
7;2025-02-16;1;20
7;2025-02-16;5;24
7;2025-02-16;6;262
7;2025-02-16;7;374
7;2025-02-16;8;482
7;2025-02-16;9;573
7;2025-02-16;10;774
7;2025-02-16;11;1049
7;2025-02-16;12;1004
7;2025-02-16;13;1116
7;2025-02-16;14;1036
7;2025-02-16;15;1091
7;2025-02-16;16;970
7;2025-02-16;17;1105
7;2025-02-16;18;978
7;2025-02-16;19;794
7;2025-02-16;20;716
7;2025-02-16;21;500
7;2025-02-16;22;315
7;2025-02-16;23;155
7;2025-02-17;0;97
7;2025-02-17;1;13
7;2025-02-17;5;202
7;2025-02-17;6;791
7;2025-02-17;7;1602
7;2025-02-17;8;2185
7;2025-02-17;9;1883
7;2025-02-17;10;1454
7;2025-02-17;11;1059
7;2025-02-17;12;1187
7;2025-02-17;13;1165
7;2025-02-17;14;1171
7;2025-02-17;15;1291
7;2025-02-17;16;1483
7;2025-02-17;17;1976
7;2025-02-17;18;2339
7;2025-02-17;19;1558
7;2025-02-17;20;1008
7;2025-02-17;21;413
7;2025-02-17;22;159
7;2025-02-17;23;109
7;2025-02-18;0;10
7;2025-02-18;1;8
7;2025-02-18;4;2
7;2025-02-18;5;193
7;2025-02-18;6;863
7;2025-02-18;7;1449
7;2025-02-18;8;2463
7;2025-02-18;9;1859
7;2025-02-18;10;1468
7;2025-02-18;11;1051
7;2025-02-18;12;1278
7;2025-02-18;13;1169
7;2025-02-18;14;1185
7;2025-02-18;15;1549
7;2025-02-18;16;1362
7;2025-02-18;17;2081
7;2025-02-18;18;2170
7;2025-02-18;19;1458
7;2025-02-18;20;764
7;2025-02-18;21;623
7;2025-02-18;22;262
7;2025-02-18;23;126
7;2025-02-19;0;40
7;2025-02-19;1;2
7;2025-02-19;4;2
7;2025-02-19;5;250
7;2025-02-19;6;746
7;2025-02-19;7;1616
7;2025-02-19;8;2412
7;2025-02-19;9;2052
7;2025-02-19;10;1906
7;2025-02-19;11;1473
7;2025-02-19;12;1671
7;2025-02-19;13;1687
7;2025-02-19;14;1875
7;2025-02-19;15;1888
7;2025-02-19;16;1885
7;2025-02-19;17;2379
7;2025-02-19;18;2513
7;2025-02-19;19;1723
7;2025-02-19;20;1294
7;2025-02-19;21;601
7;2025-02-19;22;367
7;2025-02-19;23;240
7;2025-02-20;0;67
7;2025-02-20;1;7
7;2025-02-20;5;184
7;2025-02-20;6;812
7;2025-02-20;7;1435
7;2025-02-20;8;2309
7;2025-02-20;9;2231
7;2025-02-20;10;1551
7;2025-02-20;11;1485
7;2025-02-20;12;1751
7;2025-02-20;13;1526
7;2025-02-20;14;1825
7;2025-02-20;15;1891
7;2025-02-20;16;2057
7;2025-02-20;17;2431
7;2025-02-20;18;3043
7;2025-02-20;19;2181
7;2025-02-20;20;1176
7;2025-02-20;21;782
7;2025-02-20;22;314
7;2025-02-20;23;186
7;2025-02-21;0;69
7;2025-02-21;1;21
7;2025-02-21;4;1
7;2025-02-21;5;236
7;2025-02-21;6;827
7;2025-02-21;7;1652
7;2025-02-21;8;2615
7;2025-02-21;9;1891
7;2025-02-21;10;1375
7;2025-02-21;11;1182
7;2025-02-21;12;1440
7;2025-02-21;13;1611
7;2025-02-21;14;1852
7;2025-02-21;15;1512
7;2025-02-21;16;2077
7;2025-02-21;17;2308
7;2025-02-21;18;2053
7;2025-02-21;19;1657
7;2025-02-21;20;1055
7;2025-02-21;21;609
7;2025-02-21;22;295
7;2025-02-21;23;164
7;2025-02-22;0;63
7;2025-02-22;1;25
7;2025-02-22;4;3
7;2025-02-22;5;44
7;2025-02-22;6;319
7;2025-02-22;7;590
7;2025-02-22;8;861
7;2025-02-22;9;1007
7;2025-02-22;10;1011
7;2025-02-22;11;1210
7;2025-02-22;12;1583
7;2025-02-22;13;1393
7;2025-02-22;14;1555
7;2025-02-22;15;1377
7;2025-02-22;16;1381
7;2025-02-22;17;1301
7;2025-02-22;18;1213
7;2025-02-22;19;1177
7;2025-02-22;20;750
7;2025-02-22;21;659
7;2025-02-22;22;329
7;2025-02-22;23;207
7;2025-02-23;0;103
7;2025-02-23;1;16
7;2025-02-23;5;34
7;2025-02-23;6;179
7;2025-02-23;7;289
7;2025-02-23;8;516
7;2025-02-23;9;696
7;2025-02-23;10;820
7;2025-02-23;11;985
7;2025-02-23;12;1143
7;2025-02-23;13;1104
7;2025-02-23;14;1296
7;2025-02-23;15;1089
7;2025-02-23;16;1157
7;2025-02-23;17;1254
7;2025-02-23;18;935
7;2025-02-23;19;723
7;2025-02-23;20;700
7;2025-02-23;21;581
7;2025-02-23;22;314
7;2025-02-23;23;167
7;2025-02-24;0;87
7;2025-02-24;1;15
7;2025-02-24;4;1
7;2025-02-24;5;202
7;2025-02-24;6;891
7;2025-02-24;7;1645
7;2025-02-24;8;2526
7;2025-02-24;9;2000
7;2025-02-24;10;1531
7;2025-02-24;11;1201
7;2025-02-24;12;1385
7;2025-02-24;13;1557
7;2025-02-24;14;1469
7;2025-02-24;15;1451
7;2025-02-24;16;1875
7;2025-02-24;17;2394
7;2025-02-24;18;2508
7;2025-02-24;19;2127
7;2025-02-24;20;969
7;2025-02-24;21;413
7;2025-02-24;22;206
7;2025-02-24;23;154
7;2025-02-25;0;49
7;2025-02-25;1;13
7;2025-02-25;5;233
7;2025-02-25;6;898
7;2025-02-25;7;1912
7;2025-02-25;8;3032
7;2025-02-25;9;2092
7;2025-02-25;10;1675
7;2025-02-25;11;1242
7;2025-02-25;12;1251
7;2025-02-25;13;1547
7;2025-02-25;14;1630
7;2025-02-25;15;1616
7;2025-02-25;16;1931
7;2025-02-25;17;2546
7;2025-02-25;18;2612
7;2025-02-25;19;2220
7;2025-02-25;20;927
7;2025-02-25;21;599
7;2025-02-25;22;321
7;2025-02-25;23;134
7;2025-02-26;0;42
7;2025-02-26;1;3
7;2025-02-26;4;1
7;2025-02-26;5;202
7;2025-02-26;6;792
7;2025-02-26;7;1755
7;2025-02-26;8;2624
7;2025-02-26;9;2087
7;2025-02-26;10;1807
7;2025-02-26;11;1550
7;2025-02-26;12;1631
7;2025-02-26;13;1526
7;2025-02-26;14;1498
7;2025-02-26;15;1839
7;2025-02-26;16;2194
7;2025-02-26;17;2963
7;2025-02-26;18;3414
7;2025-02-26;19;2126
7;2025-02-26;20;1454
7;2025-02-26;21;750
7;2025-02-26;22;406
7;2025-02-26;23;221
7;2025-02-27;0;40
7;2025-02-27;1;13
7;2025-02-27;4;2
7;2025-02-27;5;214
7;2025-02-27;6;1023
7;2025-02-27;7;2154
7;2025-02-27;8;3037
7;2025-02-27;9;2253
7;2025-02-27;10;1934
7;2025-02-27;11;1326
7;2025-02-27;12;1676
7;2025-02-27;13;1525
7;2025-02-27;14;1643
7;2025-02-27;15;1774
7;2025-02-27;16;1842
7;2025-02-27;17;2261
7;2025-02-27;18;2680
7;2025-02-27;19;1934
7;2025-02-27;20;997
7;2025-02-27;21;785
7;2025-02-27;22;289
7;2025-02-27;23;159
7;2025-02-28;0;69
7;2025-02-28;1;1
7;2025-02-28;5;202
7;2025-02-28;6;790
7;2025-02-28;7;1558
7;2025-02-28;8;2463
7;2025-02-28;9;1895
7;2025-02-28;10;1693
7;2025-02-28;11;1578
7;2025-02-28;12;1512
7;2025-02-28;13;1854
7;2025-02-28;14;1771
7;2025-02-28;15;1913
7;2025-02-28;16;2031
7;2025-02-28;17;2142
7;2025-02-28;18;2252
7;2025-02-28;19;2032
7;2025-02-28;20;1070
7;2025-02-28;21;697
7;2025-02-28;22;408
7;2025-02-28;23;210
7;2025-03-01;0;110
7;2025-03-01;1;19
7;2025-03-01;5;61
7;2025-03-01;6;353
7;2025-03-01;7;544
7;2025-03-01;8;699
7;2025-03-01;9;891
7;2025-03-01;10;1025
7;2025-03-01;11;1049
7;2025-03-01;12;1278
7;2025-03-01;13;1299
7;2025-03-01;14;1596
7;2025-03-01;15;1373
7;2025-03-01;16;1251
7;2025-03-01;17;1238
7;2025-03-01;18;1075
7;2025-03-01;19;1133
7;2025-03-01;20;858
7;2025-03-01;21;593
7;2025-03-01;22;329
7;2025-03-01;23;184
7;2025-03-02;0;63
7;2025-03-02;1;26
7;2025-03-02;5;32
7;2025-03-02;6;195
7;2025-03-02;7;401
7;2025-03-02;8;555
7;2025-03-02;9;694
7;2025-03-02;10;740
7;2025-03-02;11;1135
7;2025-03-02;12;1035
7;2025-03-02;13;1063
7;2025-03-02;14;1361
7;2025-03-02;15;1129
7;2025-03-02;16;1195
7;2025-03-02;17;1209
7;2025-03-02;18;878
7;2025-03-02;19;720
7;2025-03-02;20;656
7;2025-03-02;21;549
7;2025-03-02;22;320
7;2025-03-02;23;156
7;2025-03-03;0;91
7;2025-03-03;1;16
7;2025-03-03;4;2
7;2025-03-03;5;180
7;2025-03-03;6;942
7;2025-03-03;7;1748
7;2025-03-03;8;2243
7;2025-03-03;9;1987
7;2025-03-03;10;1763
7;2025-03-03;11;1211
7;2025-03-03;12;1369
7;2025-03-03;13;1299
7;2025-03-03;14;1312
7;2025-03-03;15;1440
7;2025-03-03;16;1640
7;2025-03-03;17;2110
7;2025-03-03;18;2598
7;2025-03-03;19;1644
7;2025-03-03;20;1065
7;2025-03-03;21;586
7;2025-03-03;22;177
7;2025-03-03;23;129
7;2025-03-04;0;38
7;2025-03-04;1;6
7;2025-03-04;4;2
7;2025-03-04;5;211
7;2025-03-04;6;900
7;2025-03-04;7;1648
7;2025-03-04;8;2431
7;2025-03-04;9;2126
7;2025-03-04;10;1712
7;2025-03-04;11;1372
7;2025-03-04;12;1175
7;2025-03-04;13;1368
7;2025-03-04;14;1443
7;2025-03-04;15;1629
7;2025-03-04;16;1723
7;2025-03-04;17;2293
7;2025-03-04;18;2634
7;2025-03-04;19;1815
7;2025-03-04;20;937
7;2025-03-04;21;747
7;2025-03-04;22;329
7;2025-03-04;23;113
7;2025-03-05;0;42
7;2025-03-05;1;3
7;2025-03-05;4;1
7;2025-03-05;5;215
7;2025-03-05;6;749
7;2025-03-05;7;1581
7;2025-03-05;8;2669
7;2025-03-05;9;1929
7;2025-03-05;10;1975
7;2025-03-05;11;1382
7;2025-03-05;12;1306
7;2025-03-05;13;1209
7;2025-03-05;14;1323
7;2025-03-05;15;2066
7;2025-03-05;16;1858
7;2025-03-05;17;2462
7;2025-03-05;18;2514
7;2025-03-05;19;1891
7;2025-03-05;20;1044
7;2025-03-05;21;736
7;2025-03-05;22;282
7;2025-03-05;23;123
7;2025-03-06;0;44
7;2025-03-06;1;5
7;2025-03-06;5;205
7;2025-03-06;6;902
7;2025-03-06;7;1803
7;2025-03-06;8;2546
7;2025-03-06;9;1611
7;2025-03-06;10;1885
7;2025-03-06;11;1385
7;2025-03-06;12;1834
7;2025-03-06;13;1512
7;2025-03-06;14;1915
7;2025-03-06;15;1810
7;2025-03-06;16;2388
7;2025-03-06;17;2532
7;2025-03-06;18;2800
7;2025-03-06;19;1914
7;2025-03-06;20;1184
7;2025-03-06;21;722
7;2025-03-06;22;434
7;2025-03-06;23;210
7;2025-03-07;0;76
7;2025-03-07;1;28
7;2025-03-07;4;4
7;2025-03-07;5;187
7;2025-03-07;6;832
7;2025-03-07;7;1850
7;2025-03-07;8;2631
7;2025-03-07;9;2073
7;2025-03-07;10;1691
7;2025-03-07;11;1898
7;2025-03-07;12;1844
7;2025-03-07;13;2195
7;2025-03-07;14;2265
7;2025-03-07;15;2502
7;2025-03-07;16;2505
7;2025-03-07;17;2243
7;2025-03-07;18;2266
7;2025-03-07;19;1721
7;2025-03-07;20;1102
7;2025-03-07;21;622
7;2025-03-07;22;454
7;2025-03-07;23;235
7;2025-03-08;0;112
7;2025-03-08;1;33
7;2025-03-08;5;46
7;2025-03-08;6;307
7;2025-03-08;7;461
7;2025-03-08;8;521
7;2025-03-08;9;575
7;2025-03-08;10;512
7;2025-03-08;11;854
7;2025-03-08;12;1015
7;2025-03-08;13;1465
7;2025-03-08;14;1239
7;2025-03-08;15;1306
7;2025-03-08;16;1302
7;2025-03-08;17;1456
7;2025-03-08;18;1373
7;2025-03-08;19;1165
7;2025-03-08;20;869
7;2025-03-08;21;772
7;2025-03-08;22;373
7;2025-03-08;23;193
7;2025-03-09;0;146
7;2025-03-09;1;32
7;2025-03-09;4;1
7;2025-03-09;5;41
7;2025-03-09;6;207
7;2025-03-09;7;345
7;2025-03-09;8;523
7;2025-03-09;9;703
7;2025-03-09;10;875
7;2025-03-09;11;967
7;2025-03-09;12;1139
7;2025-03-09;13;1268
7;2025-03-09;14;1573
7;2025-03-09;15;1271
7;2025-03-09;16;1314
7;2025-03-09;17;1426
7;2025-03-09;18;1210
7;2025-03-09;19;1044
7;2025-03-09;20;725
7;2025-03-09;21;695
7;2025-03-09;22;345
7;2025-03-09;23;185
7;2025-03-10;0;68
7;2025-03-10;1;9
7;2025-03-10;5;219
7;2025-03-10;6;820
7;2025-03-10;7;1886
7;2025-03-10;8;2734
7;2025-03-10;9;2055
7;2025-03-10;10;1196
7;2025-03-10;11;1324
7;2025-03-10;12;1233
7;2025-03-10;13;1275
7;2025-03-10;14;1397
7;2025-03-10;15;1548
7;2025-03-10;16;1752
7;2025-03-10;17;2245
7;2025-03-10;18;2652
7;2025-03-10;19;1554
7;2025-03-10;20;916
7;2025-03-10;21;544
7;2025-03-10;22;298
7;2025-03-10;23;137
7;2025-03-11;0;60
7;2025-03-11;1;5
7;2025-03-11;4;2
7;2025-03-11;5;220
7;2025-03-11;6;961
7;2025-03-11;7;1725
7;2025-03-11;8;2278
7;2025-03-11;9;2159
7;2025-03-11;10;1764
7;2025-03-11;11;1430
7;2025-03-11;12;1689
7;2025-03-11;13;1619
7;2025-03-11;14;2294
7;2025-03-11;15;2260
7;2025-03-11;16;2342
7;2025-03-11;17;2872
7;2025-03-11;18;3099
7;2025-03-11;19;2042
7;2025-03-11;20;1035
7;2025-03-11;21;739
7;2025-03-11;22;293
7;2025-03-11;23;182
7;2025-03-12;0;45
7;2025-03-12;1;17
7;2025-03-12;5;201
7;2025-03-12;6;1015
7;2025-03-12;7;1807
7;2025-03-12;8;2674
7;2025-03-12;9;2174
7;2025-03-12;10;1723
7;2025-03-12;11;1368
7;2025-03-12;12;1592
7;2025-03-12;13;1567
7;2025-03-12;14;1821
7;2025-03-12;15;1710
7;2025-03-12;16;1514
7;2025-03-12;17;2371
7;2025-03-12;18;2728
7;2025-03-12;19;2210
7;2025-03-12;20;998
7;2025-03-12;21;617
7;2025-03-12;22;287
7;2025-03-12;23;184
7;2025-03-13;0;55
7;2025-03-13;1;11
7;2025-03-13;4;2
7;2025-03-13;5;135
7;2025-03-13;6;849
7;2025-03-13;7;1821
7;2025-03-13;8;2960
7;2025-03-13;9;1870
7;2025-03-13;10;1435
7;2025-03-13;11;1302
7;2025-03-13;12;1292
7;2025-03-13;13;1418
7;2025-03-13;14;1487
7;2025-03-13;15;1616
7;2025-03-13;16;1860
7;2025-03-13;17;2470
7;2025-03-13;18;2903
7;2025-03-13;19;1945
7;2025-03-13;20;940
7;2025-03-13;21;752
7;2025-03-13;22;332
7;2025-03-13;23;135
7;2025-03-14;0;24
7;2025-03-14;1;3
7;2025-03-14;5;210
7;2025-03-14;6;797
7;2025-03-14;7;1613
7;2025-03-14;8;2181
7;2025-03-14;9;1932
7;2025-03-14;10;1427
7;2025-03-14;11;1428
7;2025-03-14;12;1325
7;2025-03-14;13;1241
7;2025-03-14;14;1739
7;2025-03-14;15;1587
7;2025-03-14;16;2093
7;2025-03-14;17;2085
7;2025-03-14;18;2204
7;2025-03-14;19;1602
7;2025-03-14;20;834
7;2025-03-14;21;623
7;2025-03-14;22;359
7;2025-03-14;23;162
7;2025-03-15;0;70
7;2025-03-15;1;25
7;2025-03-15;5;75
7;2025-03-15;6;346
7;2025-03-15;7;508
7;2025-03-15;8;882
7;2025-03-15;9;1021
7;2025-03-15;10;1036
7;2025-03-15;11;1371
7;2025-03-15;12;1604
7;2025-03-15;13;1599
7;2025-03-15;14;1580
7;2025-03-15;15;1292
7;2025-03-15;16;1382
7;2025-03-15;17;1383
7;2025-03-15;18;1306
7;2025-03-15;19;1293
7;2025-03-15;20;926
7;2025-03-15;21;766
7;2025-03-15;22;349
7;2025-03-15;23;229
7;2025-03-16;0;115
7;2025-03-16;1;22
7;2025-03-16;2;1
7;2025-03-16;5;23
7;2025-03-16;6;229
7;2025-03-16;7;326
7;2025-03-16;8;516
7;2025-03-16;9;854
7;2025-03-16;10;778
7;2025-03-16;11;952
7;2025-03-16;12;1248
7;2025-03-16;13;1422
7;2025-03-16;14;1463
7;2025-03-16;15;1394
7;2025-03-16;16;1390
7;2025-03-16;17;1410
7;2025-03-16;18;1053
7;2025-03-16;19;1030
7;2025-03-16;20;764
7;2025-03-16;21;616
7;2025-03-16;22;305
7;2025-03-16;23;201
7;2025-03-17;0;73
7;2025-03-17;1;8
7;2025-03-17;4;1
7;2025-03-17;5;197
7;2025-03-17;6;803
7;2025-03-17;7;1876
7;2025-03-17;8;2517
7;2025-03-17;9;1829
7;2025-03-17;10;1514
7;2025-03-17;11;1083
7;2025-03-17;12;1213
7;2025-03-17;13;1024
7;2025-03-17;14;1299
7;2025-03-17;15;1480
7;2025-03-17;16;1621
7;2025-03-17;17;2145
7;2025-03-17;18;2386
7;2025-03-17;19;1543
7;2025-03-17;20;953
7;2025-03-17;21;604
7;2025-03-17;22;221
7;2025-03-17;23;127
7;2025-03-18;0;38
7;2025-03-18;1;14
7;2025-03-18;4;3
7;2025-03-18;5;163
7;2025-03-18;6;911
7;2025-03-18;7;1755
7;2025-03-18;8;2646
7;2025-03-18;9;2189
7;2025-03-18;10;1487
7;2025-03-18;11;1591
7;2025-03-18;12;1477
7;2025-03-18;13;1640
7;2025-03-18;14;1845
7;2025-03-18;15;1871
7;2025-03-18;16;1960
7;2025-03-18;17;2153
7;2025-03-18;18;2400
7;2025-03-18;19;2125
7;2025-03-18;20;1130
7;2025-03-18;21;565
7;2025-03-18;22;360
7;2025-03-18;23;194
7;2025-03-19;0;59
7;2025-03-19;1;9
7;2025-03-19;4;4
7;2025-03-19;5;210
7;2025-03-19;6;823
7;2025-03-19;7;2044
7;2025-03-19;8;2655
7;2025-03-19;9;2093
7;2025-03-19;10;1491
7;2025-03-19;11;1191
7;2025-03-19;12;1027
7;2025-03-19;13;1156
7;2025-03-19;14;1336
7;2025-03-19;15;1611
7;2025-03-19;16;1630
7;2025-03-19;17;2081
7;2025-03-19;18;2128
7;2025-03-19;19;1584
7;2025-03-19;20;826
7;2025-03-19;21;410
7;2025-03-19;22;199
7;2025-03-19;23;125
7;2025-03-20;0;40
7;2025-03-20;1;3
7;2025-03-20;4;2
7;2025-03-20;5;216
7;2025-03-20;6;909
7;2025-03-20;7;1663
7;2025-03-20;8;2537
7;2025-03-20;9;1862
7;2025-03-20;10;1712
7;2025-03-20;11;1522
7;2025-03-20;12;1426
7;2025-03-20;13;1474
7;2025-03-20;14;1699
7;2025-03-20;15;1995
7;2025-03-20;16;1856
7;2025-03-20;17;2556
7;2025-03-20;18;2675
7;2025-03-20;19;1724
7;2025-03-20;20;1016
7;2025-03-20;21;704
7;2025-03-20;22;285
7;2025-03-20;23;179
7;2025-03-21;0;51
7;2025-03-21;1;5
7;2025-03-21;4;1
7;2025-03-21;5;183
7;2025-03-21;6;831
7;2025-03-21;7;1607
7;2025-03-21;8;2469
7;2025-03-21;9;1999
7;2025-03-21;10;1641
7;2025-03-21;11;1631
7;2025-03-21;12;1592
7;2025-03-21;13;1640
7;2025-03-21;14;1879
7;2025-03-21;15;1808
7;2025-03-21;16;2280
7;2025-03-21;17;2297
7;2025-03-21;18;2418
7;2025-03-21;19;1733
7;2025-03-21;20;921
7;2025-03-21;21;797
7;2025-03-21;22;430
7;2025-03-21;23;257
7;2025-03-22;0;101
7;2025-03-22;1;21
7;2025-03-22;5;44
7;2025-03-22;6;387
7;2025-03-22;7;478
7;2025-03-22;8;932
7;2025-03-22;9;949
7;2025-03-22;10;1071
7;2025-03-22;11;1425
7;2025-03-22;12;1611
7;2025-03-22;13;1453
7;2025-03-22;14;1686
7;2025-03-22;15;1385
7;2025-03-22;16;1288
7;2025-03-22;17;1455
7;2025-03-22;18;1439
7;2025-03-22;19;1282
7;2025-03-22;20;995
7;2025-03-22;21;664
7;2025-03-22;22;444
7;2025-03-22;23;172
7;2025-03-23;0;115
7;2025-03-23;1;19
7;2025-03-23;5;52
7;2025-03-23;6;270
7;2025-03-23;7;316
7;2025-03-23;8;591
7;2025-03-23;9;735
7;2025-03-23;10;938
7;2025-03-23;11;1080
7;2025-03-23;12;1262
7;2025-03-23;13;1368
7;2025-03-23;14;1389
7;2025-03-23;15;1413
7;2025-03-23;16;1264
7;2025-03-23;17;1152
7;2025-03-23;18;1154
7;2025-03-23;19;919
7;2025-03-23;20;907
7;2025-03-23;21;522
7;2025-03-23;22;365
7;2025-03-23;23;174
7;2025-03-24;0;66
7;2025-03-24;1;4
7;2025-03-24;5;210
7;2025-03-24;6;906
7;2025-03-24;7;1598
7;2025-03-24;8;2612
7;2025-03-24;9;1944
7;2025-03-24;10;1412
7;2025-03-24;11;1362
7;2025-03-24;12;1264
7;2025-03-24;13;1212
7;2025-03-24;14;1405
7;2025-03-24;15;1677
7;2025-03-24;16;1855
7;2025-03-24;17;2216
7;2025-03-24;18;2558
7;2025-03-24;19;1549
7;2025-03-24;20;958
7;2025-03-24;21;483
7;2025-03-24;22;293
7;2025-03-24;23;137
7;2025-03-25;0;35
7;2025-03-25;1;5
7;2025-03-25;5;188
7;2025-03-25;6;738
7;2025-03-25;7;1775
7;2025-03-25;8;2470
7;2025-03-25;9;1929
7;2025-03-25;10;1571
7;2025-03-25;11;1249
7;2025-03-25;12;1389
7;2025-03-25;13;1246
7;2025-03-25;14;1469
7;2025-03-25;15;1497
7;2025-03-25;16;1730
7;2025-03-25;17;2215
7;2025-03-25;18;2508
7;2025-03-25;19;1776
7;2025-03-25;20;964
7;2025-03-25;21;524
7;2025-03-25;22;275
7;2025-03-25;23;163
7;2025-03-26;0;41
7;2025-03-26;1;6
7;2025-03-26;5;199
7;2025-03-26;6;981
7;2025-03-26;7;1802
7;2025-03-26;8;2678
7;2025-03-26;9;2234
7;2025-03-26;10;1758
7;2025-03-26;11;1505
7;2025-03-26;12;1707
7;2025-03-26;13;1714
7;2025-03-26;14;2017
7;2025-03-26;15;2240
7;2025-03-26;16;2359
7;2025-03-26;17;2517
7;2025-03-26;18;3307
7;2025-03-26;19;2141
7;2025-03-26;20;1364
7;2025-03-26;21;781
7;2025-03-26;22;496
7;2025-03-26;23;196
7;2025-03-27;0;92
7;2025-03-27;1;27
7;2025-03-27;4;3
7;2025-03-27;5;190
7;2025-03-27;6;784
7;2025-03-27;7;1775
7;2025-03-27;8;2527
7;2025-03-27;9;2118
7;2025-03-27;10;1597
7;2025-03-27;11;1329
7;2025-03-27;12;1392
7;2025-03-27;13;1761
7;2025-03-27;14;1634
7;2025-03-27;15;1939
7;2025-03-27;16;2123
7;2025-03-27;17;2922
7;2025-03-27;18;3146
7;2025-03-27;19;2012
7;2025-03-27;20;1367
7;2025-03-27;21;807
7;2025-03-27;22;458
7;2025-03-27;23;246
7;2025-03-28;0;77
7;2025-03-28;1;19
7;2025-03-28;5;173
7;2025-03-28;6;779
7;2025-03-28;7;1789
7;2025-03-28;8;2470
7;2025-03-28;9;2109
7;2025-03-28;10;1859
7;2025-03-28;11;1696
7;2025-03-28;12;1595
7;2025-03-28;13;2018
7;2025-03-28;14;1908
7;2025-03-28;15;2034
7;2025-03-28;16;2443
7;2025-03-28;17;2529
7;2025-03-28;18;2385
7;2025-03-28;19;1961
7;2025-03-28;20;1191
7;2025-03-28;21;747
7;2025-03-28;22;435
7;2025-03-28;23;217
7;2025-03-29;0;81
7;2025-03-29;1;35
7;2025-03-29;5;38
7;2025-03-29;6;357
7;2025-03-29;7;463
7;2025-03-29;8;928
7;2025-03-29;9;1027
7;2025-03-29;10;1246
7;2025-03-29;11;1393
7;2025-03-29;12;1448
7;2025-03-29;13;1770
7;2025-03-29;14;1734
7;2025-03-29;15;1663
7;2025-03-29;16;1570
7;2025-03-29;17;1401
7;2025-03-29;18;1186
7;2025-03-29;19;1028
7;2025-03-29;20;1050
7;2025-03-29;21;652
7;2025-03-29;22;381
7;2025-03-29;23;224
7;2025-03-30;0;116
7;2025-03-30;1;10
7;2025-03-30;5;131
7;2025-03-30;6;276
7;2025-03-30;7;305
7;2025-03-30;8;495
7;2025-03-30;9;682
7;2025-03-30;10;828
7;2025-03-30;11;1145
7;2025-03-30;12;1288
7;2025-03-30;13;1361
7;2025-03-30;14;1305
7;2025-03-30;15;1225
7;2025-03-30;16;967
7;2025-03-30;17;1108
7;2025-03-30;18;992
7;2025-03-30;19;955
7;2025-03-30;20;780
7;2025-03-30;21;590
7;2025-03-30;22;274
7;2025-03-30;23;177
7;2025-03-31;0;72
7;2025-03-31;1;9
7;2025-03-31;4;2
7;2025-03-31;5;201
7;2025-03-31;6;992
7;2025-03-31;7;2516
7;2025-03-31;8;3666
7;2025-03-31;9;2412
7;2025-03-31;10;1886
7;2025-03-31;11;1890
7;2025-03-31;12;1949
7;2025-03-31;13;2083
7;2025-03-31;14;2112
7;2025-03-31;15;2442
7;2025-03-31;16;2561
7;2025-03-31;17;3064
7;2025-03-31;18;3657
7;2025-03-31;19;2505
7;2025-03-31;20;1560
7;2025-03-31;21;949
7;2025-03-31;22;543
7;2025-03-31;23;221
7;2025-04-01;0;72
7;2025-04-01;1;12
7;2025-04-01;4;8
7;2025-04-01;5;212
7;2025-04-01;6;1124
7;2025-04-01;7;2867
7;2025-04-01;8;3609
7;2025-04-01;9;2639
7;2025-04-01;10;2566
7;2025-04-01;11;2107
7;2025-04-01;12;2001
7;2025-04-01;13;2491
7;2025-04-01;14;2389
7;2025-04-01;15;2971
7;2025-04-01;16;3134
7;2025-04-01;17;3595
7;2025-04-01;18;3859
7;2025-04-01;19;2306
7;2025-04-01;20;1806
7;2025-04-01;21;914
7;2025-04-01;22;461
7;2025-04-01;23;157
7;2025-04-02;0;40
7;2025-04-02;1;7
7;2025-04-02;4;3
7;2025-04-02;5;122
7;2025-04-02;6;953
7;2025-04-02;7;2369
7;2025-04-02;8;3693
7;2025-04-02;9;2658
7;2025-04-02;10;1824
7;2025-04-02;11;2073
7;2025-04-02;12;2344
7;2025-04-02;13;2004
7;2025-04-02;14;2221
7;2025-04-02;15;2363
7;2025-04-02;16;3153
7;2025-04-02;17;3322
7;2025-04-02;18;3573
7;2025-04-02;19;2693
7;2025-04-02;20;1804
7;2025-04-02;21;1023
7;2025-04-02;22;484
7;2025-04-02;23;297
7;2025-04-03;0;83
7;2025-04-03;1;2
7;2025-04-03;4;16
7;2025-04-03;5;227
7;2025-04-03;6;1443
7;2025-04-03;7;3371
7;2025-04-03;8;5055
7;2025-04-03;9;3582
7;2025-04-03;10;2933
7;2025-04-03;11;3104
7;2025-04-03;12;2553
7;2025-04-03;13;2737
7;2025-04-03;14;3005
7;2025-04-03;15;3267
7;2025-04-03;16;3693
7;2025-04-03;17;4067
7;2025-04-03;18;4180
7;2025-04-03;19;2947
7;2025-04-03;20;2189
7;2025-04-03;21;1299
7;2025-04-03;22;602
7;2025-04-03;23;321
7;2025-04-04;0;65
7;2025-04-04;4;4
7;2025-04-04;5;256
7;2025-04-04;6;1220
7;2025-04-04;7;3092
7;2025-04-04;8;3674
7;2025-04-04;9;2964
7;2025-04-04;10;2191
7;2025-04-04;11;2785
7;2025-04-04;12;2781
7;2025-04-04;13;2808
7;2025-04-04;14;3079
7;2025-04-04;15;2984
7;2025-04-04;16;3023
7;2025-04-04;17;3742
7;2025-04-04;18;3196
7;2025-04-04;19;2275
7;2025-04-04;20;1689
7;2025-04-04;21;929
7;2025-04-04;22;664
7;2025-04-04;23;178
7;2025-04-05;0;160
7;2025-04-05;1;2
7;2025-04-05;2;1
7;2025-04-05;4;2
7;2025-04-05;5;180
7;2025-04-05;6;785
7;2025-04-05;7;844
7;2025-04-05;8;1050
7;2025-04-05;9;1223
7;2025-04-05;10;1328
7;2025-04-05;11;1599
7;2025-04-05;12;1730
7;2025-04-05;13;1931
7;2025-04-05;14;2093
7;2025-04-05;15;1853
7;2025-04-05;16;1762
7;2025-04-05;17;1937
7;2025-04-05;18;1218
7;2025-04-05;19;1437
7;2025-04-05;20;846
7;2025-04-05;21;811
7;2025-04-05;22;427
7;2025-04-05;23;201
7;2025-04-06;0;96
7;2025-04-06;1;11
7;2025-04-06;4;1
7;2025-04-06;5;79
7;2025-04-06;6;322
7;2025-04-06;7;276
7;2025-04-06;8;546
7;2025-04-06;9;769
7;2025-04-06;10;726
7;2025-04-06;11;635
7;2025-04-06;12;914
7;2025-04-06;13;1037
7;2025-04-06;14;1292
7;2025-04-06;15;956
7;2025-04-06;16;913
7;2025-04-06;17;887
7;2025-04-06;18;866
7;2025-04-06;19;781
7;2025-04-06;20;577
7;2025-04-06;21;508
7;2025-04-06;22;267
7;2025-04-06;23;174
7;2025-04-07;0;72
7;2025-04-07;1;15
7;2025-04-07;4;4
7;2025-04-07;5;204
7;2025-04-07;6;841
7;2025-04-07;7;1678
7;2025-04-07;8;2556
7;2025-04-07;9;1893
7;2025-04-07;10;1735
7;2025-04-07;11;1467
7;2025-04-07;12;1608
7;2025-04-07;13;1724
7;2025-04-07;14;1755
7;2025-04-07;15;1778
7;2025-04-07;16;1805
7;2025-04-07;17;2309
7;2025-04-07;18;2508
7;2025-04-07;19;1826
7;2025-04-07;20;1510
7;2025-04-07;21;617
7;2025-04-07;22;407
7;2025-04-07;23;203
7;2025-04-08;0;78
7;2025-04-08;1;15
7;2025-04-08;4;2
7;2025-04-08;5;271
7;2025-04-08;6;874
7;2025-04-08;7;1867
7;2025-04-08;8;2613
7;2025-04-08;9;1991
7;2025-04-08;10;1887
7;2025-04-08;11;1426
7;2025-04-08;12;1674
7;2025-04-08;13;1452
7;2025-04-08;14;1521
7;2025-04-08;15;1918
7;2025-04-08;16;1825
7;2025-04-08;17;2462
7;2025-04-08;18;2724
7;2025-04-08;19;1797
7;2025-04-08;20;1279
7;2025-04-08;21;616
7;2025-04-08;22;381
7;2025-04-08;23;154
7;2025-04-09;0;75
7;2025-04-09;1;11
7;2025-04-09;4;2
7;2025-04-09;5;247
7;2025-04-09;6;876
7;2025-04-09;7;1842
7;2025-04-09;8;2762
7;2025-04-09;9;1919
7;2025-04-09;10;1717
7;2025-04-09;11;1618
7;2025-04-09;12;1834
7;2025-04-09;13;1702
7;2025-04-09;14;1838
7;2025-04-09;15;2172
7;2025-04-09;16;2118
7;2025-04-09;17;2803
7;2025-04-09;18;3235
7;2025-04-09;19;2339
7;2025-04-09;20;1409
7;2025-04-09;21;898
7;2025-04-09;22;563
7;2025-04-09;23;249
7;2025-04-10;0;115
7;2025-04-10;1;19
7;2025-04-10;4;2
7;2025-04-10;5;249
7;2025-04-10;6;896
7;2025-04-10;7;1954
7;2025-04-10;8;3092
7;2025-04-10;9;2077
7;2025-04-10;10;1775
7;2025-04-10;11;1663
7;2025-04-10;12;1566
7;2025-04-10;13;1519
7;2025-04-10;14;1550
7;2025-04-10;15;1526
7;2025-04-10;16;1908
7;2025-04-10;17;2338
7;2025-04-10;18;2802
7;2025-04-10;19;1687
7;2025-04-10;20;1253
7;2025-04-10;21;719
7;2025-04-10;22;444
7;2025-04-10;23;234
7;2025-04-11;0;66
7;2025-04-11;1;13
7;2025-04-11;4;1
7;2025-04-11;5;217
7;2025-04-11;6;664
7;2025-04-11;7;1521
7;2025-04-11;8;2579
7;2025-04-11;9;1629
7;2025-04-11;10;1551
7;2025-04-11;11;1587
7;2025-04-11;12;1629
7;2025-04-11;13;1839
7;2025-04-11;14;1797
7;2025-04-11;15;2041
7;2025-04-11;16;2306
7;2025-04-11;17;2778
7;2025-04-11;18;2406
7;2025-04-11;19;1817
7;2025-04-11;20;1322
7;2025-04-11;21;946
7;2025-04-11;22;487
7;2025-04-11;23;353
7;2025-04-12;0;138
7;2025-04-12;1;18
7;2025-04-12;5;67
7;2025-04-12;6;339
7;2025-04-12;7;501
7;2025-04-12;8;976
7;2025-04-12;9;1054
7;2025-04-12;10;1212
7;2025-04-12;11;1319
7;2025-04-12;12;1310
7;2025-04-12;13;1414
7;2025-04-12;14;1704
7;2025-04-12;15;1531
7;2025-04-12;16;1379
7;2025-04-12;17;1251
7;2025-04-12;18;1290
7;2025-04-12;19;1179
7;2025-04-12;20;861
7;2025-04-12;21;734
7;2025-04-12;22;420
7;2025-04-12;23;245
7;2025-04-13;0;86
7;2025-04-13;1;12
7;2025-04-13;4;1
7;2025-04-13;5;49
7;2025-04-13;6;250
7;2025-04-13;7;387
7;2025-04-13;8;594
7;2025-04-13;9;879
7;2025-04-13;10;902
7;2025-04-13;11;1140
7;2025-04-13;12;1233
7;2025-04-13;13;1142
7;2025-04-13;14;1293
7;2025-04-13;15;1307
7;2025-04-13;16;1264
7;2025-04-13;17;1162
7;2025-04-13;18;1121
7;2025-04-13;19;989
7;2025-04-13;20;690
7;2025-04-13;21;619
7;2025-04-13;22;376
7;2025-04-13;23;184
7;2025-04-14;0;84
7;2025-04-14;1;15
7;2025-04-14;4;2
7;2025-04-14;5;261
7;2025-04-14;6;864
7;2025-04-14;7;1974
7;2025-04-14;8;2688
7;2025-04-14;9;2136
7;2025-04-14;10;1707
7;2025-04-14;11;1674
7;2025-04-14;12;1838
7;2025-04-14;13;1854
7;2025-04-14;14;1817
7;2025-04-14;15;1877
7;2025-04-14;16;2044
7;2025-04-14;17;2498
7;2025-04-14;18;2756
7;2025-04-14;19;1910
7;2025-04-14;20;1465
7;2025-04-14;21;622
7;2025-04-14;22;387
7;2025-04-14;23;247
7;2025-04-15;0;29
7;2025-04-15;1;13
7;2025-04-15;4;2
7;2025-04-15;5;259
7;2025-04-15;6;741
7;2025-04-15;7;1791
7;2025-04-15;8;2721
7;2025-04-15;9;1795
7;2025-04-15;10;1645
7;2025-04-15;11;1757
7;2025-04-15;12;1747
7;2025-04-15;13;1799
7;2025-04-15;14;1869
7;2025-04-15;15;2167
7;2025-04-15;16;2008
7;2025-04-15;17;2526
7;2025-04-15;18;2919
7;2025-04-15;19;1744
7;2025-04-15;20;1467
7;2025-04-15;21;760
7;2025-04-15;22;334
7;2025-04-15;23;219
7;2025-04-16;0;76
7;2025-04-16;1;13
7;2025-04-16;4;10
7;2025-04-16;5;263
7;2025-04-16;6;766
7;2025-04-16;7;1818
7;2025-04-16;8;2846
7;2025-04-16;9;1949
7;2025-04-16;10;1814
7;2025-04-16;11;1675
7;2025-04-16;12;2053
7;2025-04-16;13;1576
7;2025-04-16;14;1809
7;2025-04-16;15;1952
7;2025-04-16;16;2013
7;2025-04-16;17;3126
7;2025-04-16;18;2734
7;2025-04-16;19;1566
7;2025-04-16;20;1248
7;2025-04-16;21;704
7;2025-04-16;22;390
7;2025-04-16;23;257
7;2025-04-17;0;80
7;2025-04-17;1;20
7;2025-04-17;4;3
7;2025-04-17;5;244
7;2025-04-17;6;766
7;2025-04-17;7;1748
7;2025-04-17;8;2567
7;2025-04-17;9;1808
7;2025-04-17;10;1672
7;2025-04-17;11;1647
7;2025-04-17;12;2093
7;2025-04-17;13;1738
7;2025-04-17;14;1741
7;2025-04-17;15;1835
7;2025-04-17;16;1832
7;2025-04-17;17;3087
7;2025-04-17;18;2901
7;2025-04-17;19;1709
7;2025-04-17;20;1351
7;2025-04-17;21;794
7;2025-04-17;22;357
7;2025-04-17;23;213
7;2025-04-18;0;84
7;2025-04-18;1;20
7;2025-04-18;4;6
7;2025-04-18;5;198
7;2025-04-18;6;814
7;2025-04-18;7;1831
7;2025-04-18;8;2391
7;2025-04-18;9;1920
7;2025-04-18;10;1721
7;2025-04-18;11;1502
7;2025-04-18;12;1823
7;2025-04-18;13;1880
7;2025-04-18;14;2017
7;2025-04-18;15;2066
7;2025-04-18;16;2301
7;2025-04-18;17;2637
7;2025-04-18;18;2032
7;2025-04-18;19;1817
7;2025-04-18;20;1385
7;2025-04-18;21;730
7;2025-04-18;22;405
7;2025-04-18;23;290
7;2025-04-19;0;131
7;2025-04-19;1;38
7;2025-04-19;4;1
7;2025-04-19;5;83
7;2025-04-19;6;305
7;2025-04-19;7;561
7;2025-04-19;8;917
7;2025-04-19;9;1071
7;2025-04-19;10;1351
7;2025-04-19;11;1554
7;2025-04-19;12;1710
7;2025-04-19;13;1923
7;2025-04-19;14;1854
7;2025-04-19;15;1641
7;2025-04-19;16;1416
7;2025-04-19;17;1433
7;2025-04-19;18;1131
7;2025-04-19;19;1177
7;2025-04-19;20;967
7;2025-04-19;21;806
7;2025-04-19;22;406
7;2025-04-19;23;275
7;2025-04-20;0;159
7;2025-04-20;1;69
7;2025-04-20;2;33
7;2025-04-20;3;78
7;2025-04-20;4;6
7;2025-04-20;5;77
7;2025-04-20;6;251
7;2025-04-20;7;314
7;2025-04-20;8;618
7;2025-04-20;9;707
7;2025-04-20;10;897
7;2025-04-20;11;1122
7;2025-04-20;12;1072
7;2025-04-20;13;1273
7;2025-04-20;14;1347
7;2025-04-20;15;1255
7;2025-04-20;16;1296
7;2025-04-20;17;1294
7;2025-04-20;18;1187
7;2025-04-20;19;1063
7;2025-04-20;20;872
7;2025-04-20;21;669
7;2025-04-20;22;396
7;2025-04-20;23;231
7;2025-04-21;0;107
7;2025-04-21;1;28
7;2025-04-21;4;6
7;2025-04-21;5;271
7;2025-04-21;6;743
7;2025-04-21;7;1636
7;2025-04-21;8;2307
7;2025-04-21;9;1850
7;2025-04-21;10;1732
7;2025-04-21;11;1656
7;2025-04-21;12;1639
7;2025-04-21;13;1686
7;2025-04-21;14;1848
7;2025-04-21;15;1936
7;2025-04-21;16;1907
7;2025-04-21;17;2663
7;2025-04-21;18;2790
7;2025-04-21;19;1751
7;2025-04-21;20;1479
7;2025-04-21;21;736
7;2025-04-21;22;383
7;2025-04-21;23;219
7;2025-04-22;0;81
7;2025-04-22;1;13
7;2025-04-22;4;4
7;2025-04-22;5;229
7;2025-04-22;6;745
7;2025-04-22;7;1887
7;2025-04-22;8;2781
7;2025-04-22;9;1818
7;2025-04-22;10;1727
7;2025-04-22;11;1704
7;2025-04-22;12;1690
7;2025-04-22;13;1496
7;2025-04-22;14;1730
7;2025-04-22;15;1947
7;2025-04-22;16;1834
7;2025-04-22;17;2621
7;2025-04-22;18;2886
7;2025-04-22;19;2176
7;2025-04-22;20;1248
7;2025-04-22;21;763
7;2025-04-22;22;406
7;2025-04-22;23;226
7;2025-04-23;0;79
7;2025-04-23;1;25
7;2025-04-23;4;6
7;2025-04-23;5;226
7;2025-04-23;6;726
7;2025-04-23;7;1714
7;2025-04-23;8;2788
7;2025-04-23;9;2249
7;2025-04-23;10;1996
7;2025-04-23;11;1772
7;2025-04-23;12;1822
7;2025-04-23;13;1763
7;2025-04-23;14;1784
7;2025-04-23;15;2075
7;2025-04-23;16;2195
7;2025-04-23;17;2978
7;2025-04-23;18;3167
7;2025-04-23;19;1997
7;2025-04-23;20;1420
7;2025-04-23;21;805
7;2025-04-23;22;544
7;2025-04-23;23;222
7;2025-04-24;0;70
7;2025-04-24;1;20
7;2025-04-24;4;3
7;2025-04-24;5;217
7;2025-04-24;6;757
7;2025-04-24;7;1612
7;2025-04-24;8;2847
7;2025-04-24;9;1966
7;2025-04-24;10;1708
7;2025-04-24;11;1814
7;2025-04-24;12;1797
7;2025-04-24;13;1621
7;2025-04-24;14;1744
7;2025-04-24;15;1856
7;2025-04-24;16;2145
7;2025-04-24;17;2546
7;2025-04-24;18;2856
7;2025-04-24;19;1792
7;2025-04-24;20;1189
7;2025-04-24;21;670
7;2025-04-24;22;342
7;2025-04-24;23;240
7;2025-04-25;0;81
7;2025-04-25;1;22
7;2025-04-25;4;2
7;2025-04-25;5;215
7;2025-04-25;6;594
7;2025-04-25;7;1823
7;2025-04-25;8;2824
7;2025-04-25;9;2034
7;2025-04-25;10;1915
7;2025-04-25;11;1666
7;2025-04-25;12;2039
7;2025-04-25;13;1798
7;2025-04-25;14;1886
7;2025-04-25;15;1904
7;2025-04-25;16;2208
7;2025-04-25;17;2857
7;2025-04-25;18;2745
7;2025-04-25;19;1515
7;2025-04-25;20;1403
7;2025-04-25;21;851
7;2025-04-25;22;621
7;2025-04-25;23;300
7;2025-04-26;0;97
7;2025-04-26;1;35
7;2025-04-26;4;1
7;2025-04-26;5;76
7;2025-04-26;6;327
7;2025-04-26;7;568
7;2025-04-26;8;942
7;2025-04-26;9;1069
7;2025-04-26;10;1216
7;2025-04-26;11;1219
7;2025-04-26;12;1267
7;2025-04-26;13;1457
7;2025-04-26;14;1498
7;2025-04-26;15;1332
7;2025-04-26;16;1203
7;2025-04-26;17;1219
7;2025-04-26;18;1135
7;2025-04-26;19;1175
7;2025-04-26;20;930
7;2025-04-26;21;844
7;2025-04-26;22;401
7;2025-04-26;23;281
7;2025-04-27;0;86
7;2025-04-27;1;11
7;2025-04-27;5;41
7;2025-04-27;6;167
7;2025-04-27;7;338
7;2025-04-27;8;573
7;2025-04-27;9;749
7;2025-04-27;10;807
7;2025-04-27;11;910
7;2025-04-27;12;1080
7;2025-04-27;13;1115
7;2025-04-27;14;1126
7;2025-04-27;15;1112
7;2025-04-27;16;1088
7;2025-04-27;17;932
7;2025-04-27;18;954
7;2025-04-27;19;808
7;2025-04-27;20;667
7;2025-04-27;21;484
7;2025-04-27;22;337
7;2025-04-27;23;165
7;2025-04-28;0;68
7;2025-04-28;1;10
7;2025-04-28;4;2
7;2025-04-28;5;212
7;2025-04-28;6;678
7;2025-04-28;7;1838
7;2025-04-28;8;2537
7;2025-04-28;9;1900
7;2025-04-28;10;1850
7;2025-04-28;11;1814
7;2025-04-28;12;1764
7;2025-04-28;13;1739
7;2025-04-28;14;2034
7;2025-04-28;15;2130
7;2025-04-28;16;2008
7;2025-04-28;17;2433
7;2025-04-28;18;2777
7;2025-04-28;19;2030
7;2025-04-28;20;1333
7;2025-04-28;21;810
7;2025-04-28;22;469
7;2025-04-28;23;324
7;2025-04-29;0;61
7;2025-04-29;1;19
7;2025-04-29;4;3
7;2025-04-29;5;219
7;2025-04-29;6;683
7;2025-04-29;7;1794
7;2025-04-29;8;2477
7;2025-04-29;9;1962
7;2025-04-29;10;1694
7;2025-04-29;11;1675
7;2025-04-29;12;1794
7;2025-04-29;13;1637
7;2025-04-29;14;1837
7;2025-04-29;15;1866
7;2025-04-29;16;1921
7;2025-04-29;17;2134
7;2025-04-29;18;2477
7;2025-04-29;19;1877
7;2025-04-29;20;1302
7;2025-04-29;21;724
7;2025-04-29;22;352
7;2025-04-29;23;170
7;2025-04-30;0;57
7;2025-04-30;1;14
7;2025-04-30;4;2
7;2025-04-30;5;231
7;2025-04-30;6;766
7;2025-04-30;7;1865
7;2025-04-30;8;2542
7;2025-04-30;9;1973
7;2025-04-30;10;1775
7;2025-04-30;11;1805
7;2025-04-30;12;1549
7;2025-04-30;13;2024
7;2025-04-30;14;2055
7;2025-04-30;15;2263
7;2025-04-30;16;2158
7;2025-04-30;17;2751
7;2025-04-30;18;2047
7;2025-04-30;19;1748
7;2025-04-30;20;1298
7;2025-04-30;21;728
7;2025-04-30;22;432
7;2025-04-30;23;270
7;2025-05-01;0;119
7;2025-05-01;1;17
7;2025-05-01;4;1
7;2025-05-01;5;61
7;2025-05-01;6;255
7;2025-05-01;7;413
7;2025-05-01;8;636
7;2025-05-01;9;806
7;2025-05-01;10;781
7;2025-05-01;11;712
7;2025-05-01;12;752
7;2025-05-01;13;985
7;2025-05-01;14;822
7;2025-05-01;15;714
7;2025-05-01;16;732
7;2025-05-01;17;608
7;2025-05-01;18;623
7;2025-05-01;19;763
7;2025-05-01;20;579
7;2025-05-01;21;437
7;2025-05-01;22;311
7;2025-05-01;23;138
7;2025-05-02;0;57
7;2025-05-02;4;1
7;2025-05-02;5;53
7;2025-05-02;6;345
7;2025-05-02;7;458
7;2025-05-02;8;775
7;2025-05-02;9;877
7;2025-05-02;10;961
7;2025-05-02;11;1057
7;2025-05-02;12;1266
7;2025-05-02;13;1031
7;2025-05-02;14;1266
7;2025-05-02;15;1042
7;2025-05-02;16;924
7;2025-05-02;17;957
7;2025-05-02;18;914
7;2025-05-02;19;953
7;2025-05-02;20;687
7;2025-05-02;21;558
7;2025-05-02;22;363
7;2025-05-02;23;184
7;2025-05-03;0;90
7;2025-05-03;1;26
7;2025-05-03;5;43
7;2025-05-03;6;244
7;2025-05-03;7;457
7;2025-05-03;8;683
7;2025-05-03;9;675
7;2025-05-03;10;906
7;2025-05-03;11;914
7;2025-05-03;12;1047
7;2025-05-03;13;1167
7;2025-05-03;14;983
7;2025-05-03;15;1108
7;2025-05-03;16;991
7;2025-05-03;17;925
7;2025-05-03;18;1170
7;2025-05-03;19;1096
7;2025-05-03;20;766
7;2025-05-03;21;646
7;2025-05-03;22;313
7;2025-05-03;23;234
7;2025-05-04;0;96
7;2025-05-04;1;14
7;2025-05-04;4;4
7;2025-05-04;5;36
7;2025-05-04;6;226
7;2025-05-04;7;357
7;2025-05-04;8;584
7;2025-05-04;9;654
7;2025-05-04;10;877
7;2025-05-04;11;1029
7;2025-05-04;12;1099
7;2025-05-04;13;1127
7;2025-05-04;14;1281
7;2025-05-04;15;1102
7;2025-05-04;16;815
7;2025-05-04;17;1052
7;2025-05-04;18;869
7;2025-05-04;19;940
7;2025-05-04;20;574
7;2025-05-04;21;510
7;2025-05-04;22;287
7;2025-05-04;23;152
7;2025-05-05;0;53
7;2025-05-05;1;31
7;2025-05-05;4;4
7;2025-05-05;5;260
7;2025-05-05;6;716
7;2025-05-05;7;1600
7;2025-05-05;8;2646
7;2025-05-05;9;1623
7;2025-05-05;10;1413
7;2025-05-05;11;1271
7;2025-05-05;12;1614
7;2025-05-05;13;1572
7;2025-05-05;14;1565
7;2025-05-05;15;1862
7;2025-05-05;16;1693
7;2025-05-05;17;2112
7;2025-05-05;18;2713
7;2025-05-05;19;1870
7;2025-05-05;20;1250
7;2025-05-05;21;579
7;2025-05-05;22;382
7;2025-05-05;23;228
7;2025-05-06;0;44
7;2025-05-06;1;11
7;2025-05-06;4;2
7;2025-05-06;5;227
7;2025-05-06;6;578
7;2025-05-06;7;1688
7;2025-05-06;8;2559
7;2025-05-06;9;1791
7;2025-05-06;10;1885
7;2025-05-06;11;1593
7;2025-05-06;12;1773
7;2025-05-06;13;1803
7;2025-05-06;14;1515
7;2025-05-06;15;1981
7;2025-05-06;16;1963
7;2025-05-06;17;1840
7;2025-05-06;18;2420
7;2025-05-06;19;2072
7;2025-05-06;20;1286
7;2025-05-06;21;764
7;2025-05-06;22;410
7;2025-05-06;23;203
7;2025-05-07;0;79
7;2025-05-07;1;4
7;2025-05-07;4;6
7;2025-05-07;5;209
7;2025-05-07;6;812
7;2025-05-07;7;1694
7;2025-05-07;8;2394
7;2025-05-07;9;1908
7;2025-05-07;10;1525
7;2025-05-07;11;1570
7;2025-05-07;12;1540
7;2025-05-07;13;1434
7;2025-05-07;14;1647
7;2025-05-07;15;1736
7;2025-05-07;16;1579
7;2025-05-07;17;1969
7;2025-05-07;18;1730
7;2025-05-07;19;1371
7;2025-05-07;20;971
7;2025-05-07;21;600
7;2025-05-07;22;299
7;2025-05-07;23;163
7;2025-05-08;0;67
7;2025-05-08;1;20
7;2025-05-08;4;1
7;2025-05-08;5;52
7;2025-05-08;6;325
7;2025-05-08;7;520
7;2025-05-08;8;727
7;2025-05-08;9;776
7;2025-05-08;10;771
7;2025-05-08;11;1035
7;2025-05-08;12;931
7;2025-05-08;13;1082
7;2025-05-08;14;1192
7;2025-05-08;15;1123
7;2025-05-08;16;1115
7;2025-05-08;17;970
7;2025-05-08;18;1028
7;2025-05-08;19;1027
7;2025-05-08;20;874
7;2025-05-08;21;469
7;2025-05-08;22;311
7;2025-05-08;23;161
7;2025-05-09;0;100
7;2025-05-09;1;5
7;2025-05-09;5;43
7;2025-05-09;6;218
7;2025-05-09;7;324
7;2025-05-09;8;513
7;2025-05-09;9;583
7;2025-05-09;10;622
7;2025-05-09;11;771
7;2025-05-09;12;1103
7;2025-05-09;13;1333
7;2025-05-09;14;1169
7;2025-05-09;15;942
7;2025-05-09;16;860
7;2025-05-09;17;780
7;2025-05-09;18;885
7;2025-05-09;19;812
7;2025-05-09;20;690
7;2025-05-09;21;543
7;2025-05-09;22;444
7;2025-05-09;23;225
7;2025-05-10;0;121
7;2025-05-10;1;7
7;2025-05-10;4;2
7;2025-05-10;5;53
7;2025-05-10;6;273
7;2025-05-10;7;420
7;2025-05-10;8;570
7;2025-05-10;9;671
7;2025-05-10;10;814
7;2025-05-10;11;956
7;2025-05-10;12;1057
7;2025-05-10;13;1091
7;2025-05-10;14;1204
7;2025-05-10;15;1194
7;2025-05-10;16;1006
7;2025-05-10;17;975
7;2025-05-10;18;1130
7;2025-05-10;19;1139
7;2025-05-10;20;795
7;2025-05-10;21;627
7;2025-05-10;22;388
7;2025-05-10;23;189
7;2025-05-11;0;102
7;2025-05-11;1;14
7;2025-05-11;5;41
7;2025-05-11;6;225
7;2025-05-11;7;357
7;2025-05-11;8;555
7;2025-05-11;9;574
7;2025-05-11;10;585
7;2025-05-11;11;813
7;2025-05-11;12;859
7;2025-05-11;13;1043
7;2025-05-11;14;1074
7;2025-05-11;15;1038
7;2025-05-11;16;917
7;2025-05-11;17;933
7;2025-05-11;18;831
7;2025-05-11;19;734
7;2025-05-11;20;660
7;2025-05-11;21;519
7;2025-05-11;22;293
7;2025-05-11;23;202
7;2025-05-12;0;68
7;2025-05-12;1;9
7;2025-05-12;4;5
7;2025-05-12;5;268
7;2025-05-12;6;706
7;2025-05-12;7;1863
7;2025-05-12;8;2661
7;2025-05-12;9;1835
7;2025-05-12;10;1597
7;2025-05-12;11;1450
7;2025-05-12;12;1617
7;2025-05-12;13;1474
7;2025-05-12;14;1558
7;2025-05-12;15;1761
7;2025-05-12;16;2066
7;2025-05-12;17;2435
7;2025-05-12;18;2521
7;2025-05-12;19;1752
7;2025-05-12;20;1122
7;2025-05-12;21;695
7;2025-05-12;22;339
7;2025-05-12;23;195
7;2025-05-13;0;54
7;2025-05-13;1;17
7;2025-05-13;4;2
7;2025-05-13;5;243
7;2025-05-13;6;782
7;2025-05-13;7;1715
7;2025-05-13;8;2649
7;2025-05-13;9;1990
7;2025-05-13;10;1834
7;2025-05-13;11;1680
7;2025-05-13;12;1749
7;2025-05-13;13;1871
7;2025-05-13;14;1558
7;2025-05-13;15;1750
7;2025-05-13;16;2043
7;2025-05-13;17;2419
7;2025-05-13;18;2717
7;2025-05-13;19;2095
7;2025-05-13;20;1184
7;2025-05-13;21;678
7;2025-05-13;22;270
7;2025-05-13;23;193
7;2025-05-14;0;61
7;2025-05-14;1;12
7;2025-05-14;4;9
7;2025-05-14;5;291
7;2025-05-14;6;962
7;2025-05-14;7;2188
7;2025-05-14;8;3099
7;2025-05-14;9;2149
7;2025-05-14;10;1893
7;2025-05-14;11;1476
7;2025-05-14;12;1756
7;2025-05-14;13;2001
7;2025-05-14;14;1903
7;2025-05-14;15;1946
7;2025-05-14;16;1919
7;2025-05-14;17;2753
7;2025-05-14;18;2832
7;2025-05-14;19;1876
7;2025-05-14;20;1489
7;2025-05-14;21;860
7;2025-05-14;22;369
7;2025-05-14;23;278
7;2025-05-15;0;90
7;2025-05-15;1;20
7;2025-05-15;4;2
7;2025-05-15;5;232
7;2025-05-15;6;665
7;2025-05-15;7;1760
7;2025-05-15;8;2452
7;2025-05-15;9;1930
7;2025-05-15;10;1871
7;2025-05-15;11;1547
7;2025-05-15;12;1652
7;2025-05-15;13;1829
7;2025-05-15;14;1730
7;2025-05-15;15;1589
7;2025-05-15;16;2153
7;2025-05-15;17;2501
7;2025-05-15;18;2957
7;2025-05-15;19;1948
7;2025-05-15;20;1212
7;2025-05-15;21;892
7;2025-05-15;22;357
7;2025-05-15;23;211
7;2025-05-16;0;82
7;2025-05-16;1;23
7;2025-05-16;4;3
7;2025-05-16;5;230
7;2025-05-16;6;713
7;2025-05-16;7;1878
7;2025-05-16;8;2395
7;2025-05-16;9;1571
7;2025-05-16;10;1308
7;2025-05-16;11;1400
7;2025-05-16;12;1491
7;2025-05-16;13;1632
7;2025-05-16;14;1595
7;2025-05-16;15;1747
7;2025-05-16;16;1896
7;2025-05-16;17;2134
7;2025-05-16;18;1957
7;2025-05-16;19;1637
7;2025-05-16;20;1081
7;2025-05-16;21;740
7;2025-05-16;22;472
7;2025-05-16;23;311
7;2025-05-17;0;121
7;2025-05-17;1;18
7;2025-05-17;5;66
7;2025-05-17;6;272
7;2025-05-17;7;532
7;2025-05-17;8;699
7;2025-05-17;9;944
7;2025-05-17;10;1063
7;2025-05-17;11;1074
7;2025-05-17;12;1352
7;2025-05-17;13;1421
7;2025-05-17;14;1484
7;2025-05-17;15;1232
7;2025-05-17;16;1174
7;2025-05-17;17;1185
7;2025-05-17;18;1134
7;2025-05-17;19;1137
7;2025-05-17;20;775
7;2025-05-17;21;752
7;2025-05-17;22;431
7;2025-05-17;23;255
7;2025-05-18;0;81
7;2025-05-18;1;29
7;2025-05-18;5;35
7;2025-05-18;6;195
7;2025-05-18;7;360
7;2025-05-18;8;559
7;2025-05-18;9;798
7;2025-05-18;10;916
7;2025-05-18;11;1054
7;2025-05-18;12;1300
7;2025-05-18;13;1195
7;2025-05-18;14;1212
7;2025-05-18;15;1191
7;2025-05-18;16;952
7;2025-05-18;17;1075
7;2025-05-18;18;879
7;2025-05-18;19;872
7;2025-05-18;20;776
7;2025-05-18;21;588
7;2025-05-18;22;346
7;2025-05-18;23;143
7;2025-05-19;0;94
7;2025-05-19;1;11
7;2025-05-19;4;2
7;2025-05-19;5;201
7;2025-05-19;6;647
7;2025-05-19;7;1730
7;2025-05-19;8;2519
7;2025-05-19;9;1954
7;2025-05-19;10;1697
7;2025-05-19;11;1769
7;2025-05-19;12;1495
7;2025-05-19;13;1518
7;2025-05-19;14;1615
7;2025-05-19;15;1570
7;2025-05-19;16;1664
7;2025-05-19;17;2207
7;2025-05-19;18;2652
7;2025-05-19;19;1547
7;2025-05-19;20;1263
7;2025-05-19;21;678
7;2025-05-19;22;354
7;2025-05-19;23;252
7;2025-05-20;0;93
7;2025-05-20;1;24
7;2025-05-20;4;3
7;2025-05-20;5;256
7;2025-05-20;6;734
7;2025-05-20;7;1626
7;2025-05-20;8;2881
7;2025-05-20;9;2077
7;2025-05-20;10;1594
7;2025-05-20;11;1595
7;2025-05-20;12;1592
7;2025-05-20;13;1620
7;2025-05-20;14;1644
7;2025-05-20;15;1574
7;2025-05-20;16;1897
7;2025-05-20;17;2118
7;2025-05-20;18;2938
7;2025-05-20;19;1980
7;2025-05-20;20;1291
7;2025-05-20;21;820
7;2025-05-20;22;432
7;2025-05-20;23;225
7;2025-05-21;0;91
7;2025-05-21;1;20
7;2025-05-21;2;2
7;2025-05-21;5;226
7;2025-05-21;6;691
7;2025-05-21;7;1454
7;2025-05-21;8;2274
7;2025-05-21;9;1804
7;2025-05-21;10;1537
7;2025-05-21;11;1606
7;2025-05-21;12;1631
7;2025-05-21;13;1613
7;2025-05-21;14;1895
7;2025-05-21;15;1709
7;2025-05-21;16;1796
7;2025-05-21;17;2421
7;2025-05-21;18;2834
7;2025-05-21;19;2019
7;2025-05-21;20;1155
7;2025-05-21;21;738
7;2025-05-21;22;549
7;2025-05-21;23;229
7;2025-05-22;0;90
7;2025-05-22;1;18
7;2025-05-22;4;2
7;2025-05-22;5;276
7;2025-05-22;6;696
7;2025-05-22;7;1826
7;2025-05-22;8;2509
7;2025-05-22;9;1741
7;2025-05-22;10;1688
7;2025-05-22;11;1691
7;2025-05-22;12;1739
7;2025-05-22;13;1786
7;2025-05-22;14;1974
7;2025-05-22;15;2047
7;2025-05-22;16;2024
7;2025-05-22;17;2604
7;2025-05-22;18;2984
7;2025-05-22;19;2171
7;2025-05-22;20;1466
7;2025-05-22;21;866
7;2025-05-22;22;584
7;2025-05-22;23;339
7;2025-05-23;0;160
7;2025-05-23;1;26
7;2025-05-23;4;1
7;2025-05-23;5;213
7;2025-05-23;6;579
7;2025-05-23;7;1541
7;2025-05-23;8;2505
7;2025-05-23;9;2091
7;2025-05-23;10;1756
7;2025-05-23;11;1787
7;2025-05-23;12;1897
7;2025-05-23;13;1832
7;2025-05-23;14;2178
7;2025-05-23;15;2248
7;2025-05-23;16;2238
7;2025-05-23;17;2577
7;2025-05-23;18;2323
7;2025-05-23;19;1838
7;2025-05-23;20;1422
7;2025-05-23;21;886
7;2025-05-23;22;457
7;2025-05-23;23;401
7;2025-05-24;0;151
7;2025-05-24;1;38
7;2025-05-24;2;2
7;2025-05-24;5;65
7;2025-05-24;6;324
7;2025-05-24;7;498
7;2025-05-24;8;838
7;2025-05-24;9;1032
7;2025-05-24;10;976
7;2025-05-24;11;1012
7;2025-05-24;12;1181
7;2025-05-24;13;1335
7;2025-05-24;14;1281
7;2025-05-24;15;1279
7;2025-05-24;16;1416
7;2025-05-24;17;1367
7;2025-05-24;18;1204
7;2025-05-24;19;1350
7;2025-05-24;20;1071
7;2025-05-24;21;904
7;2025-05-24;22;511
7;2025-05-24;23;343
7;2025-05-25;0;164
7;2025-05-25;1;44
7;2025-05-25;4;1
7;2025-05-25;5;42
7;2025-05-25;6;234
7;2025-05-25;7;407
7;2025-05-25;8;701
7;2025-05-25;9;886
7;2025-05-25;10;823
7;2025-05-25;11;1175
7;2025-05-25;12;1282
7;2025-05-25;13;1217
7;2025-05-25;14;1474
7;2025-05-25;15;1526
7;2025-05-25;16;1243
7;2025-05-25;17;1553
7;2025-05-25;18;1450
7;2025-05-25;19;1207
7;2025-05-25;20;1085
7;2025-05-25;21;892
7;2025-05-25;22;491
7;2025-05-25;23;384
7;2025-05-26;0;101
7;2025-05-26;1;27
7;2025-05-26;4;3
7;2025-05-26;5;198
7;2025-05-26;6;772
7;2025-05-26;7;1563
7;2025-05-26;8;1835
7;2025-05-26;9;1614
7;2025-05-26;10;1507
7;2025-05-26;11;953
7;2025-05-26;12;931
7;2025-05-26;13;1283
7;2025-05-26;14;1214
7;2025-05-26;15;1313
7;2025-05-26;16;1421
7;2025-05-26;17;1896
7;2025-05-26;18;2215
7;2025-05-26;19;1495
7;2025-05-26;20;963
7;2025-05-26;21;617
7;2025-05-26;22;337
7;2025-05-26;23;185
7;2025-05-27;0;59
7;2025-05-27;1;20
7;2025-05-27;4;5
7;2025-05-27;5;236
7;2025-05-27;6;738
7;2025-05-27;7;1655
7;2025-05-27;8;2339
7;2025-05-27;9;1887
7;2025-05-27;10;1709
7;2025-05-27;11;1658
7;2025-05-27;12;1753
7;2025-05-27;13;1562
7;2025-05-27;14;1718
7;2025-05-27;15;1716
7;2025-05-27;16;1826
7;2025-05-27;17;2357
7;2025-05-27;18;2568
7;2025-05-27;19;2025
7;2025-05-27;20;1437
7;2025-05-27;21;818
7;2025-05-27;22;462
7;2025-05-27;23;164
7;2025-05-28;0;57
7;2025-05-28;1;24
7;2025-05-28;4;4
7;2025-05-28;5;280
7;2025-05-28;6;741
7;2025-05-28;7;1553
7;2025-05-28;8;2489
7;2025-05-28;9;2063
7;2025-05-28;10;2018
7;2025-05-28;11;1642
7;2025-05-28;12;1538
7;2025-05-28;13;1767
7;2025-05-28;14;1550
7;2025-05-28;15;1830
7;2025-05-28;16;2042
7;2025-05-28;17;2298
7;2025-05-28;18;3066
7;2025-05-28;19;1974
7;2025-05-28;20;1310
7;2025-05-28;21;835
7;2025-05-28;22;419
7;2025-05-28;23;351
7;2025-05-29;0;128
7;2025-05-29;1;13
7;2025-05-29;4;18
7;2025-05-29;5;310
7;2025-05-29;6;919
7;2025-05-29;7;1862
7;2025-05-29;8;2539
7;2025-05-29;9;2381
7;2025-05-29;10;1963
7;2025-05-29;11;2267
7;2025-05-29;12;2069
7;2025-05-29;13;1876
7;2025-05-29;14;1984
7;2025-05-29;15;2060
7;2025-05-29;16;2026
7;2025-05-29;17;2763
7;2025-05-29;18;3526
7;2025-05-29;19;2103
7;2025-05-29;20;1364
7;2025-05-29;21;925
7;2025-05-29;22;625
7;2025-05-29;23;310
7;2025-05-30;0;90
7;2025-05-30;1;31
7;2025-05-30;4;1
7;2025-05-30;5;220
7;2025-05-30;6;562
7;2025-05-30;7;1308
7;2025-05-30;8;2386
7;2025-05-30;9;1903
7;2025-05-30;10;1766
7;2025-05-30;11;1722
7;2025-05-30;12;1914
7;2025-05-30;13;2148
7;2025-05-30;14;1956
7;2025-05-30;15;2347
7;2025-05-30;16;2435
7;2025-05-30;17;2573
7;2025-05-30;18;2580
7;2025-05-30;19;1974
7;2025-05-30;20;1558
7;2025-05-30;21;910
7;2025-05-30;22;611
7;2025-05-30;23;303
7;2025-05-31;0;111
7;2025-05-31;1;40
7;2025-05-31;2;2
7;2025-05-31;5;66
7;2025-05-31;6;272
7;2025-05-31;7;608
7;2025-05-31;8;827
7;2025-05-31;9;842
7;2025-05-31;10;1026
7;2025-05-31;11;1144
7;2025-05-31;12;1126
7;2025-05-31;13;1110
7;2025-05-31;14;1164
7;2025-05-31;15;1271
7;2025-05-31;16;961
7;2025-05-31;17;925
7;2025-05-31;18;989
7;2025-05-31;19;1089
7;2025-05-31;20;839
7;2025-05-31;21;602
7;2025-05-31;22;390
7;2025-05-31;23;235
7;2025-06-01;0;143
7;2025-06-01;1;37
7;2025-06-01;4;1
7;2025-06-01;5;42
7;2025-06-01;6;169
7;2025-06-01;7;386
7;2025-06-01;8;601
7;2025-06-01;9;711
7;2025-06-01;10;820
7;2025-06-01;11;963
7;2025-06-01;12;1140
7;2025-06-01;13;1119
7;2025-06-01;14;1053
7;2025-06-01;15;1271
7;2025-06-01;16;949
7;2025-06-01;17;1168
7;2025-06-01;18;1041
7;2025-06-01;19;905
7;2025-06-01;20;731
7;2025-06-01;21;728
7;2025-06-01;22;441
7;2025-06-01;23;207
7;2025-06-02;0;92
7;2025-06-02;1;13
7;2025-06-02;4;1
7;2025-06-02;5;238
7;2025-06-02;6;729
7;2025-06-02;7;1515
7;2025-06-02;8;2362
7;2025-06-02;9;1661
7;2025-06-02;10;1752
7;2025-06-02;11;1717
7;2025-06-02;12;1568
7;2025-06-02;13;1548
7;2025-06-02;14;1656
7;2025-06-02;15;1798
7;2025-06-02;16;1834
7;2025-06-02;17;2256
7;2025-06-02;18;3019
7;2025-06-02;19;1918
7;2025-06-02;20;1242
7;2025-06-02;21;669
7;2025-06-02;22;317
7;2025-06-02;23;210
7;2025-06-03;0;107
7;2025-06-03;1;19
7;2025-06-03;4;2
7;2025-06-03;5;201
7;2025-06-03;6;684
7;2025-06-03;7;1441
7;2025-06-03;8;2358
7;2025-06-03;9;2009
7;2025-06-03;10;1521
7;2025-06-03;11;1468
7;2025-06-03;12;1549
7;2025-06-03;13;1391
7;2025-06-03;14;1507
7;2025-06-03;15;1474
7;2025-06-03;16;1514
7;2025-06-03;17;2051
7;2025-06-03;18;2632
7;2025-06-03;19;1870
7;2025-06-03;20;1234
7;2025-06-03;21;826
7;2025-06-03;22;364
7;2025-06-03;23;256
7;2025-06-04;0;84
7;2025-06-04;1;20
7;2025-06-04;4;3
7;2025-06-04;5;224
7;2025-06-04;6;687
7;2025-06-04;7;1335
7;2025-06-04;8;2609
7;2025-06-04;9;1827
7;2025-06-04;10;1896
7;2025-06-04;11;1432
7;2025-06-04;12;1704
7;2025-06-04;13;1711
7;2025-06-04;14;1650
7;2025-06-04;15;1764
7;2025-06-04;16;1564
7;2025-06-04;17;2370
7;2025-06-04;18;2646
7;2025-06-04;19;1857
7;2025-06-04;20;1196
7;2025-06-04;21;776
7;2025-06-04;22;484
7;2025-06-04;23;237
7;2025-06-05;0;87
7;2025-06-05;1;24
7;2025-06-05;2;1
7;2025-06-05;5;223
7;2025-06-05;6;690
7;2025-06-05;7;1353
7;2025-06-05;8;2356
7;2025-06-05;9;1897
7;2025-06-05;10;1608
7;2025-06-05;11;1554
7;2025-06-05;12;1692
7;2025-06-05;13;1568
7;2025-06-05;14;1303
7;2025-06-05;15;1111
7;2025-06-05;16;1562
7;2025-06-05;17;1930
7;2025-06-05;18;2394
7;2025-06-05;19;1604
7;2025-06-05;20;1075
7;2025-06-05;21;773
7;2025-06-05;22;445
7;2025-06-05;23;239
7;2025-06-06;0;100
7;2025-06-06;1;6
7;2025-06-06;4;9
7;2025-06-06;5;184
7;2025-06-06;6;386
7;2025-06-06;7;1008
7;2025-06-06;8;1248
7;2025-06-06;9;1153
7;2025-06-06;10;1443
7;2025-06-06;11;1762
7;2025-06-06;12;1713
7;2025-06-06;13;1777
7;2025-06-06;14;1592
7;2025-06-06;15;1765
7;2025-06-06;16;1984
7;2025-06-06;17;2245
7;2025-06-06;18;2011
7;2025-06-06;19;1483
7;2025-06-06;20;1028
7;2025-06-06;21;611
7;2025-06-06;22;449
7;2025-06-06;23;331
7;2025-06-07;0;138
7;2025-06-07;1;35
7;2025-06-07;4;1
7;2025-06-07;5;61
7;2025-06-07;6;332
7;2025-06-07;7;472
7;2025-06-07;8;1075
7;2025-06-07;9;1160
7;2025-06-07;10;1272
7;2025-06-07;11;1228
7;2025-06-07;12;1335
7;2025-06-07;13;1373
7;2025-06-07;14;1151
7;2025-06-07;15;1251
7;2025-06-07;16;1150
7;2025-06-07;17;1105
7;2025-06-07;18;1100
7;2025-06-07;19;1084
7;2025-06-07;20;830
7;2025-06-07;21;691
7;2025-06-07;22;460
7;2025-06-07;23;222
7;2025-06-08;0;175
7;2025-06-08;1;20
7;2025-06-08;5;56
7;2025-06-08;6;235
7;2025-06-08;7;300
7;2025-06-08;8;372
7;2025-06-08;9;434
7;2025-06-08;10;432
7;2025-06-08;11;552
7;2025-06-08;12;770
7;2025-06-08;13;598
7;2025-06-08;14;675
7;2025-06-08;15;907
7;2025-06-08;16;923
7;2025-06-08;17;1131
7;2025-06-08;18;867
7;2025-06-08;19;743
7;2025-06-08;20;684
7;2025-06-08;21;624
7;2025-06-08;22;310
7;2025-06-08;23;192
7;2025-06-09;0;107
7;2025-06-09;1;22
7;2025-06-09;4;1
7;2025-06-09;5;214
7;2025-06-09;6;605
7;2025-06-09;7;1290
7;2025-06-09;8;1914
7;2025-06-09;9;1889
7;2025-06-09;10;1289
7;2025-06-09;11;1240
7;2025-06-09;12;1587
7;2025-06-09;13;1573
7;2025-06-09;14;1439
7;2025-06-09;15;1446
7;2025-06-09;16;1715
7;2025-06-09;17;2035
7;2025-06-09;18;2438
7;2025-06-09;19;1531
7;2025-06-09;20;1003
7;2025-06-09;21;681
7;2025-06-09;22;308
7;2025-06-09;23;227
7;2025-06-10;0;108
7;2025-06-10;1;14
7;2025-06-10;2;1
7;2025-06-10;5;201
7;2025-06-10;6;706
7;2025-06-10;7;1451
7;2025-06-10;8;2413
7;2025-06-10;9;1754
7;2025-06-10;10;1755
7;2025-06-10;11;1509
7;2025-06-10;12;1674
7;2025-06-10;13;1653
7;2025-06-10;14;1514
7;2025-06-10;15;1714
7;2025-06-10;16;1432
7;2025-06-10;17;2328
7;2025-06-10;18;2672
7;2025-06-10;19;1971
7;2025-06-10;20;1385
7;2025-06-10;21;663
7;2025-06-10;22;473
7;2025-06-10;23;272
7;2025-06-11;0;76
7;2025-06-11;1;29
7;2025-06-11;4;1
7;2025-06-11;5;203
7;2025-06-11;6;717
7;2025-06-11;7;1752
7;2025-06-11;8;2799
7;2025-06-11;9;2161
7;2025-06-11;10;1913
7;2025-06-11;11;1797
7;2025-06-11;12;1790
7;2025-06-11;13;1719
7;2025-06-11;14;1962
7;2025-06-11;15;1945
7;2025-06-11;16;1864
7;2025-06-11;17;2188
7;2025-06-11;18;1861
7;2025-06-11;19;1741
7;2025-06-11;20;1102
7;2025-06-11;21;787
7;2025-06-11;22;598
7;2025-06-11;23;336
7;2025-06-12;0;104
7;2025-06-12;1;33
7;2025-06-12;4;1
7;2025-06-12;5;76
7;2025-06-12;6;221
7;2025-06-12;7;469
7;2025-06-12;8;801
7;2025-06-12;9;831
7;2025-06-12;10;736
7;2025-06-12;11;1016
7;2025-06-12;12;1037
7;2025-06-12;13;992
7;2025-06-12;14;975
7;2025-06-12;15;888
7;2025-06-12;16;954
7;2025-06-12;17;869
7;2025-06-12;18;906
7;2025-06-12;19;1024
7;2025-06-12;20;832
7;2025-06-12;21;625
7;2025-06-12;22;336
7;2025-06-12;23;237
7;2025-06-13;0;104
7;2025-06-13;1;33
7;2025-06-13;5;86
7;2025-06-13;6;245
7;2025-06-13;7;516
7;2025-06-13;8;698
7;2025-06-13;9;739
7;2025-06-13;10;705
7;2025-06-13;11;956
7;2025-06-13;12;1112
7;2025-06-13;13;1144
7;2025-06-13;14;1087
7;2025-06-13;15;977
7;2025-06-13;16;797
7;2025-06-13;17;770
7;2025-06-13;18;960
7;2025-06-13;19;872
7;2025-06-13;20;716
7;2025-06-13;21;565
7;2025-06-13;22;360
7;2025-06-13;23;203
7;2025-06-14;0;91
7;2025-06-14;1;17
7;2025-06-14;4;1
7;2025-06-14;5;50
7;2025-06-14;6;249
7;2025-06-14;7;431
7;2025-06-14;8;699
7;2025-06-14;9;652
7;2025-06-14;10;722
7;2025-06-14;11;745
7;2025-06-14;12;650
7;2025-06-14;13;755
7;2025-06-14;14;851
7;2025-06-14;15;787
7;2025-06-14;16;781
7;2025-06-14;17;775
7;2025-06-14;18;897
7;2025-06-14;19;953
7;2025-06-14;20;787
7;2025-06-14;21;630
7;2025-06-14;22;304
7;2025-06-14;23;197
7;2025-06-15;0;107
7;2025-06-15;1;27
7;2025-06-15;2;1
7;2025-06-15;5;44
7;2025-06-15;6;191
7;2025-06-15;7;331
7;2025-06-15;8;537
7;2025-06-15;9;559
7;2025-06-15;10;719
7;2025-06-15;11;899
7;2025-06-15;12;897
7;2025-06-15;13;1207
7;2025-06-15;14;1079
7;2025-06-15;15;1026
7;2025-06-15;16;943
7;2025-06-15;17;1060
7;2025-06-15;18;1119
7;2025-06-15;19;973
7;2025-06-15;20;811
7;2025-06-15;21;685
7;2025-06-15;22;420
7;2025-06-15;23;258
7;2025-06-16;0;81
7;2025-06-16;1;30
7;2025-06-16;4;6
7;2025-06-16;5;242
7;2025-06-16;6;677
7;2025-06-16;7;1312
7;2025-06-16;8;2390
7;2025-06-16;9;1803
7;2025-06-16;10;1518
7;2025-06-16;11;1714
7;2025-06-16;12;1516
7;2025-06-16;13;1625
7;2025-06-16;14;1479
7;2025-06-16;15;1448
7;2025-06-16;16;1613
7;2025-06-16;17;2080
7;2025-06-16;18;2360
7;2025-06-16;19;1504
7;2025-06-16;20;1148
7;2025-06-16;21;772
7;2025-06-16;22;369
7;2025-06-16;23;254
7;2025-06-17;0;85
7;2025-06-17;1;21
7;2025-06-17;4;2
7;2025-06-17;5;219
7;2025-06-17;6;640
7;2025-06-17;7;1261
7;2025-06-17;8;1890
7;2025-06-17;9;1613
7;2025-06-17;10;1590
7;2025-06-17;11;1482
7;2025-06-17;12;1557
7;2025-06-17;13;1479
7;2025-06-17;14;1303
7;2025-06-17;15;1376
7;2025-06-17;16;1281
7;2025-06-17;17;2101
7;2025-06-17;18;2712
7;2025-06-17;19;1831
7;2025-06-17;20;1176
7;2025-06-17;21;654
7;2025-06-17;22;335
7;2025-06-17;23;289
7;2025-06-18;0;67
7;2025-06-18;1;18
7;2025-06-18;4;2
7;2025-06-18;5;229
7;2025-06-18;6;718
7;2025-06-18;7;1469
7;2025-06-18;8;2407
7;2025-06-18;9;1977
7;2025-06-18;10;1673
7;2025-06-18;11;1571
7;2025-06-18;12;1496
7;2025-06-18;13;1561
7;2025-06-18;14;1314
7;2025-06-18;15;1684
7;2025-06-18;16;1539
7;2025-06-18;17;2203
7;2025-06-18;18;2823
7;2025-06-18;19;1584
7;2025-06-18;20;967
7;2025-06-18;21;664
7;2025-06-18;22;454
7;2025-06-18;23;270
7;2025-06-19;0;83
7;2025-06-19;1;24
7;2025-06-19;4;1
7;2025-06-19;5;176
7;2025-06-19;6;545
7;2025-06-19;7;1331
7;2025-06-19;8;2329
7;2025-06-19;9;1787
7;2025-06-19;10;1569
7;2025-06-19;11;1282
7;2025-06-19;12;1410
7;2025-06-19;13;1519
7;2025-06-19;14;1539
7;2025-06-19;15;1376
7;2025-06-19;16;1623
7;2025-06-19;17;1815
7;2025-06-19;18;2486
7;2025-06-19;19;1662
7;2025-06-19;20;1118
7;2025-06-19;21;657
7;2025-06-19;22;344
7;2025-06-19;23;262
7;2025-06-20;0;68
7;2025-06-20;1;12
7;2025-06-20;4;1
7;2025-06-20;5;212
7;2025-06-20;6;509
7;2025-06-20;7;1345
7;2025-06-20;8;2303
7;2025-06-20;9;1724
7;2025-06-20;10;1459
7;2025-06-20;11;1278
7;2025-06-20;12;1319
7;2025-06-20;13;1447
7;2025-06-20;14;1363
7;2025-06-20;15;1426
7;2025-06-20;16;1608
7;2025-06-20;17;1651
7;2025-06-20;18;1687
7;2025-06-20;19;1199
7;2025-06-20;20;921
7;2025-06-20;21;585
7;2025-06-20;22;291
7;2025-06-20;23;270
7;2025-06-21;0;96
7;2025-06-21;1;30
7;2025-06-21;5;53
7;2025-06-21;6;285
7;2025-06-21;7;485
7;2025-06-21;8;879
7;2025-06-21;9;925
7;2025-06-21;10;1002
7;2025-06-21;11;1109
7;2025-06-21;12;1094
7;2025-06-21;13;1097
7;2025-06-21;14;1245
7;2025-06-21;15;1250
7;2025-06-21;16;1124
7;2025-06-21;17;1112
7;2025-06-21;18;1205
7;2025-06-21;19;1328
7;2025-06-21;20;917
7;2025-06-21;21;826
7;2025-06-21;22;504
7;2025-06-21;23;268
7;2025-06-22;0;215
7;2025-06-22;1;34
7;2025-06-22;5;41
7;2025-06-22;6;187
7;2025-06-22;7;379
7;2025-06-22;8;619
7;2025-06-22;9;678
7;2025-06-22;10;767
7;2025-06-22;11;947
7;2025-06-22;12;1014
7;2025-06-22;13;996
7;2025-06-22;14;1123
7;2025-06-22;15;999
7;2025-06-22;16;876
7;2025-06-22;17;994
7;2025-06-22;18;1031
7;2025-06-22;19;1041
7;2025-06-22;20;795
7;2025-06-22;21;610
7;2025-06-22;22;407
7;2025-06-22;23;223
7;2025-06-23;0;82
7;2025-06-23;1;19
7;2025-06-23;4;2
7;2025-06-23;5;210
7;2025-06-23;6;662
7;2025-06-23;7;1379
7;2025-06-23;8;2216
7;2025-06-23;9;1934
7;2025-06-23;10;1747
7;2025-06-23;11;1509
7;2025-06-23;12;1546
7;2025-06-23;13;1516
7;2025-06-23;14;1565
7;2025-06-23;15;1465
7;2025-06-23;16;1540
7;2025-06-23;17;1866
7;2025-06-23;18;2481
7;2025-06-23;19;1544
7;2025-06-23;20;1059
7;2025-06-23;21;612
7;2025-06-23;22;321
7;2025-06-23;23;260
7;2025-06-24;0;93
7;2025-06-24;1;19
7;2025-06-24;4;1
7;2025-06-24;5;216
7;2025-06-24;6;740
7;2025-06-24;7;1517
7;2025-06-24;8;2354
7;2025-06-24;9;1716
7;2025-06-24;10;1557
7;2025-06-24;11;1515
7;2025-06-24;12;1660
7;2025-06-24;13;1567
7;2025-06-24;14;1264
7;2025-06-24;15;1295
7;2025-06-24;16;1476
7;2025-06-24;17;1885
7;2025-06-24;18;2647
7;2025-06-24;19;1646
7;2025-06-24;20;1112
7;2025-06-24;21;708
7;2025-06-24;22;333
7;2025-06-24;23;183
7;2025-06-25;0;89
7;2025-06-25;1;14
7;2025-06-25;5;207
7;2025-06-25;6;667
7;2025-06-25;7;1335
7;2025-06-25;8;2209
7;2025-06-25;9;1782
7;2025-06-25;10;1363
7;2025-06-25;11;1551
7;2025-06-25;12;1313
7;2025-06-25;13;1411
7;2025-06-25;14;1275
7;2025-06-25;15;1375
7;2025-06-25;16;1376
7;2025-06-25;17;2045
7;2025-06-25;18;2577
7;2025-06-25;19;1604
7;2025-06-25;20;1052
7;2025-06-25;21;695
7;2025-06-25;22;399
7;2025-06-25;23;239
7;2025-06-26;0;112
7;2025-06-26;1;27
7;2025-06-26;4;2
7;2025-06-26;5;227
7;2025-06-26;6;639
7;2025-06-26;7;1332
7;2025-06-26;8;2146
7;2025-06-26;9;1945
7;2025-06-26;10;1610
7;2025-06-26;11;1591
7;2025-06-26;12;1520
7;2025-06-26;13;1552
7;2025-06-26;14;1155
7;2025-06-26;15;1571
7;2025-06-26;16;1581
7;2025-06-26;17;1929
7;2025-06-26;18;2716
7;2025-06-26;19;1634
7;2025-06-26;20;1339
7;2025-06-26;21;597
7;2025-06-26;22;447
7;2025-06-26;23;223
7;2025-06-27;0;97
7;2025-06-27;1;20
7;2025-06-27;4;3
7;2025-06-27;5;201
7;2025-06-27;6;962
7;2025-06-27;7;1902
7;2025-06-27;8;2820
7;2025-06-27;9;2332
7;2025-06-27;10;1686
7;2025-06-27;11;1243
7;2025-06-27;12;1659
7;2025-06-27;13;1600
7;2025-06-27;14;1574
7;2025-06-27;15;1464
7;2025-06-27;16;1701
7;2025-06-27;17;2063
7;2025-06-27;18;1789
7;2025-06-27;19;1394
7;2025-06-27;20;1102
7;2025-06-27;21;757
7;2025-06-27;22;415
7;2025-06-27;23;358
7;2025-06-28;0;143
7;2025-06-28;1;39
7;2025-06-28;2;1
7;2025-06-28;4;1
7;2025-06-28;5;79
7;2025-06-28;6;242
7;2025-06-28;7;467
7;2025-06-28;8;657
7;2025-06-28;9;756
7;2025-06-28;10;849
7;2025-06-28;11;1041
7;2025-06-28;12;846
7;2025-06-28;13;1004
7;2025-06-28;14;981
7;2025-06-28;15;895
7;2025-06-28;16;925
7;2025-06-28;17;881
7;2025-06-28;18;928
7;2025-06-28;19;895
7;2025-06-28;20;652
7;2025-06-28;21;670
7;2025-06-28;22;362
7;2025-06-28;23;224
7;2025-06-29;0;128
7;2025-06-29;1;22
7;2025-06-29;4;3
7;2025-06-29;5;51
7;2025-06-29;6;190
7;2025-06-29;7;341
7;2025-06-29;8;443
7;2025-06-29;9;513
7;2025-06-29;10;605
7;2025-06-29;11;737
7;2025-06-29;12;775
7;2025-06-29;13;762
7;2025-06-29;14;878
7;2025-06-29;15;701
7;2025-06-29;16;634
7;2025-06-29;17;727
7;2025-06-29;18;850
7;2025-06-29;19;558
7;2025-06-29;20;554
7;2025-06-29;21;450
7;2025-06-29;22;222
7;2025-06-29;23;162
7;2025-06-30;0;64
7;2025-06-30;1;10
7;2025-06-30;5;173
7;2025-06-30;6;634
7;2025-06-30;7;1435
7;2025-06-30;8;2074
7;2025-06-30;9;1605
7;2025-06-30;10;1289
7;2025-06-30;11;1083
7;2025-06-30;12;1210
7;2025-06-30;13;1240
7;2025-06-30;14;1312
7;2025-06-30;15;1300
7;2025-06-30;16;1350
7;2025-06-30;17;2081
7;2025-06-30;18;2705
7;2025-06-30;19;1712
7;2025-06-30;20;849
7;2025-06-30;21;625
7;2025-06-30;22;314
7;2025-06-30;23;226
7;2025-07-01;0;75
7;2025-07-01;1;23
7;2025-07-01;4;4
7;2025-07-01;5;202
7;2025-07-01;6;614
7;2025-07-01;7;1350
7;2025-07-01;8;1963
7;2025-07-01;9;1611
7;2025-07-01;10;1571
7;2025-07-01;11;1264
7;2025-07-01;12;1490
7;2025-07-01;13;1340
7;2025-07-01;14;1290
7;2025-07-01;15;1588
7;2025-07-01;16;1418
7;2025-07-01;17;2030
7;2025-07-01;18;2532
7;2025-07-01;19;1594
7;2025-07-01;20;968
7;2025-07-01;21;676
7;2025-07-01;22;361
7;2025-07-01;23;252
7;2025-07-02;0;55
7;2025-07-02;1;21
7;2025-07-02;4;3
7;2025-07-02;5;209
7;2025-07-02;6;724
7;2025-07-02;7;1417
7;2025-07-02;8;2090
7;2025-07-02;9;1635
7;2025-07-02;10;1390
7;2025-07-02;11;1330
7;2025-07-02;12;1270
7;2025-07-02;13;1455
7;2025-07-02;14;1209
7;2025-07-02;15;1297
7;2025-07-02;16;1369
7;2025-07-02;17;1817
7;2025-07-02;18;2347
7;2025-07-02;19;1593
7;2025-07-02;20;1148
7;2025-07-02;21;694
7;2025-07-02;22;384
7;2025-07-02;23;163
7;2025-07-03;0;59
7;2025-07-03;1;18
7;2025-07-03;4;1
7;2025-07-03;5;210
7;2025-07-03;6;588
7;2025-07-03;7;1360
7;2025-07-03;8;2080
7;2025-07-03;9;1624
7;2025-07-03;10;1278
7;2025-07-03;11;1300
7;2025-07-03;12;1514
7;2025-07-03;13;1413
7;2025-07-03;14;1409
7;2025-07-03;15;1433
7;2025-07-03;16;1552
7;2025-07-03;17;2141
7;2025-07-03;18;2492
7;2025-07-03;19;1629
7;2025-07-03;20;1165
7;2025-07-03;21;633
7;2025-07-03;22;409
7;2025-07-03;23;320
7;2025-07-04;0;95
7;2025-07-04;1;28
7;2025-07-04;4;1
7;2025-07-04;5;176
7;2025-07-04;6;544
7;2025-07-04;7;1325
7;2025-07-04;8;1918
7;2025-07-04;9;1657
7;2025-07-04;10;1242
7;2025-07-04;11;1165
7;2025-07-04;12;1250
7;2025-07-04;13;1261
7;2025-07-04;14;1016
7;2025-07-04;15;1179
7;2025-07-04;16;1511
7;2025-07-04;17;1574
7;2025-07-04;18;1676
7;2025-07-04;19;1410
7;2025-07-04;20;1029
7;2025-07-04;21;556
7;2025-07-04;22;470
7;2025-07-04;23;370
7;2025-07-05;0;84
7;2025-07-05;1;12
7;2025-07-05;2;1
7;2025-07-05;4;1
7;2025-07-05;5;88
7;2025-07-05;6;273
7;2025-07-05;7;469
7;2025-07-05;8;681
7;2025-07-05;9;658
7;2025-07-05;10;678
7;2025-07-05;11;753
7;2025-07-05;12;898
7;2025-07-05;13;878
7;2025-07-05;14;885
7;2025-07-05;15;861
7;2025-07-05;16;901
7;2025-07-05;17;853
7;2025-07-05;18;853
7;2025-07-05;19;855
7;2025-07-05;20;631
7;2025-07-05;21;609
7;2025-07-05;22;257
7;2025-07-05;23;301
7;2025-07-06;0;127
7;2025-07-06;1;33
7;2025-07-06;2;1
7;2025-07-06;4;4
7;2025-07-06;5;53
7;2025-07-06;6;215
7;2025-07-06;7;368
7;2025-07-06;8;529
7;2025-07-06;9;525
7;2025-07-06;10;632
7;2025-07-06;11;778
7;2025-07-06;12;793
7;2025-07-06;13;894
7;2025-07-06;14;897
7;2025-07-06;15;750
7;2025-07-06;16;980
7;2025-07-06;17;835
7;2025-07-06;18;948
7;2025-07-06;19;852
7;2025-07-06;20;646
7;2025-07-06;21;457
7;2025-07-06;22;348
7;2025-07-06;23;241
7;2025-07-07;0;70
7;2025-07-07;1;18
7;2025-07-07;4;2
7;2025-07-07;5;195
7;2025-07-07;6;616
7;2025-07-07;7;1472
7;2025-07-07;8;2184
7;2025-07-07;9;1583
7;2025-07-07;10;1330
7;2025-07-07;11;1284
7;2025-07-07;12;1116
7;2025-07-07;13;1283
7;2025-07-07;14;990
7;2025-07-07;15;1250
7;2025-07-07;16;1380
7;2025-07-07;17;1838
7;2025-07-07;18;2248
7;2025-07-07;19;1654
7;2025-07-07;20;1141
7;2025-07-07;21;534
7;2025-07-07;22;325
7;2025-07-07;23;225
7;2025-07-08;0;51
7;2025-07-08;1;24
7;2025-07-08;4;9
7;2025-07-08;5;195
7;2025-07-08;6;639
7;2025-07-08;7;1416
7;2025-07-08;8;2108
7;2025-07-08;9;1724
7;2025-07-08;10;1323
7;2025-07-08;11;1486
7;2025-07-08;12;1134
7;2025-07-08;13;1251
7;2025-07-08;14;1038
7;2025-07-08;15;1121
7;2025-07-08;16;1162
7;2025-07-08;17;1758
7;2025-07-08;18;2240
7;2025-07-08;19;1356
7;2025-07-08;20;1024
7;2025-07-08;21;584
7;2025-07-08;22;408
7;2025-07-08;23;268
7;2025-07-09;0;97
7;2025-07-09;1;25
7;2025-07-09;4;4
7;2025-07-09;5;202
7;2025-07-09;6;569
7;2025-07-09;7;1455
7;2025-07-09;8;1865
7;2025-07-09;9;1639
7;2025-07-09;10;1211
7;2025-07-09;11;1219
7;2025-07-09;12;1122
7;2025-07-09;13;1099
7;2025-07-09;14;1078
7;2025-07-09;15;1390
7;2025-07-09;16;1432
7;2025-07-09;17;1899
7;2025-07-09;18;2244
7;2025-07-09;19;1452
7;2025-07-09;20;1042
7;2025-07-09;21;587
7;2025-07-09;22;435
7;2025-07-09;23;246
7;2025-07-10;0;88
7;2025-07-10;1;18
7;2025-07-10;4;4
7;2025-07-10;5;209
7;2025-07-10;6;497
7;2025-07-10;7;741
7;2025-07-10;8;1215
7;2025-07-10;9;704
7;2025-07-10;10;566
7;2025-07-10;11;476
7;2025-07-10;12;669
7;2025-07-10;13;697
7;2025-07-10;14;614
7;2025-07-10;15;782
7;2025-07-10;16;758
7;2025-07-10;17;824
7;2025-07-10;18;1027
7;2025-07-10;19;791
7;2025-07-10;20;467
7;2025-07-10;21;275
7;2025-07-10;22;229
7;2025-07-10;23;91
7;2025-07-11;0;30
7;2025-07-11;1;12
7;2025-07-11;4;1
7;2025-07-11;5;181
7;2025-07-11;6;371
7;2025-07-11;7;768
7;2025-07-11;8;874
7;2025-07-11;9;641
7;2025-07-11;10;520
7;2025-07-11;11;497
7;2025-07-11;12;661
7;2025-07-11;13;675
7;2025-07-11;14;696
7;2025-07-11;15;717
7;2025-07-11;16;929
7;2025-07-11;17;983
7;2025-07-11;18;927
7;2025-07-11;19;1086
7;2025-07-11;20;600
7;2025-07-11;21;535
7;2025-07-11;22;238
7;2025-07-11;23;137
7;2025-07-12;0;62
7;2025-07-12;1;14
7;2025-07-12;4;1
7;2025-07-12;5;57
7;2025-07-12;6;246
7;2025-07-12;7;337
7;2025-07-12;8;523
7;2025-07-12;9;403
7;2025-07-12;10;458
7;2025-07-12;11;403
7;2025-07-12;12;519
7;2025-07-12;13;448
7;2025-07-12;14;463
7;2025-07-12;15;420
7;2025-07-12;16;481
7;2025-07-12;17;426
7;2025-07-12;18;605
7;2025-07-12;19;621
7;2025-07-12;20;396
7;2025-07-12;21;354
7;2025-07-12;22;190
7;2025-07-12;23;92
7;2025-07-13;0;59
7;2025-07-13;1;5
7;2025-07-13;5;43
7;2025-07-13;6;162
7;2025-07-13;7;251
7;2025-07-13;8;433
7;2025-07-13;9;425
7;2025-07-13;10;360
7;2025-07-13;11;463
7;2025-07-13;12;390
7;2025-07-13;13;573
7;2025-07-13;14;408
7;2025-07-13;15;489
7;2025-07-13;16;383
7;2025-07-13;17;531
7;2025-07-13;18;513
7;2025-07-13;19;459
7;2025-07-13;20;404
7;2025-07-13;21;393
7;2025-07-13;22;155
7;2025-07-13;23;138
7;2025-07-14;0;58
7;2025-07-14;1;10
7;2025-07-14;4;2
7;2025-07-14;5;160
7;2025-07-14;6;441
7;2025-07-14;7;719
7;2025-07-14;8;1173
7;2025-07-14;9;823
7;2025-07-14;10;604
7;2025-07-14;11;569
7;2025-07-14;12;520
7;2025-07-14;13;515
7;2025-07-14;14;506
7;2025-07-14;15;517
7;2025-07-14;16;620
7;2025-07-14;17;928
7;2025-07-14;18;1173
7;2025-07-14;19;656
7;2025-07-14;20;418
7;2025-07-14;21;322
7;2025-07-14;22;168
7;2025-07-14;23;80
7;2025-07-15;0;34
7;2025-07-15;1;6
7;2025-07-15;4;5
7;2025-07-15;5;207
7;2025-07-15;6;374
7;2025-07-15;7;667
7;2025-07-15;8;963
7;2025-07-15;9;748
7;2025-07-15;10;560
7;2025-07-15;11;368
7;2025-07-15;12;409
7;2025-07-15;13;482
7;2025-07-15;14;464
7;2025-07-15;15;613
7;2025-07-15;16;640
7;2025-07-15;17;927
7;2025-07-15;18;866
7;2025-07-15;19;721
7;2025-07-15;20;572
7;2025-07-15;21;351
7;2025-07-15;22;168
7;2025-07-15;23;87
7;2025-07-16;0;29
7;2025-07-16;1;10
7;2025-07-16;4;2
7;2025-07-16;5;186
7;2025-07-16;6;387
7;2025-07-16;7;773
7;2025-07-16;8;978
7;2025-07-16;9;698
7;2025-07-16;10;589
7;2025-07-16;11;522
7;2025-07-16;12;635
7;2025-07-16;13;642
7;2025-07-16;14;493
7;2025-07-16;15;567
7;2025-07-16;16;664
7;2025-07-16;17;770
7;2025-07-16;18;1367
7;2025-07-16;19;865
7;2025-07-16;20;494
7;2025-07-16;21;368
7;2025-07-16;22;192
7;2025-07-16;23;131
7;2025-07-17;0;38
7;2025-07-17;1;28
7;2025-07-17;4;2
7;2025-07-17;5;207
7;2025-07-17;6;417
7;2025-07-17;7;629
7;2025-07-17;8;1006
7;2025-07-17;9;792
7;2025-07-17;10;584
7;2025-07-17;11;568
7;2025-07-17;12;492
7;2025-07-17;13;546
7;2025-07-17;14;606
7;2025-07-17;15;530
7;2025-07-17;16;698
7;2025-07-17;17;949
7;2025-07-17;18;1201
7;2025-07-17;19;1001
7;2025-07-17;20;523
7;2025-07-17;21;439
7;2025-07-17;22;265
7;2025-07-17;23;136
7;2025-07-18;0;59
7;2025-07-18;1;17
7;2025-07-18;4;1
7;2025-07-18;5;189
7;2025-07-18;6;422
7;2025-07-18;7;774
7;2025-07-18;8;968
7;2025-07-18;9;645
7;2025-07-18;10;593
7;2025-07-18;11;566
7;2025-07-18;12;583
7;2025-07-18;13;453
7;2025-07-18;14;578
7;2025-07-18;15;685
7;2025-07-18;16;669
7;2025-07-18;17;811
7;2025-07-18;18;969
7;2025-07-18;19;812
7;2025-07-18;20;560
7;2025-07-18;21;306
7;2025-07-18;22;185
7;2025-07-18;23;135
7;2025-07-19;0;57
7;2025-07-19;1;28
7;2025-07-19;5;69
7;2025-07-19;6;231
7;2025-07-19;7;372
7;2025-07-19;8;351
7;2025-07-19;9;336
7;2025-07-19;10;336
7;2025-07-19;11;560
7;2025-07-19;12;527
7;2025-07-19;13;490
7;2025-07-19;14;636
7;2025-07-19;15;536
7;2025-07-19;16;476
7;2025-07-19;17;531
7;2025-07-19;18;635
7;2025-07-19;19;468
7;2025-07-19;20;318
7;2025-07-19;21;339
7;2025-07-19;22;163
7;2025-07-19;23;69
7;2025-07-20;0;80
7;2025-07-20;1;7
7;2025-07-20;4;1
7;2025-07-20;5;41
7;2025-07-20;6;175
7;2025-07-20;7;157
7;2025-07-20;8;316
7;2025-07-20;9;381
7;2025-07-20;10;369
7;2025-07-20;11;418
7;2025-07-20;12;502
7;2025-07-20;13;549
7;2025-07-20;14;550
7;2025-07-20;15;517
7;2025-07-20;16;443
7;2025-07-20;17;512
7;2025-07-20;18;521
7;2025-07-20;19;478
7;2025-07-20;20;356
7;2025-07-20;21;266
7;2025-07-20;22;181
7;2025-07-20;23;112
7;2025-07-21;0;63
7;2025-07-21;1;2
7;2025-07-21;4;2
7;2025-07-21;5;169
7;2025-07-21;6;494
7;2025-07-21;7;786
7;2025-07-21;8;865
7;2025-07-21;9;653
7;2025-07-21;10;499
7;2025-07-21;11;492
7;2025-07-21;12;429
7;2025-07-21;13;484
7;2025-07-21;14;499
7;2025-07-21;15;567
7;2025-07-21;16;478
7;2025-07-21;17;847
7;2025-07-21;18;1007
7;2025-07-21;19;581
7;2025-07-21;20;305
7;2025-07-21;21;262
7;2025-07-21;22;173
7;2025-07-21;23;53
7;2025-07-22;0;26
7;2025-07-22;1;13
7;2025-07-22;4;2
7;2025-07-22;5;189
7;2025-07-22;6;319
7;2025-07-22;7;766
7;2025-07-22;8;1040
7;2025-07-22;9;769
7;2025-07-22;10;580
7;2025-07-22;11;525
7;2025-07-22;12;610
7;2025-07-22;13;521
7;2025-07-22;14;487
7;2025-07-22;15;655
7;2025-07-22;16;689
7;2025-07-22;17;931
7;2025-07-22;18;1063
7;2025-07-22;19;919
7;2025-07-22;20;522
7;2025-07-22;21;394
7;2025-07-22;22;199
7;2025-07-22;23;120
7;2025-07-23;0;45
7;2025-07-23;1;14
7;2025-07-23;4;3
7;2025-07-23;5;130
7;2025-07-23;6;537
7;2025-07-23;7;703
7;2025-07-23;8;934
7;2025-07-23;9;705
7;2025-07-23;10;674
7;2025-07-23;11;448
7;2025-07-23;12;591
7;2025-07-23;13;490
7;2025-07-23;14;523
7;2025-07-23;15;518
7;2025-07-23;16;601
7;2025-07-23;17;924
7;2025-07-23;18;1213
7;2025-07-23;19;737
7;2025-07-23;20;469
7;2025-07-23;21;464
7;2025-07-23;22;248
7;2025-07-23;23;71
7;2025-07-24;0;34
7;2025-07-24;1;19
7;2025-07-24;4;2
7;2025-07-24;5;191
7;2025-07-24;6;393
7;2025-07-24;7;811
7;2025-07-24;8;1013
7;2025-07-24;9;617
7;2025-07-24;10;447
7;2025-07-24;11;502
7;2025-07-24;12;576
7;2025-07-24;13;552
7;2025-07-24;14;433
7;2025-07-24;15;568
7;2025-07-24;16;554
7;2025-07-24;17;859
7;2025-07-24;18;1150
7;2025-07-24;19;879
7;2025-07-24;20;474
7;2025-07-24;21;320
7;2025-07-24;22;194
7;2025-07-24;23;101
7;2025-07-25;0;56
7;2025-07-25;1;14
7;2025-07-25;5;193
7;2025-07-25;6;370
7;2025-07-25;7;727
7;2025-07-25;8;808
7;2025-07-25;9;580
7;2025-07-25;10;547
7;2025-07-25;11;375
7;2025-07-25;12;518
7;2025-07-25;13;582
7;2025-07-25;14;593
7;2025-07-25;15;468
7;2025-07-25;16;716
7;2025-07-25;17;732
7;2025-07-25;18;858
7;2025-07-25;19;701
7;2025-07-25;20;437
7;2025-07-25;21;370
7;2025-07-25;22;204
7;2025-07-25;23;99
7;2025-07-26;0;72
7;2025-07-26;1;18
7;2025-07-26;4;1
7;2025-07-26;5;38
7;2025-07-26;6;295
7;2025-07-26;7;340
7;2025-07-26;8;457
7;2025-07-26;9;432
7;2025-07-26;10;423
7;2025-07-26;11;454
7;2025-07-26;12;567
7;2025-07-26;13;515
7;2025-07-26;14;472
7;2025-07-26;15;405
7;2025-07-26;16;474
7;2025-07-26;17;567
7;2025-07-26;18;532
7;2025-07-26;19;505
7;2025-07-26;20;500
7;2025-07-26;21;321
7;2025-07-26;22;130
7;2025-07-26;23;104
7;2025-07-27;0;97
7;2025-07-27;1;5
7;2025-07-27;4;1
7;2025-07-27;5;30
7;2025-07-27;6;148
7;2025-07-27;7;191
7;2025-07-27;8;347
7;2025-07-27;9;368
7;2025-07-27;10;371
7;2025-07-27;11;383
7;2025-07-27;12;363
7;2025-07-27;13;377
7;2025-07-27;14;500
7;2025-07-27;15;507
7;2025-07-27;16;432
7;2025-07-27;17;471
7;2025-07-27;18;510
7;2025-07-27;19;532
7;2025-07-27;20;366
7;2025-07-27;21;366
7;2025-07-27;22;219
7;2025-07-27;23;96
7;2025-07-28;0;70
7;2025-07-28;1;1
7;2025-07-28;4;1
7;2025-07-28;5;228
7;2025-07-28;6;363
7;2025-07-28;7;682
7;2025-07-28;8;965
7;2025-07-28;9;750
7;2025-07-28;10;534
7;2025-07-28;11;407
7;2025-07-28;12;623
7;2025-07-28;13;463
7;2025-07-28;14;434
7;2025-07-28;15;582
7;2025-07-28;16;749
7;2025-07-28;17;1112
7;2025-07-28;18;1440
7;2025-07-28;19;875
7;2025-07-28;20;452
7;2025-07-28;21;301
7;2025-07-28;22;178
7;2025-07-28;23;111
7;2025-07-29;0;30
7;2025-07-29;1;14
7;2025-07-29;4;1
7;2025-07-29;5;167
7;2025-07-29;6;508
7;2025-07-29;7;914
7;2025-07-29;8;907
7;2025-07-29;9;716
7;2025-07-29;10;483
7;2025-07-29;11;481
7;2025-07-29;12;540
7;2025-07-29;13;542
7;2025-07-29;14;435
7;2025-07-29;15;554
7;2025-07-29;16;561
7;2025-07-29;17;929
7;2025-07-29;18;1131
7;2025-07-29;19;624
7;2025-07-29;20;405
7;2025-07-29;21;217
7;2025-07-29;22;134
7;2025-07-29;23;89
7;2025-07-30;0;55
7;2025-07-30;1;22
7;2025-07-30;4;1
7;2025-07-30;5;201
7;2025-07-30;6;386
7;2025-07-30;7;775
7;2025-07-30;8;936
7;2025-07-30;9;603
7;2025-07-30;10;441
7;2025-07-30;11;508
7;2025-07-30;12;526
7;2025-07-30;13;506
7;2025-07-30;14;424
7;2025-07-30;15;605
7;2025-07-30;16;556
7;2025-07-30;17;961
7;2025-07-30;18;950
7;2025-07-30;19;744
7;2025-07-30;20;457
7;2025-07-30;21;354
7;2025-07-30;22;152
7;2025-07-30;23;70
7;2025-07-31;0;30
7;2025-07-31;1;24
7;2025-07-31;4;3
7;2025-07-31;5;198
7;2025-07-31;6;530
7;2025-07-31;7;694
7;2025-07-31;8;926
7;2025-07-31;9;644
7;2025-07-31;10;518
7;2025-07-31;11;389
7;2025-07-31;12;482
7;2025-07-31;13;440
7;2025-07-31;14;421
7;2025-07-31;15;491
7;2025-07-31;16;520
7;2025-07-31;17;826
7;2025-07-31;18;1178
7;2025-07-31;19;855
7;2025-07-31;20;506
7;2025-07-31;21;292
7;2025-07-31;22;164
7;2025-07-31;23;118
7;2025-08-01;0;17
7;2025-08-01;1;21
7;2025-08-01;2;1
7;2025-08-01;4;2
7;2025-08-01;5;187
7;2025-08-01;6;369
7;2025-08-01;7;818
7;2025-08-01;8;949
7;2025-08-01;9;642
7;2025-08-01;10;435
7;2025-08-01;11;409
7;2025-08-01;12;513
7;2025-08-01;13;418
7;2025-08-01;14;575
7;2025-08-01;15;640
7;2025-08-01;16;745
7;2025-08-01;17;897
7;2025-08-01;18;917
7;2025-08-01;19;601
7;2025-08-01;20;445
7;2025-08-01;21;330
7;2025-08-01;22;106
7;2025-08-01;23;98
7;2025-08-02;0;56
7;2025-08-02;1;13
7;2025-08-02;4;1
7;2025-08-02;5;41
7;2025-08-02;6;262
7;2025-08-02;7;312
7;2025-08-02;8;406
7;2025-08-02;9;328
7;2025-08-02;10;442
7;2025-08-02;11;478
7;2025-08-02;12;403
7;2025-08-02;13;613
7;2025-08-02;14;468
7;2025-08-02;15;389
7;2025-08-02;16;455
7;2025-08-02;17;518
7;2025-08-02;18;591
7;2025-08-02;19;610
7;2025-08-02;20;377
7;2025-08-02;21;337
7;2025-08-02;22;174
7;2025-08-02;23;109
7;2025-08-03;0;104
7;2025-08-03;1;5
7;2025-08-03;5;25
7;2025-08-03;6;129
7;2025-08-03;7;166
7;2025-08-03;8;351
7;2025-08-03;9;339
7;2025-08-03;10;410
7;2025-08-03;11;364
7;2025-08-03;12;430
7;2025-08-03;13;453
7;2025-08-03;14;482
7;2025-08-03;15;505
7;2025-08-03;16;509
7;2025-08-03;17;508
7;2025-08-03;18;549
7;2025-08-03;19;451
7;2025-08-03;20;414
7;2025-08-03;21;277
7;2025-08-03;22;231
7;2025-08-03;23;148
7;2025-08-04;0;70
7;2025-08-04;1;7
7;2025-08-04;4;1
7;2025-08-04;5;175
7;2025-08-04;6;365
7;2025-08-04;7;723
7;2025-08-04;8;1000
7;2025-08-04;9;745
7;2025-08-04;10;444
7;2025-08-04;11;434
7;2025-08-04;12;553
7;2025-08-04;13;475
7;2025-08-04;14;325
7;2025-08-04;15;441
7;2025-08-04;16;498
7;2025-08-04;17;860
7;2025-08-04;18;1250
7;2025-08-04;19;785
7;2025-08-04;20;465
7;2025-08-04;21;287
7;2025-08-04;22;173
7;2025-08-04;23;96
7;2025-08-05;0;27
7;2025-08-05;1;5
7;2025-08-05;4;2
7;2025-08-05;5;166
7;2025-08-05;6;472
7;2025-08-05;7;745
7;2025-08-05;8;926
7;2025-08-05;9;615
7;2025-08-05;10;459
7;2025-08-05;11;471
7;2025-08-05;12;501
7;2025-08-05;13;594
7;2025-08-05;14;421
7;2025-08-05;15;549
7;2025-08-05;16;575
7;2025-08-05;17;918
7;2025-08-05;18;837
7;2025-08-05;19;703
7;2025-08-05;20;422
7;2025-08-05;21;247
7;2025-08-05;22;143
7;2025-08-05;23;78
7;2025-08-06;0;16
7;2025-08-06;1;10
7;2025-08-06;4;1
7;2025-08-06;5;186
7;2025-08-06;6;467
7;2025-08-06;7;742
7;2025-08-06;8;1051
7;2025-08-06;9;638
7;2025-08-06;10;612
7;2025-08-06;11;535
7;2025-08-06;12;623
7;2025-08-06;13;579
7;2025-08-06;14;540
7;2025-08-06;15;564
7;2025-08-06;16;646
7;2025-08-06;17;914
7;2025-08-06;18;1127
7;2025-08-06;19;876
7;2025-08-06;20;564
7;2025-08-06;21;331
7;2025-08-06;22;173
7;2025-08-06;23;102
7;2025-08-07;0;41
7;2025-08-07;1;16
7;2025-08-07;5;183
7;2025-08-07;6;419
7;2025-08-07;7;643
7;2025-08-07;8;950
7;2025-08-07;9;607
7;2025-08-07;10;625
7;2025-08-07;11;454
7;2025-08-07;12;557
7;2025-08-07;13;549
7;2025-08-07;14;513
7;2025-08-07;15;613
7;2025-08-07;16;596
7;2025-08-07;17;866
7;2025-08-07;18;1137
7;2025-08-07;19;726
7;2025-08-07;20;515
7;2025-08-07;21;353
7;2025-08-07;22;225
7;2025-08-07;23;118
7;2025-08-08;0;54
7;2025-08-08;1;4
7;2025-08-08;4;2
7;2025-08-08;5;189
7;2025-08-08;6;418
7;2025-08-08;7;702
7;2025-08-08;8;900
7;2025-08-08;9;610
7;2025-08-08;10;580
7;2025-08-08;11;497
7;2025-08-08;12;581
7;2025-08-08;13;630
7;2025-08-08;14;495
7;2025-08-08;15;652
7;2025-08-08;16;712
7;2025-08-08;17;953
7;2025-08-08;18;746
7;2025-08-08;19;756
7;2025-08-08;20;369
7;2025-08-08;21;332
7;2025-08-08;22;205
7;2025-08-08;23;80
7;2025-08-09;0;50
7;2025-08-09;1;24
7;2025-08-09;4;3
7;2025-08-09;5;62
7;2025-08-09;6;278
7;2025-08-09;7;330
7;2025-08-09;8;391
7;2025-08-09;9;376
7;2025-08-09;10;477
7;2025-08-09;11;510
7;2025-08-09;12;483
7;2025-08-09;13;481
7;2025-08-09;14;504
7;2025-08-09;15;530
7;2025-08-09;16;445
7;2025-08-09;17;405
7;2025-08-09;18;582
7;2025-08-09;19;520
7;2025-08-09;20;452
7;2025-08-09;21;303
7;2025-08-09;22;217
7;2025-08-09;23;119
7;2025-08-10;0;69
7;2025-08-10;1;3
7;2025-08-10;4;1
7;2025-08-10;5;29
7;2025-08-10;6;211
7;2025-08-10;7;211
7;2025-08-10;8;328
7;2025-08-10;9;410
7;2025-08-10;10;406
7;2025-08-10;11;515
7;2025-08-10;12;454
7;2025-08-10;13;535
7;2025-08-10;14;519
7;2025-08-10;15;467
7;2025-08-10;16;425
7;2025-08-10;17;660
7;2025-08-10;18;532
7;2025-08-10;19;429
7;2025-08-10;20;426
7;2025-08-10;21;265
7;2025-08-10;22;158
7;2025-08-10;23;130
7;2025-08-11;0;74
7;2025-08-11;1;9
7;2025-08-11;5;145
7;2025-08-11;6;514
7;2025-08-11;7;1117
7;2025-08-11;8;1348
7;2025-08-11;9;1155
7;2025-08-11;10;1117
7;2025-08-11;11;944
7;2025-08-11;12;880
7;2025-08-11;13;961
7;2025-08-11;14;919
7;2025-08-11;15;926
7;2025-08-11;16;1171
7;2025-08-11;17;1433
7;2025-08-11;18;1715
7;2025-08-11;19;1159
7;2025-08-11;20;852
7;2025-08-11;21;339
7;2025-08-11;22;211
7;2025-08-11;23;140
7;2025-08-12;0;49
7;2025-08-12;1;7
7;2025-08-12;5;228
7;2025-08-12;6;547
7;2025-08-12;7;1203
7;2025-08-12;8;1593
7;2025-08-12;9;1232
7;2025-08-12;10;1103
7;2025-08-12;11;1130
7;2025-08-12;12;1197
7;2025-08-12;13;1074
7;2025-08-12;14;1099
7;2025-08-12;15;1147
7;2025-08-12;16;1143
7;2025-08-12;17;1642
7;2025-08-12;18;2096
7;2025-08-12;19;1324
7;2025-08-12;20;954
7;2025-08-12;21;647
7;2025-08-12;22;262
7;2025-08-12;23;189
7;2025-08-13;0;57
7;2025-08-13;1;17
7;2025-08-13;5;235
7;2025-08-13;6;479
7;2025-08-13;7;1047
7;2025-08-13;8;1566
7;2025-08-13;9;1360
7;2025-08-13;10;1108
7;2025-08-13;11;1248
7;2025-08-13;12;1050
7;2025-08-13;13;1252
7;2025-08-13;14;1218
7;2025-08-13;15;1141
7;2025-08-13;16;1353
7;2025-08-13;17;1700
7;2025-08-13;18;2143
7;2025-08-13;19;1566
7;2025-08-13;20;1081
7;2025-08-13;21;631
7;2025-08-13;22;352
7;2025-08-13;23;215
7;2025-08-14;0;60
7;2025-08-14;1;14
7;2025-08-14;2;1
7;2025-08-14;4;2
7;2025-08-14;5;252
7;2025-08-14;6;644
7;2025-08-14;7;1276
7;2025-08-14;8;1877
7;2025-08-14;9;1496
7;2025-08-14;10;1202
7;2025-08-14;11;1343
7;2025-08-14;12;1389
7;2025-08-14;13;1289
7;2025-08-14;14;1240
7;2025-08-14;15;1379
7;2025-08-14;16;1416
7;2025-08-14;17;1796
7;2025-08-14;18;2095
7;2025-08-14;19;1628
7;2025-08-14;20;1089
7;2025-08-14;21;596
7;2025-08-14;22;284
7;2025-08-14;23;182
7;2025-08-15;0;75
7;2025-08-15;1;13
7;2025-08-15;4;4
7;2025-08-15;5;226
7;2025-08-15;6;544
7;2025-08-15;7;1293
7;2025-08-15;8;1758
7;2025-08-15;9;1343
7;2025-08-15;10;1103
7;2025-08-15;11;1239
7;2025-08-15;12;1322
7;2025-08-15;13;797
7;2025-08-15;14;922
7;2025-08-15;15;1093
7;2025-08-15;16;1387
7;2025-08-15;17;1478
7;2025-08-15;18;1215
7;2025-08-15;19;1079
7;2025-08-15;20;605
7;2025-08-15;21;380
7;2025-08-15;22;154
7;2025-08-15;23;138
7;2025-08-16;0;74
7;2025-08-16;1;27
7;2025-08-16;5;38
7;2025-08-16;6;207
7;2025-08-16;7;406
7;2025-08-16;8;638
7;2025-08-16;9;612
7;2025-08-16;10;529
7;2025-08-16;11;607
7;2025-08-16;12;725
7;2025-08-16;13;832
7;2025-08-16;14;797
7;2025-08-16;15;808
7;2025-08-16;16;752
7;2025-08-16;17;677
7;2025-08-16;18;890
7;2025-08-16;19;790
7;2025-08-16;20;589
7;2025-08-16;21;491
7;2025-08-16;22;237
7;2025-08-16;23;171
7;2025-08-17;0;67
7;2025-08-17;5;44
7;2025-08-17;6;155
7;2025-08-17;7;365
7;2025-08-17;8;496
7;2025-08-17;9;505
7;2025-08-17;10;566
7;2025-08-17;11;767
7;2025-08-17;12;750
7;2025-08-17;13;775
7;2025-08-17;14;775
7;2025-08-17;15;845
7;2025-08-17;16;746
7;2025-08-17;17;670
7;2025-08-17;18;781
7;2025-08-17;19;739
7;2025-08-17;20;589
7;2025-08-17;21;433
7;2025-08-17;22;237
7;2025-08-17;23;185
7;2025-08-18;0;46
7;2025-08-18;1;2
7;2025-08-18;4;3
7;2025-08-18;5;181
7;2025-08-18;6;665
7;2025-08-18;7;1245
7;2025-08-18;8;1840
7;2025-08-18;9;1416
7;2025-08-18;10;1117
7;2025-08-18;11;982
7;2025-08-18;12;1188
7;2025-08-18;13;1066
7;2025-08-18;14;1079
7;2025-08-18;15;1132
7;2025-08-18;16;1205
7;2025-08-18;17;1630
7;2025-08-18;18;2097
7;2025-08-18;19;1321
7;2025-08-18;20;1013
7;2025-08-18;21;548
7;2025-08-18;22;190
7;2025-08-18;23;155
7;2025-08-19;0;50
7;2025-08-19;4;1
7;2025-08-19;5;215
7;2025-08-19;6;596
7;2025-08-19;7;1373
7;2025-08-19;8;1679
7;2025-08-19;9;1416
7;2025-08-19;10;1286
7;2025-08-19;11;1046
7;2025-08-19;12;1138
7;2025-08-19;13;1077
7;2025-08-19;14;945
7;2025-08-19;15;1134
7;2025-08-19;16;1208
7;2025-08-19;17;1642
7;2025-08-19;18;2242
7;2025-08-19;19;1555
7;2025-08-19;20;1127
7;2025-08-19;21;536
7;2025-08-19;22;323
7;2025-08-19;23;228
7;2025-08-20;0;63
7;2025-08-20;1;10
7;2025-08-20;4;3
7;2025-08-20;5;241
7;2025-08-20;6;575
7;2025-08-20;7;1289
7;2025-08-20;8;1927
7;2025-08-20;9;1447
7;2025-08-20;10;1327
7;2025-08-20;11;981
7;2025-08-20;12;1124
7;2025-08-20;13;1196
7;2025-08-20;14;786
7;2025-08-20;15;1137
7;2025-08-20;16;1094
7;2025-08-20;17;1536
7;2025-08-20;18;1918
7;2025-08-20;19;1277
7;2025-08-20;20;959
7;2025-08-20;21;418
7;2025-08-20;22;286
7;2025-08-20;23;174
7;2025-08-21;0;56
7;2025-08-21;1;7
7;2025-08-21;5;175
7;2025-08-21;6;579
7;2025-08-21;7;1444
7;2025-08-21;8;1983
7;2025-08-21;9;1418
7;2025-08-21;10;1227
7;2025-08-21;11;1062
7;2025-08-21;12;1079
7;2025-08-21;13;1283
7;2025-08-21;14;1128
7;2025-08-21;15;1078
7;2025-08-21;16;1167
7;2025-08-21;17;1561
7;2025-08-21;18;2297
7;2025-08-21;19;1611
7;2025-08-21;20;1007
7;2025-08-21;21;583
7;2025-08-21;22;274
7;2025-08-21;23;242
7;2025-08-22;0;81
7;2025-08-22;1;11
7;2025-08-22;4;1
7;2025-08-22;5;208
7;2025-08-22;6;548
7;2025-08-22;7;1144
7;2025-08-22;8;1676
7;2025-08-22;9;1255
7;2025-08-22;10;1174
7;2025-08-22;11;1483
7;2025-08-22;12;1206
7;2025-08-22;13;1344
7;2025-08-22;14;1357
7;2025-08-22;15;1376
7;2025-08-22;16;1603
7;2025-08-22;17;1846
7;2025-08-22;18;1834
7;2025-08-22;19;1322
7;2025-08-22;20;870
7;2025-08-22;21;536
7;2025-08-22;22;288
7;2025-08-22;23;225
7;2025-08-23;0;74
7;2025-08-23;1;4
7;2025-08-23;4;2
7;2025-08-23;5;77
7;2025-08-23;6;222
7;2025-08-23;7;418
7;2025-08-23;8;560
7;2025-08-23;9;685
7;2025-08-23;10;662
7;2025-08-23;11;762
7;2025-08-23;12;771
7;2025-08-23;13;805
7;2025-08-23;14;924
7;2025-08-23;15;842
7;2025-08-23;16;727
7;2025-08-23;17;687
7;2025-08-23;18;902
7;2025-08-23;19;851
7;2025-08-23;20;556
7;2025-08-23;21;531
7;2025-08-23;22;219
7;2025-08-23;23;203
7;2025-08-24;0;91
7;2025-08-24;1;5
7;2025-08-24;4;6
7;2025-08-24;5;38
7;2025-08-24;6;163
7;2025-08-24;7;309
7;2025-08-24;8;447
7;2025-08-24;9;629
7;2025-08-24;10;666
7;2025-08-24;11;838
7;2025-08-24;12;696
7;2025-08-24;13;834
7;2025-08-24;14;910
7;2025-08-24;15;995
7;2025-08-24;16;832
7;2025-08-24;17;915
7;2025-08-24;18;802
7;2025-08-24;19;833
7;2025-08-24;20;621
7;2025-08-24;21;434
7;2025-08-24;22;259
7;2025-08-24;23;152
7;2025-08-25;0;84
7;2025-08-25;1;8
7;2025-08-25;4;1
7;2025-08-25;5;193
7;2025-08-25;6;450
7;2025-08-25;7;1153
7;2025-08-25;8;1869
7;2025-08-25;9;1554
7;2025-08-25;10;1346
7;2025-08-25;11;1165
7;2025-08-25;12;1172
7;2025-08-25;13;1242
7;2025-08-25;14;1156
7;2025-08-25;15;1200
7;2025-08-25;16;1175
7;2025-08-25;17;1818
7;2025-08-25;18;1993
7;2025-08-25;19;1460
7;2025-08-25;20;1007
7;2025-08-25;21;549
7;2025-08-25;22;323
7;2025-08-25;23;194
7;2025-08-26;0;70
7;2025-08-26;1;13
7;2025-08-26;4;1
7;2025-08-26;5;217
7;2025-08-26;6;638
7;2025-08-26;7;1248
7;2025-08-26;8;2129
7;2025-08-26;9;1498
7;2025-08-26;10;1332
7;2025-08-26;11;1195
7;2025-08-26;12;1137
7;2025-08-26;13;803
7;2025-08-26;14;596
7;2025-08-26;15;708
7;2025-08-26;16;1157
7;2025-08-26;17;1820
7;2025-08-26;18;2147
7;2025-08-26;19;1592
7;2025-08-26;20;1011
7;2025-08-26;21;488
7;2025-08-26;22;346
7;2025-08-26;23;219
7;2025-08-27;0;53
7;2025-08-27;4;1
7;2025-08-27;5;190
7;2025-08-27;6;530
7;2025-08-27;7;1107
7;2025-08-27;8;2048
7;2025-08-27;9;1501
7;2025-08-27;10;1384
7;2025-08-27;11;1400
7;2025-08-27;12;1271
7;2025-08-27;13;1241
7;2025-08-27;14;1343
7;2025-08-27;15;1334
7;2025-08-27;16;1573
7;2025-08-27;17;1937
7;2025-08-27;18;2342
7;2025-08-27;19;1690
7;2025-08-27;20;1066
7;2025-08-27;21;648
7;2025-08-27;22;341
7;2025-08-27;23;212
7;2025-08-28;0;87
7;2025-08-28;1;13
7;2025-08-28;4;1
7;2025-08-28;5;190
7;2025-08-28;6;710
7;2025-08-28;7;1415
7;2025-08-28;8;1683
7;2025-08-28;9;1416
7;2025-08-28;10;1277
7;2025-08-28;11;1182
7;2025-08-28;12;1291
7;2025-08-28;13;1299
7;2025-08-28;14;1155
7;2025-08-28;15;1196
7;2025-08-28;16;1329
7;2025-08-28;17;1859
7;2025-08-28;18;2282
7;2025-08-28;19;1746
7;2025-08-28;20;1153
7;2025-08-28;21;684
7;2025-08-28;22;368
7;2025-08-28;23;203
7;2025-08-29;0;80
7;2025-08-29;1;10
7;2025-08-29;4;2
7;2025-08-29;5;211
7;2025-08-29;6;493
7;2025-08-29;7;1254
7;2025-08-29;8;2024
7;2025-08-29;9;1457
7;2025-08-29;10;1330
7;2025-08-29;11;1291
7;2025-08-29;12;1088
7;2025-08-29;13;1396
7;2025-08-29;14;1272
7;2025-08-29;15;1566
7;2025-08-29;16;1524
7;2025-08-29;17;1771
7;2025-08-29;18;1651
7;2025-08-29;19;1333
7;2025-08-29;20;976
7;2025-08-29;21;608
7;2025-08-29;22;408
7;2025-08-29;23;243
7;2025-08-30;0;116
7;2025-08-30;1;24
7;2025-08-30;4;1
7;2025-08-30;5;57
7;2025-08-30;6;266
7;2025-08-30;7;495
7;2025-08-30;8;646
7;2025-08-30;9;717
7;2025-08-30;10;739
7;2025-08-30;11;825
7;2025-08-30;12;902
7;2025-08-30;13;998
7;2025-08-30;14;1022
7;2025-08-30;15;996
7;2025-08-30;16;957
7;2025-08-30;17;847
7;2025-08-30;18;930
7;2025-08-30;19;955
7;2025-08-30;20;754
7;2025-08-30;21;520
7;2025-08-30;22;369
7;2025-08-30;23;239
7;2025-08-31;0;96
7;2025-08-31;1;1
7;2025-08-31;4;1
7;2025-08-31;5;36
7;2025-08-31;6;156
7;2025-08-31;7;320
7;2025-08-31;8;582
7;2025-08-31;9;578
7;2025-08-31;10;494
7;2025-08-31;11;833
7;2025-08-31;12;715
7;2025-08-31;13;737
7;2025-08-31;14;968
7;2025-08-31;15;919
7;2025-08-31;16;722
7;2025-08-31;17;763
7;2025-08-31;18;828
7;2025-08-31;19;843
7;2025-08-31;20;634
7;2025-08-31;21;471
7;2025-08-31;22;262
7;2025-08-31;23;166
11;2025-01-01;6;103
11;2025-01-01;7;105
11;2025-01-01;8;129
11;2025-01-01;9;169
11;2025-01-01;10;189
11;2025-01-01;11;400
11;2025-01-01;12;564
11;2025-01-01;13;656
11;2025-01-01;14;798
11;2025-01-01;15;966
11;2025-01-01;16;864
11;2025-01-01;17;887
11;2025-01-01;18;818
11;2025-01-01;19;744
11;2025-01-01;20;644
11;2025-01-01;21;438
11;2025-01-01;22;279
11;2025-01-01;23;249
11;2025-01-02;0;84
11;2025-01-02;1;6
11;2025-01-02;4;3
11;2025-01-02;5;130
11;2025-01-02;6;425
11;2025-01-02;7;271
11;2025-01-02;8;342
11;2025-01-02;9;449
11;2025-01-02;10;522
11;2025-01-02;11;788
11;2025-01-02;12;891
11;2025-01-02;13;1020
11;2025-01-02;14;989
11;2025-01-02;15;1235
11;2025-01-02;16;1144
11;2025-01-02;17;1129
11;2025-01-02;18;1115
11;2025-01-02;19;862
11;2025-01-02;20;710
11;2025-01-02;21;595
11;2025-01-02;22;401
11;2025-01-02;23;262
11;2025-01-03;0;79
11;2025-01-03;1;10
11;2025-01-03;4;6
11;2025-01-03;5;168
11;2025-01-03;6;463
11;2025-01-03;7;361
11;2025-01-03;8;534
11;2025-01-03;9;529
11;2025-01-03;10;693
11;2025-01-03;11;1037
11;2025-01-03;12;1289
11;2025-01-03;13;1344
11;2025-01-03;14;1413
11;2025-01-03;15;1471
11;2025-01-03;16;1404
11;2025-01-03;17;1493
11;2025-01-03;18;1271
11;2025-01-03;19;1170
11;2025-01-03;20;1001
11;2025-01-03;21;688
11;2025-01-03;22;324
11;2025-01-03;23;249
11;2025-01-04;0;72
11;2025-01-04;1;18
11;2025-01-04;4;4
11;2025-01-04;5;182
11;2025-01-04;6;505
11;2025-01-04;7;454
11;2025-01-04;8;594
11;2025-01-04;9;671
11;2025-01-04;10;751
11;2025-01-04;11;1021
11;2025-01-04;12;1355
11;2025-01-04;13;1347
11;2025-01-04;14;1466
11;2025-01-04;15;1660
11;2025-01-04;16;1730
11;2025-01-04;17;1547
11;2025-01-04;18;1167
11;2025-01-04;19;1170
11;2025-01-04;20;900
11;2025-01-04;21;653
11;2025-01-04;22;350
11;2025-01-04;23;326
11;2025-01-05;0;77
11;2025-01-05;1;15
11;2025-01-05;4;3
11;2025-01-05;5;89
11;2025-01-05;6;363
11;2025-01-05;7;410
11;2025-01-05;8;572
11;2025-01-05;9;813
11;2025-01-05;10;725
11;2025-01-05;11;1157
11;2025-01-05;12;1405
11;2025-01-05;13;1232
11;2025-01-05;14;1432
11;2025-01-05;15;1756
11;2025-01-05;16;1551
11;2025-01-05;17;1430
11;2025-01-05;18;1250
11;2025-01-05;19;948
11;2025-01-05;20;863
11;2025-01-05;21;703
11;2025-01-05;22;432
11;2025-01-05;23;288
11;2025-01-06;0;81
11;2025-01-06;1;16
11;2025-01-06;4;2
11;2025-01-06;5;158
11;2025-01-06;6;508
11;2025-01-06;7;472
11;2025-01-06;8;579
11;2025-01-06;9;648
11;2025-01-06;10;803
11;2025-01-06;11;1102
11;2025-01-06;12;1410
11;2025-01-06;13;1372
11;2025-01-06;14;1505
11;2025-01-06;15;1521
11;2025-01-06;16;1390
11;2025-01-06;17;1356
11;2025-01-06;18;1191
11;2025-01-06;19;1174
11;2025-01-06;20;853
11;2025-01-06;21;675
11;2025-01-06;22;371
11;2025-01-06;23;319
11;2025-01-07;0;153
11;2025-01-07;1;97
11;2025-01-07;2;32
11;2025-01-07;3;4
11;2025-01-07;4;13
11;2025-01-07;5;144
11;2025-01-07;6;418
11;2025-01-07;7;338
11;2025-01-07;8;501
11;2025-01-07;9;554
11;2025-01-07;10;576
11;2025-01-07;11;904
11;2025-01-07;12;1168
11;2025-01-07;13;1200
11;2025-01-07;14;1165
11;2025-01-07;15;1261
11;2025-01-07;16;1154
11;2025-01-07;17;1272
11;2025-01-07;18;1230
11;2025-01-07;19;983
11;2025-01-07;20;763
11;2025-01-07;21;770
11;2025-01-07;22;381
11;2025-01-07;23;263
11;2025-01-08;0;62
11;2025-01-08;1;8
11;2025-01-08;4;3
11;2025-01-08;5;159
11;2025-01-08;6;533
11;2025-01-08;7;477
11;2025-01-08;8;586
11;2025-01-08;9;750
11;2025-01-08;10;761
11;2025-01-08;11;1048
11;2025-01-08;12;1180
11;2025-01-08;13;1291
11;2025-01-08;14;1269
11;2025-01-08;15;1297
11;2025-01-08;16;1053
11;2025-01-08;17;1151
11;2025-01-08;18;986
11;2025-01-08;19;1077
11;2025-01-08;20;883
11;2025-01-08;21;527
11;2025-01-08;22;274
11;2025-01-08;23;194
11;2025-01-09;0;60
11;2025-01-09;1;2
11;2025-01-09;4;5
11;2025-01-09;5;312
11;2025-01-09;6;1166
11;2025-01-09;7;2102
11;2025-01-09;8;3183
11;2025-01-09;9;2385
11;2025-01-09;10;1865
11;2025-01-09;11;1618
11;2025-01-09;12;1418
11;2025-01-09;13;2005
11;2025-01-09;14;1687
11;2025-01-09;15;1968
11;2025-01-09;16;2195
11;2025-01-09;17;2118
11;2025-01-09;18;2527
11;2025-01-09;19;1863
11;2025-01-09;20;1090
11;2025-01-09;21;692
11;2025-01-09;22;331
11;2025-01-09;23;185
11;2025-01-10;0;55
11;2025-01-10;1;3
11;2025-01-10;4;8
11;2025-01-10;5;286
11;2025-01-10;6;1058
11;2025-01-10;7;2248
11;2025-01-10;8;2710
11;2025-01-10;9;2109
11;2025-01-10;10;1608
11;2025-01-10;11;1500
11;2025-01-10;12;1683
11;2025-01-10;13;1890
11;2025-01-10;14;1558
11;2025-01-10;15;2174
11;2025-01-10;16;2532
11;2025-01-10;17;2559
11;2025-01-10;18;2402
11;2025-01-10;19;1864
11;2025-01-10;20;1222
11;2025-01-10;21;796
11;2025-01-10;22;324
11;2025-01-10;23;201
11;2025-01-11;0;82
11;2025-01-11;1;1
11;2025-01-11;4;5
11;2025-01-11;5;162
11;2025-01-11;6;525
11;2025-01-11;7;451
11;2025-01-11;8;835
11;2025-01-11;9;997
11;2025-01-11;10;1043
11;2025-01-11;11;1332
11;2025-01-11;12;1492
11;2025-01-11;13;1531
11;2025-01-11;14;1366
11;2025-01-11;15;1541
11;2025-01-11;16;1559
11;2025-01-11;17;1357
11;2025-01-11;18;956
11;2025-01-11;19;856
11;2025-01-11;20;956
11;2025-01-11;21;584
11;2025-01-11;22;410
11;2025-01-11;23;266
11;2025-01-12;0;109
11;2025-01-12;1;5
11;2025-01-12;4;1
11;2025-01-12;5;97
11;2025-01-12;6;322
11;2025-01-12;7;347
11;2025-01-12;8;555
11;2025-01-12;9;819
11;2025-01-12;10;891
11;2025-01-12;11;1332
11;2025-01-12;12;1280
11;2025-01-12;13;1249
11;2025-01-12;14;1433
11;2025-01-12;15;1601
11;2025-01-12;16;1559
11;2025-01-12;17;1274
11;2025-01-12;18;1119
11;2025-01-12;19;949
11;2025-01-12;20;775
11;2025-01-12;21;526
11;2025-01-12;22;313
11;2025-01-12;23;187
11;2025-01-13;0;81
11;2025-01-13;1;3
11;2025-01-13;4;8
11;2025-01-13;5;321
11;2025-01-13;6;1117
11;2025-01-13;7;2472
11;2025-01-13;8;3028
11;2025-01-13;9;2459
11;2025-01-13;10;1792
11;2025-01-13;11;1751
11;2025-01-13;12;1544
11;2025-01-13;13;2018
11;2025-01-13;14;1927
11;2025-01-13;15;1975
11;2025-01-13;16;2006
11;2025-01-13;17;2597
11;2025-01-13;18;3027
11;2025-01-13;19;2228
11;2025-01-13;20;1462
11;2025-01-13;21;921
11;2025-01-13;22;456
11;2025-01-13;23;168
11;2025-01-14;0;52
11;2025-01-14;1;3
11;2025-01-14;4;6
11;2025-01-14;5;268
11;2025-01-14;6;1181
11;2025-01-14;7;2652
11;2025-01-14;8;3371
11;2025-01-14;9;2487
11;2025-01-14;10;1663
11;2025-01-14;11;1831
11;2025-01-14;12;1642
11;2025-01-14;13;1944
11;2025-01-14;14;1839
11;2025-01-14;15;2106
11;2025-01-14;16;2406
11;2025-01-14;17;2682
11;2025-01-14;18;3036
11;2025-01-14;19;2223
11;2025-01-14;20;1629
11;2025-01-14;21;861
11;2025-01-14;22;534
11;2025-01-14;23;204
11;2025-01-15;0;83
11;2025-01-15;1;1
11;2025-01-15;4;9
11;2025-01-15;5;311
11;2025-01-15;6;1199
11;2025-01-15;7;2402
11;2025-01-15;8;3387
11;2025-01-15;9;2412
11;2025-01-15;10;1721
11;2025-01-15;11;1944
11;2025-01-15;12;2128
11;2025-01-15;13;2052
11;2025-01-15;14;2211
11;2025-01-15;15;2272
11;2025-01-15;16;2324
11;2025-01-15;17;2995
11;2025-01-15;18;3386
11;2025-01-15;19;2120
11;2025-01-15;20;1551
11;2025-01-15;21;912
11;2025-01-15;22;433
11;2025-01-15;23;229
11;2025-01-16;0;110
11;2025-01-16;4;5
11;2025-01-16;5;279
11;2025-01-16;6;1158
11;2025-01-16;7;2060
11;2025-01-16;8;2832
11;2025-01-16;9;2585
11;2025-01-16;10;1925
11;2025-01-16;11;1778
11;2025-01-16;12;1630
11;2025-01-16;13;2216
11;2025-01-16;14;1963
11;2025-01-16;15;2085
11;2025-01-16;16;2233
11;2025-01-16;17;2819
11;2025-01-16;18;3275
11;2025-01-16;19;2189
11;2025-01-16;20;1319
11;2025-01-16;21;791
11;2025-01-16;22;470
11;2025-01-16;23;202
11;2025-01-17;0;82
11;2025-01-17;4;5
11;2025-01-17;5;368
11;2025-01-17;6;1195
11;2025-01-17;7;2187
11;2025-01-17;8;3060
11;2025-01-17;9;2285
11;2025-01-17;10;1871
11;2025-01-17;11;1768
11;2025-01-17;12;1807
11;2025-01-17;13;2101
11;2025-01-17;14;2082
11;2025-01-17;15;1996
11;2025-01-17;16;2568
11;2025-01-17;17;2938
11;2025-01-17;18;2622
11;2025-01-17;19;2053
11;2025-01-17;20;1405
11;2025-01-17;21;814
11;2025-01-17;22;519
11;2025-01-17;23;248
11;2025-01-18;0;101
11;2025-01-18;1;2
11;2025-01-18;4;3
11;2025-01-18;5;161
11;2025-01-18;6;499
11;2025-01-18;7;563
11;2025-01-18;8;830
11;2025-01-18;9;997
11;2025-01-18;10;1002
11;2025-01-18;11;1619
11;2025-01-18;12;1881
11;2025-01-18;13;1674
11;2025-01-18;14;1835
11;2025-01-18;15;1792
11;2025-01-18;16;1827
11;2025-01-18;17;1767
11;2025-01-18;18;1458
11;2025-01-18;19;1309
11;2025-01-18;20;1072
11;2025-01-18;21;825
11;2025-01-18;22;450
11;2025-01-18;23;305
11;2025-01-19;0;120
11;2025-01-19;1;24
11;2025-01-19;4;3
11;2025-01-19;5;95
11;2025-01-19;6;380
11;2025-01-19;7;414
11;2025-01-19;8;644
11;2025-01-19;9;731
11;2025-01-19;10;845
11;2025-01-19;11;1414
11;2025-01-19;12;1794
11;2025-01-19;13;1739
11;2025-01-19;14;2052
11;2025-01-19;15;1958
11;2025-01-19;16;1734
11;2025-01-19;17;1711
11;2025-01-19;18;1281
11;2025-01-19;19;952
11;2025-01-19;20;691
11;2025-01-19;21;628
11;2025-01-19;22;314
11;2025-01-19;23;282
11;2025-01-20;0;83
11;2025-01-20;1;1
11;2025-01-20;4;3
11;2025-01-20;5;306
11;2025-01-20;6;1206
11;2025-01-20;7;2352
11;2025-01-20;8;3214
11;2025-01-20;9;2404
11;2025-01-20;10;1664
11;2025-01-20;11;1583
11;2025-01-20;12;2094
11;2025-01-20;13;1857
11;2025-01-20;14;1911
11;2025-01-20;15;2311
11;2025-01-20;16;2322
11;2025-01-20;17;2819
11;2025-01-20;18;3227
11;2025-01-20;19;2139
11;2025-01-20;20;1701
11;2025-01-20;21;847
11;2025-01-20;22;358
11;2025-01-20;23;141
11;2025-01-21;0;51
11;2025-01-21;1;9
11;2025-01-21;4;6
11;2025-01-21;5;331
11;2025-01-21;6;1283
11;2025-01-21;7;2584
11;2025-01-21;8;3368
11;2025-01-21;9;2684
11;2025-01-21;10;1989
11;2025-01-21;11;1919
11;2025-01-21;12;1826
11;2025-01-21;13;2199
11;2025-01-21;14;2176
11;2025-01-21;15;2169
11;2025-01-21;16;2477
11;2025-01-21;17;2740
11;2025-01-21;18;3184
11;2025-01-21;19;2224
11;2025-01-21;20;1329
11;2025-01-21;21;901
11;2025-01-21;22;431
11;2025-01-21;23;202
11;2025-01-22;0;84
11;2025-01-22;1;6
11;2025-01-22;4;8
11;2025-01-22;5;283
11;2025-01-22;6;1274
11;2025-01-22;7;2420
11;2025-01-22;8;3226
11;2025-01-22;9;2630
11;2025-01-22;10;1579
11;2025-01-22;11;1888
11;2025-01-22;12;1916
11;2025-01-22;13;2060
11;2025-01-22;14;1884
11;2025-01-22;15;1935
11;2025-01-22;16;2151
11;2025-01-22;17;2352
11;2025-01-22;18;2891
11;2025-01-22;19;2045
11;2025-01-22;20;1401
11;2025-01-22;21;887
11;2025-01-22;22;403
11;2025-01-22;23;149
11;2025-01-23;0;56
11;2025-01-23;4;6
11;2025-01-23;5;333
11;2025-01-23;6;1339
11;2025-01-23;7;2286
11;2025-01-23;8;3093
11;2025-01-23;9;2380
11;2025-01-23;10;1728
11;2025-01-23;11;1563
11;2025-01-23;12;1779
11;2025-01-23;13;1894
11;2025-01-23;14;1701
11;2025-01-23;15;1881
11;2025-01-23;16;2083
11;2025-01-23;17;2416
11;2025-01-23;18;2890
11;2025-01-23;19;2034
11;2025-01-23;20;1269
11;2025-01-23;21;744
11;2025-01-23;22;446
11;2025-01-23;23;173
11;2025-01-24;0;98
11;2025-01-24;1;4
11;2025-01-24;4;5
11;2025-01-24;5;278
11;2025-01-24;6;1175
11;2025-01-24;7;2227
11;2025-01-24;8;3328
11;2025-01-24;9;2522
11;2025-01-24;10;2083
11;2025-01-24;11;1763
11;2025-01-24;12;1856
11;2025-01-24;13;1987
11;2025-01-24;14;2083
11;2025-01-24;15;2475
11;2025-01-24;16;2555
11;2025-01-24;17;3133
11;2025-01-24;18;2590
11;2025-01-24;19;1985
11;2025-01-24;20;1385
11;2025-01-24;21;993
11;2025-01-24;22;517
11;2025-01-24;23;325
11;2025-01-25;0;149
11;2025-01-25;1;4
11;2025-01-25;4;3
11;2025-01-25;5;173
11;2025-01-25;6;584
11;2025-01-25;7;716
11;2025-01-25;8;785
11;2025-01-25;9;1141
11;2025-01-25;10;1194
11;2025-01-25;11;1507
11;2025-01-25;12;1684
11;2025-01-25;13;1696
11;2025-01-25;14;1848
11;2025-01-25;15;1667
11;2025-01-25;16;1799
11;2025-01-25;17;1693
11;2025-01-25;18;1575
11;2025-01-25;19;1260
11;2025-01-25;20;1114
11;2025-01-25;21;748
11;2025-01-25;22;430
11;2025-01-25;23;285
11;2025-01-26;0;96
11;2025-01-26;1;18
11;2025-01-26;4;1
11;2025-01-26;5;102
11;2025-01-26;6;393
11;2025-01-26;7;458
11;2025-01-26;8;540
11;2025-01-26;9;824
11;2025-01-26;10;897
11;2025-01-26;11;1233
11;2025-01-26;12;1425
11;2025-01-26;13;1339
11;2025-01-26;14;1537
11;2025-01-26;15;1666
11;2025-01-26;16;1517
11;2025-01-26;17;1617
11;2025-01-26;18;1024
11;2025-01-26;19;992
11;2025-01-26;20;845
11;2025-01-26;21;597
11;2025-01-26;22;418
11;2025-01-26;23;243
11;2025-01-27;0;83
11;2025-01-27;1;1
11;2025-01-27;4;7
11;2025-01-27;5;307
11;2025-01-27;6;1276
11;2025-01-27;7;2361
11;2025-01-27;8;3002
11;2025-01-27;9;2234
11;2025-01-27;10;1635
11;2025-01-27;11;1758
11;2025-01-27;12;1537
11;2025-01-27;13;1916
11;2025-01-27;14;1939
11;2025-01-27;15;2182
11;2025-01-27;16;2546
11;2025-01-27;17;2862
11;2025-01-27;18;3253
11;2025-01-27;19;2239
11;2025-01-27;20;1255
11;2025-01-27;21;710
11;2025-01-27;22;417
11;2025-01-27;23;109
11;2025-01-28;0;52
11;2025-01-28;1;2
11;2025-01-28;4;7
11;2025-01-28;5;306
11;2025-01-28;6;1187
11;2025-01-28;7;2217
11;2025-01-28;8;3182
11;2025-01-28;9;2365
11;2025-01-28;10;1714
11;2025-01-28;11;1797
11;2025-01-28;12;1765
11;2025-01-28;13;1810
11;2025-01-28;14;1805
11;2025-01-28;15;2170
11;2025-01-28;16;2302
11;2025-01-28;17;2648
11;2025-01-28;18;3192
11;2025-01-28;19;2273
11;2025-01-28;20;1412
11;2025-01-28;21;766
11;2025-01-28;22;425
11;2025-01-28;23;246
11;2025-01-29;0;78
11;2025-01-29;1;1
11;2025-01-29;4;4
11;2025-01-29;5;350
11;2025-01-29;6;1129
11;2025-01-29;7;2218
11;2025-01-29;8;3371
11;2025-01-29;9;2241
11;2025-01-29;10;1867
11;2025-01-29;11;1975
11;2025-01-29;12;2021
11;2025-01-29;13;2307
11;2025-01-29;14;2054
11;2025-01-29;15;2052
11;2025-01-29;16;2319
11;2025-01-29;17;2924
11;2025-01-29;18;3321
11;2025-01-29;19;2088
11;2025-01-29;20;1308
11;2025-01-29;21;778
11;2025-01-29;22;392
11;2025-01-29;23;208
11;2025-01-30;0;63
11;2025-01-30;1;1
11;2025-01-30;4;3
11;2025-01-30;5;352
11;2025-01-30;6;1066
11;2025-01-30;7;2375
11;2025-01-30;8;3249
11;2025-01-30;9;2599
11;2025-01-30;10;1927
11;2025-01-30;11;1825
11;2025-01-30;12;1829
11;2025-01-30;13;1835
11;2025-01-30;14;1973
11;2025-01-30;15;2231
11;2025-01-30;16;2472
11;2025-01-30;17;3041
11;2025-01-30;18;3232
11;2025-01-30;19;2122
11;2025-01-30;20;1494
11;2025-01-30;21;919
11;2025-01-30;22;468
11;2025-01-30;23;224
11;2025-01-31;0;82
11;2025-01-31;1;4
11;2025-01-31;4;5
11;2025-01-31;5;315
11;2025-01-31;6;1320
11;2025-01-31;7;2313
11;2025-01-31;8;3183
11;2025-01-31;9;2386
11;2025-01-31;10;1661
11;2025-01-31;11;1824
11;2025-01-31;12;1839
11;2025-01-31;13;2103
11;2025-01-31;14;2389
11;2025-01-31;15;2366
11;2025-01-31;16;2657
11;2025-01-31;17;2944
11;2025-01-31;18;2678
11;2025-01-31;19;2175
11;2025-01-31;20;1481
11;2025-01-31;21;921
11;2025-01-31;22;417
11;2025-01-31;23;283
11;2025-02-01;0;104
11;2025-02-01;1;8
11;2025-02-01;4;5
11;2025-02-01;5;188
11;2025-02-01;6;572
11;2025-02-01;7;530
11;2025-02-01;8;773
11;2025-02-01;9;1026
11;2025-02-01;10;1115
11;2025-02-01;11;1651
11;2025-02-01;12;1741
11;2025-02-01;13;1493
11;2025-02-01;14;1747
11;2025-02-01;15;1631
11;2025-02-01;16;1727
11;2025-02-01;17;1603
11;2025-02-01;18;1370
11;2025-02-01;19;1410
11;2025-02-01;20;1150
11;2025-02-01;21;654
11;2025-02-01;22;454
11;2025-02-01;23;338
11;2025-02-02;0;96
11;2025-02-02;1;4
11;2025-02-02;4;4
11;2025-02-02;5;100
11;2025-02-02;6;483
11;2025-02-02;7;588
11;2025-02-02;8;595
11;2025-02-02;9;906
11;2025-02-02;10;959
11;2025-02-02;11;1368
11;2025-02-02;12;1394
11;2025-02-02;13;1503
11;2025-02-02;14;1513
11;2025-02-02;15;1579
11;2025-02-02;16;1573
11;2025-02-02;17;1524
11;2025-02-02;18;1293
11;2025-02-02;19;1061
11;2025-02-02;20;818
11;2025-02-02;21;545
11;2025-02-02;22;331
11;2025-02-02;23;231
11;2025-02-03;0;98
11;2025-02-03;1;4
11;2025-02-03;4;4
11;2025-02-03;5;336
11;2025-02-03;6;1227
11;2025-02-03;7;2405
11;2025-02-03;8;3319
11;2025-02-03;9;2348
11;2025-02-03;10;1825
11;2025-02-03;11;1728
11;2025-02-03;12;1714
11;2025-02-03;13;1888
11;2025-02-03;14;1972
11;2025-02-03;15;2067
11;2025-02-03;16;2076
11;2025-02-03;17;2985
11;2025-02-03;18;3021
11;2025-02-03;19;2035
11;2025-02-03;20;1435
11;2025-02-03;21;700
11;2025-02-03;22;421
11;2025-02-03;23;175
11;2025-02-04;0;55
11;2025-02-04;1;2
11;2025-02-04;4;7
11;2025-02-04;5;291
11;2025-02-04;6;1283
11;2025-02-04;7;2501
11;2025-02-04;8;3165
11;2025-02-04;9;2439
11;2025-02-04;10;1700
11;2025-02-04;11;1873
11;2025-02-04;12;1921
11;2025-02-04;13;2183
11;2025-02-04;14;2278
11;2025-02-04;15;2403
11;2025-02-04;16;2413
11;2025-02-04;17;3251
11;2025-02-04;18;3312
11;2025-02-04;19;2415
11;2025-02-04;20;1596
11;2025-02-04;21;1093
11;2025-02-04;22;491
11;2025-02-04;23;177
11;2025-02-05;0;56
11;2025-02-05;1;1
11;2025-02-05;4;13
11;2025-02-05;5;365
11;2025-02-05;6;1115
11;2025-02-05;7;2514
11;2025-02-05;8;2857
11;2025-02-05;9;2100
11;2025-02-05;10;1683
11;2025-02-05;11;1525
11;2025-02-05;12;1654
11;2025-02-05;13;1459
11;2025-02-05;14;1774
11;2025-02-05;15;1888
11;2025-02-05;16;2026
11;2025-02-05;17;2804
11;2025-02-05;18;3179
11;2025-02-05;19;1747
11;2025-02-05;20;1388
11;2025-02-05;21;828
11;2025-02-05;22;346
11;2025-02-05;23;195
11;2025-02-06;0;71
11;2025-02-06;1;1
11;2025-02-06;4;4
11;2025-02-06;5;384
11;2025-02-06;6;1263
11;2025-02-06;7;2538
11;2025-02-06;8;3079
11;2025-02-06;9;2618
11;2025-02-06;10;2074
11;2025-02-06;11;1854
11;2025-02-06;12;1928
11;2025-02-06;13;2207
11;2025-02-06;14;2211
11;2025-02-06;15;2246
11;2025-02-06;16;2762
11;2025-02-06;17;3026
11;2025-02-06;18;3703
11;2025-02-06;19;2180
11;2025-02-06;20;1332
11;2025-02-06;21;1032
11;2025-02-06;22;395
11;2025-02-06;23;237
11;2025-02-07;0;113
11;2025-02-07;1;1
11;2025-02-07;4;7
11;2025-02-07;5;340
11;2025-02-07;6;1443
11;2025-02-07;7;2624
11;2025-02-07;8;3220
11;2025-02-07;9;2543
11;2025-02-07;10;1906
11;2025-02-07;11;1925
11;2025-02-07;12;1966
11;2025-02-07;13;2308
11;2025-02-07;14;2149
11;2025-02-07;15;2702
11;2025-02-07;16;2668
11;2025-02-07;17;3283
11;2025-02-07;18;3038
11;2025-02-07;19;2108
11;2025-02-07;20;1519
11;2025-02-07;21;953
11;2025-02-07;22;543
11;2025-02-07;23;319
11;2025-02-08;0;109
11;2025-02-08;1;2
11;2025-02-08;4;5
11;2025-02-08;5;170
11;2025-02-08;6;754
11;2025-02-08;7;682
11;2025-02-08;8;941
11;2025-02-08;9;1036
11;2025-02-08;10;1266
11;2025-02-08;11;1615
11;2025-02-08;12;1712
11;2025-02-08;13;1606
11;2025-02-08;14;1606
11;2025-02-08;15;1655
11;2025-02-08;16;1617
11;2025-02-08;17;1847
11;2025-02-08;18;1420
11;2025-02-08;19;1312
11;2025-02-08;20;946
11;2025-02-08;21;627
11;2025-02-08;22;416
11;2025-02-08;23;314
11;2025-02-09;0;117
11;2025-02-09;1;11
11;2025-02-09;4;2
11;2025-02-09;5;129
11;2025-02-09;6;414
11;2025-02-09;7;498
11;2025-02-09;8;594
11;2025-02-09;9;853
11;2025-02-09;10;841
11;2025-02-09;11;1291
11;2025-02-09;12;1578
11;2025-02-09;13;1344
11;2025-02-09;14;1414
11;2025-02-09;15;1429
11;2025-02-09;16;1566
11;2025-02-09;17;1525
11;2025-02-09;18;1151
11;2025-02-09;19;900
11;2025-02-09;20;739
11;2025-02-09;21;597
11;2025-02-09;22;321
11;2025-02-09;23;240
11;2025-02-10;0;79
11;2025-02-10;1;2
11;2025-02-10;2;1
11;2025-02-10;4;8
11;2025-02-10;5;325
11;2025-02-10;6;1388
11;2025-02-10;7;2389
11;2025-02-10;8;3337
11;2025-02-10;9;2575
11;2025-02-10;10;1836
11;2025-02-10;11;2151
11;2025-02-10;12;1849
11;2025-02-10;13;1989
11;2025-02-10;14;1875
11;2025-02-10;15;2011
11;2025-02-10;16;2446
11;2025-02-10;17;2979
11;2025-02-10;18;3451
11;2025-02-10;19;2462
11;2025-02-10;20;1651
11;2025-02-10;21;986
11;2025-02-10;22;450
11;2025-02-10;23;149
11;2025-02-11;0;59
11;2025-02-11;1;6
11;2025-02-11;4;5
11;2025-02-11;5;294
11;2025-02-11;6;1331
11;2025-02-11;7;2522
11;2025-02-11;8;3426
11;2025-02-11;9;2584
11;2025-02-11;10;1880
11;2025-02-11;11;1772
11;2025-02-11;12;1695
11;2025-02-11;13;2194
11;2025-02-11;14;1942
11;2025-02-11;15;2418
11;2025-02-11;16;2494
11;2025-02-11;17;3201
11;2025-02-11;18;3348
11;2025-02-11;19;2602
11;2025-02-11;20;1683
11;2025-02-11;21;924
11;2025-02-11;22;399
11;2025-02-11;23;213
11;2025-02-12;0;61
11;2025-02-12;1;3
11;2025-02-12;4;6
11;2025-02-12;5;332
11;2025-02-12;6;1270
11;2025-02-12;7;2552
11;2025-02-12;8;3286
11;2025-02-12;9;2407
11;2025-02-12;10;1805
11;2025-02-12;11;1751
11;2025-02-12;12;1875
11;2025-02-12;13;2123
11;2025-02-12;14;1963
11;2025-02-12;15;2193
11;2025-02-12;16;2417
11;2025-02-12;17;3091
11;2025-02-12;18;3516
11;2025-02-12;19;2427
11;2025-02-12;20;1643
11;2025-02-12;21;1060
11;2025-02-12;22;517
11;2025-02-12;23;281
11;2025-02-13;0;79
11;2025-02-13;1;2
11;2025-02-13;4;4
11;2025-02-13;5;370
11;2025-02-13;6;1304
11;2025-02-13;7;2614
11;2025-02-13;8;3619
11;2025-02-13;9;2906
11;2025-02-13;10;2014
11;2025-02-13;11;1869
11;2025-02-13;12;1855
11;2025-02-13;13;2327
11;2025-02-13;14;2334
11;2025-02-13;15;2126
11;2025-02-13;16;2418
11;2025-02-13;17;3079
11;2025-02-13;18;3667
11;2025-02-13;19;2590
11;2025-02-13;20;1520
11;2025-02-13;21;971
11;2025-02-13;22;461
11;2025-02-13;23;215
11;2025-02-14;0;90
11;2025-02-14;1;1
11;2025-02-14;4;6
11;2025-02-14;5;331
11;2025-02-14;6;1340
11;2025-02-14;7;2501
11;2025-02-14;8;2808
11;2025-02-14;9;2905
11;2025-02-14;10;1947
11;2025-02-14;11;1849
11;2025-02-14;12;1855
11;2025-02-14;13;2138
11;2025-02-14;14;2182
11;2025-02-14;15;2328
11;2025-02-14;16;2798
11;2025-02-14;17;3233
11;2025-02-14;18;2658
11;2025-02-14;19;2166
11;2025-02-14;20;1313
11;2025-02-14;21;876
11;2025-02-14;22;454
11;2025-02-14;23;262
11;2025-02-15;0;72
11;2025-02-15;1;7
11;2025-02-15;4;4
11;2025-02-15;5;201
11;2025-02-15;6;750
11;2025-02-15;7;717
11;2025-02-15;8;970
11;2025-02-15;9;1091
11;2025-02-15;10;1236
11;2025-02-15;11;1556
11;2025-02-15;12;1986
11;2025-02-15;13;1806
11;2025-02-15;14;1781
11;2025-02-15;15;1847
11;2025-02-15;16;1786
11;2025-02-15;17;1674
11;2025-02-15;18;1500
11;2025-02-15;19;1204
11;2025-02-15;20;862
11;2025-02-15;21;728
11;2025-02-15;22;458
11;2025-02-15;23;315
11;2025-02-16;0;97
11;2025-02-16;1;15
11;2025-02-16;4;5
11;2025-02-16;5;109
11;2025-02-16;6;491
11;2025-02-16;7;454
11;2025-02-16;8;644
11;2025-02-16;9;878
11;2025-02-16;10;912
11;2025-02-16;11;1372
11;2025-02-16;12;1456
11;2025-02-16;13;1301
11;2025-02-16;14;1427
11;2025-02-16;15;1363
11;2025-02-16;16;1484
11;2025-02-16;17;1425
11;2025-02-16;18;1243
11;2025-02-16;19;1055
11;2025-02-16;20;875
11;2025-02-16;21;543
11;2025-02-16;22;327
11;2025-02-16;23;248
11;2025-02-17;0;90
11;2025-02-17;1;2
11;2025-02-17;4;7
11;2025-02-17;5;388
11;2025-02-17;6;1395
11;2025-02-17;7;2290
11;2025-02-17;8;3236
11;2025-02-17;9;2611
11;2025-02-17;10;2151
11;2025-02-17;11;2008
11;2025-02-17;12;2160
11;2025-02-17;13;2406
11;2025-02-17;14;2041
11;2025-02-17;15;2370
11;2025-02-17;16;2846
11;2025-02-17;17;2975
11;2025-02-17;18;3624
11;2025-02-17;19;2382
11;2025-02-17;20;1485
11;2025-02-17;21;1093
11;2025-02-17;22;501
11;2025-02-17;23;216
11;2025-02-18;0;70
11;2025-02-18;1;1
11;2025-02-18;4;6
11;2025-02-18;5;393
11;2025-02-18;6;1427
11;2025-02-18;7;2232
11;2025-02-18;8;3171
11;2025-02-18;9;2493
11;2025-02-18;10;1841
11;2025-02-18;11;1884
11;2025-02-18;12;1873
11;2025-02-18;13;2263
11;2025-02-18;14;1867
11;2025-02-18;15;1862
11;2025-02-18;16;2146
11;2025-02-18;17;2651
11;2025-02-18;18;2904
11;2025-02-18;19;2335
11;2025-02-18;20;1357
11;2025-02-18;21;816
11;2025-02-18;22;435
11;2025-02-18;23;216
11;2025-02-19;0;106
11;2025-02-19;1;6
11;2025-02-19;4;5
11;2025-02-19;5;366
11;2025-02-19;6;1321
11;2025-02-19;7;2412
11;2025-02-19;8;3416
11;2025-02-19;9;2592
11;2025-02-19;10;1816
11;2025-02-19;11;2125
11;2025-02-19;12;1986
11;2025-02-19;13;1786
11;2025-02-19;14;1562
11;2025-02-19;15;1973
11;2025-02-19;16;1991
11;2025-02-19;17;2907
11;2025-02-19;18;2680
11;2025-02-19;19;2292
11;2025-02-19;20;1354
11;2025-02-19;21;891
11;2025-02-19;22;530
11;2025-02-19;23;237
11;2025-02-20;0;63
11;2025-02-20;1;6
11;2025-02-20;4;7
11;2025-02-20;5;342
11;2025-02-20;6;1370
11;2025-02-20;7;2203
11;2025-02-20;8;3028
11;2025-02-20;9;2756
11;2025-02-20;10;2147
11;2025-02-20;11;1924
11;2025-02-20;12;2036
11;2025-02-20;13;2248
11;2025-02-20;14;2118
11;2025-02-20;15;2031
11;2025-02-20;16;2523
11;2025-02-20;17;3053
11;2025-02-20;18;3134
11;2025-02-20;19;2441
11;2025-02-20;20;1624
11;2025-02-20;21;897
11;2025-02-20;22;505
11;2025-02-20;23;280
11;2025-02-21;0;100
11;2025-02-21;1;5
11;2025-02-21;4;7
11;2025-02-21;5;383
11;2025-02-21;6;1501
11;2025-02-21;7;2432
11;2025-02-21;8;3157
11;2025-02-21;9;2783
11;2025-02-21;10;1958
11;2025-02-21;11;2093
11;2025-02-21;12;2170
11;2025-02-21;13;2021
11;2025-02-21;14;2093
11;2025-02-21;15;2349
11;2025-02-21;16;3011
11;2025-02-21;17;2980
11;2025-02-21;18;2582
11;2025-02-21;19;2294
11;2025-02-21;20;1452
11;2025-02-21;21;825
11;2025-02-21;22;525
11;2025-02-21;23;294
11;2025-02-22;0;83
11;2025-02-22;1;2
11;2025-02-22;4;5
11;2025-02-22;5;235
11;2025-02-22;6;720
11;2025-02-22;7;676
11;2025-02-22;8;1004
11;2025-02-22;9;1309
11;2025-02-22;10;1276
11;2025-02-22;11;1798
11;2025-02-22;12;1971
11;2025-02-22;13;1923
11;2025-02-22;14;1761
11;2025-02-22;15;1899
11;2025-02-22;16;1851
11;2025-02-22;17;1925
11;2025-02-22;18;1489
11;2025-02-22;19;1400
11;2025-02-22;20;1076
11;2025-02-22;21;744
11;2025-02-22;22;359
11;2025-02-22;23;286
11;2025-02-23;0;86
11;2025-02-23;1;8
11;2025-02-23;4;1
11;2025-02-23;5;152
11;2025-02-23;6;583
11;2025-02-23;7;488
11;2025-02-23;8;549
11;2025-02-23;9;782
11;2025-02-23;10;960
11;2025-02-23;11;1312
11;2025-02-23;12;1450
11;2025-02-23;13;1661
11;2025-02-23;14;1635
11;2025-02-23;15;1643
11;2025-02-23;16;1555
11;2025-02-23;17;1723
11;2025-02-23;18;1386
11;2025-02-23;19;1090
11;2025-02-23;20;793
11;2025-02-23;21;718
11;2025-02-23;22;434
11;2025-02-23;23;240
11;2025-02-24;0;64
11;2025-02-24;1;3
11;2025-02-24;2;1
11;2025-02-24;4;6
11;2025-02-24;5;335
11;2025-02-24;6;1343
11;2025-02-24;7;2380
11;2025-02-24;8;3057
11;2025-02-24;9;2592
11;2025-02-24;10;1806
11;2025-02-24;11;1927
11;2025-02-24;12;1572
11;2025-02-24;13;1993
11;2025-02-24;14;2020
11;2025-02-24;15;2572
11;2025-02-24;16;2578
11;2025-02-24;17;3082
11;2025-02-24;18;3139
11;2025-02-24;19;2448
11;2025-02-24;20;1537
11;2025-02-24;21;1037
11;2025-02-24;22;432
11;2025-02-24;23;282
11;2025-02-25;0;76
11;2025-02-25;1;2
11;2025-02-25;4;9
11;2025-02-25;5;384
11;2025-02-25;6;1285
11;2025-02-25;7;2435
11;2025-02-25;8;2978
11;2025-02-25;9;2541
11;2025-02-25;10;1885
11;2025-02-25;11;1794
11;2025-02-25;12;1955
11;2025-02-25;13;2236
11;2025-02-25;14;2090
11;2025-02-25;15;2246
11;2025-02-25;16;2447
11;2025-02-25;17;2854
11;2025-02-25;18;3541
11;2025-02-25;19;2276
11;2025-02-25;20;1501
11;2025-02-25;21;1017
11;2025-02-25;22;423
11;2025-02-25;23;248
11;2025-02-26;0;73
11;2025-02-26;1;2
11;2025-02-26;4;7
11;2025-02-26;5;381
11;2025-02-26;6;1449
11;2025-02-26;7;2410
11;2025-02-26;8;3220
11;2025-02-26;9;2679
11;2025-02-26;10;2025
11;2025-02-26;11;2164
11;2025-02-26;12;1917
11;2025-02-26;13;1860
11;2025-02-26;14;2003
11;2025-02-26;15;2271
11;2025-02-26;16;2298
11;2025-02-26;17;3049
11;2025-02-26;18;3158
11;2025-02-26;19;2457
11;2025-02-26;20;1383
11;2025-02-26;21;1024
11;2025-02-26;22;518
11;2025-02-26;23;177
11;2025-02-27;0;67
11;2025-02-27;1;4
11;2025-02-27;4;9
11;2025-02-27;5;384
11;2025-02-27;6;1351
11;2025-02-27;7;2880
11;2025-02-27;8;3682
11;2025-02-27;9;2936
11;2025-02-27;10;2210
11;2025-02-27;11;1948
11;2025-02-27;12;1983
11;2025-02-27;13;2547
11;2025-02-27;14;2217
11;2025-02-27;15;2605
11;2025-02-27;16;2671
11;2025-02-27;17;3447
11;2025-02-27;18;3782
11;2025-02-27;19;2823
11;2025-02-27;20;1740
11;2025-02-27;21;1021
11;2025-02-27;22;598
11;2025-02-27;23;245
11;2025-02-28;0;100
11;2025-02-28;1;2
11;2025-02-28;4;8
11;2025-02-28;5;315
11;2025-02-28;6;1441
11;2025-02-28;7;2157
11;2025-02-28;8;2996
11;2025-02-28;9;2800
11;2025-02-28;10;1836
11;2025-02-28;11;2059
11;2025-02-28;12;1823
11;2025-02-28;13;1994
11;2025-02-28;14;2307
11;2025-02-28;15;2615
11;2025-02-28;16;2822
11;2025-02-28;17;3251
11;2025-02-28;18;2767
11;2025-02-28;19;2461
11;2025-02-28;20;1563
11;2025-02-28;21;1154
11;2025-02-28;22;463
11;2025-02-28;23;255
11;2025-03-01;0;89
11;2025-03-01;1;6
11;2025-03-01;4;5
11;2025-03-01;5;231
11;2025-03-01;6;689
11;2025-03-01;7;831
11;2025-03-01;8;1111
11;2025-03-01;9;1188
11;2025-03-01;10;1370
11;2025-03-01;11;1817
11;2025-03-01;12;1937
11;2025-03-01;13;2018
11;2025-03-01;14;1966
11;2025-03-01;15;1997
11;2025-03-01;16;2150
11;2025-03-01;17;1967
11;2025-03-01;18;1704
11;2025-03-01;19;1369
11;2025-03-01;20;922
11;2025-03-01;21;894
11;2025-03-01;22;415
11;2025-03-01;23;273
11;2025-03-02;0;106
11;2025-03-02;1;9
11;2025-03-02;4;1
11;2025-03-02;5;122
11;2025-03-02;6;407
11;2025-03-02;7;519
11;2025-03-02;8;617
11;2025-03-02;9;900
11;2025-03-02;10;1019
11;2025-03-02;11;1332
11;2025-03-02;12;1642
11;2025-03-02;13;1563
11;2025-03-02;14;1464
11;2025-03-02;15;1609
11;2025-03-02;16;1442
11;2025-03-02;17;1507
11;2025-03-02;18;1118
11;2025-03-02;19;1048
11;2025-03-02;20;800
11;2025-03-02;21;709
11;2025-03-02;22;342
11;2025-03-02;23;275
11;2025-03-03;0;67
11;2025-03-03;1;2
11;2025-03-03;4;7
11;2025-03-03;5;381
11;2025-03-03;6;1278
11;2025-03-03;7;2650
11;2025-03-03;8;3118
11;2025-03-03;9;2564
11;2025-03-03;10;1777
11;2025-03-03;11;1828
11;2025-03-03;12;1702
11;2025-03-03;13;1948
11;2025-03-03;14;1938
11;2025-03-03;15;1990
11;2025-03-03;16;2267
11;2025-03-03;17;3159
11;2025-03-03;18;3274
11;2025-03-03;19;2433
11;2025-03-03;20;1469
11;2025-03-03;21;1025
11;2025-03-03;22;496
11;2025-03-03;23;234
11;2025-03-04;0;74
11;2025-03-04;1;3
11;2025-03-04;4;9
11;2025-03-04;5;370
11;2025-03-04;6;1358
11;2025-03-04;7;2678
11;2025-03-04;8;3201
11;2025-03-04;9;2676
11;2025-03-04;10;2018
11;2025-03-04;11;2000
11;2025-03-04;12;1967
11;2025-03-04;13;2292
11;2025-03-04;14;2302
11;2025-03-04;15;2461
11;2025-03-04;16;3040
11;2025-03-04;17;3045
11;2025-03-04;18;3462
11;2025-03-04;19;2621
11;2025-03-04;20;1660
11;2025-03-04;21;973
11;2025-03-04;22;490
11;2025-03-04;23;186
11;2025-03-05;0;80
11;2025-03-05;1;1
11;2025-03-05;4;7
11;2025-03-05;5;299
11;2025-03-05;6;1341
11;2025-03-05;7;2520
11;2025-03-05;8;3484
11;2025-03-05;9;2697
11;2025-03-05;10;2021
11;2025-03-05;11;2256
11;2025-03-05;12;2117
11;2025-03-05;13;2630
11;2025-03-05;14;2417
11;2025-03-05;15;2422
11;2025-03-05;16;2515
11;2025-03-05;17;3348
11;2025-03-05;18;3851
11;2025-03-05;19;2595
11;2025-03-05;20;1689
11;2025-03-05;21;1028
11;2025-03-05;22;592
11;2025-03-05;23;260
11;2025-03-06;0;73
11;2025-03-06;1;2
11;2025-03-06;4;7
11;2025-03-06;5;353
11;2025-03-06;6;1318
11;2025-03-06;7;2699
11;2025-03-06;8;3479
11;2025-03-06;9;2742
11;2025-03-06;10;2030
11;2025-03-06;11;2110
11;2025-03-06;12;1989
11;2025-03-06;13;2561
11;2025-03-06;14;2306
11;2025-03-06;15;2337
11;2025-03-06;16;2708
11;2025-03-06;17;3079
11;2025-03-06;18;3072
11;2025-03-06;19;2551
11;2025-03-06;20;1714
11;2025-03-06;21;1119
11;2025-03-06;22;517
11;2025-03-06;23;261
11;2025-03-07;0;69
11;2025-03-07;4;6
11;2025-03-07;5;345
11;2025-03-07;6;1506
11;2025-03-07;7;2512
11;2025-03-07;8;3474
11;2025-03-07;9;2671
11;2025-03-07;10;2294
11;2025-03-07;11;1959
11;2025-03-07;12;2290
11;2025-03-07;13;2725
11;2025-03-07;14;2414
11;2025-03-07;15;2635
11;2025-03-07;16;2809
11;2025-03-07;17;3092
11;2025-03-07;18;2599
11;2025-03-07;19;2227
11;2025-03-07;20;1519
11;2025-03-07;21;948
11;2025-03-07;22;625
11;2025-03-07;23;250
11;2025-03-08;0;111
11;2025-03-08;1;14
11;2025-03-08;4;8
11;2025-03-08;5;214
11;2025-03-08;6;673
11;2025-03-08;7;628
11;2025-03-08;8;735
11;2025-03-08;9;867
11;2025-03-08;10;943
11;2025-03-08;11;1532
11;2025-03-08;12;1843
11;2025-03-08;13;1792
11;2025-03-08;14;1933
11;2025-03-08;15;1810
11;2025-03-08;16;1696
11;2025-03-08;17;2017
11;2025-03-08;18;1780
11;2025-03-08;19;1411
11;2025-03-08;20;996
11;2025-03-08;21;685
11;2025-03-08;22;397
11;2025-03-08;23;307
11;2025-03-09;0;77
11;2025-03-09;1;9
11;2025-03-09;4;2
11;2025-03-09;5;138
11;2025-03-09;6;486
11;2025-03-09;7;520
11;2025-03-09;8;674
11;2025-03-09;9;936
11;2025-03-09;10;1005
11;2025-03-09;11;1541
11;2025-03-09;12;1775
11;2025-03-09;13;1869
11;2025-03-09;14;1821
11;2025-03-09;15;1987
11;2025-03-09;16;2144
11;2025-03-09;17;1762
11;2025-03-09;18;1550
11;2025-03-09;19;1252
11;2025-03-09;20;860
11;2025-03-09;21;692
11;2025-03-09;22;387
11;2025-03-09;23;289
11;2025-03-10;0;75
11;2025-03-10;1;2
11;2025-03-10;4;10
11;2025-03-10;5;339
11;2025-03-10;6;1409
11;2025-03-10;7;2405
11;2025-03-10;8;3017
11;2025-03-10;9;2551
11;2025-03-10;10;1807
11;2025-03-10;11;1922
11;2025-03-10;12;1856
11;2025-03-10;13;2217
11;2025-03-10;14;2262
11;2025-03-10;15;2268
11;2025-03-10;16;2347
11;2025-03-10;17;3049
11;2025-03-10;18;3415
11;2025-03-10;19;2457
11;2025-03-10;20;1527
11;2025-03-10;21;980
11;2025-03-10;22;489
11;2025-03-10;23;208
11;2025-03-11;0;77
11;2025-03-11;1;4
11;2025-03-11;4;7
11;2025-03-11;5;336
11;2025-03-11;6;1464
11;2025-03-11;7;2634
11;2025-03-11;8;3162
11;2025-03-11;9;2610
11;2025-03-11;10;1915
11;2025-03-11;11;1915
11;2025-03-11;12;1937
11;2025-03-11;13;2031
11;2025-03-11;14;2209
11;2025-03-11;15;2501
11;2025-03-11;16;2617
11;2025-03-11;17;2926
11;2025-03-11;18;3066
11;2025-03-11;19;2447
11;2025-03-11;20;1428
11;2025-03-11;21;974
11;2025-03-11;22;450
11;2025-03-11;23;154
11;2025-03-12;0;54
11;2025-03-12;4;10
11;2025-03-12;5;391
11;2025-03-12;6;1394
11;2025-03-12;7;2356
11;2025-03-12;8;3225
11;2025-03-12;9;2581
11;2025-03-12;10;1866
11;2025-03-12;11;2015
11;2025-03-12;12;1946
11;2025-03-12;13;2049
11;2025-03-12;14;2046
11;2025-03-12;15;2476
11;2025-03-12;16;2187
11;2025-03-12;17;2759
11;2025-03-12;18;3444
11;2025-03-12;19;2687
11;2025-03-12;20;1626
11;2025-03-12;21;965
11;2025-03-12;22;526
11;2025-03-12;23;267
11;2025-03-13;0;73
11;2025-03-13;4;7
11;2025-03-13;5;352
11;2025-03-13;6;1347
11;2025-03-13;7;2455
11;2025-03-13;8;3296
11;2025-03-13;9;2484
11;2025-03-13;10;1844
11;2025-03-13;11;1876
11;2025-03-13;12;2139
11;2025-03-13;13;2310
11;2025-03-13;14;2536
11;2025-03-13;15;2755
11;2025-03-13;16;2926
11;2025-03-13;17;3297
11;2025-03-13;18;3389
11;2025-03-13;19;2418
11;2025-03-13;20;1557
11;2025-03-13;21;968
11;2025-03-13;22;480
11;2025-03-13;23;205
11;2025-03-14;0;105
11;2025-03-14;1;21
11;2025-03-14;4;4
11;2025-03-14;5;364
11;2025-03-14;6;1327
11;2025-03-14;7;2288
11;2025-03-14;8;2773
11;2025-03-14;9;2343
11;2025-03-14;10;1868
11;2025-03-14;11;2068
11;2025-03-14;12;1948
11;2025-03-14;13;2201
11;2025-03-14;14;1916
11;2025-03-14;15;2222
11;2025-03-14;16;2317
11;2025-03-14;17;3034
11;2025-03-14;18;2473
11;2025-03-14;19;2031
11;2025-03-14;20;1448
11;2025-03-14;21;878
11;2025-03-14;22;543
11;2025-03-14;23;297
11;2025-03-15;0;155
11;2025-03-15;1;5
11;2025-03-15;4;7
11;2025-03-15;5;191
11;2025-03-15;6;693
11;2025-03-15;7;924
11;2025-03-15;8;1021
11;2025-03-15;9;1406
11;2025-03-15;10;1375
11;2025-03-15;11;2009
11;2025-03-15;12;2006
11;2025-03-15;13;1838
11;2025-03-15;14;1988
11;2025-03-15;15;1724
11;2025-03-15;16;2052
11;2025-03-15;17;2063
11;2025-03-15;18;1686
11;2025-03-15;19;1455
11;2025-03-15;20;1249
11;2025-03-15;21;709
11;2025-03-15;22;521
11;2025-03-15;23;271
11;2025-03-16;0;88
11;2025-03-16;1;3
11;2025-03-16;4;4
11;2025-03-16;5;123
11;2025-03-16;6;445
11;2025-03-16;7;661
11;2025-03-16;8;747
11;2025-03-16;9;939
11;2025-03-16;10;1107
11;2025-03-16;11;1553
11;2025-03-16;12;1774
11;2025-03-16;13;1712
11;2025-03-16;14;1958
11;2025-03-16;15;1973
11;2025-03-16;16;1720
11;2025-03-16;17;1788
11;2025-03-16;18;1328
11;2025-03-16;19;1152
11;2025-03-16;20;776
11;2025-03-16;21;686
11;2025-03-16;22;332
11;2025-03-16;23;237
11;2025-03-17;0;70
11;2025-03-17;1;3
11;2025-03-17;4;6
11;2025-03-17;5;364
11;2025-03-17;6;1518
11;2025-03-17;7;2496
11;2025-03-17;8;3508
11;2025-03-17;9;2856
11;2025-03-17;10;1825
11;2025-03-17;11;1691
11;2025-03-17;12;1560
11;2025-03-17;13;2067
11;2025-03-17;14;1877
11;2025-03-17;15;2358
11;2025-03-17;16;2375
11;2025-03-17;17;3032
11;2025-03-17;18;3266
11;2025-03-17;19;2558
11;2025-03-17;20;1778
11;2025-03-17;21;889
11;2025-03-17;22;514
11;2025-03-17;23;194
11;2025-03-18;0;63
11;2025-03-18;4;5
11;2025-03-18;5;349
11;2025-03-18;6;1340
11;2025-03-18;7;2356
11;2025-03-18;8;3260
11;2025-03-18;9;2271
11;2025-03-18;10;1556
11;2025-03-18;11;1741
11;2025-03-18;12;1771
11;2025-03-18;13;2007
11;2025-03-18;14;2210
11;2025-03-18;15;2255
11;2025-03-18;16;2473
11;2025-03-18;17;2970
11;2025-03-18;18;3418
11;2025-03-18;19;2184
11;2025-03-18;20;1302
11;2025-03-18;21;1043
11;2025-03-18;22;491
11;2025-03-18;23;179
11;2025-03-19;0;61
11;2025-03-19;4;5
11;2025-03-19;5;316
11;2025-03-19;6;1499
11;2025-03-19;7;2670
11;2025-03-19;8;3371
11;2025-03-19;9;2581
11;2025-03-19;10;2274
11;2025-03-19;11;1960
11;2025-03-19;12;2414
11;2025-03-19;13;2734
11;2025-03-19;14;2378
11;2025-03-19;15;3082
11;2025-03-19;16;2881
11;2025-03-19;17;3569
11;2025-03-19;18;3944
11;2025-03-19;19;2799
11;2025-03-19;20;1879
11;2025-03-19;21;1234
11;2025-03-19;22;620
11;2025-03-19;23;229
11;2025-03-20;0;116
11;2025-03-20;1;1
11;2025-03-20;4;4
11;2025-03-20;5;382
11;2025-03-20;6;1401
11;2025-03-20;7;2557
11;2025-03-20;8;3188
11;2025-03-20;9;3021
11;2025-03-20;10;2275
11;2025-03-20;11;2027
11;2025-03-20;12;2116
11;2025-03-20;13;2373
11;2025-03-20;14;2237
11;2025-03-20;15;2513
11;2025-03-20;16;2446
11;2025-03-20;17;2825
11;2025-03-20;18;3684
11;2025-03-20;19;2551
11;2025-03-20;20;1775
11;2025-03-20;21;1163
11;2025-03-20;22;724
11;2025-03-20;23;297
11;2025-03-21;0;98
11;2025-03-21;1;7
11;2025-03-21;4;4
11;2025-03-21;5;321
11;2025-03-21;6;1449
11;2025-03-21;7;2613
11;2025-03-21;8;3336
11;2025-03-21;9;2710
11;2025-03-21;10;2603
11;2025-03-21;11;2144
11;2025-03-21;12;2145
11;2025-03-21;13;2189
11;2025-03-21;14;2270
11;2025-03-21;15;2528
11;2025-03-21;16;2696
11;2025-03-21;17;3358
11;2025-03-21;18;3245
11;2025-03-21;19;2441
11;2025-03-21;20;1673
11;2025-03-21;21;1068
11;2025-03-21;22;652
11;2025-03-21;23;316
11;2025-03-22;0;141
11;2025-03-22;1;1
11;2025-03-22;4;4
11;2025-03-22;5;200
11;2025-03-22;6;846
11;2025-03-22;7;796
11;2025-03-22;8;1062
11;2025-03-22;9;1258
11;2025-03-22;10;1342
11;2025-03-22;11;1850
11;2025-03-22;12;1910
11;2025-03-22;13;1895
11;2025-03-22;14;1948
11;2025-03-22;15;1859
11;2025-03-22;16;2088
11;2025-03-22;17;1998
11;2025-03-22;18;1708
11;2025-03-22;19;1495
11;2025-03-22;20;1279
11;2025-03-22;21;844
11;2025-03-22;22;366
11;2025-03-22;23;318
11;2025-03-23;0;106
11;2025-03-23;1;2
11;2025-03-23;4;5
11;2025-03-23;5;141
11;2025-03-23;6;575
11;2025-03-23;7;539
11;2025-03-23;8;599
11;2025-03-23;9;951
11;2025-03-23;10;1153
11;2025-03-23;11;1562
11;2025-03-23;12;1717
11;2025-03-23;13;1572
11;2025-03-23;14;1719
11;2025-03-23;15;1637
11;2025-03-23;16;1525
11;2025-03-23;17;1755
11;2025-03-23;18;1479
11;2025-03-23;19;1199
11;2025-03-23;20;983
11;2025-03-23;21;598
11;2025-03-23;22;328
11;2025-03-23;23;216
11;2025-03-24;0;76
11;2025-03-24;1;7
11;2025-03-24;4;5
11;2025-03-24;5;309
11;2025-03-24;6;1542
11;2025-03-24;7;2453
11;2025-03-24;8;3370
11;2025-03-24;9;2726
11;2025-03-24;10;1934
11;2025-03-24;11;2162
11;2025-03-24;12;1750
11;2025-03-24;13;2205
11;2025-03-24;14;2292
11;2025-03-24;15;2506
11;2025-03-24;16;2586
11;2025-03-24;17;3137
11;2025-03-24;18;3485
11;2025-03-24;19;2652
11;2025-03-24;20;1719
11;2025-03-24;21;1013
11;2025-03-24;22;490
11;2025-03-24;23;184
11;2025-03-25;0;77
11;2025-03-25;1;4
11;2025-03-25;4;4
11;2025-03-25;5;321
11;2025-03-25;6;1650
11;2025-03-25;7;2462
11;2025-03-25;8;3318
11;2025-03-25;9;2392
11;2025-03-25;10;1453
11;2025-03-25;11;1618
11;2025-03-25;12;1557
11;2025-03-25;13;1725
11;2025-03-25;14;1578
11;2025-03-25;15;1898
11;2025-03-25;16;2339
11;2025-03-25;17;2959
11;2025-03-25;18;3267
11;2025-03-25;19;2196
11;2025-03-25;20;1358
11;2025-03-25;21;823
11;2025-03-25;22;459
11;2025-03-25;23;197
11;2025-03-26;0;66
11;2025-03-26;1;2
11;2025-03-26;4;4
11;2025-03-26;5;290
11;2025-03-26;6;1511
11;2025-03-26;7;2602
11;2025-03-26;8;3183
11;2025-03-26;9;2516
11;2025-03-26;10;2027
11;2025-03-26;11;1778
11;2025-03-26;12;1860
11;2025-03-26;13;2170
11;2025-03-26;14;2058
11;2025-03-26;15;2321
11;2025-03-26;16;2582
11;2025-03-26;17;3031
11;2025-03-26;18;3100
11;2025-03-26;19;2277
11;2025-03-26;20;1700
11;2025-03-26;21;938
11;2025-03-26;22;550
11;2025-03-26;23;204
11;2025-03-27;0;45
11;2025-03-27;1;1
11;2025-03-27;4;6
11;2025-03-27;5;322
11;2025-03-27;6;1478
11;2025-03-27;7;2569
11;2025-03-27;8;3205
11;2025-03-27;9;2641
11;2025-03-27;10;1878
11;2025-03-27;11;1858
11;2025-03-27;12;2003
11;2025-03-27;13;2010
11;2025-03-27;14;1944
11;2025-03-27;15;2448
11;2025-03-27;16;2573
11;2025-03-27;17;3249
11;2025-03-27;18;3280
11;2025-03-27;19;2218
11;2025-03-27;20;1456
11;2025-03-27;21;1051
11;2025-03-27;22;477
11;2025-03-27;23;262
11;2025-03-28;0;58
11;2025-03-28;4;4
11;2025-03-28;5;361
11;2025-03-28;6;1577
11;2025-03-28;7;2502
11;2025-03-28;8;3171
11;2025-03-28;9;2386
11;2025-03-28;10;2034
11;2025-03-28;11;2090
11;2025-03-28;12;2149
11;2025-03-28;13;2291
11;2025-03-28;14;2202
11;2025-03-28;15;2614
11;2025-03-28;16;2982
11;2025-03-28;17;2999
11;2025-03-28;18;2759
11;2025-03-28;19;2228
11;2025-03-28;20;1716
11;2025-03-28;21;963
11;2025-03-28;22;509
11;2025-03-28;23;283
11;2025-03-29;0;125
11;2025-03-29;1;2
11;2025-03-29;4;11
11;2025-03-29;5;204
11;2025-03-29;6;740
11;2025-03-29;7;727
11;2025-03-29;8;1087
11;2025-03-29;9;1224
11;2025-03-29;10;1424
11;2025-03-29;11;2036
11;2025-03-29;12;1922
11;2025-03-29;13;1964
11;2025-03-29;14;2164
11;2025-03-29;15;2064
11;2025-03-29;16;2021
11;2025-03-29;17;1870
11;2025-03-29;18;1758
11;2025-03-29;19;1367
11;2025-03-29;20;1167
11;2025-03-29;21;892
11;2025-03-29;22;452
11;2025-03-29;23;366
11;2025-03-30;0;106
11;2025-03-30;1;22
11;2025-03-30;4;6
11;2025-03-30;5;207
11;2025-03-30;6;413
11;2025-03-30;7;389
11;2025-03-30;8;787
11;2025-03-30;9;1188
11;2025-03-30;10;1349
11;2025-03-30;11;1938
11;2025-03-30;12;1823
11;2025-03-30;13;1874
11;2025-03-30;14;1989
11;2025-03-30;15;1814
11;2025-03-30;16;1874
11;2025-03-30;17;1790
11;2025-03-30;18;1513
11;2025-03-30;19;1236
11;2025-03-30;20;1205
11;2025-03-30;21;750
11;2025-03-30;22;388
11;2025-03-30;23;292
11;2025-03-31;0;93
11;2025-03-31;1;8
11;2025-03-31;4;5
11;2025-03-31;5;314
11;2025-03-31;6;1325
11;2025-03-31;7;2045
11;2025-03-31;8;2423
11;2025-03-31;9;1907
11;2025-03-31;10;1514
11;2025-03-31;11;1326
11;2025-03-31;12;1418
11;2025-03-31;13;1308
11;2025-03-31;14;1470
11;2025-03-31;15;1793
11;2025-03-31;16;2019
11;2025-03-31;17;2188
11;2025-03-31;18;1974
11;2025-03-31;19;1488
11;2025-03-31;20;1043
11;2025-03-31;21;729
11;2025-03-31;22;262
11;2025-03-31;23;183
11;2025-04-01;0;74
11;2025-04-01;1;17
11;2025-04-01;5;203
11;2025-04-01;6;986
11;2025-04-01;7;1642
11;2025-04-01;8;2395
11;2025-04-01;9;1665
11;2025-04-01;10;1250
11;2025-04-01;11;1094
11;2025-04-01;12;1174
11;2025-04-01;13;1444
11;2025-04-01;14;1293
11;2025-04-01;15;1441
11;2025-04-01;16;1701
11;2025-04-01;17;2423
11;2025-04-01;18;2448
11;2025-04-01;19;1563
11;2025-04-01;20;1133
11;2025-04-01;21;620
11;2025-04-01;22;431
11;2025-04-01;23;195
11;2025-04-02;0;63
11;2025-04-02;1;3
11;2025-04-02;4;1
11;2025-04-02;5;327
11;2025-04-02;6;1231
11;2025-04-02;7;2287
11;2025-04-02;8;3083
11;2025-04-02;9;2013
11;2025-04-02;10;1614
11;2025-04-02;11;1513
11;2025-04-02;12;1598
11;2025-04-02;13;1976
11;2025-04-02;14;1671
11;2025-04-02;15;1498
11;2025-04-02;16;1880
11;2025-04-02;17;2488
11;2025-04-02;18;2629
11;2025-04-02;19;1658
11;2025-04-02;20;1044
11;2025-04-02;21;625
11;2025-04-02;22;275
11;2025-04-02;23;104
11;2025-04-03;0;27
11;2025-04-03;4;4
11;2025-04-03;5;405
11;2025-04-03;6;861
11;2025-04-03;7;1833
11;2025-04-03;8;2521
11;2025-04-03;9;1902
11;2025-04-03;10;1620
11;2025-04-03;11;1709
11;2025-04-03;12;1876
11;2025-04-03;13;2136
11;2025-04-03;14;1977
11;2025-04-03;15;1717
11;2025-04-03;16;2036
11;2025-04-03;17;2369
11;2025-04-03;18;2275
11;2025-04-03;19;1707
11;2025-04-03;20;1080
11;2025-04-03;21;652
11;2025-04-03;22;417
11;2025-04-03;23;153
11;2025-04-04;0;68
11;2025-04-04;1;8
11;2025-04-04;4;6
11;2025-04-04;5;296
11;2025-04-04;6;792
11;2025-04-04;7;1540
11;2025-04-04;8;2322
11;2025-04-04;9;1361
11;2025-04-04;10;1380
11;2025-04-04;11;1257
11;2025-04-04;12;1411
11;2025-04-04;13;1411
11;2025-04-04;14;1623
11;2025-04-04;15;1949
11;2025-04-04;16;1983
11;2025-04-04;17;2289
11;2025-04-04;18;1724
11;2025-04-04;19;1470
11;2025-04-04;20;980
11;2025-04-04;21;775
11;2025-04-04;22;502
11;2025-04-04;23;241
11;2025-04-05;0;72
11;2025-04-05;1;1
11;2025-04-05;5;125
11;2025-04-05;6;301
11;2025-04-05;7;370
11;2025-04-05;8;675
11;2025-04-05;9;658
11;2025-04-05;10;800
11;2025-04-05;11;942
11;2025-04-05;12;729
11;2025-04-05;13;765
11;2025-04-05;14;630
11;2025-04-05;15;874
11;2025-04-05;16;993
11;2025-04-05;17;800
11;2025-04-05;18;689
11;2025-04-05;19;726
11;2025-04-05;20;576
11;2025-04-05;21;372
11;2025-04-05;22;245
11;2025-04-05;23;164
11;2025-04-06;0;44
11;2025-04-06;1;8
11;2025-04-06;4;1
11;2025-04-06;5;74
11;2025-04-06;6;221
11;2025-04-06;7;287
11;2025-04-06;8;243
11;2025-04-06;9;382
11;2025-04-06;10;542
11;2025-04-06;11;524
11;2025-04-06;12;638
11;2025-04-06;13;585
11;2025-04-06;14;648
11;2025-04-06;15;873
11;2025-04-06;16;708
11;2025-04-06;17;1077
11;2025-04-06;18;1218
11;2025-04-06;19;972
11;2025-04-06;20;847
11;2025-04-06;21;518
11;2025-04-06;22;365
11;2025-04-06;23;229
11;2025-04-07;0;88
11;2025-04-07;5;200
11;2025-04-07;6;1191
11;2025-04-07;7;2044
11;2025-04-07;8;3139
11;2025-04-07;9;2427
11;2025-04-07;10;1881
11;2025-04-07;11;2108
11;2025-04-07;12;1690
11;2025-04-07;13;2022
11;2025-04-07;14;1529
11;2025-04-07;15;1699
11;2025-04-07;16;2093
11;2025-04-07;17;2579
11;2025-04-07;18;2843
11;2025-04-07;19;2283
11;2025-04-07;20;1663
11;2025-04-07;21;761
11;2025-04-07;22;540
11;2025-04-07;23;297
11;2025-04-08;0;62
11;2025-04-08;3;16
11;2025-04-08;5;272
11;2025-04-08;6;1405
11;2025-04-08;7;2446
11;2025-04-08;8;3227
11;2025-04-08;9;2613
11;2025-04-08;10;1988
11;2025-04-08;11;2067
11;2025-04-08;12;1822
11;2025-04-08;13;2072
11;2025-04-08;14;1727
11;2025-04-08;15;1999
11;2025-04-08;16;2052
11;2025-04-08;17;2959
11;2025-04-08;18;3617
11;2025-04-08;19;2557
11;2025-04-08;20;1578
11;2025-04-08;21;930
11;2025-04-08;22;468
11;2025-04-08;23;240
11;2025-04-09;0;85
11;2025-04-09;5;257
11;2025-04-09;6;1345
11;2025-04-09;7;2640
11;2025-04-09;8;3171
11;2025-04-09;9;2677
11;2025-04-09;10;2064
11;2025-04-09;11;1989
11;2025-04-09;12;1885
11;2025-04-09;13;2061
11;2025-04-09;14;1936
11;2025-04-09;15;2087
11;2025-04-09;16;2223
11;2025-04-09;17;3058
11;2025-04-09;18;3084
11;2025-04-09;19;2419
11;2025-04-09;20;1901
11;2025-04-09;21;1066
11;2025-04-09;22;483
11;2025-04-09;23;270
11;2025-04-10;0;56
11;2025-04-10;5;311
11;2025-04-10;6;1479
11;2025-04-10;7;2547
11;2025-04-10;8;2803
11;2025-04-10;9;2512
11;2025-04-10;10;1786
11;2025-04-10;11;1768
11;2025-04-10;12;1899
11;2025-04-10;13;2057
11;2025-04-10;14;1929
11;2025-04-10;15;1902
11;2025-04-10;16;1936
11;2025-04-10;17;2749
11;2025-04-10;18;2945
11;2025-04-10;19;2460
11;2025-04-10;20;1631
11;2025-04-10;21;988
11;2025-04-10;22;427
11;2025-04-10;23;340
11;2025-04-11;0;50
11;2025-04-11;5;291
11;2025-04-11;6;1284
11;2025-04-11;7;2439
11;2025-04-11;8;3221
11;2025-04-11;9;2838
11;2025-04-11;10;2172
11;2025-04-11;11;2205
11;2025-04-11;12;2119
11;2025-04-11;13;1989
11;2025-04-11;14;2111
11;2025-04-11;15;2155
11;2025-04-11;16;2646
11;2025-04-11;17;3007
11;2025-04-11;18;2584
11;2025-04-11;19;2188
11;2025-04-11;20;1544
11;2025-04-11;21;1063
11;2025-04-11;22;479
11;2025-04-11;23;246
11;2025-04-12;0;77
11;2025-04-12;1;1
11;2025-04-12;4;6
11;2025-04-12;5;239
11;2025-04-12;6;814
11;2025-04-12;7;684
11;2025-04-12;8;1108
11;2025-04-12;9;1226
11;2025-04-12;10;1456
11;2025-04-12;11;1914
11;2025-04-12;12;1864
11;2025-04-12;13;2088
11;2025-04-12;14;1884
11;2025-04-12;15;2188
11;2025-04-12;16;1987
11;2025-04-12;17;1861
11;2025-04-12;18;1663
11;2025-04-12;19;1606
11;2025-04-12;20;1213
11;2025-04-12;21;813
11;2025-04-12;22;427
11;2025-04-12;23;300
11;2025-04-13;0;91
11;2025-04-13;1;11
11;2025-04-13;4;4
11;2025-04-13;5;114
11;2025-04-13;6;520
11;2025-04-13;7;619
11;2025-04-13;8;720
11;2025-04-13;9;866
11;2025-04-13;10;1048
11;2025-04-13;11;1703
11;2025-04-13;12;1674
11;2025-04-13;13;1623
11;2025-04-13;14;1782
11;2025-04-13;15;1730
11;2025-04-13;16;1497
11;2025-04-13;17;1626
11;2025-04-13;18;1501
11;2025-04-13;19;1217
11;2025-04-13;20;1031
11;2025-04-13;21;720
11;2025-04-13;22;358
11;2025-04-13;23;255
11;2025-04-14;0;75
11;2025-04-14;1;6
11;2025-04-14;5;303
11;2025-04-14;6;1523
11;2025-04-14;7;2378
11;2025-04-14;8;3375
11;2025-04-14;9;2362
11;2025-04-14;10;1835
11;2025-04-14;11;1876
11;2025-04-14;12;1723
11;2025-04-14;13;2148
11;2025-04-14;14;2004
11;2025-04-14;15;2178
11;2025-04-14;16;2355
11;2025-04-14;17;2664
11;2025-04-14;18;3018
11;2025-04-14;19;2441
11;2025-04-14;20;1620
11;2025-04-14;21;972
11;2025-04-14;22;539
11;2025-04-14;23;227
11;2025-04-15;0;43
11;2025-04-15;1;1
11;2025-04-15;5;298
11;2025-04-15;6;1441
11;2025-04-15;7;2286
11;2025-04-15;8;3018
11;2025-04-15;9;2561
11;2025-04-15;10;2033
11;2025-04-15;11;1838
11;2025-04-15;12;1915
11;2025-04-15;13;1957
11;2025-04-15;14;2172
11;2025-04-15;15;2126
11;2025-04-15;16;2299
11;2025-04-15;17;2977
11;2025-04-15;18;2991
11;2025-04-15;19;2392
11;2025-04-15;20;1578
11;2025-04-15;21;1053
11;2025-04-15;22;518
11;2025-04-15;23;242
11;2025-04-16;0;70
11;2025-04-16;5;302
11;2025-04-16;6;1306
11;2025-04-16;7;2452
11;2025-04-16;8;3484
11;2025-04-16;9;2442
11;2025-04-16;10;2190
11;2025-04-16;11;2192
11;2025-04-16;12;1738
11;2025-04-16;13;1956
11;2025-04-16;14;1766
11;2025-04-16;15;2034
11;2025-04-16;16;2324
11;2025-04-16;17;2742
11;2025-04-16;18;3117
11;2025-04-16;19;2768
11;2025-04-16;20;1882
11;2025-04-16;21;938
11;2025-04-16;22;549
11;2025-04-16;23;272
11;2025-04-17;0;91
11;2025-04-17;1;5
11;2025-04-17;5;262
11;2025-04-17;6;1456
11;2025-04-17;7;2621
11;2025-04-17;8;3384
11;2025-04-17;9;2712
11;2025-04-17;10;1996
11;2025-04-17;11;2140
11;2025-04-17;12;2213
11;2025-04-17;13;1755
11;2025-04-17;14;1870
11;2025-04-17;15;2263
11;2025-04-17;16;2576
11;2025-04-17;17;3251
11;2025-04-17;18;3176
11;2025-04-17;19;2128
11;2025-04-17;20;1531
11;2025-04-17;21;975
11;2025-04-17;22;659
11;2025-04-17;23;223
11;2025-04-18;0;79
11;2025-04-18;1;1
11;2025-04-18;4;1
11;2025-04-18;5;333
11;2025-04-18;6;1454
11;2025-04-18;7;2160
11;2025-04-18;8;3326
11;2025-04-18;9;2800
11;2025-04-18;10;2252
11;2025-04-18;11;2122
11;2025-04-18;12;1749
11;2025-04-18;13;1977
11;2025-04-18;14;2363
11;2025-04-18;15;2367
11;2025-04-18;16;2900
11;2025-04-18;17;3051
11;2025-04-18;18;2928
11;2025-04-18;19;2314
11;2025-04-18;20;1750
11;2025-04-18;21;994
11;2025-04-18;22;568
11;2025-04-18;23;337
11;2025-04-19;0;94
11;2025-04-19;1;3
11;2025-04-19;4;10
11;2025-04-19;5;234
11;2025-04-19;6;847
11;2025-04-19;7;790
11;2025-04-19;8;1078
11;2025-04-19;9;1344
11;2025-04-19;10;1421
11;2025-04-19;11;1876
11;2025-04-19;12;1940
11;2025-04-19;13;1611
11;2025-04-19;14;1971
11;2025-04-19;15;1935
11;2025-04-19;16;1935
11;2025-04-19;17;1904
11;2025-04-19;18;1731
11;2025-04-19;19;1800
11;2025-04-19;20;1553
11;2025-04-19;21;939
11;2025-04-19;22;648
11;2025-04-19;23;481
11;2025-04-20;0;227
11;2025-04-20;1;64
11;2025-04-20;2;41
11;2025-04-20;3;64
11;2025-04-20;4;10
11;2025-04-20;5;177
11;2025-04-20;6;558
11;2025-04-20;7;556
11;2025-04-20;8;585
11;2025-04-20;9;942
11;2025-04-20;10;1177
11;2025-04-20;11;1427
11;2025-04-20;12;1805
11;2025-04-20;13;1575
11;2025-04-20;14;1771
11;2025-04-20;15;1918
11;2025-04-20;16;1964
11;2025-04-20;17;1856
11;2025-04-20;18;1661
11;2025-04-20;19;1190
11;2025-04-20;20;1208
11;2025-04-20;21;929
11;2025-04-20;22;473
11;2025-04-20;23;307
11;2025-04-21;0;94
11;2025-04-21;1;6
11;2025-04-21;5;297
11;2025-04-21;6;1495
11;2025-04-21;7;2342
11;2025-04-21;8;3056
11;2025-04-21;9;2531
11;2025-04-21;10;1845
11;2025-04-21;11;1952
11;2025-04-21;12;1778
11;2025-04-21;13;1761
11;2025-04-21;14;1833
11;2025-04-21;15;1856
11;2025-04-21;16;2387
11;2025-04-21;17;3162
11;2025-04-21;18;3483
11;2025-04-21;19;2736
11;2025-04-21;20;1885
11;2025-04-21;21;1069
11;2025-04-21;22;580
11;2025-04-21;23;243
11;2025-04-22;0;94
11;2025-04-22;1;11
11;2025-04-22;5;324
11;2025-04-22;6;1272
11;2025-04-22;7;2170
11;2025-04-22;8;3193
11;2025-04-22;9;2330
11;2025-04-22;10;1995
11;2025-04-22;11;1851
11;2025-04-22;12;1825
11;2025-04-22;13;2092
11;2025-04-22;14;2096
11;2025-04-22;15;2283
11;2025-04-22;16;2522
11;2025-04-22;17;3247
11;2025-04-22;18;3156
11;2025-04-22;19;2162
11;2025-04-22;20;1746
11;2025-04-22;21;1122
11;2025-04-22;22;535
11;2025-04-22;23;322
11;2025-04-23;0;61
11;2025-04-23;1;4
11;2025-04-23;5;329
11;2025-04-23;6;1405
11;2025-04-23;7;2477
11;2025-04-23;8;3328
11;2025-04-23;9;2452
11;2025-04-23;10;1695
11;2025-04-23;11;1623
11;2025-04-23;12;1773
11;2025-04-23;13;2066
11;2025-04-23;14;1958
11;2025-04-23;15;1937
11;2025-04-23;16;1975
11;2025-04-23;17;2388
11;2025-04-23;18;2985
11;2025-04-23;19;2662
11;2025-04-23;20;1636
11;2025-04-23;21;856
11;2025-04-23;22;432
11;2025-04-23;23;258
11;2025-04-24;0;114
11;2025-04-24;1;2
11;2025-04-24;5;348
11;2025-04-24;6;1396
11;2025-04-24;7;2609
11;2025-04-24;8;3194
11;2025-04-24;9;2604
11;2025-04-24;10;1994
11;2025-04-24;11;1986
11;2025-04-24;12;1843
11;2025-04-24;13;1993
11;2025-04-24;14;1779
11;2025-04-24;15;2164
11;2025-04-24;16;2402
11;2025-04-24;17;3093
11;2025-04-24;18;3198
11;2025-04-24;19;2422
11;2025-04-24;20;1531
11;2025-04-24;21;1000
11;2025-04-24;22;469
11;2025-04-24;23;274
11;2025-04-25;0;70
11;2025-04-25;5;303
11;2025-04-25;6;1293
11;2025-04-25;7;2242
11;2025-04-25;8;3096
11;2025-04-25;9;2540
11;2025-04-25;10;2046
11;2025-04-25;11;1922
11;2025-04-25;12;2153
11;2025-04-25;13;2155
11;2025-04-25;14;1883
11;2025-04-25;15;2450
11;2025-04-25;16;2566
11;2025-04-25;17;3065
11;2025-04-25;18;2745
11;2025-04-25;19;2127
11;2025-04-25;20;1368
11;2025-04-25;21;1009
11;2025-04-25;22;522
11;2025-04-25;23;276
11;2025-04-26;0;102
11;2025-04-26;1;2
11;2025-04-26;4;5
11;2025-04-26;5;250
11;2025-04-26;6;839
11;2025-04-26;7;902
11;2025-04-26;8;1184
11;2025-04-26;9;1665
11;2025-04-26;10;1363
11;2025-04-26;11;1947
11;2025-04-26;12;2214
11;2025-04-26;13;2090
11;2025-04-26;14;1883
11;2025-04-26;15;1945
11;2025-04-26;16;2106
11;2025-04-26;17;1929
11;2025-04-26;18;1726
11;2025-04-26;19;1654
11;2025-04-26;20;1310
11;2025-04-26;21;988
11;2025-04-26;22;567
11;2025-04-26;23;318
11;2025-04-27;0;116
11;2025-04-27;1;4
11;2025-04-27;4;2
11;2025-04-27;5;146
11;2025-04-27;6;484
11;2025-04-27;7;568
11;2025-04-27;8;687
11;2025-04-27;9;989
11;2025-04-27;10;1180
11;2025-04-27;11;1573
11;2025-04-27;12;1662
11;2025-04-27;13;1441
11;2025-04-27;14;1574
11;2025-04-27;15;1724
11;2025-04-27;16;1486
11;2025-04-27;17;1501
11;2025-04-27;18;1472
11;2025-04-27;19;1026
11;2025-04-27;20;1039
11;2025-04-27;21;826
11;2025-04-27;22;398
11;2025-04-27;23;240
11;2025-04-28;0;64
11;2025-04-28;1;7
11;2025-04-28;5;324
11;2025-04-28;6;1411
11;2025-04-28;7;2182
11;2025-04-28;8;3462
11;2025-04-28;9;2351
11;2025-04-28;10;1899
11;2025-04-28;11;1886
11;2025-04-28;12;1919
11;2025-04-28;13;1765
11;2025-04-28;14;1820
11;2025-04-28;15;1519
11;2025-04-28;16;2217
11;2025-04-28;17;2835
11;2025-04-28;18;3118
11;2025-04-28;19;2574
11;2025-04-28;20;1494
11;2025-04-28;21;811
11;2025-04-28;22;403
11;2025-04-28;23;178
11;2025-04-29;0;85
11;2025-04-29;1;1
11;2025-04-29;5;304
11;2025-04-29;6;1456
11;2025-04-29;7;2248
11;2025-04-29;8;3376
11;2025-04-29;9;2611
11;2025-04-29;10;1807
11;2025-04-29;11;1865
11;2025-04-29;12;1969
11;2025-04-29;13;2037
11;2025-04-29;14;2073
11;2025-04-29;15;2478
11;2025-04-29;16;2597
11;2025-04-29;17;3522
11;2025-04-29;18;3335
11;2025-04-29;19;2618
11;2025-04-29;20;1801
11;2025-04-29;21;1219
11;2025-04-29;22;419
11;2025-04-29;23;375
11;2025-04-30;0;98
11;2025-04-30;1;1
11;2025-04-30;5;301
11;2025-04-30;6;1393
11;2025-04-30;7;2667
11;2025-04-30;8;3149
11;2025-04-30;9;2675
11;2025-04-30;10;1815
11;2025-04-30;11;1772
11;2025-04-30;12;2201
11;2025-04-30;13;2130
11;2025-04-30;14;1725
11;2025-04-30;15;2100
11;2025-04-30;16;2429
11;2025-04-30;17;2837
11;2025-04-30;18;2558
11;2025-04-30;19;2073
11;2025-04-30;20;1682
11;2025-04-30;21;999
11;2025-04-30;22;393
11;2025-04-30;23;356
11;2025-05-01;0;70
11;2025-05-01;1;2
11;2025-05-01;4;2
11;2025-05-01;5;174
11;2025-05-01;6;698
11;2025-05-01;7;675
11;2025-05-01;8;749
11;2025-05-01;9;761
11;2025-05-01;10;753
11;2025-05-01;11;886
11;2025-05-01;12;1013
11;2025-05-01;13;885
11;2025-05-01;14;1017
11;2025-05-01;15;927
11;2025-05-01;16;1064
11;2025-05-01;17;1193
11;2025-05-01;18;1165
11;2025-05-01;19;1360
11;2025-05-01;20;1025
11;2025-05-01;21;647
11;2025-05-01;22;367
11;2025-05-01;23;246
11;2025-05-02;0;68
11;2025-05-02;1;4
11;2025-05-02;4;5
11;2025-05-02;5;155
11;2025-05-02;6;585
11;2025-05-02;7;641
11;2025-05-02;8;802
11;2025-05-02;9;714
11;2025-05-02;10;797
11;2025-05-02;11;930
11;2025-05-02;12;787
11;2025-05-02;13;1242
11;2025-05-02;14;1137
11;2025-05-02;15;1171
11;2025-05-02;16;1216
11;2025-05-02;17;1221
11;2025-05-02;18;1108
11;2025-05-02;19;1151
11;2025-05-02;20;990
11;2025-05-02;21;649
11;2025-05-02;22;409
11;2025-05-02;23;293
11;2025-05-03;0;78
11;2025-05-03;1;6
11;2025-05-03;4;4
11;2025-05-03;5;278
11;2025-05-03;6;765
11;2025-05-03;7;573
11;2025-05-03;8;759
11;2025-05-03;9;965
11;2025-05-03;10;1011
11;2025-05-03;11;1367
11;2025-05-03;12;1715
11;2025-05-03;13;1524
11;2025-05-03;14;1330
11;2025-05-03;15;1262
11;2025-05-03;16;1315
11;2025-05-03;17;1537
11;2025-05-03;18;1400
11;2025-05-03;19;1473
11;2025-05-03;20;1203
11;2025-05-03;21;701
11;2025-05-03;22;411
11;2025-05-03;23;325
11;2025-05-04;0;113
11;2025-05-04;1;6
11;2025-05-04;4;4
11;2025-05-04;5;168
11;2025-05-04;6;621
11;2025-05-04;7;475
11;2025-05-04;8;622
11;2025-05-04;9;915
11;2025-05-04;10;1096
11;2025-05-04;11;1561
11;2025-05-04;12;1821
11;2025-05-04;13;1576
11;2025-05-04;14;1639
11;2025-05-04;15;1590
11;2025-05-04;16;1392
11;2025-05-04;17;1467
11;2025-05-04;18;1175
11;2025-05-04;19;925
11;2025-05-04;20;794
11;2025-05-04;21;513
11;2025-05-04;22;337
11;2025-05-04;23;207
11;2025-05-05;0;47
11;2025-05-05;1;8
11;2025-05-05;5;289
11;2025-05-05;6;1356
11;2025-05-05;7;2338
11;2025-05-05;8;2919
11;2025-05-05;9;2309
11;2025-05-05;10;1755
11;2025-05-05;11;1934
11;2025-05-05;12;1762
11;2025-05-05;13;1899
11;2025-05-05;14;1634
11;2025-05-05;15;1853
11;2025-05-05;16;2167
11;2025-05-05;17;2721
11;2025-05-05;18;3124
11;2025-05-05;19;2345
11;2025-05-05;20;1580
11;2025-05-05;21;850
11;2025-05-05;22;429
11;2025-05-05;23;251
11;2025-05-06;0;52
11;2025-05-06;5;305
11;2025-05-06;6;1363
11;2025-05-06;7;2166
11;2025-05-06;8;2842
11;2025-05-06;9;2330
11;2025-05-06;10;1704
11;2025-05-06;11;1999
11;2025-05-06;12;1738
11;2025-05-06;13;1784
11;2025-05-06;14;2027
11;2025-05-06;15;2093
11;2025-05-06;16;2144
11;2025-05-06;17;2744
11;2025-05-06;18;2773
11;2025-05-06;19;2338
11;2025-05-06;20;1509
11;2025-05-06;21;1051
11;2025-05-06;22;525
11;2025-05-06;23;339
11;2025-05-07;0;51
11;2025-05-07;5;325
11;2025-05-07;6;1323
11;2025-05-07;7;1999
11;2025-05-07;8;3148
11;2025-05-07;9;2216
11;2025-05-07;10;2324
11;2025-05-07;11;2099
11;2025-05-07;12;1973
11;2025-05-07;13;2009
11;2025-05-07;14;2098
11;2025-05-07;15;2477
11;2025-05-07;16;2247
11;2025-05-07;17;2880
11;2025-05-07;18;2938
11;2025-05-07;19;2138
11;2025-05-07;20;2027
11;2025-05-07;21;1122
11;2025-05-07;22;622
11;2025-05-07;23;361
11;2025-05-08;0;99
11;2025-05-08;1;3
11;2025-05-08;4;7
11;2025-05-08;5;263
11;2025-05-08;6;875
11;2025-05-08;7;636
11;2025-05-08;8;845
11;2025-05-08;9;908
11;2025-05-08;10;1003
11;2025-05-08;11;1462
11;2025-05-08;12;1523
11;2025-05-08;13;1373
11;2025-05-08;14;1389
11;2025-05-08;15;1561
11;2025-05-08;16;1511
11;2025-05-08;17;1674
11;2025-05-08;18;1582
11;2025-05-08;19;1358
11;2025-05-08;20;1403
11;2025-05-08;21;825
11;2025-05-08;22;459
11;2025-05-08;23;268
11;2025-05-09;0;81
11;2025-05-09;1;7
11;2025-05-09;4;3
11;2025-05-09;5;163
11;2025-05-09;6;397
11;2025-05-09;7;410
11;2025-05-09;8;591
11;2025-05-09;9;703
11;2025-05-09;10;643
11;2025-05-09;11;1018
11;2025-05-09;12;1348
11;2025-05-09;13;1224
11;2025-05-09;14;1624
11;2025-05-09;15;1630
11;2025-05-09;16;1593
11;2025-05-09;17;1514
11;2025-05-09;18;1339
11;2025-05-09;19;1324
11;2025-05-09;20;1379
11;2025-05-09;21;1224
11;2025-05-09;22;758
11;2025-05-09;23;457
11;2025-05-10;0;130
11;2025-05-10;1;14
11;2025-05-10;4;8
11;2025-05-10;5;234
11;2025-05-10;6;673
11;2025-05-10;7;542
11;2025-05-10;8;780
11;2025-05-10;9;786
11;2025-05-10;10;907
11;2025-05-10;11;1209
11;2025-05-10;12;1498
11;2025-05-10;13;1408
11;2025-05-10;14;1509
11;2025-05-10;15;1502
11;2025-05-10;16;1466
11;2025-05-10;17;1399
11;2025-05-10;18;1377
11;2025-05-10;19;1210
11;2025-05-10;20;844
11;2025-05-10;21;746
11;2025-05-10;22;477
11;2025-05-10;23;225
11;2025-05-11;0;61
11;2025-05-11;1;10
11;2025-05-11;4;6
11;2025-05-11;5;124
11;2025-05-11;6;568
11;2025-05-11;7;546
11;2025-05-11;8;616
11;2025-05-11;9;808
11;2025-05-11;10;826
11;2025-05-11;11;1241
11;2025-05-11;12;1349
11;2025-05-11;13;1326
11;2025-05-11;14;1200
11;2025-05-11;15;1295
11;2025-05-11;16;1262
11;2025-05-11;17;1372
11;2025-05-11;18;928
11;2025-05-11;19;1050
11;2025-05-11;20;890
11;2025-05-11;21;587
11;2025-05-11;22;315
11;2025-05-11;23;193
11;2025-05-12;0;52
11;2025-05-12;1;3
11;2025-05-12;5;262
11;2025-05-12;6;1472
11;2025-05-12;7;2103
11;2025-05-12;8;2739
11;2025-05-12;9;2356
11;2025-05-12;10;1691
11;2025-05-12;11;1722
11;2025-05-12;12;1556
11;2025-05-12;13;1768
11;2025-05-12;14;1648
11;2025-05-12;15;2140
11;2025-05-12;16;2391
11;2025-05-12;17;2859
11;2025-05-12;18;3376
11;2025-05-12;19;2322
11;2025-05-12;20;1663
11;2025-05-12;21;867
11;2025-05-12;22;516
11;2025-05-12;23;208
11;2025-05-13;0;83
11;2025-05-13;5;242
11;2025-05-13;6;1438
11;2025-05-13;7;2404
11;2025-05-13;8;3046
11;2025-05-13;9;2380
11;2025-05-13;10;1883
11;2025-05-13;11;1813
11;2025-05-13;12;1921
11;2025-05-13;13;1907
11;2025-05-13;14;1989
11;2025-05-13;15;1812
11;2025-05-13;16;2213
11;2025-05-13;17;2960
11;2025-05-13;18;3129
11;2025-05-13;19;2381
11;2025-05-13;20;1467
11;2025-05-13;21;896
11;2025-05-13;22;434
11;2025-05-13;23;211
11;2025-05-14;0;70
11;2025-05-14;5;313
11;2025-05-14;6;1496
11;2025-05-14;7;2608
11;2025-05-14;8;3622
11;2025-05-14;9;2289
11;2025-05-14;10;1900
11;2025-05-14;11;1697
11;2025-05-14;12;2089
11;2025-05-14;13;1751
11;2025-05-14;14;1765
11;2025-05-14;15;2055
11;2025-05-14;16;2186
11;2025-05-14;17;2756
11;2025-05-14;18;2804
11;2025-05-14;19;2521
11;2025-05-14;20;1361
11;2025-05-14;21;854
11;2025-05-14;22;512
11;2025-05-14;23;288
11;2025-05-15;0;80
11;2025-05-15;1;3
11;2025-05-15;5;353
11;2025-05-15;6;1250
11;2025-05-15;7;2390
11;2025-05-15;8;3302
11;2025-05-15;9;2459
11;2025-05-15;10;2447
11;2025-05-15;11;1801
11;2025-05-15;12;2123
11;2025-05-15;13;2224
11;2025-05-15;14;1934
11;2025-05-15;15;2212
11;2025-05-15;16;2126
11;2025-05-15;17;2498
11;2025-05-15;18;3028
11;2025-05-15;19;2754
11;2025-05-15;20;1681
11;2025-05-15;21;967
11;2025-05-15;22;591
11;2025-05-15;23;264
11;2025-05-16;0;68
11;2025-05-16;5;295
11;2025-05-16;6;1419
11;2025-05-16;7;2325
11;2025-05-16;8;2797
11;2025-05-16;9;2305
11;2025-05-16;10;2056
11;2025-05-16;11;2172
11;2025-05-16;12;1970
11;2025-05-16;13;2005
11;2025-05-16;14;2257
11;2025-05-16;15;2654
11;2025-05-16;16;2323
11;2025-05-16;17;3490
11;2025-05-16;18;2890
11;2025-05-16;19;2342
11;2025-05-16;20;1755
11;2025-05-16;21;1225
11;2025-05-16;22;548
11;2025-05-16;23;357
11;2025-05-17;0;80
11;2025-05-17;4;9
11;2025-05-17;5;249
11;2025-05-17;6;884
11;2025-05-17;7;696
11;2025-05-17;8;967
11;2025-05-17;9;1209
11;2025-05-17;10;1300
11;2025-05-17;11;1887
11;2025-05-17;12;2084
11;2025-05-17;13;1845
11;2025-05-17;14;2095
11;2025-05-17;15;1783
11;2025-05-17;16;1865
11;2025-05-17;17;2001
11;2025-05-17;18;1722
11;2025-05-17;19;1708
11;2025-05-17;20;1403
11;2025-05-17;21;927
11;2025-05-17;22;547
11;2025-05-17;23;397
11;2025-05-18;0;166
11;2025-05-18;1;4
11;2025-05-18;4;8
11;2025-05-18;5;140
11;2025-05-18;6;535
11;2025-05-18;7;644
11;2025-05-18;8;708
11;2025-05-18;9;961
11;2025-05-18;10;1147
11;2025-05-18;11;1432
11;2025-05-18;12;1452
11;2025-05-18;13;1393
11;2025-05-18;14;1386
11;2025-05-18;15;1285
11;2025-05-18;16;1334
11;2025-05-18;17;1396
11;2025-05-18;18;1284
11;2025-05-18;19;1027
11;2025-05-18;20;948
11;2025-05-18;21;624
11;2025-05-18;22;369
11;2025-05-18;23;181
11;2025-05-19;0;39
11;2025-05-19;1;21
11;2025-05-19;5;318
11;2025-05-19;6;1320
11;2025-05-19;7;2309
11;2025-05-19;8;3172
11;2025-05-19;9;2411
11;2025-05-19;10;1854
11;2025-05-19;11;1825
11;2025-05-19;12;1887
11;2025-05-19;13;1945
11;2025-05-19;14;1913
11;2025-05-19;15;1921
11;2025-05-19;16;1935
11;2025-05-19;17;2659
11;2025-05-19;18;2971
11;2025-05-19;19;2336
11;2025-05-19;20;1663
11;2025-05-19;21;686
11;2025-05-19;22;407
11;2025-05-19;23;226
11;2025-05-20;0;59
11;2025-05-20;5;271
11;2025-05-20;6;1494
11;2025-05-20;7;2382
11;2025-05-20;8;3138
11;2025-05-20;9;2512
11;2025-05-20;10;1981
11;2025-05-20;11;1635
11;2025-05-20;12;1821
11;2025-05-20;13;2037
11;2025-05-20;14;1880
11;2025-05-20;15;2104
11;2025-05-20;16;2414
11;2025-05-20;17;2876
11;2025-05-20;18;3152
11;2025-05-20;19;2265
11;2025-05-20;20;1696
11;2025-05-20;21;892
11;2025-05-20;22;554
11;2025-05-20;23;224
11;2025-05-21;0;55
11;2025-05-21;5;300
11;2025-05-21;6;1293
11;2025-05-21;7;2225
11;2025-05-21;8;3366
11;2025-05-21;9;2327
11;2025-05-21;10;1712
11;2025-05-21;11;1612
11;2025-05-21;12;1750
11;2025-05-21;13;1880
11;2025-05-21;14;2003
11;2025-05-21;15;1908
11;2025-05-21;16;2185
11;2025-05-21;17;3214
11;2025-05-21;18;3108
11;2025-05-21;19;2703
11;2025-05-21;20;1807
11;2025-05-21;21;1112
11;2025-05-21;22;643
11;2025-05-21;23;342
11;2025-05-22;0;53
11;2025-05-22;5;293
11;2025-05-22;6;1445
11;2025-05-22;7;2132
11;2025-05-22;8;3039
11;2025-05-22;9;2626
11;2025-05-22;10;1921
11;2025-05-22;11;2000
11;2025-05-22;12;1592
11;2025-05-22;13;2003
11;2025-05-22;14;2033
11;2025-05-22;15;1901
11;2025-05-22;16;2071
11;2025-05-22;17;2874
11;2025-05-22;18;3076
11;2025-05-22;19;2357
11;2025-05-22;20;1646
11;2025-05-22;21;1088
11;2025-05-22;22;625
11;2025-05-22;23;315
11;2025-05-23;0;108
11;2025-05-23;5;313
11;2025-05-23;6;1402
11;2025-05-23;7;2173
11;2025-05-23;8;3389
11;2025-05-23;9;2232
11;2025-05-23;10;1834
11;2025-05-23;11;1990
11;2025-05-23;12;1932
11;2025-05-23;13;1984
11;2025-05-23;14;2028
11;2025-05-23;15;1992
11;2025-05-23;16;2279
11;2025-05-23;17;2801
11;2025-05-23;18;2543
11;2025-05-23;19;2052
11;2025-05-23;20;1570
11;2025-05-23;21;1010
11;2025-05-23;22;631
11;2025-05-23;23;312
11;2025-05-24;0;104
11;2025-05-24;4;7
11;2025-05-24;5;255
11;2025-05-24;6;811
11;2025-05-24;7;625
11;2025-05-24;8;1018
11;2025-05-24;9;1196
11;2025-05-24;10;1206
11;2025-05-24;11;1646
11;2025-05-24;12;1853
11;2025-05-24;13;1751
11;2025-05-24;14;1556
11;2025-05-24;15;1669
11;2025-05-24;16;1530
11;2025-05-24;17;1861
11;2025-05-24;18;1725
11;2025-05-24;19;1552
11;2025-05-24;20;1186
11;2025-05-24;21;1025
11;2025-05-24;22;513
11;2025-05-24;23;437
11;2025-05-25;0;140
11;2025-05-25;1;16
11;2025-05-25;4;4
11;2025-05-25;5;139
11;2025-05-25;6;493
11;2025-05-25;7;514
11;2025-05-25;8;729
11;2025-05-25;9;1110
11;2025-05-25;10;1195
11;2025-05-25;11;1444
11;2025-05-25;12;1560
11;2025-05-25;13;1678
11;2025-05-25;14;1593
11;2025-05-25;15;1534
11;2025-05-25;16;1765
11;2025-05-25;17;1820
11;2025-05-25;18;1485
11;2025-05-25;19;1577
11;2025-05-25;20;1346
11;2025-05-25;21;909
11;2025-05-25;22;578
11;2025-05-25;23;328
11;2025-05-26;0;101
11;2025-05-26;1;16
11;2025-05-26;5;258
11;2025-05-26;6;1367
11;2025-05-26;7;2526
11;2025-05-26;8;3161
11;2025-05-26;9;2263
11;2025-05-26;10;1680
11;2025-05-26;11;1742
11;2025-05-26;12;1787
11;2025-05-26;13;1568
11;2025-05-26;14;1755
11;2025-05-26;15;1850
11;2025-05-26;16;2262
11;2025-05-26;17;2374
11;2025-05-26;18;3069
11;2025-05-26;19;2318
11;2025-05-26;20;1851
11;2025-05-26;21;795
11;2025-05-26;22;522
11;2025-05-26;23;266
11;2025-05-27;0;88
11;2025-05-27;1;1
11;2025-05-27;5;301
11;2025-05-27;6;1430
11;2025-05-27;7;2386
11;2025-05-27;8;3157
11;2025-05-27;9;2731
11;2025-05-27;10;2135
11;2025-05-27;11;2052
11;2025-05-27;12;1733
11;2025-05-27;13;2150
11;2025-05-27;14;2062
11;2025-05-27;15;2210
11;2025-05-27;16;2265
11;2025-05-27;17;2787
11;2025-05-27;18;2744
11;2025-05-27;19;2006
11;2025-05-27;20;1721
11;2025-05-27;21;885
11;2025-05-27;22;478
11;2025-05-27;23;301
11;2025-05-28;0;64
11;2025-05-28;5;274
11;2025-05-28;6;1243
11;2025-05-28;7;2319
11;2025-05-28;8;3026
11;2025-05-28;9;2247
11;2025-05-28;10;2152
11;2025-05-28;11;1707
11;2025-05-28;12;1768
11;2025-05-28;13;1927
11;2025-05-28;14;1689
11;2025-05-28;15;1962
11;2025-05-28;16;2133
11;2025-05-28;17;2509
11;2025-05-28;18;2809
11;2025-05-28;19;2568
11;2025-05-28;20;1528
11;2025-05-28;21;1321
11;2025-05-28;22;667
11;2025-05-28;23;349
11;2025-05-29;0;67
11;2025-05-29;5;241
11;2025-05-29;6;1348
11;2025-05-29;7;2253
11;2025-05-29;8;2937
11;2025-05-29;9;2677
11;2025-05-29;10;1486
11;2025-05-29;11;1533
11;2025-05-29;12;1478
11;2025-05-29;13;1602
11;2025-05-29;14;1771
11;2025-05-29;15;1775
11;2025-05-29;16;2103
11;2025-05-29;17;2715
11;2025-05-29;18;2897
11;2025-05-29;19;2073
11;2025-05-29;20;1528
11;2025-05-29;21;972
11;2025-05-29;22;414
11;2025-05-29;23;219
11;2025-05-30;0;78
11;2025-05-30;5;281
11;2025-05-30;6;1371
11;2025-05-30;7;2274
11;2025-05-30;8;2834
11;2025-05-30;9;2162
11;2025-05-30;10;1808
11;2025-05-30;11;1456
11;2025-05-30;12;1725
11;2025-05-30;13;1660
11;2025-05-30;14;1605
11;2025-05-30;15;2032
11;2025-05-30;16;2286
11;2025-05-30;17;2461
11;2025-05-30;18;2337
11;2025-05-30;19;1841
11;2025-05-30;20;1275
11;2025-05-30;21;654
11;2025-05-30;22;474
11;2025-05-30;23;300
11;2025-05-31;0;101
11;2025-05-31;1;1
11;2025-05-31;4;6
11;2025-05-31;5;267
11;2025-05-31;6;838
11;2025-05-31;7;716
11;2025-05-31;8;995
11;2025-05-31;9;1172
11;2025-05-31;10;1174
11;2025-05-31;11;1622
11;2025-05-31;12;1801
11;2025-05-31;13;1808
11;2025-05-31;14;1493
11;2025-05-31;15;1797
11;2025-05-31;16;1510
11;2025-05-31;17;1507
11;2025-05-31;18;1694
11;2025-05-31;19;1642
11;2025-05-31;20;1297
11;2025-05-31;21;1031
11;2025-05-31;22;505
11;2025-05-31;23;412
11;2025-06-01;0;126
11;2025-06-01;1;11
11;2025-06-01;4;7
11;2025-06-01;5;173
11;2025-06-01;6;578
11;2025-06-01;7;530
11;2025-06-01;8;800
11;2025-06-01;9;960
11;2025-06-01;10;1147
11;2025-06-01;11;1343
11;2025-06-01;12;1474
11;2025-06-01;13;1385
11;2025-06-01;14;1307
11;2025-06-01;15;1826
11;2025-06-01;16;1636
11;2025-06-01;17;1731
11;2025-06-01;18;1643
11;2025-06-01;19;1355
11;2025-06-01;20;1396
11;2025-06-01;21;914
11;2025-06-01;22;596
11;2025-06-01;23;362
11;2025-06-02;0;101
11;2025-06-02;1;22
11;2025-06-02;5;289
11;2025-06-02;6;1351
11;2025-06-02;7;2271
11;2025-06-02;8;2956
11;2025-06-02;9;2364
11;2025-06-02;10;1558
11;2025-06-02;11;1657
11;2025-06-02;12;1704
11;2025-06-02;13;1892
11;2025-06-02;14;1732
11;2025-06-02;15;1871
11;2025-06-02;16;2034
11;2025-06-02;17;2748
11;2025-06-02;18;3242
11;2025-06-02;19;2176
11;2025-06-02;20;1784
11;2025-06-02;21;1181
11;2025-06-02;22;503
11;2025-06-02;23;329
11;2025-06-03;0;72
11;2025-06-03;5;243
11;2025-06-03;6;1303
11;2025-06-03;7;2374
11;2025-06-03;8;3100
11;2025-06-03;9;2304
11;2025-06-03;10;1789
11;2025-06-03;11;1889
11;2025-06-03;12;1885
11;2025-06-03;13;1882
11;2025-06-03;14;1840
11;2025-06-03;15;1799
11;2025-06-03;16;1971
11;2025-06-03;17;2681
11;2025-06-03;18;2973
11;2025-06-03;19;2545
11;2025-06-03;20;1649
11;2025-06-03;21;894
11;2025-06-03;22;580
11;2025-06-03;23;286
11;2025-06-04;0;64
11;2025-06-04;1;2
11;2025-06-04;5;247
11;2025-06-04;6;1393
11;2025-06-04;7;2259
11;2025-06-04;8;3025
11;2025-06-04;9;2337
11;2025-06-04;10;2009
11;2025-06-04;11;1849
11;2025-06-04;12;1934
11;2025-06-04;13;1694
11;2025-06-04;14;1816
11;2025-06-04;15;1876
11;2025-06-04;16;2099
11;2025-06-04;17;3057
11;2025-06-04;18;3528
11;2025-06-04;19;2516
11;2025-06-04;20;1785
11;2025-06-04;21;1172
11;2025-06-04;22;723
11;2025-06-04;23;353
11;2025-06-05;0;93
11;2025-06-05;5;273
11;2025-06-05;6;1400
11;2025-06-05;7;2038
11;2025-06-05;8;2961
11;2025-06-05;9;2466
11;2025-06-05;10;1826
11;2025-06-05;11;1913
11;2025-06-05;12;2001
11;2025-06-05;13;2212
11;2025-06-05;14;2394
11;2025-06-05;15;2392
11;2025-06-05;16;2393
11;2025-06-05;17;2855
11;2025-06-05;18;3267
11;2025-06-05;19;2319
11;2025-06-05;20;1809
11;2025-06-05;21;902
11;2025-06-05;22;637
11;2025-06-05;23;419
11;2025-06-06;0;83
11;2025-06-06;1;4
11;2025-06-06;5;241
11;2025-06-06;6;927
11;2025-06-06;7;1894
11;2025-06-06;8;2904
11;2025-06-06;9;3080
11;2025-06-06;10;2378
11;2025-06-06;11;2291
11;2025-06-06;12;2304
11;2025-06-06;13;2383
11;2025-06-06;14;2408
11;2025-06-06;15;2212
11;2025-06-06;16;2823
11;2025-06-06;17;3123
11;2025-06-06;18;2694
11;2025-06-06;19;2466
11;2025-06-06;20;1631
11;2025-06-06;21;1217
11;2025-06-06;22;605
11;2025-06-06;23;395
11;2025-06-07;0;104
11;2025-06-07;4;5
11;2025-06-07;5;274
11;2025-06-07;6;847
11;2025-06-07;7;834
11;2025-06-07;8;1099
11;2025-06-07;9;1323
11;2025-06-07;10;1426
11;2025-06-07;11;1709
11;2025-06-07;12;1819
11;2025-06-07;13;1605
11;2025-06-07;14;1337
11;2025-06-07;15;1566
11;2025-06-07;16;1620
11;2025-06-07;17;1687
11;2025-06-07;18;1532
11;2025-06-07;19;1586
11;2025-06-07;20;1363
11;2025-06-07;21;974
11;2025-06-07;22;522
11;2025-06-07;23;367
11;2025-06-08;0;123
11;2025-06-08;1;35
11;2025-06-08;4;4
11;2025-06-08;5;179
11;2025-06-08;6;589
11;2025-06-08;7;523
11;2025-06-08;8;870
11;2025-06-08;9;960
11;2025-06-08;10;1129
11;2025-06-08;11;1472
11;2025-06-08;12;1576
11;2025-06-08;13;1362
11;2025-06-08;14;928
11;2025-06-08;15;1227
11;2025-06-08;16;1191
11;2025-06-08;17;1459
11;2025-06-08;18;1139
11;2025-06-08;19;798
11;2025-06-08;20;781
11;2025-06-08;21;671
11;2025-06-08;22;373
11;2025-06-08;23;217
11;2025-06-09;0;53
11;2025-06-09;1;7
11;2025-06-09;5;293
11;2025-06-09;6;1282
11;2025-06-09;7;2260
11;2025-06-09;8;2780
11;2025-06-09;9;2083
11;2025-06-09;10;1702
11;2025-06-09;11;1677
11;2025-06-09;12;1456
11;2025-06-09;13;1512
11;2025-06-09;14;1665
11;2025-06-09;15;1993
11;2025-06-09;16;1976
11;2025-06-09;17;2674
11;2025-06-09;18;3508
11;2025-06-09;19;2429
11;2025-06-09;20;1915
11;2025-06-09;21;1132
11;2025-06-09;22;500
11;2025-06-09;23;167
11;2025-06-10;0;82
11;2025-06-10;1;1
11;2025-06-10;5;309
11;2025-06-10;6;1392
11;2025-06-10;7;2394
11;2025-06-10;8;2806
11;2025-06-10;9;2611
11;2025-06-10;10;2012
11;2025-06-10;11;1844
11;2025-06-10;12;1902
11;2025-06-10;13;1753
11;2025-06-10;14;1971
11;2025-06-10;15;1916
11;2025-06-10;16;2216
11;2025-06-10;17;2324
11;2025-06-10;18;2840
11;2025-06-10;19;1945
11;2025-06-10;20;1649
11;2025-06-10;21;786
11;2025-06-10;22;534
11;2025-06-10;23;221
11;2025-06-11;0;46
11;2025-06-11;5;304
11;2025-06-11;6;1379
11;2025-06-11;7;2354
11;2025-06-11;8;2896
11;2025-06-11;9;2306
11;2025-06-11;10;1792
11;2025-06-11;11;1851
11;2025-06-11;12;1706
11;2025-06-11;13;1800
11;2025-06-11;14;2040
11;2025-06-11;15;2111
11;2025-06-11;16;2251
11;2025-06-11;17;2479
11;2025-06-11;18;2303
11;2025-06-11;19;2108
11;2025-06-11;20;1545
11;2025-06-11;21;992
11;2025-06-11;22;481
11;2025-06-11;23;336
11;2025-06-12;0;95
11;2025-06-12;4;1
11;2025-06-12;5;247
11;2025-06-12;6;840
11;2025-06-12;7;635
11;2025-06-12;8;652
11;2025-06-12;9;845
11;2025-06-12;10;1106
11;2025-06-12;11;1425
11;2025-06-12;12;1609
11;2025-06-12;13;1560
11;2025-06-12;14;1711
11;2025-06-12;15;1738
11;2025-06-12;16;1390
11;2025-06-12;17;1609
11;2025-06-12;18;1649
11;2025-06-12;19;1652
11;2025-06-12;20;1389
11;2025-06-12;21;1146
11;2025-06-12;22;596
11;2025-06-12;23;339
11;2025-06-13;0;120
11;2025-06-13;1;17
11;2025-06-13;4;4
11;2025-06-13;5;224
11;2025-06-13;6;829
11;2025-06-13;7;698
11;2025-06-13;8;820
11;2025-06-13;9;1012
11;2025-06-13;10;1122
11;2025-06-13;11;1417
11;2025-06-13;12;1547
11;2025-06-13;13;1237
11;2025-06-13;14;1368
11;2025-06-13;15;1293
11;2025-06-13;16;1154
11;2025-06-13;17;1079
11;2025-06-13;18;1094
11;2025-06-13;19;1150
11;2025-06-13;20;1073
11;2025-06-13;21;677
11;2025-06-13;22;466
11;2025-06-13;23;297
11;2025-06-14;0;86
11;2025-06-14;1;10
11;2025-06-14;4;2
11;2025-06-14;5;219
11;2025-06-14;6;636
11;2025-06-14;7;646
11;2025-06-14;8;768
11;2025-06-14;9;899
11;2025-06-14;10;626
11;2025-06-14;11;797
11;2025-06-14;12;865
11;2025-06-14;13;904
11;2025-06-14;14;915
11;2025-06-14;15;1074
11;2025-06-14;16;1157
11;2025-06-14;17;1111
11;2025-06-14;18;1189
11;2025-06-14;19;1232
11;2025-06-14;20;1200
11;2025-06-14;21;797
11;2025-06-14;22;585
11;2025-06-14;23;317
11;2025-06-15;0;113
11;2025-06-15;1;7
11;2025-06-15;4;7
11;2025-06-15;5;121
11;2025-06-15;6;474
11;2025-06-15;7;474
11;2025-06-15;8;597
11;2025-06-15;9;817
11;2025-06-15;10;802
11;2025-06-15;11;1186
11;2025-06-15;12;1344
11;2025-06-15;13;1075
11;2025-06-15;14;1443
11;2025-06-15;15;1368
11;2025-06-15;16;1245
11;2025-06-15;17;1468
11;2025-06-15;18;1428
11;2025-06-15;19;1216
11;2025-06-15;20;918
11;2025-06-15;21;809
11;2025-06-15;22;464
11;2025-06-15;23;284
11;2025-06-16;0;92
11;2025-06-16;1;8
11;2025-06-16;5;282
11;2025-06-16;6;1284
11;2025-06-16;7;2048
11;2025-06-16;8;2822
11;2025-06-16;9;2267
11;2025-06-16;10;1683
11;2025-06-16;11;1826
11;2025-06-16;12;1868
11;2025-06-16;13;1811
11;2025-06-16;14;1857
11;2025-06-16;15;1904
11;2025-06-16;16;2099
11;2025-06-16;17;2818
11;2025-06-16;18;3607
11;2025-06-16;19;2571
11;2025-06-16;20;1593
11;2025-06-16;21;1013
11;2025-06-16;22;594
11;2025-06-16;23;348
11;2025-06-17;0;91
11;2025-06-17;5;327
11;2025-06-17;6;1274
11;2025-06-17;7;2189
11;2025-06-17;8;2945
11;2025-06-17;9;2475
11;2025-06-17;10;1837
11;2025-06-17;11;1821
11;2025-06-17;12;1913
11;2025-06-17;13;1850
11;2025-06-17;14;2051
11;2025-06-17;15;1902
11;2025-06-17;16;2134
11;2025-06-17;17;2779
11;2025-06-17;18;3029
11;2025-06-17;19;2359
11;2025-06-17;20;1688
11;2025-06-17;21;890
11;2025-06-17;22;489
11;2025-06-17;23;244
11;2025-06-18;0;57
11;2025-06-18;5;287
11;2025-06-18;6;1366
11;2025-06-18;7;2193
11;2025-06-18;8;2910
11;2025-06-18;9;2227
11;2025-06-18;10;1516
11;2025-06-18;11;1635
11;2025-06-18;12;1532
11;2025-06-18;13;1593
11;2025-06-18;14;1859
11;2025-06-18;15;1793
11;2025-06-18;16;2028
11;2025-06-18;17;2529
11;2025-06-18;18;2832
11;2025-06-18;19;2370
11;2025-06-18;20;1487
11;2025-06-18;21;921
11;2025-06-18;22;373
11;2025-06-18;23;265
11;2025-06-19;0;73
11;2025-06-19;5;273
11;2025-06-19;6;1225
11;2025-06-19;7;2120
11;2025-06-19;8;2690
11;2025-06-19;9;1896
11;2025-06-19;10;1537
11;2025-06-19;11;1376
11;2025-06-19;12;1337
11;2025-06-19;13;1578
11;2025-06-19;14;1583
11;2025-06-19;15;1586
11;2025-06-19;16;1820
11;2025-06-19;17;2344
11;2025-06-19;18;2927
11;2025-06-19;19;1939
11;2025-06-19;20;1564
11;2025-06-19;21;924
11;2025-06-19;22;454
11;2025-06-19;23;328
11;2025-06-20;0;102
11;2025-06-20;1;2
11;2025-06-20;5;244
11;2025-06-20;6;1270
11;2025-06-20;7;1967
11;2025-06-20;8;2461
11;2025-06-20;9;2061
11;2025-06-20;10;1405
11;2025-06-20;11;1486
11;2025-06-20;12;1468
11;2025-06-20;13;1426
11;2025-06-20;14;1447
11;2025-06-20;15;1664
11;2025-06-20;16;2026
11;2025-06-20;17;2589
11;2025-06-20;18;2182
11;2025-06-20;19;1804
11;2025-06-20;20;1419
11;2025-06-20;21;827
11;2025-06-20;22;492
11;2025-06-20;23;275
11;2025-06-21;0;92
11;2025-06-21;1;7
11;2025-06-21;4;5
11;2025-06-21;5;239
11;2025-06-21;6;833
11;2025-06-21;7;731
11;2025-06-21;8;887
11;2025-06-21;9;1139
11;2025-06-21;10;1123
11;2025-06-21;11;1537
11;2025-06-21;12;1775
11;2025-06-21;13;1788
11;2025-06-21;14;1639
11;2025-06-21;15;1482
11;2025-06-21;16;1745
11;2025-06-21;17;1726
11;2025-06-21;18;1478
11;2025-06-21;19;1545
11;2025-06-21;20;1147
11;2025-06-21;21;914
11;2025-06-21;22;662
11;2025-06-21;23;420
11;2025-06-22;0;119
11;2025-06-22;1;16
11;2025-06-22;4;6
11;2025-06-22;5;171
11;2025-06-22;6;523
11;2025-06-22;7;515
11;2025-06-22;8;717
11;2025-06-22;9;909
11;2025-06-22;10;939
11;2025-06-22;11;1282
11;2025-06-22;12;1323
11;2025-06-22;13;1305
11;2025-06-22;14;1331
11;2025-06-22;15;1517
11;2025-06-22;16;1388
11;2025-06-22;17;1618
11;2025-06-22;18;1335
11;2025-06-22;19;1275
11;2025-06-22;20;1044
11;2025-06-22;21;628
11;2025-06-22;22;469
11;2025-06-22;23;291
11;2025-06-23;0;80
11;2025-06-23;1;3
11;2025-06-23;5;295
11;2025-06-23;6;1330
11;2025-06-23;7;2086
11;2025-06-23;8;2893
11;2025-06-23;9;2331
11;2025-06-23;10;1718
11;2025-06-23;11;1786
11;2025-06-23;12;1786
11;2025-06-23;13;1849
11;2025-06-23;14;2009
11;2025-06-23;15;1847
11;2025-06-23;16;1925
11;2025-06-23;17;2484
11;2025-06-23;18;3105
11;2025-06-23;19;2200
11;2025-06-23;20;1637
11;2025-06-23;21;1023
11;2025-06-23;22;501
11;2025-06-23;23;245
11;2025-06-24;0;59
11;2025-06-24;5;291
11;2025-06-24;6;1279
11;2025-06-24;7;2198
11;2025-06-24;8;3380
11;2025-06-24;9;2579
11;2025-06-24;10;2076
11;2025-06-24;11;2010
11;2025-06-24;12;1999
11;2025-06-24;13;2038
11;2025-06-24;14;2125
11;2025-06-24;15;1847
11;2025-06-24;16;1844
11;2025-06-24;17;2554
11;2025-06-24;18;2985
11;2025-06-24;19;2361
11;2025-06-24;20;1517
11;2025-06-24;21;851
11;2025-06-24;22;396
11;2025-06-24;23;249
11;2025-06-25;0;65
11;2025-06-25;5;325
11;2025-06-25;6;1260
11;2025-06-25;7;2091
11;2025-06-25;8;2741
11;2025-06-25;9;2239
11;2025-06-25;10;1794
11;2025-06-25;11;1703
11;2025-06-25;12;1649
11;2025-06-25;13;1934
11;2025-06-25;14;1600
11;2025-06-25;15;1396
11;2025-06-25;16;1648
11;2025-06-25;17;2511
11;2025-06-25;18;2780
11;2025-06-25;19;1931
11;2025-06-25;20;1549
11;2025-06-25;21;813
11;2025-06-25;22;406
11;2025-06-25;23;258
11;2025-06-26;0;65
11;2025-06-26;1;1
11;2025-06-26;5;260
11;2025-06-26;6;1270
11;2025-06-26;7;2277
11;2025-06-26;8;2639
11;2025-06-26;9;2206
11;2025-06-26;10;1823
11;2025-06-26;11;1729
11;2025-06-26;12;1832
11;2025-06-26;13;1971
11;2025-06-26;14;1743
11;2025-06-26;15;1959
11;2025-06-26;16;2028
11;2025-06-26;17;2733
11;2025-06-26;18;3072
11;2025-06-26;19;2382
11;2025-06-26;20;1550
11;2025-06-26;21;1019
11;2025-06-26;22;571
11;2025-06-26;23;325
11;2025-06-27;0;88
11;2025-06-27;4;1
11;2025-06-27;5;289
11;2025-06-27;6;1028
11;2025-06-27;7;1874
11;2025-06-27;8;2160
11;2025-06-27;9;1827
11;2025-06-27;10;1299
11;2025-06-27;11;1707
11;2025-06-27;12;1693
11;2025-06-27;13;1833
11;2025-06-27;14;1800
11;2025-06-27;15;1784
11;2025-06-27;16;2085
11;2025-06-27;17;2467
11;2025-06-27;18;2523
11;2025-06-27;19;2025
11;2025-06-27;20;1502
11;2025-06-27;21;800
11;2025-06-27;22;474
11;2025-06-27;23;247
11;2025-06-28;0;125
11;2025-06-28;1;8
11;2025-06-28;4;5
11;2025-06-28;5;313
11;2025-06-28;6;940
11;2025-06-28;7;656
11;2025-06-28;8;942
11;2025-06-28;9;972
11;2025-06-28;10;1341
11;2025-06-28;11;1456
11;2025-06-28;12;1545
11;2025-06-28;13;1532
11;2025-06-28;14;1565
11;2025-06-28;15;1734
11;2025-06-28;16;1824
11;2025-06-28;17;1806
11;2025-06-28;18;1765
11;2025-06-28;19;1613
11;2025-06-28;20;1460
11;2025-06-28;21;1074
11;2025-06-28;22;635
11;2025-06-28;23;408
11;2025-06-29;0;131
11;2025-06-29;1;22
11;2025-06-29;4;7
11;2025-06-29;5;179
11;2025-06-29;6;650
11;2025-06-29;7;596
11;2025-06-29;8;641
11;2025-06-29;9;913
11;2025-06-29;10;997
11;2025-06-29;11;1461
11;2025-06-29;12;1412
11;2025-06-29;13;1386
11;2025-06-29;14;1317
11;2025-06-29;15;1206
11;2025-06-29;16;1227
11;2025-06-29;17;1240
11;2025-06-29;18;1029
11;2025-06-29;19;763
11;2025-06-29;20;742
11;2025-06-29;21;608
11;2025-06-29;22;364
11;2025-06-29;23;165
11;2025-06-30;0;62
11;2025-06-30;1;5
11;2025-06-30;5;238
11;2025-06-30;6;1278
11;2025-06-30;7;2043
11;2025-06-30;8;2588
11;2025-06-30;9;2123
11;2025-06-30;10;1429
11;2025-06-30;11;1580
11;2025-06-30;12;1394
11;2025-06-30;13;1478
11;2025-06-30;14;1553
11;2025-06-30;15;1405
11;2025-06-30;16;1852
11;2025-06-30;17;2437
11;2025-06-30;18;2867
11;2025-06-30;19;2307
11;2025-06-30;20;1598
11;2025-06-30;21;736
11;2025-06-30;22;486
11;2025-06-30;23;270
11;2025-07-01;0;49
11;2025-07-01;5;210
11;2025-07-01;6;1250
11;2025-07-01;7;2030
11;2025-07-01;8;2444
11;2025-07-01;9;2020
11;2025-07-01;10;1404
11;2025-07-01;11;1575
11;2025-07-01;12;1656
11;2025-07-01;13;1624
11;2025-07-01;14;1600
11;2025-07-01;15;1458
11;2025-07-01;16;1779
11;2025-07-01;17;2581
11;2025-07-01;18;2830
11;2025-07-01;19;2259
11;2025-07-01;20;1569
11;2025-07-01;21;831
11;2025-07-01;22;443
11;2025-07-01;23;285
11;2025-07-02;0;82
11;2025-07-02;5;251
11;2025-07-02;6;1226
11;2025-07-02;7;1989
11;2025-07-02;8;2554
11;2025-07-02;9;2124
11;2025-07-02;10;1723
11;2025-07-02;11;1742
11;2025-07-02;12;1590
11;2025-07-02;13;1678
11;2025-07-02;14;1598
11;2025-07-02;15;1684
11;2025-07-02;16;1831
11;2025-07-02;17;2691
11;2025-07-02;18;3137
11;2025-07-02;19;2232
11;2025-07-02;20;1595
11;2025-07-02;21;958
11;2025-07-02;22;441
11;2025-07-02;23;291
11;2025-07-03;0;54
11;2025-07-03;5;305
11;2025-07-03;6;1322
11;2025-07-03;7;2007
11;2025-07-03;8;2479
11;2025-07-03;9;2327
11;2025-07-03;10;1904
11;2025-07-03;11;1679
11;2025-07-03;12;1768
11;2025-07-03;13;1820
11;2025-07-03;14;1795
11;2025-07-03;15;2164
11;2025-07-03;16;2150
11;2025-07-03;17;2687
11;2025-07-03;18;2623
11;2025-07-03;19;1966
11;2025-07-03;20;1733
11;2025-07-03;21;1033
11;2025-07-03;22;474
11;2025-07-03;23;323
11;2025-07-04;0;85
11;2025-07-04;5;262
11;2025-07-04;6;1305
11;2025-07-04;7;2010
11;2025-07-04;8;2231
11;2025-07-04;9;1991
11;2025-07-04;10;1449
11;2025-07-04;11;1588
11;2025-07-04;12;1763
11;2025-07-04;13;1453
11;2025-07-04;14;1748
11;2025-07-04;15;1730
11;2025-07-04;16;1707
11;2025-07-04;17;2217
11;2025-07-04;18;2310
11;2025-07-04;19;1908
11;2025-07-04;20;1372
11;2025-07-04;21;1033
11;2025-07-04;22;502
11;2025-07-04;23;298
11;2025-07-05;0;105
11;2025-07-05;1;8
11;2025-07-05;4;2
11;2025-07-05;5;201
11;2025-07-05;6;744
11;2025-07-05;7;621
11;2025-07-05;8;887
11;2025-07-05;9;989
11;2025-07-05;10;1277
11;2025-07-05;11;1639
11;2025-07-05;12;1672
11;2025-07-05;13;1528
11;2025-07-05;14;1612
11;2025-07-05;15;1619
11;2025-07-05;16;1574
11;2025-07-05;17;1835
11;2025-07-05;18;1589
11;2025-07-05;19;1736
11;2025-07-05;20;1284
11;2025-07-05;21;838
11;2025-07-05;22;451
11;2025-07-05;23;346
11;2025-07-06;0;184
11;2025-07-06;1;14
11;2025-07-06;4;4
11;2025-07-06;5;128
11;2025-07-06;6;548
11;2025-07-06;7;562
11;2025-07-06;8;702
11;2025-07-06;9;764
11;2025-07-06;10;994
11;2025-07-06;11;1316
11;2025-07-06;12;1312
11;2025-07-06;13;1366
11;2025-07-06;14;1418
11;2025-07-06;15;1487
11;2025-07-06;16;1332
11;2025-07-06;17;1502
11;2025-07-06;18;1234
11;2025-07-06;19;1199
11;2025-07-06;20;905
11;2025-07-06;21;675
11;2025-07-06;22;460
11;2025-07-06;23;295
11;2025-07-07;0;114
11;2025-07-07;1;9
11;2025-07-07;5;322
11;2025-07-07;6;1251
11;2025-07-07;7;1895
11;2025-07-07;8;2471
11;2025-07-07;9;1961
11;2025-07-07;10;1489
11;2025-07-07;11;1392
11;2025-07-07;12;1442
11;2025-07-07;13;1396
11;2025-07-07;14;1413
11;2025-07-07;15;1289
11;2025-07-07;16;1796
11;2025-07-07;17;2597
11;2025-07-07;18;2883
11;2025-07-07;19;2425
11;2025-07-07;20;1792
11;2025-07-07;21;994
11;2025-07-07;22;645
11;2025-07-07;23;392
11;2025-07-08;0;125
11;2025-07-08;1;2
11;2025-07-08;5;288
11;2025-07-08;6;1291
11;2025-07-08;7;2134
11;2025-07-08;8;2605
11;2025-07-08;9;2237
11;2025-07-08;10;1830
11;2025-07-08;11;1648
11;2025-07-08;12;1578
11;2025-07-08;13;1404
11;2025-07-08;14;1402
11;2025-07-08;15;1351
11;2025-07-08;16;1630
11;2025-07-08;17;2111
11;2025-07-08;18;2898
11;2025-07-08;19;2497
11;2025-07-08;20;1816
11;2025-07-08;21;967
11;2025-07-08;22;512
11;2025-07-08;23;325
11;2025-07-09;0;111
11;2025-07-09;5;301
11;2025-07-09;6;1394
11;2025-07-09;7;2008
11;2025-07-09;8;2504
11;2025-07-09;9;2153
11;2025-07-09;10;1685
11;2025-07-09;11;1440
11;2025-07-09;12;1728
11;2025-07-09;13;1747
11;2025-07-09;14;1639
11;2025-07-09;15;1580
11;2025-07-09;16;1948
11;2025-07-09;17;2333
11;2025-07-09;18;2818
11;2025-07-09;19;2138
11;2025-07-09;20;1583
11;2025-07-09;21;881
11;2025-07-09;22;674
11;2025-07-09;23;291
11;2025-07-10;0;92
11;2025-07-10;5;242
11;2025-07-10;6;1440
11;2025-07-10;7;2022
11;2025-07-10;8;2475
11;2025-07-10;9;2217
11;2025-07-10;10;1728
11;2025-07-10;11;1498
11;2025-07-10;12;1490
11;2025-07-10;13;1468
11;2025-07-10;14;1557
11;2025-07-10;15;1373
11;2025-07-10;16;1348
11;2025-07-10;17;2182
11;2025-07-10;18;2998
11;2025-07-10;19;2285
11;2025-07-10;20;1578
11;2025-07-10;21;1030
11;2025-07-10;22;615
11;2025-07-10;23;325
11;2025-07-11;0;110
11;2025-07-11;1;1
11;2025-07-11;5;263
11;2025-07-11;6;1242
11;2025-07-11;7;1871
11;2025-07-11;8;2502
11;2025-07-11;9;1834
11;2025-07-11;10;1491
11;2025-07-11;11;1420
11;2025-07-11;12;1262
11;2025-07-11;13;1240
11;2025-07-11;14;1393
11;2025-07-11;15;1411
11;2025-07-11;16;1684
11;2025-07-11;17;1929
11;2025-07-11;18;2021
11;2025-07-11;19;1895
11;2025-07-11;20;1495
11;2025-07-11;21;964
11;2025-07-11;22;472
11;2025-07-11;23;300
11;2025-07-12;0;147
11;2025-07-12;1;3
11;2025-07-12;5;172
11;2025-07-12;6;805
11;2025-07-12;7;703
11;2025-07-12;8;853
11;2025-07-12;9;1102
11;2025-07-12;10;1010
11;2025-07-12;11;1226
11;2025-07-12;12;1164
11;2025-07-12;13;923
11;2025-07-12;14;1035
11;2025-07-12;15;1035
11;2025-07-12;16;1269
11;2025-07-12;17;1480
11;2025-07-12;18;868
11;2025-07-12;19;1168
11;2025-07-12;20;1021
11;2025-07-12;21;658
11;2025-07-12;22;398
11;2025-07-12;23;296
11;2025-07-13;0;92
11;2025-07-13;1;14
11;2025-07-13;5;119
11;2025-07-13;6;599
11;2025-07-13;7;566
11;2025-07-13;8;666
11;2025-07-13;9;902
11;2025-07-13;10;1061
11;2025-07-13;11;1288
11;2025-07-13;12;1165
11;2025-07-13;13;1110
11;2025-07-13;14;1155
11;2025-07-13;15;1305
11;2025-07-13;16;1395
11;2025-07-13;17;1545
11;2025-07-13;18;1186
11;2025-07-13;19;1290
11;2025-07-13;20;1101
11;2025-07-13;21;886
11;2025-07-13;22;485
11;2025-07-13;23;263
11;2025-07-14;0;121
11;2025-07-14;1;17
11;2025-07-14;5;255
11;2025-07-14;6;1373
11;2025-07-14;7;1986
11;2025-07-14;8;2311
11;2025-07-14;9;1781
11;2025-07-14;10;1325
11;2025-07-14;11;1435
11;2025-07-14;12;1400
11;2025-07-14;13;1302
11;2025-07-14;14;1331
11;2025-07-14;15;1384
11;2025-07-14;16;1701
11;2025-07-14;17;2196
11;2025-07-14;18;2467
11;2025-07-14;19;1973
11;2025-07-14;20;1474
11;2025-07-14;21;759
11;2025-07-14;22;477
11;2025-07-14;23;203
11;2025-07-15;0;55
11;2025-07-15;5;244
11;2025-07-15;6;1253
11;2025-07-15;7;1962
11;2025-07-15;8;2263
11;2025-07-15;9;2051
11;2025-07-15;10;1695
11;2025-07-15;11;1025
11;2025-07-15;12;892
11;2025-07-15;13;1078
11;2025-07-15;14;1193
11;2025-07-15;15;1397
11;2025-07-15;16;1882
11;2025-07-15;17;2502
11;2025-07-15;18;2700
11;2025-07-15;19;2394
11;2025-07-15;20;1743
11;2025-07-15;21;1070
11;2025-07-15;22;469
11;2025-07-15;23;276
11;2025-07-16;0;87
11;2025-07-16;5;200
11;2025-07-16;6;1299
11;2025-07-16;7;1815
11;2025-07-16;8;2434
11;2025-07-16;9;2089
11;2025-07-16;10;1447
11;2025-07-16;11;1723
11;2025-07-16;12;1672
11;2025-07-16;13;1661
11;2025-07-16;14;1645
11;2025-07-16;15;1552
11;2025-07-16;16;1818
11;2025-07-16;17;2230
11;2025-07-16;18;2544
11;2025-07-16;19;2422
11;2025-07-16;20;1639
11;2025-07-16;21;910
11;2025-07-16;22;405
11;2025-07-16;23;256
11;2025-07-17;0;90
11;2025-07-17;5;260
11;2025-07-17;6;1395
11;2025-07-17;7;2282
11;2025-07-17;8;2397
11;2025-07-17;9;2279
11;2025-07-17;10;1892
11;2025-07-17;11;1818
11;2025-07-17;12;1844
11;2025-07-17;13;1361
11;2025-07-17;14;1348
11;2025-07-17;15;1297
11;2025-07-17;16;1424
11;2025-07-17;17;2329
11;2025-07-17;18;2853
11;2025-07-17;19;2177
11;2025-07-17;20;1536
11;2025-07-17;21;1019
11;2025-07-17;22;441
11;2025-07-17;23;348
11;2025-07-18;0;83
11;2025-07-18;5;233
11;2025-07-18;6;1252
11;2025-07-18;7;1763
11;2025-07-18;8;2529
11;2025-07-18;9;1906
11;2025-07-18;10;1686
11;2025-07-18;11;1536
11;2025-07-18;12;1954
11;2025-07-18;13;1619
11;2025-07-18;14;1804
11;2025-07-18;15;1675
11;2025-07-18;16;2011
11;2025-07-18;17;2490
11;2025-07-18;18;2414
11;2025-07-18;19;2307
11;2025-07-18;20;1814
11;2025-07-18;21;959
11;2025-07-18;22;616
11;2025-07-18;23;266
11;2025-07-19;0;79
11;2025-07-19;5;162
11;2025-07-19;6;804
11;2025-07-19;7;617
11;2025-07-19;8;905
11;2025-07-19;9;989
11;2025-07-19;10;1200
11;2025-07-19;11;1373
11;2025-07-19;12;1511
11;2025-07-19;13;1519
11;2025-07-19;14;1369
11;2025-07-19;15;1576
11;2025-07-19;16;1346
11;2025-07-19;17;1476
11;2025-07-19;18;1476
11;2025-07-19;19;1348
11;2025-07-19;20;902
11;2025-07-19;21;671
11;2025-07-19;22;374
11;2025-07-19;23;238
11;2025-07-20;0;92
11;2025-07-20;1;15
11;2025-07-20;5;103
11;2025-07-20;6;511
11;2025-07-20;7;535
11;2025-07-20;8;588
11;2025-07-20;9;861
11;2025-07-20;10;996
11;2025-07-20;11;1230
11;2025-07-20;12;1246
11;2025-07-20;13;1172
11;2025-07-20;14;1358
11;2025-07-20;15;1492
11;2025-07-20;16;1287
11;2025-07-20;17;1586
11;2025-07-20;18;1296
11;2025-07-20;19;1243
11;2025-07-20;20;1108
11;2025-07-20;21;813
11;2025-07-20;22;481
11;2025-07-20;23;332
11;2025-07-21;0;112
11;2025-07-21;1;15
11;2025-07-21;5;267
11;2025-07-21;6;1202
11;2025-07-21;7;1850
11;2025-07-21;8;2413
11;2025-07-21;9;1875
11;2025-07-21;10;1338
11;2025-07-21;11;1181
11;2025-07-21;12;1212
11;2025-07-21;13;1115
11;2025-07-21;14;1433
11;2025-07-21;15;1446
11;2025-07-21;16;1609
11;2025-07-21;17;2038
11;2025-07-21;18;2450
11;2025-07-21;19;2395
11;2025-07-21;20;1573
11;2025-07-21;21;890
11;2025-07-21;22;492
11;2025-07-21;23;239
11;2025-07-22;0;72
11;2025-07-22;5;213
11;2025-07-22;6;1351
11;2025-07-22;7;2029
11;2025-07-22;8;2359
11;2025-07-22;9;1951
11;2025-07-22;10;1744
11;2025-07-22;11;1724
11;2025-07-22;12;1922
11;2025-07-22;13;1566
11;2025-07-22;14;1552
11;2025-07-22;15;1639
11;2025-07-22;16;1789
11;2025-07-22;17;2029
11;2025-07-22;18;2174
11;2025-07-22;19;1944
11;2025-07-22;20;1626
11;2025-07-22;21;987
11;2025-07-22;22;569
11;2025-07-22;23;341
11;2025-07-23;0;83
11;2025-07-23;1;1
11;2025-07-23;5;245
11;2025-07-23;6;1299
11;2025-07-23;7;1854
11;2025-07-23;8;2582
11;2025-07-23;9;1880
11;2025-07-23;10;1510
11;2025-07-23;11;1661
11;2025-07-23;12;1840
11;2025-07-23;13;1723
11;2025-07-23;14;1665
11;2025-07-23;15;1616
11;2025-07-23;16;1729
11;2025-07-23;17;2214
11;2025-07-23;18;2418
11;2025-07-23;19;1972
11;2025-07-23;20;1640
11;2025-07-23;21;977
11;2025-07-23;22;616
11;2025-07-23;23;298
11;2025-07-24;0;86
11;2025-07-24;5;268
11;2025-07-24;6;1404
11;2025-07-24;7;2002
11;2025-07-24;8;2533
11;2025-07-24;9;2116
11;2025-07-24;10;1921
11;2025-07-24;11;1807
11;2025-07-24;12;1575
11;2025-07-24;13;1450
11;2025-07-24;14;1337
11;2025-07-24;15;1276
11;2025-07-24;16;1729
11;2025-07-24;17;2175
11;2025-07-24;18;2352
11;2025-07-24;19;2426
11;2025-07-24;20;1702
11;2025-07-24;21;1108
11;2025-07-24;22;706
11;2025-07-24;23;334
11;2025-07-25;0;83
11;2025-07-25;5;316
11;2025-07-25;6;1411
11;2025-07-25;7;1782
11;2025-07-25;8;2076
11;2025-07-25;9;1865
11;2025-07-25;10;1577
11;2025-07-25;11;1641
11;2025-07-25;12;1591
11;2025-07-25;13;1690
11;2025-07-25;14;1711
11;2025-07-25;15;1713
11;2025-07-25;16;1831
11;2025-07-25;17;2284
11;2025-07-25;18;2343
11;2025-07-25;19;2029
11;2025-07-25;20;1712
11;2025-07-25;21;1166
11;2025-07-25;22;632
11;2025-07-25;23;356
11;2025-07-26;0;109
11;2025-07-26;1;4
11;2025-07-26;5;227
11;2025-07-26;6;954
11;2025-07-26;7;772
11;2025-07-26;8;879
11;2025-07-26;9;968
11;2025-07-26;10;1114
11;2025-07-26;11;1435
11;2025-07-26;12;1543
11;2025-07-26;13;1442
11;2025-07-26;14;1367
11;2025-07-26;15;1450
11;2025-07-26;16;1652
11;2025-07-26;17;1963
11;2025-07-26;18;1794
11;2025-07-26;19;1711
11;2025-07-26;20;1314
11;2025-07-26;21;1037
11;2025-07-26;22;687
11;2025-07-26;23;351
11;2025-07-27;0;142
11;2025-07-27;1;31
11;2025-07-27;5;122
11;2025-07-27;6;685
11;2025-07-27;7;453
11;2025-07-27;8;858
11;2025-07-27;9;1003
11;2025-07-27;10;1058
11;2025-07-27;11;1276
11;2025-07-27;12;1577
11;2025-07-27;13;1354
11;2025-07-27;14;1380
11;2025-07-27;15;1450
11;2025-07-27;16;1555
11;2025-07-27;17;1589
11;2025-07-27;18;1512
11;2025-07-27;19;1538
11;2025-07-27;20;1310
11;2025-07-27;21;889
11;2025-07-27;22;506
11;2025-07-27;23;356
11;2025-07-28;0;99
11;2025-07-28;1;19
11;2025-07-28;5;297
11;2025-07-28;6;1348
11;2025-07-28;7;1872
11;2025-07-28;8;2340
11;2025-07-28;9;1745
11;2025-07-28;10;1536
11;2025-07-28;11;1375
11;2025-07-28;12;1476
11;2025-07-28;13;1385
11;2025-07-28;14;1488
11;2025-07-28;15;1438
11;2025-07-28;16;1611
11;2025-07-28;17;1826
11;2025-07-28;18;2390
11;2025-07-28;19;1701
11;2025-07-28;20;1608
11;2025-07-28;21;895
11;2025-07-28;22;480
11;2025-07-28;23;267
11;2025-07-29;0;77
11;2025-07-29;5;310
11;2025-07-29;6;1360
11;2025-07-29;7;1919
11;2025-07-29;8;2534
11;2025-07-29;9;1840
11;2025-07-29;10;1525
11;2025-07-29;11;1413
11;2025-07-29;12;1531
11;2025-07-29;13;1286
11;2025-07-29;14;1505
11;2025-07-29;15;1475
11;2025-07-29;16;1329
11;2025-07-29;17;1935
11;2025-07-29;18;2662
11;2025-07-29;19;2010
11;2025-07-29;20;1507
11;2025-07-29;21;973
11;2025-07-29;22;415
11;2025-07-29;23;284
11;2025-07-30;0;62
11;2025-07-30;1;2
11;2025-07-30;5;302
11;2025-07-30;6;1435
11;2025-07-30;7;1969
11;2025-07-30;8;2677
11;2025-07-30;9;1941
11;2025-07-30;10;1761
11;2025-07-30;11;1661
11;2025-07-30;12;1538
11;2025-07-30;13;1290
11;2025-07-30;14;1509
11;2025-07-30;15;1398
11;2025-07-30;16;1669
11;2025-07-30;17;2419
11;2025-07-30;18;3027
11;2025-07-30;19;2432
11;2025-07-30;20;1385
11;2025-07-30;21;1064
11;2025-07-30;22;654
11;2025-07-30;23;279
11;2025-07-31;0;87
11;2025-07-31;1;2
11;2025-07-31;5;272
11;2025-07-31;6;1334
11;2025-07-31;7;2271
11;2025-07-31;8;2626
11;2025-07-31;9;2066
11;2025-07-31;10;1619
11;2025-07-31;11;1634
11;2025-07-31;12;1450
11;2025-07-31;13;1379
11;2025-07-31;14;1506
11;2025-07-31;15;1556
11;2025-07-31;16;1907
11;2025-07-31;17;2541
11;2025-07-31;18;2792
11;2025-07-31;19;2424
11;2025-07-31;20;1733
11;2025-07-31;21;947
11;2025-07-31;22;483
11;2025-07-31;23;358
11;2025-08-01;0;69
11;2025-08-01;5;282
11;2025-08-01;6;1347
11;2025-08-01;7;1989
11;2025-08-01;8;2208
11;2025-08-01;9;1760
11;2025-08-01;10;1615
11;2025-08-01;11;1214
11;2025-08-01;12;1320
11;2025-08-01;13;1299
11;2025-08-01;14;1348
11;2025-08-01;15;1598
11;2025-08-01;16;1963
11;2025-08-01;17;2292
11;2025-08-01;18;2204
11;2025-08-01;19;2015
11;2025-08-01;20;1542
11;2025-08-01;21;950
11;2025-08-01;22;388
11;2025-08-01;23;276
11;2025-08-02;0;90
11;2025-08-02;1;5
11;2025-08-02;5;189
11;2025-08-02;6;910
11;2025-08-02;7;714
11;2025-08-02;8;829
11;2025-08-02;9;1023
11;2025-08-02;10;1077
11;2025-08-02;11;1217
11;2025-08-02;12;1358
11;2025-08-02;13;1220
11;2025-08-02;14;1396
11;2025-08-02;15;1618
11;2025-08-02;16;1536
11;2025-08-02;17;1440
11;2025-08-02;18;1460
11;2025-08-02;19;1542
11;2025-08-02;20;1331
11;2025-08-02;21;934
11;2025-08-02;22;426
11;2025-08-02;23;336
11;2025-08-03;0;120
11;2025-08-03;1;26
11;2025-08-03;5;94
11;2025-08-03;6;547
11;2025-08-03;7;648
11;2025-08-03;8;696
11;2025-08-03;9;897
11;2025-08-03;10;1009
11;2025-08-03;11;1455
11;2025-08-03;12;1527
11;2025-08-03;13;1417
11;2025-08-03;14;1494
11;2025-08-03;15;1649
11;2025-08-03;16;1967
11;2025-08-03;17;1818
11;2025-08-03;18;1766
11;2025-08-03;19;1642
11;2025-08-03;20;1355
11;2025-08-03;21;993
11;2025-08-03;22;578
11;2025-08-03;23;301
11;2025-08-04;0;148
11;2025-08-04;1;4
11;2025-08-04;5;356
11;2025-08-04;6;1307
11;2025-08-04;7;1749
11;2025-08-04;8;2267
11;2025-08-04;9;1858
11;2025-08-04;10;1322
11;2025-08-04;11;1310
11;2025-08-04;12;1292
11;2025-08-04;13;1133
11;2025-08-04;14;889
11;2025-08-04;15;1111
11;2025-08-04;16;1314
11;2025-08-04;17;2067
11;2025-08-04;18;2422
11;2025-08-04;19;1829
11;2025-08-04;20;1205
11;2025-08-04;21;759
11;2025-08-04;22;263
11;2025-08-04;23;175
11;2025-08-05;0;53
11;2025-08-05;1;1
11;2025-08-05;5;322
11;2025-08-05;6;1339
11;2025-08-05;7;1987
11;2025-08-05;8;2471
11;2025-08-05;9;2045
11;2025-08-05;10;1508
11;2025-08-05;11;1331
11;2025-08-05;12;1255
11;2025-08-05;13;1416
11;2025-08-05;14;1431
11;2025-08-05;15;1518
11;2025-08-05;16;1884
11;2025-08-05;17;2221
11;2025-08-05;18;2885
11;2025-08-05;19;2397
11;2025-08-05;20;1549
11;2025-08-05;21;881
11;2025-08-05;22;498
11;2025-08-05;23;189
11;2025-08-06;0;69
11;2025-08-06;1;1
11;2025-08-06;5;251
11;2025-08-06;6;1395
11;2025-08-06;7;1770
11;2025-08-06;8;2380
11;2025-08-06;9;1905
11;2025-08-06;10;1631
11;2025-08-06;11;1786
11;2025-08-06;12;1840
11;2025-08-06;13;2016
11;2025-08-06;14;1653
11;2025-08-06;15;1532
11;2025-08-06;16;1718
11;2025-08-06;17;2219
11;2025-08-06;18;3271
11;2025-08-06;19;2315
11;2025-08-06;20;1556
11;2025-08-06;21;904
11;2025-08-06;22;484
11;2025-08-06;23;322
11;2025-08-07;0;95
11;2025-08-07;1;1
11;2025-08-07;5;306
11;2025-08-07;6;1485
11;2025-08-07;7;1871
11;2025-08-07;8;2509
11;2025-08-07;9;1757
11;2025-08-07;10;1429
11;2025-08-07;11;1237
11;2025-08-07;12;1213
11;2025-08-07;13;1352
11;2025-08-07;14;1452
11;2025-08-07;15;1481
11;2025-08-07;16;1789
11;2025-08-07;17;2278
11;2025-08-07;18;2661
11;2025-08-07;19;2359
11;2025-08-07;20;1577
11;2025-08-07;21;922
11;2025-08-07;22;486
11;2025-08-07;23;231
11;2025-08-08;0;55
11;2025-08-08;5;300
11;2025-08-08;6;1383
11;2025-08-08;7;1901
11;2025-08-08;8;2275
11;2025-08-08;9;1811
11;2025-08-08;10;1476
11;2025-08-08;11;1684
11;2025-08-08;12;1637
11;2025-08-08;13;1483
11;2025-08-08;14;1818
11;2025-08-08;15;1614
11;2025-08-08;16;1990
11;2025-08-08;17;2188
11;2025-08-08;18;2351
11;2025-08-08;19;2280
11;2025-08-08;20;1664
11;2025-08-08;21;944
11;2025-08-08;22;514
11;2025-08-08;23;259
11;2025-08-09;0;114
11;2025-08-09;5;202
11;2025-08-09;6;943
11;2025-08-09;7;624
11;2025-08-09;8;777
11;2025-08-09;9;992
11;2025-08-09;10;895
11;2025-08-09;11;1266
11;2025-08-09;12;1505
11;2025-08-09;13;1461
11;2025-08-09;14;1420
11;2025-08-09;15;1354
11;2025-08-09;16;1352
11;2025-08-09;17;1443
11;2025-08-09;18;1318
11;2025-08-09;19;1448
11;2025-08-09;20;1171
11;2025-08-09;21;847
11;2025-08-09;22;324
11;2025-08-09;23;236
11;2025-08-10;0;95
11;2025-08-10;1;13
11;2025-08-10;5;120
11;2025-08-10;6;626
11;2025-08-10;7;509
11;2025-08-10;8;707
11;2025-08-10;9;926
11;2025-08-10;10;1029
11;2025-08-10;11;1267
11;2025-08-10;12;1610
11;2025-08-10;13;1492
11;2025-08-10;14;1540
11;2025-08-10;15;1353
11;2025-08-10;16;1461
11;2025-08-10;17;1618
11;2025-08-10;18;1528
11;2025-08-10;19;1218
11;2025-08-10;20;1048
11;2025-08-10;21;772
11;2025-08-10;22;440
11;2025-08-10;23;220
11;2025-08-11;0;68
11;2025-08-11;1;14
11;2025-08-11;5;315
11;2025-08-11;6;1322
11;2025-08-11;7;1755
11;2025-08-11;8;2286
11;2025-08-11;9;1824
11;2025-08-11;10;1503
11;2025-08-11;11;1535
11;2025-08-11;12;1598
11;2025-08-11;13;1576
11;2025-08-11;14;1449
11;2025-08-11;15;1539
11;2025-08-11;16;1804
11;2025-08-11;17;2225
11;2025-08-11;18;2980
11;2025-08-11;19;2261
11;2025-08-11;20;1386
11;2025-08-11;21;890
11;2025-08-11;22;359
11;2025-08-11;23;234
11;2025-08-12;0;55
11;2025-08-12;5;281
11;2025-08-12;6;1444
11;2025-08-12;7;1837
11;2025-08-12;8;2539
11;2025-08-12;9;2116
11;2025-08-12;10;1530
11;2025-08-12;11;1660
11;2025-08-12;12;1518
11;2025-08-12;13;1704
11;2025-08-12;14;1670
11;2025-08-12;15;1501
11;2025-08-12;16;1797
11;2025-08-12;17;2387
11;2025-08-12;18;3173
11;2025-08-12;19;2366
11;2025-08-12;20;1660
11;2025-08-12;21;708
11;2025-08-12;22;363
11;2025-08-12;23;286
11;2025-08-13;0;64
11;2025-08-13;5;368
11;2025-08-13;6;1304
11;2025-08-13;7;2143
11;2025-08-13;8;2250
11;2025-08-13;9;1992
11;2025-08-13;10;1614
11;2025-08-13;11;1560
11;2025-08-13;12;1601
11;2025-08-13;13;1438
11;2025-08-13;14;1597
11;2025-08-13;15;1593
11;2025-08-13;16;1819
11;2025-08-13;17;2368
11;2025-08-13;18;2956
11;2025-08-13;19;2343
11;2025-08-13;20;1777
11;2025-08-13;21;1063
11;2025-08-13;22;492
11;2025-08-13;23;234
11;2025-08-14;0;59
11;2025-08-14;5;260
11;2025-08-14;6;1389
11;2025-08-14;7;1914
11;2025-08-14;8;2352
11;2025-08-14;9;1969
11;2025-08-14;10;1644
11;2025-08-14;11;1684
11;2025-08-14;12;1443
11;2025-08-14;13;1747
11;2025-08-14;14;1573
11;2025-08-14;15;1665
11;2025-08-14;16;2005
11;2025-08-14;17;2379
11;2025-08-14;18;2984
11;2025-08-14;19;2604
11;2025-08-14;20;1539
11;2025-08-14;21;875
11;2025-08-14;22;516
11;2025-08-14;23;273
11;2025-08-15;0;47
11;2025-08-15;5;332
11;2025-08-15;6;1402
11;2025-08-15;7;1858
11;2025-08-15;8;2310
11;2025-08-15;9;1902
11;2025-08-15;10;1639
11;2025-08-15;11;1577
11;2025-08-15;12;1817
11;2025-08-15;13;1822
11;2025-08-15;14;1854
11;2025-08-15;15;1877
11;2025-08-15;16;2129
11;2025-08-15;17;2460
11;2025-08-15;18;2751
11;2025-08-15;19;2245
11;2025-08-15;20;1578
11;2025-08-15;21;1000
11;2025-08-15;22;438
11;2025-08-15;23;383
11;2025-08-16;0;80
11;2025-08-16;5;241
11;2025-08-16;6;829
11;2025-08-16;7;783
11;2025-08-16;8;774
11;2025-08-16;9;905
11;2025-08-16;10;1073
11;2025-08-16;11;1520
11;2025-08-16;12;1438
11;2025-08-16;13;1255
11;2025-08-16;14;1424
11;2025-08-16;15;1343
11;2025-08-16;16;1413
11;2025-08-16;17;1478
11;2025-08-16;18;1322
11;2025-08-16;19;1281
11;2025-08-16;20;1159
11;2025-08-16;21;692
11;2025-08-16;22;405
11;2025-08-16;23;317
11;2025-08-17;0;87
11;2025-08-17;1;11
11;2025-08-17;5;96
11;2025-08-17;6;547
11;2025-08-17;7;538
11;2025-08-17;8;765
11;2025-08-17;9;910
11;2025-08-17;10;1088
11;2025-08-17;11;1374
11;2025-08-17;12;1675
11;2025-08-17;13;1451
11;2025-08-17;14;1563
11;2025-08-17;15;1570
11;2025-08-17;16;1535
11;2025-08-17;17;1727
11;2025-08-17;18;1617
11;2025-08-17;19;1284
11;2025-08-17;20;1080
11;2025-08-17;21;694
11;2025-08-17;22;478
11;2025-08-17;23;235
11;2025-08-18;0;66
11;2025-08-18;1;4
11;2025-08-18;5;312
11;2025-08-18;6;1319
11;2025-08-18;7;1828
11;2025-08-18;8;2463
11;2025-08-18;9;1645
11;2025-08-18;10;1377
11;2025-08-18;11;1371
11;2025-08-18;12;1405
11;2025-08-18;13;1471
11;2025-08-18;14;1556
11;2025-08-18;15;1584
11;2025-08-18;16;1850
11;2025-08-18;17;2457
11;2025-08-18;18;2686
11;2025-08-18;19;2199
11;2025-08-18;20;1614
11;2025-08-18;21;727
11;2025-08-18;22;377
11;2025-08-18;23;215
11;2025-08-19;0;47
11;2025-08-19;5;272
11;2025-08-19;6;1314
11;2025-08-19;7;1952
11;2025-08-19;8;2620
11;2025-08-19;9;1746
11;2025-08-19;10;1654
11;2025-08-19;11;1529
11;2025-08-19;12;1562
11;2025-08-19;13;1645
11;2025-08-19;14;1697
11;2025-08-19;15;1676
11;2025-08-19;16;1796
11;2025-08-19;17;2618
11;2025-08-19;18;2917
11;2025-08-19;19;2288
11;2025-08-19;20;1647
11;2025-08-19;21;861
11;2025-08-19;22;392
11;2025-08-19;23;259
11;2025-08-20;0;83
11;2025-08-20;5;241
11;2025-08-20;6;699
11;2025-08-20;7;941
11;2025-08-20;8;2498
11;2025-08-20;9;1951
11;2025-08-20;10;1672
11;2025-08-20;11;1727
11;2025-08-20;12;1764
11;2025-08-20;13;1645
11;2025-08-20;14;1351
11;2025-08-20;15;1469
11;2025-08-20;16;1982
11;2025-08-20;17;2557
11;2025-08-20;18;3220
11;2025-08-20;19;2440
11;2025-08-20;20;1340
11;2025-08-20;21;924
11;2025-08-20;22;297
11;2025-08-20;23;206
11;2025-08-21;0;53
11;2025-08-21;5;273
11;2025-08-21;6;1308
11;2025-08-21;7;1777
11;2025-08-21;8;2093
11;2025-08-21;9;1871
11;2025-08-21;10;1299
11;2025-08-21;11;1501
11;2025-08-21;12;1186
11;2025-08-21;13;1164
11;2025-08-21;14;1394
11;2025-08-21;15;1276
11;2025-08-21;16;1286
11;2025-08-21;17;1984
11;2025-08-21;18;2306
11;2025-08-21;19;1918
11;2025-08-21;20;1309
11;2025-08-21;21;742
11;2025-08-21;22;335
11;2025-08-21;23;249
11;2025-08-22;0;46
11;2025-08-22;1;7
11;2025-08-22;5;297
11;2025-08-22;6;1516
11;2025-08-22;7;1925
11;2025-08-22;8;2252
11;2025-08-22;9;1864
11;2025-08-22;10;1480
11;2025-08-22;11;1619
11;2025-08-22;12;1505
11;2025-08-22;13;1712
11;2025-08-22;14;1693
11;2025-08-22;15;1672
11;2025-08-22;16;1589
11;2025-08-22;17;2324
11;2025-08-22;18;2257
11;2025-08-22;19;2322
11;2025-08-22;20;1360
11;2025-08-22;21;864
11;2025-08-22;22;479
11;2025-08-22;23;382
11;2025-08-23;0;131
11;2025-08-23;1;1
11;2025-08-23;5;185
11;2025-08-23;6;949
11;2025-08-23;7;749
11;2025-08-23;8;815
11;2025-08-23;9;983
11;2025-08-23;10;1103
11;2025-08-23;11;1316
11;2025-08-23;12;1572
11;2025-08-23;13;1469
11;2025-08-23;14;1526
11;2025-08-23;15;1493
11;2025-08-23;16;1403
11;2025-08-23;17;1475
11;2025-08-23;18;1498
11;2025-08-23;19;1595
11;2025-08-23;20;1157
11;2025-08-23;21;758
11;2025-08-23;22;425
11;2025-08-23;23;273
11;2025-08-24;0;86
11;2025-08-24;1;12
11;2025-08-24;5;107
11;2025-08-24;6;608
11;2025-08-24;7;622
11;2025-08-24;8;666
11;2025-08-24;9;797
11;2025-08-24;10;1047
11;2025-08-24;11;1464
11;2025-08-24;12;1614
11;2025-08-24;13;1398
11;2025-08-24;14;1341
11;2025-08-24;15;1811
11;2025-08-24;16;1665
11;2025-08-24;17;1796
11;2025-08-24;18;1572
11;2025-08-24;19;1421
11;2025-08-24;20;1157
11;2025-08-24;21;709
11;2025-08-24;22;325
11;2025-08-24;23;239
11;2025-08-25;0;80
11;2025-08-25;1;9
11;2025-08-25;5;214
11;2025-08-25;6;1440
11;2025-08-25;7;1903
11;2025-08-25;8;2383
11;2025-08-25;9;1764
11;2025-08-25;10;1582
11;2025-08-25;11;1552
11;2025-08-25;12;1382
11;2025-08-25;13;1540
11;2025-08-25;14;1488
11;2025-08-25;15;1374
11;2025-08-25;16;1748
11;2025-08-25;17;2054
11;2025-08-25;18;2749
11;2025-08-25;19;2177
11;2025-08-25;20;1357
11;2025-08-25;21;806
11;2025-08-25;22;371
11;2025-08-25;23;230
11;2025-08-26;0;46
11;2025-08-26;5;247
11;2025-08-26;6;1397
11;2025-08-26;7;2023
11;2025-08-26;8;2400
11;2025-08-26;9;1858
11;2025-08-26;10;1459
11;2025-08-26;11;1383
11;2025-08-26;12;1330
11;2025-08-26;13;1383
11;2025-08-26;14;1680
11;2025-08-26;15;1490
11;2025-08-26;16;1730
11;2025-08-26;17;2298
11;2025-08-26;18;3221
11;2025-08-26;19;2482
11;2025-08-26;20;1603
11;2025-08-26;21;960
11;2025-08-26;22;443
11;2025-08-26;23;211
11;2025-08-27;0;59
11;2025-08-27;1;1
11;2025-08-27;5;213
11;2025-08-27;6;1668
11;2025-08-27;7;2127
11;2025-08-27;8;2592
11;2025-08-27;9;1929
11;2025-08-27;10;1764
11;2025-08-27;11;1744
11;2025-08-27;12;1680
11;2025-08-27;13;1760
11;2025-08-27;14;1901
11;2025-08-27;15;1704
11;2025-08-27;16;1828
11;2025-08-27;17;2396
11;2025-08-27;18;2638
11;2025-08-27;19;2573
11;2025-08-27;20;1819
11;2025-08-27;21;780
11;2025-08-27;22;442
11;2025-08-27;23;223
11;2025-08-28;0;74
11;2025-08-28;5;247
11;2025-08-28;6;1519
11;2025-08-28;7;2000
11;2025-08-28;8;2092
11;2025-08-28;9;2081
11;2025-08-28;10;1798
11;2025-08-28;11;1864
11;2025-08-28;12;1928
11;2025-08-28;13;1932
11;2025-08-28;14;1870
11;2025-08-28;15;1861
11;2025-08-28;16;1837
11;2025-08-28;17;2402
11;2025-08-28;18;2799
11;2025-08-28;19;2404
11;2025-08-28;20;1578
11;2025-08-28;21;907
11;2025-08-28;22;510
11;2025-08-28;23;279
11;2025-08-29;0;60
11;2025-08-29;5;197
11;2025-08-29;6;1353
11;2025-08-29;7;1966
11;2025-08-29;8;2423
11;2025-08-29;9;2001
11;2025-08-29;10;1447
11;2025-08-29;11;1453
11;2025-08-29;12;1602
11;2025-08-29;13;1549
11;2025-08-29;14;1540
11;2025-08-29;15;1578
11;2025-08-29;16;1846
11;2025-08-29;17;2749
11;2025-08-29;18;2499
11;2025-08-29;19;2149
11;2025-08-29;20;1463
11;2025-08-29;21;928
11;2025-08-29;22;458
11;2025-08-29;23;315
11;2025-08-30;0;87
11;2025-08-30;5;188
11;2025-08-30;6;1083
11;2025-08-30;7;631
11;2025-08-30;8;865
11;2025-08-30;9;1082
11;2025-08-30;10;1317
11;2025-08-30;11;1663
11;2025-08-30;12;1904
11;2025-08-30;13;1639
11;2025-08-30;14;1928
11;2025-08-30;15;1995
11;2025-08-30;16;1917
11;2025-08-30;17;2017
11;2025-08-30;18;1907
11;2025-08-30;19;1655
11;2025-08-30;20;1584
11;2025-08-30;21;885
11;2025-08-30;22;562
11;2025-08-30;23;344
11;2025-08-31;0;123
11;2025-08-31;1;60
11;2025-08-31;5;99
11;2025-08-31;6;652
11;2025-08-31;7;557
11;2025-08-31;8;765
11;2025-08-31;9;1074
11;2025-08-31;10;1180
11;2025-08-31;11;1682
11;2025-08-31;12;1805
11;2025-08-31;13;1706
11;2025-08-31;14;1712
11;2025-08-31;15;1697
11;2025-08-31;16;1688
11;2025-08-31;17;2070
11;2025-08-31;18;1702
11;2025-08-31;19;1419
11;2025-08-31;20;1117
11;2025-08-31;21;743
11;2025-08-31;22;474
11;2025-08-31;23;257
12;2025-01-01;4;2
12;2025-01-01;5;20
12;2025-01-01;6;99
12;2025-01-01;7;171
12;2025-01-01;8;147
12;2025-01-01;9;140
12;2025-01-01;10;242
12;2025-01-01;11;302
12;2025-01-01;12;512
12;2025-01-01;13;794
12;2025-01-01;14;640
12;2025-01-01;15;623
12;2025-01-01;16;774
12;2025-01-01;17;706
12;2025-01-01;18;749
12;2025-01-01;19;637
12;2025-01-01;20;407
12;2025-01-01;21;316
12;2025-01-01;22;227
12;2025-01-01;23;157
12;2025-01-02;0;60
12;2025-01-02;1;7
12;2025-01-02;4;3
12;2025-01-02;5;121
12;2025-01-02;6;425
12;2025-01-02;7;368
12;2025-01-02;8;442
12;2025-01-02;9;427
12;2025-01-02;10;614
12;2025-01-02;11;745
12;2025-01-02;12;1008
12;2025-01-02;13;1224
12;2025-01-02;14;1209
12;2025-01-02;15;1003
12;2025-01-02;16;1369
12;2025-01-02;17;1148
12;2025-01-02;18;930
12;2025-01-02;19;907
12;2025-01-02;20;561
12;2025-01-02;21;526
12;2025-01-02;22;325
12;2025-01-02;23;185
12;2025-01-03;0;57
12;2025-01-03;1;8
12;2025-01-03;5;102
12;2025-01-03;6;608
12;2025-01-03;7;539
12;2025-01-03;8;588
12;2025-01-03;9;583
12;2025-01-03;10;864
12;2025-01-03;11;1100
12;2025-01-03;12;1123
12;2025-01-03;13;1364
12;2025-01-03;14;1489
12;2025-01-03;15;1238
12;2025-01-03;16;1489
12;2025-01-03;17;1082
12;2025-01-03;18;1105
12;2025-01-03;19;983
12;2025-01-03;20;705
12;2025-01-03;21;598
12;2025-01-03;22;411
12;2025-01-03;23;243
12;2025-01-04;0;84
12;2025-01-04;1;5
12;2025-01-04;5;152
12;2025-01-04;6;542
12;2025-01-04;7;534
12;2025-01-04;8;631
12;2025-01-04;9;662
12;2025-01-04;10;856
12;2025-01-04;11;1130
12;2025-01-04;12;1191
12;2025-01-04;13;1247
12;2025-01-04;14;1332
12;2025-01-04;15;1153
12;2025-01-04;16;1150
12;2025-01-04;17;989
12;2025-01-04;18;1298
12;2025-01-04;19;1045
12;2025-01-04;20;713
12;2025-01-04;21;616
12;2025-01-04;22;382
12;2025-01-04;23;228
12;2025-01-05;0;56
12;2025-01-05;1;7
12;2025-01-05;5;118
12;2025-01-05;6;443
12;2025-01-05;7;650
12;2025-01-05;8;692
12;2025-01-05;9;697
12;2025-01-05;10;1091
12;2025-01-05;11;1121
12;2025-01-05;12;1122
12;2025-01-05;13;1471
12;2025-01-05;14;1449
12;2025-01-05;15;1278
12;2025-01-05;16;1556
12;2025-01-05;17;1309
12;2025-01-05;18;1122
12;2025-01-05;19;874
12;2025-01-05;20;725
12;2025-01-05;21;400
12;2025-01-05;22;390
12;2025-01-05;23;252
12;2025-01-06;0;73
12;2025-01-06;1;6
12;2025-01-06;4;2
12;2025-01-06;5;134
12;2025-01-06;6;664
12;2025-01-06;7;674
12;2025-01-06;8;710
12;2025-01-06;9;797
12;2025-01-06;10;990
12;2025-01-06;11;1216
12;2025-01-06;12;1160
12;2025-01-06;13;1567
12;2025-01-06;14;1414
12;2025-01-06;15;1172
12;2025-01-06;16;1372
12;2025-01-06;17;1278
12;2025-01-06;18;1263
12;2025-01-06;19;1037
12;2025-01-06;20;780
12;2025-01-06;21;504
12;2025-01-06;22;397
12;2025-01-06;23;305
12;2025-01-07;0;73
12;2025-01-07;1;5
12;2025-01-07;2;1
12;2025-01-07;4;1
12;2025-01-07;5;142
12;2025-01-07;6;518
12;2025-01-07;7;559
12;2025-01-07;8;617
12;2025-01-07;9;700
12;2025-01-07;10;864
12;2025-01-07;11;897
12;2025-01-07;12;1109
12;2025-01-07;13;1343
12;2025-01-07;14;1196
12;2025-01-07;15;978
12;2025-01-07;16;1359
12;2025-01-07;17;1066
12;2025-01-07;18;1094
12;2025-01-07;19;1110
12;2025-01-07;20;683
12;2025-01-07;21;658
12;2025-01-07;22;345
12;2025-01-07;23;212
12;2025-01-08;0;59
12;2025-01-08;1;4
12;2025-01-08;4;2
12;2025-01-08;5;157
12;2025-01-08;6;698
12;2025-01-08;7;666
12;2025-01-08;8;651
12;2025-01-08;9;675
12;2025-01-08;10;984
12;2025-01-08;11;1127
12;2025-01-08;12;1243
12;2025-01-08;13;1384
12;2025-01-08;14;1436
12;2025-01-08;15;1111
12;2025-01-08;16;1268
12;2025-01-08;17;1212
12;2025-01-08;18;1168
12;2025-01-08;19;900
12;2025-01-08;20;592
12;2025-01-08;21;495
12;2025-01-08;22;348
12;2025-01-08;23;190
12;2025-01-09;0;62
12;2025-01-09;1;1
12;2025-01-09;4;6
12;2025-01-09;5;272
12;2025-01-09;6;1137
12;2025-01-09;7;2606
12;2025-01-09;8;3024
12;2025-01-09;9;2015
12;2025-01-09;10;1652
12;2025-01-09;11;1743
12;2025-01-09;12;2048
12;2025-01-09;13;2036
12;2025-01-09;14;2218
12;2025-01-09;15;2107
12;2025-01-09;16;2750
12;2025-01-09;17;3116
12;2025-01-09;18;3226
12;2025-01-09;19;1997
12;2025-01-09;20;1239
12;2025-01-09;21;757
12;2025-01-09;22;427
12;2025-01-09;23;195
12;2025-01-10;0;47
12;2025-01-10;4;6
12;2025-01-10;5;305
12;2025-01-10;6;1236
12;2025-01-10;7;2654
12;2025-01-10;8;3422
12;2025-01-10;9;2204
12;2025-01-10;10;1793
12;2025-01-10;11;1839
12;2025-01-10;12;1889
12;2025-01-10;13;1947
12;2025-01-10;14;2110
12;2025-01-10;15;2469
12;2025-01-10;16;3155
12;2025-01-10;17;3033
12;2025-01-10;18;2503
12;2025-01-10;19;1925
12;2025-01-10;20;1252
12;2025-01-10;21;814
12;2025-01-10;22;395
12;2025-01-10;23;232
12;2025-01-11;0;73
12;2025-01-11;1;4
12;2025-01-11;4;1
12;2025-01-11;5;168
12;2025-01-11;6;655
12;2025-01-11;7;783
12;2025-01-11;8;883
12;2025-01-11;9;1063
12;2025-01-11;10;1241
12;2025-01-11;11;1424
12;2025-01-11;12;1424
12;2025-01-11;13;1730
12;2025-01-11;14;1765
12;2025-01-11;15;1387
12;2025-01-11;16;1512
12;2025-01-11;17;1344
12;2025-01-11;18;1388
12;2025-01-11;19;1143
12;2025-01-11;20;651
12;2025-01-11;21;618
12;2025-01-11;22;337
12;2025-01-11;23;212
12;2025-01-12;0;35
12;2025-01-12;1;7
12;2025-01-12;5;112
12;2025-01-12;6;406
12;2025-01-12;7;501
12;2025-01-12;8;540
12;2025-01-12;9;790
12;2025-01-12;10;919
12;2025-01-12;11;1215
12;2025-01-12;12;1295
12;2025-01-12;13;1618
12;2025-01-12;14;1367
12;2025-01-12;15;1224
12;2025-01-12;16;1544
12;2025-01-12;17;1396
12;2025-01-12;18;1074
12;2025-01-12;19;782
12;2025-01-12;20;563
12;2025-01-12;21;501
12;2025-01-12;22;378
12;2025-01-12;23;150
12;2025-01-13;0;57
12;2025-01-13;1;1
12;2025-01-13;4;4
12;2025-01-13;5;285
12;2025-01-13;6;1229
12;2025-01-13;7;2788
12;2025-01-13;8;3865
12;2025-01-13;9;2458
12;2025-01-13;10;1977
12;2025-01-13;11;1865
12;2025-01-13;12;2178
12;2025-01-13;13;1646
12;2025-01-13;14;1869
12;2025-01-13;15;2556
12;2025-01-13;16;3102
12;2025-01-13;17;3246
12;2025-01-13;18;3545
12;2025-01-13;19;2428
12;2025-01-13;20;1516
12;2025-01-13;21;890
12;2025-01-13;22;435
12;2025-01-13;23;211
12;2025-01-14;0;53
12;2025-01-14;1;4
12;2025-01-14;4;5
12;2025-01-14;5;316
12;2025-01-14;6;1211
12;2025-01-14;7;3036
12;2025-01-14;8;4340
12;2025-01-14;9;2781
12;2025-01-14;10;2298
12;2025-01-14;11;2094
12;2025-01-14;12;2037
12;2025-01-14;13;2067
12;2025-01-14;14;2391
12;2025-01-14;15;2417
12;2025-01-14;16;2781
12;2025-01-14;17;3514
12;2025-01-14;18;3605
12;2025-01-14;19;2755
12;2025-01-14;20;1645
12;2025-01-14;21;815
12;2025-01-14;22;515
12;2025-01-14;23;252
12;2025-01-15;0;55
12;2025-01-15;1;1
12;2025-01-15;4;4
12;2025-01-15;5;256
12;2025-01-15;6;1261
12;2025-01-15;7;2571
12;2025-01-15;8;3224
12;2025-01-15;9;2443
12;2025-01-15;10;2157
12;2025-01-15;11;1828
12;2025-01-15;12;1833
12;2025-01-15;13;2053
12;2025-01-15;14;2010
12;2025-01-15;15;2267
12;2025-01-15;16;2758
12;2025-01-15;17;2965
12;2025-01-15;18;3052
12;2025-01-15;19;2418
12;2025-01-15;20;1373
12;2025-01-15;21;843
12;2025-01-15;22;487
12;2025-01-15;23;232
12;2025-01-16;0;31
12;2025-01-16;1;2
12;2025-01-16;4;6
12;2025-01-16;5;260
12;2025-01-16;6;1288
12;2025-01-16;7;2971
12;2025-01-16;8;3780
12;2025-01-16;9;2300
12;2025-01-16;10;2109
12;2025-01-16;11;2000
12;2025-01-16;12;2334
12;2025-01-16;13;1833
12;2025-01-16;14;2173
12;2025-01-16;15;2331
12;2025-01-16;16;3220
12;2025-01-16;17;2944
12;2025-01-16;18;3363
12;2025-01-16;19;2678
12;2025-01-16;20;1415
12;2025-01-16;21;970
12;2025-01-16;22;438
12;2025-01-16;23;283
12;2025-01-17;0;57
12;2025-01-17;1;4
12;2025-01-17;4;2
12;2025-01-17;5;223
12;2025-01-17;6;1083
12;2025-01-17;7;2668
12;2025-01-17;8;4083
12;2025-01-17;9;2661
12;2025-01-17;10;2302
12;2025-01-17;11;2265
12;2025-01-17;12;2301
12;2025-01-17;13;2245
12;2025-01-17;14;2283
12;2025-01-17;15;3020
12;2025-01-17;16;3564
12;2025-01-17;17;3280
12;2025-01-17;18;2762
12;2025-01-17;19;2301
12;2025-01-17;20;1402
12;2025-01-17;21;1049
12;2025-01-17;22;527
12;2025-01-17;23;280
12;2025-01-18;0;91
12;2025-01-18;1;3
12;2025-01-18;4;1
12;2025-01-18;5;214
12;2025-01-18;6;673
12;2025-01-18;7;844
12;2025-01-18;8;900
12;2025-01-18;9;1164
12;2025-01-18;10;1560
12;2025-01-18;11;1803
12;2025-01-18;12;1632
12;2025-01-18;13;1981
12;2025-01-18;14;1816
12;2025-01-18;15;1675
12;2025-01-18;16;1647
12;2025-01-18;17;1511
12;2025-01-18;18;1312
12;2025-01-18;19;1287
12;2025-01-18;20;806
12;2025-01-18;21;473
12;2025-01-18;22;377
12;2025-01-18;23;237
12;2025-01-19;0;106
12;2025-01-19;1;11
12;2025-01-19;4;1
12;2025-01-19;5;129
12;2025-01-19;6;532
12;2025-01-19;7;488
12;2025-01-19;8;679
12;2025-01-19;9;945
12;2025-01-19;10;1247
12;2025-01-19;11;1394
12;2025-01-19;12;1599
12;2025-01-19;13;1718
12;2025-01-19;14;1724
12;2025-01-19;15;1669
12;2025-01-19;16;1644
12;2025-01-19;17;1628
12;2025-01-19;18;1196
12;2025-01-19;19;892
12;2025-01-19;20;661
12;2025-01-19;21;605
12;2025-01-19;22;394
12;2025-01-19;23;185
12;2025-01-20;0;59
12;2025-01-20;1;1
12;2025-01-20;4;5
12;2025-01-20;5;316
12;2025-01-20;6;1289
12;2025-01-20;7;2874
12;2025-01-20;8;3363
12;2025-01-20;9;2267
12;2025-01-20;10;2164
12;2025-01-20;11;2019
12;2025-01-20;12;1948
12;2025-01-20;13;1991
12;2025-01-20;14;2140
12;2025-01-20;15;2292
12;2025-01-20;16;2882
12;2025-01-20;17;2977
12;2025-01-20;18;3184
12;2025-01-20;19;2357
12;2025-01-20;20;1416
12;2025-01-20;21;890
12;2025-01-20;22;439
12;2025-01-20;23;214
12;2025-01-21;0;64
12;2025-01-21;1;1
12;2025-01-21;4;6
12;2025-01-21;5;285
12;2025-01-21;6;1356
12;2025-01-21;7;2618
12;2025-01-21;8;3717
12;2025-01-21;9;2430
12;2025-01-21;10;2127
12;2025-01-21;11;1964
12;2025-01-21;12;2190
12;2025-01-21;13;1960
12;2025-01-21;14;2176
12;2025-01-21;15;2564
12;2025-01-21;16;3045
12;2025-01-21;17;3117
12;2025-01-21;18;3350
12;2025-01-21;19;2604
12;2025-01-21;20;1478
12;2025-01-21;21;987
12;2025-01-21;22;456
12;2025-01-21;23;173
12;2025-01-22;0;42
12;2025-01-22;1;2
12;2025-01-22;4;5
12;2025-01-22;5;280
12;2025-01-22;6;1312
12;2025-01-22;7;2649
12;2025-01-22;8;3372
12;2025-01-22;9;2251
12;2025-01-22;10;2046
12;2025-01-22;11;1890
12;2025-01-22;12;1975
12;2025-01-22;13;1738
12;2025-01-22;14;2005
12;2025-01-22;15;2088
12;2025-01-22;16;2716
12;2025-01-22;17;2941
12;2025-01-22;18;3013
12;2025-01-22;19;2465
12;2025-01-22;20;1515
12;2025-01-22;21;842
12;2025-01-22;22;426
12;2025-01-22;23;224
12;2025-01-23;0;40
12;2025-01-23;1;1
12;2025-01-23;4;8
12;2025-01-23;5;307
12;2025-01-23;6;1017
12;2025-01-23;7;2604
12;2025-01-23;8;3341
12;2025-01-23;9;2308
12;2025-01-23;10;1862
12;2025-01-23;11;1924
12;2025-01-23;12;1915
12;2025-01-23;13;1824
12;2025-01-23;14;1989
12;2025-01-23;15;2165
12;2025-01-23;16;2531
12;2025-01-23;17;2955
12;2025-01-23;18;3183
12;2025-01-23;19;2352
12;2025-01-23;20;1419
12;2025-01-23;21;857
12;2025-01-23;22;392
12;2025-01-23;23;274
12;2025-01-24;0;57
12;2025-01-24;1;1
12;2025-01-24;4;6
12;2025-01-24;5;314
12;2025-01-24;6;1355
12;2025-01-24;7;2684
12;2025-01-24;8;3432
12;2025-01-24;9;2252
12;2025-01-24;10;1937
12;2025-01-24;11;2141
12;2025-01-24;12;1970
12;2025-01-24;13;2260
12;2025-01-24;14;2172
12;2025-01-24;15;2411
12;2025-01-24;16;3568
12;2025-01-24;17;3280
12;2025-01-24;18;2888
12;2025-01-24;19;2232
12;2025-01-24;20;1432
12;2025-01-24;21;1046
12;2025-01-24;22;463
12;2025-01-24;23;271
12;2025-01-25;0;89
12;2025-01-25;1;8
12;2025-01-25;4;2
12;2025-01-25;5;248
12;2025-01-25;6;742
12;2025-01-25;7;788
12;2025-01-25;8;843
12;2025-01-25;9;1108
12;2025-01-25;10;1570
12;2025-01-25;11;1752
12;2025-01-25;12;1679
12;2025-01-25;13;1793
12;2025-01-25;14;1815
12;2025-01-25;15;1734
12;2025-01-25;16;1757
12;2025-01-25;17;1561
12;2025-01-25;18;1466
12;2025-01-25;19;1584
12;2025-01-25;20;954
12;2025-01-25;21;620
12;2025-01-25;22;458
12;2025-01-25;23;305
12;2025-01-26;0;99
12;2025-01-26;1;10
12;2025-01-26;4;7
12;2025-01-26;5;115
12;2025-01-26;6;414
12;2025-01-26;7;519
12;2025-01-26;8;659
12;2025-01-26;9;864
12;2025-01-26;10;1053
12;2025-01-26;11;1273
12;2025-01-26;12;1207
12;2025-01-26;13;1699
12;2025-01-26;14;1512
12;2025-01-26;15;1320
12;2025-01-26;16;1353
12;2025-01-26;17;1357
12;2025-01-26;18;1133
12;2025-01-26;19;1030
12;2025-01-26;20;723
12;2025-01-26;21;512
12;2025-01-26;22;310
12;2025-01-26;23;200
12;2025-01-27;0;63
12;2025-01-27;1;1
12;2025-01-27;4;6
12;2025-01-27;5;340
12;2025-01-27;6;1320
12;2025-01-27;7;2768
12;2025-01-27;8;3842
12;2025-01-27;9;2451
12;2025-01-27;10;1850
12;2025-01-27;11;1850
12;2025-01-27;12;2204
12;2025-01-27;13;2130
12;2025-01-27;14;2028
12;2025-01-27;15;2360
12;2025-01-27;16;2444
12;2025-01-27;17;3187
12;2025-01-27;18;3347
12;2025-01-27;19;2243
12;2025-01-27;20;1512
12;2025-01-27;21;878
12;2025-01-27;22;391
12;2025-01-27;23;231
12;2025-01-28;0;51
12;2025-01-28;1;1
12;2025-01-28;4;4
12;2025-01-28;5;367
12;2025-01-28;6;1328
12;2025-01-28;7;2767
12;2025-01-28;8;3896
12;2025-01-28;9;2331
12;2025-01-28;10;1958
12;2025-01-28;11;2071
12;2025-01-28;12;2184
12;2025-01-28;13;2107
12;2025-01-28;14;2134
12;2025-01-28;15;2310
12;2025-01-28;16;3142
12;2025-01-28;17;3121
12;2025-01-28;18;3423
12;2025-01-28;19;2532
12;2025-01-28;20;1575
12;2025-01-28;21;1017
12;2025-01-28;22;433
12;2025-01-28;23;277
12;2025-01-29;0;47
12;2025-01-29;4;6
12;2025-01-29;5;332
12;2025-01-29;6;1275
12;2025-01-29;7;2809
12;2025-01-29;8;3321
12;2025-01-29;9;2256
12;2025-01-29;10;2101
12;2025-01-29;11;1935
12;2025-01-29;12;2085
12;2025-01-29;13;1866
12;2025-01-29;14;1972
12;2025-01-29;15;2535
12;2025-01-29;16;2812
12;2025-01-29;17;2906
12;2025-01-29;18;3280
12;2025-01-29;19;2542
12;2025-01-29;20;1578
12;2025-01-29;21;1036
12;2025-01-29;22;461
12;2025-01-29;23;255
12;2025-01-30;0;47
12;2025-01-30;1;5
12;2025-01-30;4;6
12;2025-01-30;5;324
12;2025-01-30;6;1272
12;2025-01-30;7;2913
12;2025-01-30;8;3652
12;2025-01-30;9;2318
12;2025-01-30;10;2101
12;2025-01-30;11;2051
12;2025-01-30;12;2287
12;2025-01-30;13;1947
12;2025-01-30;14;2569
12;2025-01-30;15;2351
12;2025-01-30;16;3043
12;2025-01-30;17;3093
12;2025-01-30;18;3368
12;2025-01-30;19;2615
12;2025-01-30;20;1503
12;2025-01-30;21;1034
12;2025-01-30;22;471
12;2025-01-30;23;267
12;2025-01-31;0;77
12;2025-01-31;1;5
12;2025-01-31;4;3
12;2025-01-31;5;284
12;2025-01-31;6;1215
12;2025-01-31;7;2636
12;2025-01-31;8;3580
12;2025-01-31;9;2320
12;2025-01-31;10;2028
12;2025-01-31;11;2034
12;2025-01-31;12;2344
12;2025-01-31;13;2187
12;2025-01-31;14;2391
12;2025-01-31;15;2596
12;2025-01-31;16;3234
12;2025-01-31;17;3310
12;2025-01-31;18;2689
12;2025-01-31;19;2237
12;2025-01-31;20;1510
12;2025-01-31;21;917
12;2025-01-31;22;527
12;2025-01-31;23;298
12;2025-02-01;0;96
12;2025-02-01;1;9
12;2025-02-01;4;2
12;2025-02-01;5;205
12;2025-02-01;6;754
12;2025-02-01;7;821
12;2025-02-01;8;845
12;2025-02-01;9;1097
12;2025-02-01;10;1271
12;2025-02-01;11;1327
12;2025-02-01;12;1484
12;2025-02-01;13;1853
12;2025-02-01;14;1358
12;2025-02-01;15;1402
12;2025-02-01;16;1566
12;2025-02-01;17;1450
12;2025-02-01;18;1496
12;2025-02-01;19;827
12;2025-02-01;20;802
12;2025-02-01;21;650
12;2025-02-01;22;394
12;2025-02-01;23;244
12;2025-02-02;0;81
12;2025-02-02;1;7
12;2025-02-02;4;1
12;2025-02-02;5;117
12;2025-02-02;6;431
12;2025-02-02;7;521
12;2025-02-02;8;637
12;2025-02-02;9;900
12;2025-02-02;10;1068
12;2025-02-02;11;1312
12;2025-02-02;12;1419
12;2025-02-02;13;1519
12;2025-02-02;14;1474
12;2025-02-02;15;1329
12;2025-02-02;16;1227
12;2025-02-02;17;1424
12;2025-02-02;18;1093
12;2025-02-02;19;804
12;2025-02-02;20;643
12;2025-02-02;21;470
12;2025-02-02;22;351
12;2025-02-02;23;183
12;2025-02-03;0;46
12;2025-02-03;1;5
12;2025-02-03;4;4
12;2025-02-03;5;321
12;2025-02-03;6;1418
12;2025-02-03;7;2718
12;2025-02-03;8;3445
12;2025-02-03;9;2340
12;2025-02-03;10;1859
12;2025-02-03;11;1887
12;2025-02-03;12;1948
12;2025-02-03;13;1874
12;2025-02-03;14;1943
12;2025-02-03;15;2203
12;2025-02-03;16;2893
12;2025-02-03;17;2625
12;2025-02-03;18;3191
12;2025-02-03;19;2432
12;2025-02-03;20;1547
12;2025-02-03;21;964
12;2025-02-03;22;510
12;2025-02-03;23;182
12;2025-02-04;0;51
12;2025-02-04;1;4
12;2025-02-04;4;6
12;2025-02-04;5;335
12;2025-02-04;6;1436
12;2025-02-04;7;2657
12;2025-02-04;8;3712
12;2025-02-04;9;2482
12;2025-02-04;10;2243
12;2025-02-04;11;1951
12;2025-02-04;12;2091
12;2025-02-04;13;2121
12;2025-02-04;14;2449
12;2025-02-04;15;2546
12;2025-02-04;16;3162
12;2025-02-04;17;3106
12;2025-02-04;18;3405
12;2025-02-04;19;2821
12;2025-02-04;20;1495
12;2025-02-04;21;829
12;2025-02-04;22;424
12;2025-02-04;23;284
12;2025-02-05;0;45
12;2025-02-05;1;4
12;2025-02-05;4;6
12;2025-02-05;5;317
12;2025-02-05;6;1294
12;2025-02-05;7;2686
12;2025-02-05;8;3752
12;2025-02-05;9;2374
12;2025-02-05;10;1896
12;2025-02-05;11;1825
12;2025-02-05;12;2123
12;2025-02-05;13;2117
12;2025-02-05;14;2088
12;2025-02-05;15;2411
12;2025-02-05;16;3021
12;2025-02-05;17;3094
12;2025-02-05;18;3519
12;2025-02-05;19;2440
12;2025-02-05;20;1523
12;2025-02-05;21;992
12;2025-02-05;22;426
12;2025-02-05;23;275
12;2025-02-06;0;56
12;2025-02-06;1;4
12;2025-02-06;4;4
12;2025-02-06;5;301
12;2025-02-06;6;1357
12;2025-02-06;7;2683
12;2025-02-06;8;3680
12;2025-02-06;9;2517
12;2025-02-06;10;2215
12;2025-02-06;11;2141
12;2025-02-06;12;2179
12;2025-02-06;13;2212
12;2025-02-06;14;2039
12;2025-02-06;15;2312
12;2025-02-06;16;2744
12;2025-02-06;17;3341
12;2025-02-06;18;3120
12;2025-02-06;19;2444
12;2025-02-06;20;1625
12;2025-02-06;21;879
12;2025-02-06;22;513
12;2025-02-06;23;265
12;2025-02-07;0;66
12;2025-02-07;1;3
12;2025-02-07;4;2
12;2025-02-07;5;317
12;2025-02-07;6;1260
12;2025-02-07;7;2751
12;2025-02-07;8;3803
12;2025-02-07;9;2381
12;2025-02-07;10;2173
12;2025-02-07;11;2009
12;2025-02-07;12;2403
12;2025-02-07;13;2237
12;2025-02-07;14;2382
12;2025-02-07;15;2589
12;2025-02-07;16;3340
12;2025-02-07;17;3270
12;2025-02-07;18;2710
12;2025-02-07;19;2385
12;2025-02-07;20;1558
12;2025-02-07;21;968
12;2025-02-07;22;533
12;2025-02-07;23;305
12;2025-02-08;0;103
12;2025-02-08;1;5
12;2025-02-08;4;4
12;2025-02-08;5;206
12;2025-02-08;6;702
12;2025-02-08;7;803
12;2025-02-08;8;813
12;2025-02-08;9;990
12;2025-02-08;10;1250
12;2025-02-08;11;1536
12;2025-02-08;12;1567
12;2025-02-08;13;1948
12;2025-02-08;14;1772
12;2025-02-08;15;1497
12;2025-02-08;16;1588
12;2025-02-08;17;1510
12;2025-02-08;18;1431
12;2025-02-08;19;1329
12;2025-02-08;20;1062
12;2025-02-08;21;731
12;2025-02-08;22;474
12;2025-02-08;23;301
12;2025-02-09;0;112
12;2025-02-09;1;8
12;2025-02-09;4;3
12;2025-02-09;5;151
12;2025-02-09;6;451
12;2025-02-09;7;583
12;2025-02-09;8;644
12;2025-02-09;9;935
12;2025-02-09;10;1167
12;2025-02-09;11;1320
12;2025-02-09;12;1306
12;2025-02-09;13;1555
12;2025-02-09;14;1401
12;2025-02-09;15;1361
12;2025-02-09;16;1501
12;2025-02-09;17;1458
12;2025-02-09;18;1372
12;2025-02-09;19;1062
12;2025-02-09;20;704
12;2025-02-09;21;501
12;2025-02-09;22;383
12;2025-02-09;23;194
12;2025-02-10;0;64
12;2025-02-10;1;2
12;2025-02-10;4;5
12;2025-02-10;5;363
12;2025-02-10;6;1261
12;2025-02-10;7;2252
12;2025-02-10;8;3066
12;2025-02-10;9;2140
12;2025-02-10;10;1763
12;2025-02-10;11;1751
12;2025-02-10;12;1699
12;2025-02-10;13;2080
12;2025-02-10;14;1739
12;2025-02-10;15;2036
12;2025-02-10;16;2612
12;2025-02-10;17;2874
12;2025-02-10;18;2677
12;2025-02-10;19;2284
12;2025-02-10;20;1380
12;2025-02-10;21;855
12;2025-02-10;22;438
12;2025-02-10;23;234
12;2025-02-11;0;56
12;2025-02-11;4;2
12;2025-02-11;5;328
12;2025-02-11;6;1321
12;2025-02-11;7;2788
12;2025-02-11;8;4032
12;2025-02-11;9;2580
12;2025-02-11;10;2122
12;2025-02-11;11;2139
12;2025-02-11;12;2023
12;2025-02-11;13;2191
12;2025-02-11;14;2236
12;2025-02-11;15;2181
12;2025-02-11;16;2953
12;2025-02-11;17;2964
12;2025-02-11;18;3207
12;2025-02-11;19;2394
12;2025-02-11;20;1270
12;2025-02-11;21;808
12;2025-02-11;22;537
12;2025-02-11;23;229
12;2025-02-12;0;46
12;2025-02-12;1;5
12;2025-02-12;4;4
12;2025-02-12;5;364
12;2025-02-12;6;1408
12;2025-02-12;7;2840
12;2025-02-12;8;3922
12;2025-02-12;9;2619
12;2025-02-12;10;2349
12;2025-02-12;11;2147
12;2025-02-12;12;2078
12;2025-02-12;13;2299
12;2025-02-12;14;2348
12;2025-02-12;15;2357
12;2025-02-12;16;2806
12;2025-02-12;17;3208
12;2025-02-12;18;3267
12;2025-02-12;19;2646
12;2025-02-12;20;1570
12;2025-02-12;21;958
12;2025-02-12;22;474
12;2025-02-12;23;241
12;2025-02-13;0;74
12;2025-02-13;1;2
12;2025-02-13;4;4
12;2025-02-13;5;308
12;2025-02-13;6;1393
12;2025-02-13;7;2769
12;2025-02-13;8;3447
12;2025-02-13;9;2248
12;2025-02-13;10;2004
12;2025-02-13;11;1889
12;2025-02-13;12;1934
12;2025-02-13;13;2060
12;2025-02-13;14;1949
12;2025-02-13;15;2528
12;2025-02-13;16;2783
12;2025-02-13;17;3252
12;2025-02-13;18;3212
12;2025-02-13;19;2624
12;2025-02-13;20;1672
12;2025-02-13;21;902
12;2025-02-13;22;501
12;2025-02-13;23;310
12;2025-02-14;0;68
12;2025-02-14;1;3
12;2025-02-14;4;5
12;2025-02-14;5;279
12;2025-02-14;6;1220
12;2025-02-14;7;2606
12;2025-02-14;8;3489
12;2025-02-14;9;2507
12;2025-02-14;10;2101
12;2025-02-14;11;2073
12;2025-02-14;12;2344
12;2025-02-14;13;2046
12;2025-02-14;14;2181
12;2025-02-14;15;2488
12;2025-02-14;16;3159
12;2025-02-14;17;2979
12;2025-02-14;18;2981
12;2025-02-14;19;2312
12;2025-02-14;20;1520
12;2025-02-14;21;946
12;2025-02-14;22;476
12;2025-02-14;23;280
12;2025-02-15;0;87
12;2025-02-15;1;6
12;2025-02-15;4;1
12;2025-02-15;5;126
12;2025-02-15;6;696
12;2025-02-15;7;750
12;2025-02-15;8;1040
12;2025-02-15;9;1210
12;2025-02-15;10;1428
12;2025-02-15;11;1705
12;2025-02-15;12;1363
12;2025-02-15;13;1679
12;2025-02-15;14;1558
12;2025-02-15;15;1638
12;2025-02-15;16;1606
12;2025-02-15;17;1544
12;2025-02-15;18;1636
12;2025-02-15;19;1497
12;2025-02-15;20;966
12;2025-02-15;21;573
12;2025-02-15;22;368
12;2025-02-15;23;284
12;2025-02-16;0;99
12;2025-02-16;1;8
12;2025-02-16;4;2
12;2025-02-16;5;154
12;2025-02-16;6;527
12;2025-02-16;7;542
12;2025-02-16;8;643
12;2025-02-16;9;925
12;2025-02-16;10;1069
12;2025-02-16;11;1251
12;2025-02-16;12;1345
12;2025-02-16;13;1693
12;2025-02-16;14;1399
12;2025-02-16;15;1519
12;2025-02-16;16;1368
12;2025-02-16;17;1448
12;2025-02-16;18;1180
12;2025-02-16;19;1033
12;2025-02-16;20;727
12;2025-02-16;21;607
12;2025-02-16;22;347
12;2025-02-16;23;277
12;2025-02-17;0;83
12;2025-02-17;1;2
12;2025-02-17;4;4
12;2025-02-17;5;294
12;2025-02-17;6;1212
12;2025-02-17;7;2231
12;2025-02-17;8;2944
12;2025-02-17;9;1983
12;2025-02-17;10;1542
12;2025-02-17;11;1583
12;2025-02-17;12;1591
12;2025-02-17;13;1292
12;2025-02-17;14;1434
12;2025-02-17;15;1553
12;2025-02-17;16;2015
12;2025-02-17;17;2485
12;2025-02-17;18;2797
12;2025-02-17;19;2269
12;2025-02-17;20;1152
12;2025-02-17;21;684
12;2025-02-17;22;314
12;2025-02-17;23;116
12;2025-02-18;0;40
12;2025-02-18;1;2
12;2025-02-18;4;5
12;2025-02-18;5;342
12;2025-02-18;6;1313
12;2025-02-18;7;2931
12;2025-02-18;8;3362
12;2025-02-18;9;2445
12;2025-02-18;10;2277
12;2025-02-18;11;2167
12;2025-02-18;12;2072
12;2025-02-18;13;2114
12;2025-02-18;14;2195
12;2025-02-18;15;2291
12;2025-02-18;16;2866
12;2025-02-18;17;3397
12;2025-02-18;18;2755
12;2025-02-18;19;2153
12;2025-02-18;20;1448
12;2025-02-18;21;758
12;2025-02-18;22;416
12;2025-02-18;23;250
12;2025-02-19;0;21
12;2025-02-19;4;5
12;2025-02-19;5;366
12;2025-02-19;6;1471
12;2025-02-19;7;2730
12;2025-02-19;8;3555
12;2025-02-19;9;2662
12;2025-02-19;10;2344
12;2025-02-19;11;2266
12;2025-02-19;12;2367
12;2025-02-19;13;2135
12;2025-02-19;14;2398
12;2025-02-19;15;2503
12;2025-02-19;16;2878
12;2025-02-19;17;3407
12;2025-02-19;18;3837
12;2025-02-19;19;2730
12;2025-02-19;20;1889
12;2025-02-19;21;934
12;2025-02-19;22;555
12;2025-02-19;23;284
12;2025-02-20;0;63
12;2025-02-20;1;3
12;2025-02-20;4;5
12;2025-02-20;5;330
12;2025-02-20;6;1292
12;2025-02-20;7;2654
12;2025-02-20;8;3371
12;2025-02-20;9;2536
12;2025-02-20;10;2156
12;2025-02-20;11;2235
12;2025-02-20;12;2103
12;2025-02-20;13;2167
12;2025-02-20;14;2338
12;2025-02-20;15;2414
12;2025-02-20;16;2981
12;2025-02-20;17;3232
12;2025-02-20;18;3416
12;2025-02-20;19;2837
12;2025-02-20;20;1646
12;2025-02-20;21;1041
12;2025-02-20;22;505
12;2025-02-20;23;314
12;2025-02-21;0;81
12;2025-02-21;1;6
12;2025-02-21;4;5
12;2025-02-21;5;345
12;2025-02-21;6;1258
12;2025-02-21;7;2356
12;2025-02-21;8;3367
12;2025-02-21;9;2711
12;2025-02-21;10;2105
12;2025-02-21;11;2302
12;2025-02-21;12;2024
12;2025-02-21;13;2066
12;2025-02-21;14;2456
12;2025-02-21;15;2904
12;2025-02-21;16;3360
12;2025-02-21;17;3283
12;2025-02-21;18;2826
12;2025-02-21;19;2336
12;2025-02-21;20;1541
12;2025-02-21;21;1199
12;2025-02-21;22;542
12;2025-02-21;23;396
12;2025-02-22;0;131
12;2025-02-22;1;9
12;2025-02-22;4;7
12;2025-02-22;5;239
12;2025-02-22;6;711
12;2025-02-22;7;825
12;2025-02-22;8;987
12;2025-02-22;9;1034
12;2025-02-22;10;1301
12;2025-02-22;11;1640
12;2025-02-22;12;1521
12;2025-02-22;13;1688
12;2025-02-22;14;1723
12;2025-02-22;15;1568
12;2025-02-22;16;1513
12;2025-02-22;17;1464
12;2025-02-22;18;1595
12;2025-02-22;19;1315
12;2025-02-22;20;863
12;2025-02-22;21;666
12;2025-02-22;22;429
12;2025-02-22;23;243
12;2025-02-23;0;97
12;2025-02-23;1;3
12;2025-02-23;4;3
12;2025-02-23;5;169
12;2025-02-23;6;375
12;2025-02-23;7;502
12;2025-02-23;8;654
12;2025-02-23;9;774
12;2025-02-23;10;1013
12;2025-02-23;11;1261
12;2025-02-23;12;1225
12;2025-02-23;13;1475
12;2025-02-23;14;1503
12;2025-02-23;15;1223
12;2025-02-23;16;1399
12;2025-02-23;17;1402
12;2025-02-23;18;1038
12;2025-02-23;19;1027
12;2025-02-23;20;775
12;2025-02-23;21;540
12;2025-02-23;22;389
12;2025-02-23;23;208
12;2025-02-24;0;79
12;2025-02-24;1;7
12;2025-02-24;4;2
12;2025-02-24;5;311
12;2025-02-24;6;1285
12;2025-02-24;7;2508
12;2025-02-24;8;3648
12;2025-02-24;9;2446
12;2025-02-24;10;1867
12;2025-02-24;11;1744
12;2025-02-24;12;1931
12;2025-02-24;13;1909
12;2025-02-24;14;1972
12;2025-02-24;15;2114
12;2025-02-24;16;2556
12;2025-02-24;17;2961
12;2025-02-24;18;3133
12;2025-02-24;19;2371
12;2025-02-24;20;1444
12;2025-02-24;21;742
12;2025-02-24;22;399
12;2025-02-24;23;252
12;2025-02-25;0;52
12;2025-02-25;1;6
12;2025-02-25;4;4
12;2025-02-25;5;382
12;2025-02-25;6;1401
12;2025-02-25;7;3093
12;2025-02-25;8;3720
12;2025-02-25;9;2301
12;2025-02-25;10;1905
12;2025-02-25;11;2079
12;2025-02-25;12;2257
12;2025-02-25;13;2281
12;2025-02-25;14;2332
12;2025-02-25;15;2429
12;2025-02-25;16;3283
12;2025-02-25;17;3374
12;2025-02-25;18;3499
12;2025-02-25;19;3032
12;2025-02-25;20;1560
12;2025-02-25;21;939
12;2025-02-25;22;438
12;2025-02-25;23;206
12;2025-02-26;0;65
12;2025-02-26;1;3
12;2025-02-26;4;8
12;2025-02-26;5;350
12;2025-02-26;6;1298
12;2025-02-26;7;2904
12;2025-02-26;8;3187
12;2025-02-26;9;2049
12;2025-02-26;10;1769
12;2025-02-26;11;1873
12;2025-02-26;12;1607
12;2025-02-26;13;1794
12;2025-02-26;14;2038
12;2025-02-26;15;2257
12;2025-02-26;16;2771
12;2025-02-26;17;3075
12;2025-02-26;18;3086
12;2025-02-26;19;2549
12;2025-02-26;20;1533
12;2025-02-26;21;882
12;2025-02-26;22;538
12;2025-02-26;23;288
12;2025-02-27;0;43
12;2025-02-27;1;6
12;2025-02-27;4;4
12;2025-02-27;5;345
12;2025-02-27;6;1373
12;2025-02-27;7;2545
12;2025-02-27;8;3776
12;2025-02-27;9;2421
12;2025-02-27;10;2198
12;2025-02-27;11;2181
12;2025-02-27;12;2268
12;2025-02-27;13;2204
12;2025-02-27;14;2419
12;2025-02-27;15;2499
12;2025-02-27;16;2978
12;2025-02-27;17;3506
12;2025-02-27;18;3051
12;2025-02-27;19;2662
12;2025-02-27;20;1642
12;2025-02-27;21;765
12;2025-02-27;22;523
12;2025-02-27;23;255
12;2025-02-28;0;57
12;2025-02-28;1;5
12;2025-02-28;4;2
12;2025-02-28;5;315
12;2025-02-28;6;1444
12;2025-02-28;7;2969
12;2025-02-28;8;3716
12;2025-02-28;9;2439
12;2025-02-28;10;2172
12;2025-02-28;11;2071
12;2025-02-28;12;2125
12;2025-02-28;13;2216
12;2025-02-28;14;2459
12;2025-02-28;15;2600
12;2025-02-28;16;3415
12;2025-02-28;17;3496
12;2025-02-28;18;2952
12;2025-02-28;19;2283
12;2025-02-28;20;1553
12;2025-02-28;21;958
12;2025-02-28;22;595
12;2025-02-28;23;329
12;2025-03-01;0;88
12;2025-03-01;1;8
12;2025-03-01;4;1
12;2025-03-01;5;187
12;2025-03-01;6;750
12;2025-03-01;7;979
12;2025-03-01;8;1016
12;2025-03-01;9;1358
12;2025-03-01;10;1304
12;2025-03-01;11;1625
12;2025-03-01;12;1784
12;2025-03-01;13;2013
12;2025-03-01;14;1968
12;2025-03-01;15;1528
12;2025-03-01;16;1836
12;2025-03-01;17;1783
12;2025-03-01;18;1366
12;2025-03-01;19;1518
12;2025-03-01;20;1049
12;2025-03-01;21;677
12;2025-03-01;22;473
12;2025-03-01;23;324
12;2025-03-02;0;70
12;2025-03-02;1;4
12;2025-03-02;4;1
12;2025-03-02;5;147
12;2025-03-02;6;431
12;2025-03-02;7;643
12;2025-03-02;8;734
12;2025-03-02;9;870
12;2025-03-02;10;1093
12;2025-03-02;11;1361
12;2025-03-02;12;1283
12;2025-03-02;13;1552
12;2025-03-02;14;1359
12;2025-03-02;15;1138
12;2025-03-02;16;1459
12;2025-03-02;17;1308
12;2025-03-02;18;1112
12;2025-03-02;19;926
12;2025-03-02;20;667
12;2025-03-02;21;555
12;2025-03-02;22;444
12;2025-03-02;23;200
12;2025-03-03;0;55
12;2025-03-03;1;4
12;2025-03-03;4;4
12;2025-03-03;5;346
12;2025-03-03;6;1203
12;2025-03-03;7;2584
12;2025-03-03;8;3421
12;2025-03-03;9;2523
12;2025-03-03;10;2155
12;2025-03-03;11;1909
12;2025-03-03;12;2290
12;2025-03-03;13;2044
12;2025-03-03;14;2073
12;2025-03-03;15;2468
12;2025-03-03;16;3044
12;2025-03-03;17;3358
12;2025-03-03;18;3813
12;2025-03-03;19;2658
12;2025-03-03;20;1624
12;2025-03-03;21;828
12;2025-03-03;22;450
12;2025-03-03;23;256
12;2025-03-04;0;65
12;2025-03-04;1;2
12;2025-03-04;4;5
12;2025-03-04;5;341
12;2025-03-04;6;1337
12;2025-03-04;7;2999
12;2025-03-04;8;4234
12;2025-03-04;9;2552
12;2025-03-04;10;2383
12;2025-03-04;11;2597
12;2025-03-04;12;2425
12;2025-03-04;13;2138
12;2025-03-04;14;2100
12;2025-03-04;15;2580
12;2025-03-04;16;2836
12;2025-03-04;17;3327
12;2025-03-04;18;3526
12;2025-03-04;19;2587
12;2025-03-04;20;1442
12;2025-03-04;21;885
12;2025-03-04;22;345
12;2025-03-04;23;223
12;2025-03-05;0;50
12;2025-03-05;1;4
12;2025-03-05;4;5
12;2025-03-05;5;329
12;2025-03-05;6;1299
12;2025-03-05;7;2842
12;2025-03-05;8;3773
12;2025-03-05;9;2586
12;2025-03-05;10;2328
12;2025-03-05;11;2168
12;2025-03-05;12;2359
12;2025-03-05;13;2253
12;2025-03-05;14;2269
12;2025-03-05;15;2568
12;2025-03-05;16;3143
12;2025-03-05;17;3215
12;2025-03-05;18;3381
12;2025-03-05;19;2704
12;2025-03-05;20;1503
12;2025-03-05;21;899
12;2025-03-05;22;500
12;2025-03-05;23;240
12;2025-03-06;0;45
12;2025-03-06;1;3
12;2025-03-06;4;6
12;2025-03-06;5;350
12;2025-03-06;6;1314
12;2025-03-06;7;2821
12;2025-03-06;8;3669
12;2025-03-06;9;2624
12;2025-03-06;10;2322
12;2025-03-06;11;2364
12;2025-03-06;12;2293
12;2025-03-06;13;1924
12;2025-03-06;14;2241
12;2025-03-06;15;2535
12;2025-03-06;16;3322
12;2025-03-06;17;3426
12;2025-03-06;18;3350
12;2025-03-06;19;2787
12;2025-03-06;20;1661
12;2025-03-06;21;1046
12;2025-03-06;22;490
12;2025-03-06;23;249
12;2025-03-07;0;68
12;2025-03-07;4;5
12;2025-03-07;5;381
12;2025-03-07;6;1391
12;2025-03-07;7;2833
12;2025-03-07;8;3810
12;2025-03-07;9;2798
12;2025-03-07;10;2174
12;2025-03-07;11;2656
12;2025-03-07;12;2757
12;2025-03-07;13;2397
12;2025-03-07;14;2856
12;2025-03-07;15;3362
12;2025-03-07;16;3066
12;2025-03-07;17;3035
12;2025-03-07;18;2644
12;2025-03-07;19;2408
12;2025-03-07;20;1544
12;2025-03-07;21;964
12;2025-03-07;22;614
12;2025-03-07;23;320
12;2025-03-08;0;85
12;2025-03-08;1;11
12;2025-03-08;4;3
12;2025-03-08;5;214
12;2025-03-08;6;814
12;2025-03-08;7;739
12;2025-03-08;8;749
12;2025-03-08;9;964
12;2025-03-08;10;1182
12;2025-03-08;11;1384
12;2025-03-08;12;1430
12;2025-03-08;13;1743
12;2025-03-08;14;1625
12;2025-03-08;15;1773
12;2025-03-08;16;1892
12;2025-03-08;17;1864
12;2025-03-08;18;1686
12;2025-03-08;19;1758
12;2025-03-08;20;1128
12;2025-03-08;21;723
12;2025-03-08;22;614
12;2025-03-08;23;377
12;2025-03-09;0;85
12;2025-03-09;1;5
12;2025-03-09;4;1
12;2025-03-09;5;173
12;2025-03-09;6;525
12;2025-03-09;7;550
12;2025-03-09;8;729
12;2025-03-09;9;1037
12;2025-03-09;10;1248
12;2025-03-09;11;1447
12;2025-03-09;12;1500
12;2025-03-09;13;1710
12;2025-03-09;14;1795
12;2025-03-09;15;1556
12;2025-03-09;16;1481
12;2025-03-09;17;1875
12;2025-03-09;18;1313
12;2025-03-09;19;1073
12;2025-03-09;20;833
12;2025-03-09;21;545
12;2025-03-09;22;296
12;2025-03-09;23;207
12;2025-03-10;0;57
12;2025-03-10;1;2
12;2025-03-10;4;5
12;2025-03-10;5;340
12;2025-03-10;6;1323
12;2025-03-10;7;2886
12;2025-03-10;8;3885
12;2025-03-10;9;2721
12;2025-03-10;10;2128
12;2025-03-10;11;2321
12;2025-03-10;12;2328
12;2025-03-10;13;2166
12;2025-03-10;14;2268
12;2025-03-10;15;2651
12;2025-03-10;16;3185
12;2025-03-10;17;3595
12;2025-03-10;18;3506
12;2025-03-10;19;2670
12;2025-03-10;20;1689
12;2025-03-10;21;951
12;2025-03-10;22;445
12;2025-03-10;23;273
12;2025-03-11;0;51
12;2025-03-11;1;1
12;2025-03-11;4;5
12;2025-03-11;5;328
12;2025-03-11;6;1417
12;2025-03-11;7;3095
12;2025-03-11;8;4013
12;2025-03-11;9;2606
12;2025-03-11;10;2123
12;2025-03-11;11;2219
12;2025-03-11;12;2353
12;2025-03-11;13;2398
12;2025-03-11;14;2349
12;2025-03-11;15;2584
12;2025-03-11;16;3296
12;2025-03-11;17;3267
12;2025-03-11;18;3643
12;2025-03-11;19;2513
12;2025-03-11;20;1434
12;2025-03-11;21;857
12;2025-03-11;22;529
12;2025-03-11;23;212
12;2025-03-12;0;74
12;2025-03-12;1;3
12;2025-03-12;4;5
12;2025-03-12;5;363
12;2025-03-12;6;1517
12;2025-03-12;7;2812
12;2025-03-12;8;3932
12;2025-03-12;9;2677
12;2025-03-12;10;2392
12;2025-03-12;11;2440
12;2025-03-12;12;2232
12;2025-03-12;13;2374
12;2025-03-12;14;2128
12;2025-03-12;15;2535
12;2025-03-12;16;3336
12;2025-03-12;17;3440
12;2025-03-12;18;3207
12;2025-03-12;19;2500
12;2025-03-12;20;1472
12;2025-03-12;21;980
12;2025-03-12;22;472
12;2025-03-12;23;266
12;2025-03-13;0;42
12;2025-03-13;1;3
12;2025-03-13;4;5
12;2025-03-13;5;367
12;2025-03-13;6;1295
12;2025-03-13;7;2776
12;2025-03-13;8;3924
12;2025-03-13;9;2587
12;2025-03-13;10;2214
12;2025-03-13;11;2373
12;2025-03-13;12;2116
12;2025-03-13;13;2129
12;2025-03-13;14;2092
12;2025-03-13;15;2526
12;2025-03-13;16;2980
12;2025-03-13;17;3327
12;2025-03-13;18;3294
12;2025-03-13;19;2708
12;2025-03-13;20;1589
12;2025-03-13;21;936
12;2025-03-13;22;516
12;2025-03-13;23;259
12;2025-03-14;0;53
12;2025-03-14;1;4
12;2025-03-14;4;6
12;2025-03-14;5;295
12;2025-03-14;6;1421
12;2025-03-14;7;2953
12;2025-03-14;8;3905
12;2025-03-14;9;2408
12;2025-03-14;10;2196
12;2025-03-14;11;2147
12;2025-03-14;12;2225
12;2025-03-14;13;1938
12;2025-03-14;14;2257
12;2025-03-14;15;2646
12;2025-03-14;16;3160
12;2025-03-14;17;3140
12;2025-03-14;18;2866
12;2025-03-14;19;2397
12;2025-03-14;20;1467
12;2025-03-14;21;953
12;2025-03-14;22;542
12;2025-03-14;23;250
12;2025-03-15;0;56
12;2025-03-15;1;14
12;2025-03-15;4;3
12;2025-03-15;5;206
12;2025-03-15;6;938
12;2025-03-15;7;1042
12;2025-03-15;8;1198
12;2025-03-15;9;1252
12;2025-03-15;10;1543
12;2025-03-15;11;1649
12;2025-03-15;12;1635
12;2025-03-15;13;2073
12;2025-03-15;14;1668
12;2025-03-15;15;1559
12;2025-03-15;16;1432
12;2025-03-15;17;1677
12;2025-03-15;18;1633
12;2025-03-15;19;1557
12;2025-03-15;20;909
12;2025-03-15;21;617
12;2025-03-15;22;413
12;2025-03-15;23;327
12;2025-03-16;0;94
12;2025-03-16;1;9
12;2025-03-16;4;2
12;2025-03-16;5;135
12;2025-03-16;6;499
12;2025-03-16;7;627
12;2025-03-16;8;712
12;2025-03-16;9;976
12;2025-03-16;10;1236
12;2025-03-16;11;1307
12;2025-03-16;12;1645
12;2025-03-16;13;1650
12;2025-03-16;14;1740
12;2025-03-16;15;1383
12;2025-03-16;16;1653
12;2025-03-16;17;1744
12;2025-03-16;18;1516
12;2025-03-16;19;1135
12;2025-03-16;20;763
12;2025-03-16;21;603
12;2025-03-16;22;447
12;2025-03-16;23;206
12;2025-03-17;0;55
12;2025-03-17;1;1
12;2025-03-17;4;6
12;2025-03-17;5;285
12;2025-03-17;6;1377
12;2025-03-17;7;3047
12;2025-03-17;8;3870
12;2025-03-17;9;2502
12;2025-03-17;10;2160
12;2025-03-17;11;1964
12;2025-03-17;12;2202
12;2025-03-17;13;2091
12;2025-03-17;14;1990
12;2025-03-17;15;2609
12;2025-03-17;16;2929
12;2025-03-17;17;3070
12;2025-03-17;18;3151
12;2025-03-17;19;2719
12;2025-03-17;20;1344
12;2025-03-17;21;927
12;2025-03-17;22;442
12;2025-03-17;23;231
12;2025-03-18;0;51
12;2025-03-18;1;5
12;2025-03-18;4;6
12;2025-03-18;5;305
12;2025-03-18;6;1369
12;2025-03-18;7;3133
12;2025-03-18;8;4279
12;2025-03-18;9;2538
12;2025-03-18;10;2306
12;2025-03-18;11;2240
12;2025-03-18;12;2403
12;2025-03-18;13;2229
12;2025-03-18;14;2360
12;2025-03-18;15;2559
12;2025-03-18;16;2783
12;2025-03-18;17;3359
12;2025-03-18;18;3239
12;2025-03-18;19;2979
12;2025-03-18;20;1790
12;2025-03-18;21;934
12;2025-03-18;22;545
12;2025-03-18;23;220
12;2025-03-19;0;67
12;2025-03-19;1;4
12;2025-03-19;4;12
12;2025-03-19;5;313
12;2025-03-19;6;1498
12;2025-03-19;7;3056
12;2025-03-19;8;4057
12;2025-03-19;9;2658
12;2025-03-19;10;2219
12;2025-03-19;11;2468
12;2025-03-19;12;2301
12;2025-03-19;13;2256
12;2025-03-19;14;2324
12;2025-03-19;15;2415
12;2025-03-19;16;2922
12;2025-03-19;17;3237
12;2025-03-19;18;3676
12;2025-03-19;19;2881
12;2025-03-19;20;1626
12;2025-03-19;21;981
12;2025-03-19;22;469
12;2025-03-19;23;261
12;2025-03-20;0;45
12;2025-03-20;1;7
12;2025-03-20;4;2
12;2025-03-20;5;354
12;2025-03-20;6;1341
12;2025-03-20;7;3043
12;2025-03-20;8;4132
12;2025-03-20;9;2447
12;2025-03-20;10;2301
12;2025-03-20;11;2251
12;2025-03-20;12;2367
12;2025-03-20;13;2253
12;2025-03-20;14;2420
12;2025-03-20;15;2431
12;2025-03-20;16;3265
12;2025-03-20;17;3382
12;2025-03-20;18;3412
12;2025-03-20;19;3075
12;2025-03-20;20;1689
12;2025-03-20;21;1006
12;2025-03-20;22;435
12;2025-03-20;23;264
12;2025-03-21;0;54
12;2025-03-21;1;2
12;2025-03-21;4;3
12;2025-03-21;5;325
12;2025-03-21;6;1453
12;2025-03-21;7;2997
12;2025-03-21;8;3581
12;2025-03-21;9;2020
12;2025-03-21;10;1956
12;2025-03-21;11;2234
12;2025-03-21;12;2137
12;2025-03-21;13;2082
12;2025-03-21;14;2311
12;2025-03-21;15;2783
12;2025-03-21;16;3463
12;2025-03-21;17;3065
12;2025-03-21;18;2879
12;2025-03-21;19;2441
12;2025-03-21;20;1593
12;2025-03-21;21;1043
12;2025-03-21;22;493
12;2025-03-21;23;280
12;2025-03-22;0;80
12;2025-03-22;1;10
12;2025-03-22;4;4
12;2025-03-22;5;225
12;2025-03-22;6;793
12;2025-03-22;7;1024
12;2025-03-22;8;1008
12;2025-03-22;9;1181
12;2025-03-22;10;1566
12;2025-03-22;11;1810
12;2025-03-22;12;1660
12;2025-03-22;13;2291
12;2025-03-22;14;1939
12;2025-03-22;15;1795
12;2025-03-22;16;1808
12;2025-03-22;17;1765
12;2025-03-22;18;1579
12;2025-03-22;19;1746
12;2025-03-22;20;1046
12;2025-03-22;21;617
12;2025-03-22;22;454
12;2025-03-22;23;304
12;2025-03-23;0;100
12;2025-03-23;1;5
12;2025-03-23;4;2
12;2025-03-23;5;159
12;2025-03-23;6;667
12;2025-03-23;7;695
12;2025-03-23;8;777
12;2025-03-23;9;987
12;2025-03-23;10;1174
12;2025-03-23;11;1393
12;2025-03-23;12;1428
12;2025-03-23;13;1835
12;2025-03-23;14;1768
12;2025-03-23;15;1524
12;2025-03-23;16;1846
12;2025-03-23;17;1592
12;2025-03-23;18;1363
12;2025-03-23;19;982
12;2025-03-23;20;679
12;2025-03-23;21;617
12;2025-03-23;22;346
12;2025-03-23;23;177
12;2025-03-24;0;83
12;2025-03-24;1;3
12;2025-03-24;4;5
12;2025-03-24;5;338
12;2025-03-24;6;1515
12;2025-03-24;7;2989
12;2025-03-24;8;4071
12;2025-03-24;9;2870
12;2025-03-24;10;2178
12;2025-03-24;11;2075
12;2025-03-24;12;2322
12;2025-03-24;13;2128
12;2025-03-24;14;2245
12;2025-03-24;15;2545
12;2025-03-24;16;3101
12;2025-03-24;17;3399
12;2025-03-24;18;3668
12;2025-03-24;19;2819
12;2025-03-24;20;1719
12;2025-03-24;21;893
12;2025-03-24;22;477
12;2025-03-24;23;225
12;2025-03-25;0;58
12;2025-03-25;1;5
12;2025-03-25;4;7
12;2025-03-25;5;390
12;2025-03-25;6;1441
12;2025-03-25;7;2721
12;2025-03-25;8;3869
12;2025-03-25;9;2809
12;2025-03-25;10;2144
12;2025-03-25;11;2186
12;2025-03-25;12;2165
12;2025-03-25;13;2090
12;2025-03-25;14;2305
12;2025-03-25;15;2429
12;2025-03-25;16;2910
12;2025-03-25;17;3119
12;2025-03-25;18;3607
12;2025-03-25;19;2728
12;2025-03-25;20;1615
12;2025-03-25;21;912
12;2025-03-25;22;555
12;2025-03-25;23;246
12;2025-03-26;0;52
12;2025-03-26;1;5
12;2025-03-26;4;4
12;2025-03-26;5;343
12;2025-03-26;6;1369
12;2025-03-26;7;2953
12;2025-03-26;8;4234
12;2025-03-26;9;2832
12;2025-03-26;10;2338
12;2025-03-26;11;2317
12;2025-03-26;12;2285
12;2025-03-26;13;2266
12;2025-03-26;14;2175
12;2025-03-26;15;2348
12;2025-03-26;16;2852
12;2025-03-26;17;3476
12;2025-03-26;18;3674
12;2025-03-26;19;2735
12;2025-03-26;20;1753
12;2025-03-26;21;1046
12;2025-03-26;22;496
12;2025-03-26;23;289
12;2025-03-27;0;64
12;2025-03-27;1;6
12;2025-03-27;4;9
12;2025-03-27;5;330
12;2025-03-27;6;1432
12;2025-03-27;7;3013
12;2025-03-27;8;3914
12;2025-03-27;9;2525
12;2025-03-27;10;2354
12;2025-03-27;11;2294
12;2025-03-27;12;2364
12;2025-03-27;13;2356
12;2025-03-27;14;2249
12;2025-03-27;15;2400
12;2025-03-27;16;3129
12;2025-03-27;17;3466
12;2025-03-27;18;3549
12;2025-03-27;19;2594
12;2025-03-27;20;1594
12;2025-03-27;21;921
12;2025-03-27;22;569
12;2025-03-27;23;298
12;2025-03-28;0;73
12;2025-03-28;1;3
12;2025-03-28;4;7
12;2025-03-28;5;324
12;2025-03-28;6;1486
12;2025-03-28;7;2998
12;2025-03-28;8;3768
12;2025-03-28;9;2310
12;2025-03-28;10;2182
12;2025-03-28;11;2391
12;2025-03-28;12;2338
12;2025-03-28;13;2239
12;2025-03-28;14;2445
12;2025-03-28;15;2748
12;2025-03-28;16;3282
12;2025-03-28;17;3388
12;2025-03-28;18;3000
12;2025-03-28;19;2568
12;2025-03-28;20;1833
12;2025-03-28;21;1064
12;2025-03-28;22;625
12;2025-03-28;23;306
12;2025-03-29;0;96
12;2025-03-29;1;5
12;2025-03-29;4;4
12;2025-03-29;5;246
12;2025-03-29;6;851
12;2025-03-29;7;910
12;2025-03-29;8;960
12;2025-03-29;9;1265
12;2025-03-29;10;1284
12;2025-03-29;11;1391
12;2025-03-29;12;1758
12;2025-03-29;13;2274
12;2025-03-29;14;1757
12;2025-03-29;15;1938
12;2025-03-29;16;1992
12;2025-03-29;17;1733
12;2025-03-29;18;1590
12;2025-03-29;19;1368
12;2025-03-29;20;806
12;2025-03-29;21;607
12;2025-03-29;22;446
12;2025-03-29;23;240
12;2025-03-30;0;83
12;2025-03-30;1;8
12;2025-03-30;4;2
12;2025-03-30;5;177
12;2025-03-30;6;386
12;2025-03-30;7;495
12;2025-03-30;8;861
12;2025-03-30;9;1240
12;2025-03-30;10;1427
12;2025-03-30;11;1398
12;2025-03-30;12;1517
12;2025-03-30;13;1810
12;2025-03-30;14;1564
12;2025-03-30;15;1461
12;2025-03-30;16;1366
12;2025-03-30;17;1368
12;2025-03-30;18;1197
12;2025-03-30;19;1053
12;2025-03-30;20;672
12;2025-03-30;21;493
12;2025-03-30;22;355
12;2025-03-30;23;227
12;2025-03-31;0;68
12;2025-03-31;1;4
12;2025-03-31;4;10
12;2025-03-31;5;332
12;2025-03-31;6;1374
12;2025-03-31;7;2082
12;2025-03-31;8;2648
12;2025-03-31;9;1662
12;2025-03-31;10;1572
12;2025-03-31;11;1395
12;2025-03-31;12;1493
12;2025-03-31;13;1240
12;2025-03-31;14;1411
12;2025-03-31;15;1463
12;2025-03-31;16;1556
12;2025-03-31;17;2195
12;2025-03-31;18;2171
12;2025-03-31;19;1987
12;2025-03-31;20;1208
12;2025-03-31;21;559
12;2025-03-31;22;256
12;2025-03-31;23;185
12;2025-04-01;0;37
12;2025-04-01;1;3
12;2025-04-01;4;1
12;2025-04-01;5;241
12;2025-04-01;6;823
12;2025-04-01;7;1673
12;2025-04-01;8;2676
12;2025-04-01;9;1915
12;2025-04-01;10;1177
12;2025-04-01;11;831
12;2025-04-01;12;980
12;2025-04-01;13;821
12;2025-04-01;14;882
12;2025-04-01;15;971
12;2025-04-01;16;1355
12;2025-04-01;17;2366
12;2025-04-01;18;2055
12;2025-04-01;19;1925
12;2025-04-01;20;1003
12;2025-04-01;21;420
12;2025-04-01;22;262
12;2025-04-01;23;92
12;2025-04-02;0;19
12;2025-04-02;4;4
12;2025-04-02;5;103
12;2025-04-02;6;647
12;2025-04-02;7;1764
12;2025-04-02;8;2440
12;2025-04-02;9;1736
12;2025-04-02;10;1372
12;2025-04-02;11;1424
12;2025-04-02;12;1347
12;2025-04-02;13;1177
12;2025-04-02;14;1375
12;2025-04-02;15;1519
12;2025-04-02;16;1446
12;2025-04-02;17;2310
12;2025-04-02;18;2362
12;2025-04-02;19;1604
12;2025-04-02;20;1186
12;2025-04-02;21;545
12;2025-04-02;22;419
12;2025-04-02;23;168
12;2025-04-03;0;43
12;2025-04-03;1;2
12;2025-04-03;4;5
12;2025-04-03;5;52
12;2025-04-03;6;689
12;2025-04-03;7;1539
12;2025-04-03;8;2371
12;2025-04-03;9;1780
12;2025-04-03;10;1233
12;2025-04-03;11;1562
12;2025-04-03;12;1397
12;2025-04-03;13;1538
12;2025-04-03;14;1696
12;2025-04-03;15;1872
12;2025-04-03;16;1881
12;2025-04-03;17;2010
12;2025-04-03;18;2001
12;2025-04-03;19;1447
12;2025-04-03;20;870
12;2025-04-03;21;535
12;2025-04-03;22;363
12;2025-04-03;23;99
12;2025-04-04;0;22
12;2025-04-04;4;9
12;2025-04-04;5;127
12;2025-04-04;6;973
12;2025-04-04;7;1724
12;2025-04-04;8;2190
12;2025-04-04;9;1660
12;2025-04-04;10;1574
12;2025-04-04;11;1184
12;2025-04-04;12;1384
12;2025-04-04;13;1486
12;2025-04-04;14;1160
12;2025-04-04;15;1437
12;2025-04-04;16;2417
12;2025-04-04;17;2186
12;2025-04-04;18;1858
12;2025-04-04;19;1239
12;2025-04-04;20;1054
12;2025-04-04;21;531
12;2025-04-04;22;315
12;2025-04-04;23;185
12;2025-04-05;0;47
12;2025-04-05;1;1
12;2025-04-05;4;1
12;2025-04-05;5;85
12;2025-04-05;6;381
12;2025-04-05;7;507
12;2025-04-05;8;889
12;2025-04-05;9;880
12;2025-04-05;10;925
12;2025-04-05;11;1235
12;2025-04-05;12;1173
12;2025-04-05;13;1309
12;2025-04-05;14;1135
12;2025-04-05;15;1206
12;2025-04-05;16;960
12;2025-04-05;17;1038
12;2025-04-05;18;1069
12;2025-04-05;19;864
12;2025-04-05;20;746
12;2025-04-05;21;480
12;2025-04-05;22;242
12;2025-04-05;23;184
12;2025-04-06;0;18
12;2025-04-06;1;11
12;2025-04-06;4;1
12;2025-04-06;5;56
12;2025-04-06;6;287
12;2025-04-06;7;461
12;2025-04-06;8;552
12;2025-04-06;9;545
12;2025-04-06;10;764
12;2025-04-06;11;873
12;2025-04-06;12;956
12;2025-04-06;13;916
12;2025-04-06;14;983
12;2025-04-06;15;670
12;2025-04-06;16;810
12;2025-04-06;17;1297
12;2025-04-06;18;988
12;2025-04-06;19;844
12;2025-04-06;20;743
12;2025-04-06;21;588
12;2025-04-06;22;341
12;2025-04-06;23;217
12;2025-04-07;0;76
12;2025-04-07;1;4
12;2025-04-07;4;8
12;2025-04-07;5;416
12;2025-04-07;6;1597
12;2025-04-07;7;2754
12;2025-04-07;8;3503
12;2025-04-07;9;2970
12;2025-04-07;10;2041
12;2025-04-07;11;1686
12;2025-04-07;12;1783
12;2025-04-07;13;1746
12;2025-04-07;14;2035
12;2025-04-07;15;2235
12;2025-04-07;16;2664
12;2025-04-07;17;2943
12;2025-04-07;18;3293
12;2025-04-07;19;2653
12;2025-04-07;20;1895
12;2025-04-07;21;1033
12;2025-04-07;22;484
12;2025-04-07;23;255
12;2025-04-08;0;43
12;2025-04-08;1;4
12;2025-04-08;4;5
12;2025-04-08;5;332
12;2025-04-08;6;1480
12;2025-04-08;7;2746
12;2025-04-08;8;3512
12;2025-04-08;9;2889
12;2025-04-08;10;2241
12;2025-04-08;11;1858
12;2025-04-08;12;2287
12;2025-04-08;13;2181
12;2025-04-08;14;1870
12;2025-04-08;15;2228
12;2025-04-08;16;2493
12;2025-04-08;17;3151
12;2025-04-08;18;2881
12;2025-04-08;19;2453
12;2025-04-08;20;1660
12;2025-04-08;21;866
12;2025-04-08;22;503
12;2025-04-08;23;237
12;2025-04-09;0;44
12;2025-04-09;1;15
12;2025-04-09;4;7
12;2025-04-09;5;410
12;2025-04-09;6;1640
12;2025-04-09;7;2740
12;2025-04-09;8;3609
12;2025-04-09;9;2664
12;2025-04-09;10;2295
12;2025-04-09;11;2059
12;2025-04-09;12;2208
12;2025-04-09;13;2089
12;2025-04-09;14;2070
12;2025-04-09;15;2315
12;2025-04-09;16;2735
12;2025-04-09;17;2889
12;2025-04-09;18;3566
12;2025-04-09;19;2636
12;2025-04-09;20;1537
12;2025-04-09;21;1038
12;2025-04-09;22;614
12;2025-04-09;23;241
12;2025-04-10;0;50
12;2025-04-10;1;2
12;2025-04-10;4;8
12;2025-04-10;5;360
12;2025-04-10;6;1573
12;2025-04-10;7;2394
12;2025-04-10;8;3372
12;2025-04-10;9;2496
12;2025-04-10;10;2378
12;2025-04-10;11;2467
12;2025-04-10;12;2263
12;2025-04-10;13;1946
12;2025-04-10;14;2124
12;2025-04-10;15;2272
12;2025-04-10;16;2696
12;2025-04-10;17;2716
12;2025-04-10;18;3092
12;2025-04-10;19;2512
12;2025-04-10;20;1452
12;2025-04-10;21;884
12;2025-04-10;22;578
12;2025-04-10;23;316
12;2025-04-11;0;57
12;2025-04-11;1;5
12;2025-04-11;4;4
12;2025-04-11;5;389
12;2025-04-11;6;1439
12;2025-04-11;7;2696
12;2025-04-11;8;3322
12;2025-04-11;9;2391
12;2025-04-11;10;1907
12;2025-04-11;11;2235
12;2025-04-11;12;2141
12;2025-04-11;13;2314
12;2025-04-11;14;2108
12;2025-04-11;15;2516
12;2025-04-11;16;3051
12;2025-04-11;17;3344
12;2025-04-11;18;3051
12;2025-04-11;19;2269
12;2025-04-11;20;1761
12;2025-04-11;21;1012
12;2025-04-11;22;570
12;2025-04-11;23;307
12;2025-04-12;0;107
12;2025-04-12;5;238
12;2025-04-12;6;987
12;2025-04-12;7;1001
12;2025-04-12;8;1043
12;2025-04-12;9;1289
12;2025-04-12;10;1451
12;2025-04-12;11;1665
12;2025-04-12;12;1480
12;2025-04-12;13;1657
12;2025-04-12;14;1657
12;2025-04-12;15;1354
12;2025-04-12;16;1580
12;2025-04-12;17;1547
12;2025-04-12;18;1463
12;2025-04-12;19;1467
12;2025-04-12;20;1093
12;2025-04-12;21;789
12;2025-04-12;22;419
12;2025-04-12;23;281
12;2025-04-13;0;83
12;2025-04-13;1;16
12;2025-04-13;4;1
12;2025-04-13;5;192
12;2025-04-13;6;544
12;2025-04-13;7;693
12;2025-04-13;8;840
12;2025-04-13;9;1153
12;2025-04-13;10;1370
12;2025-04-13;11;1443
12;2025-04-13;12;1498
12;2025-04-13;13;1743
12;2025-04-13;14;1702
12;2025-04-13;15;1420
12;2025-04-13;16;1557
12;2025-04-13;17;1751
12;2025-04-13;18;1338
12;2025-04-13;19;1045
12;2025-04-13;20;866
12;2025-04-13;21;700
12;2025-04-13;22;454
12;2025-04-13;23;308
12;2025-04-14;0;80
12;2025-04-14;1;7
12;2025-04-14;4;3
12;2025-04-14;5;358
12;2025-04-14;6;1453
12;2025-04-14;7;2770
12;2025-04-14;8;4002
12;2025-04-14;9;2940
12;2025-04-14;10;2058
12;2025-04-14;11;2290
12;2025-04-14;12;2163
12;2025-04-14;13;2043
12;2025-04-14;14;2065
12;2025-04-14;15;2306
12;2025-04-14;16;2711
12;2025-04-14;17;3227
12;2025-04-14;18;3699
12;2025-04-14;19;2876
12;2025-04-14;20;1713
12;2025-04-14;21;907
12;2025-04-14;22;453
12;2025-04-14;23;261
12;2025-04-15;0;47
12;2025-04-15;1;1
12;2025-04-15;4;5
12;2025-04-15;5;477
12;2025-04-15;6;1467
12;2025-04-15;7;2906
12;2025-04-15;8;4017
12;2025-04-15;9;2615
12;2025-04-15;10;2059
12;2025-04-15;11;2167
12;2025-04-15;12;1981
12;2025-04-15;13;2187
12;2025-04-15;14;1958
12;2025-04-15;15;2196
12;2025-04-15;16;2823
12;2025-04-15;17;3367
12;2025-04-15;18;3519
12;2025-04-15;19;2924
12;2025-04-15;20;1815
12;2025-04-15;21;954
12;2025-04-15;22;698
12;2025-04-15;23;263
12;2025-04-16;0;82
12;2025-04-16;4;5
12;2025-04-16;5;474
12;2025-04-16;6;1723
12;2025-04-16;7;3140
12;2025-04-16;8;3741
12;2025-04-16;9;2870
12;2025-04-16;10;2097
12;2025-04-16;11;2228
12;2025-04-16;12;2107
12;2025-04-16;13;1968
12;2025-04-16;14;2173
12;2025-04-16;15;2451
12;2025-04-16;16;2715
12;2025-04-16;17;3390
12;2025-04-16;18;3401
12;2025-04-16;19;2680
12;2025-04-16;20;1794
12;2025-04-16;21;1213
12;2025-04-16;22;707
12;2025-04-16;23;227
12;2025-04-17;0;69
12;2025-04-17;1;1
12;2025-04-17;4;5
12;2025-04-17;5;397
12;2025-04-17;6;1578
12;2025-04-17;7;2500
12;2025-04-17;8;3312
12;2025-04-17;9;2544
12;2025-04-17;10;2041
12;2025-04-17;11;1953
12;2025-04-17;12;2066
12;2025-04-17;13;2096
12;2025-04-17;14;1941
12;2025-04-17;15;2170
12;2025-04-17;16;2575
12;2025-04-17;17;2955
12;2025-04-17;18;3009
12;2025-04-17;19;2816
12;2025-04-17;20;1726
12;2025-04-17;21;1039
12;2025-04-17;22;497
12;2025-04-17;23;334
12;2025-04-18;0;66
12;2025-04-18;1;1
12;2025-04-18;4;5
12;2025-04-18;5;440
12;2025-04-18;6;1515
12;2025-04-18;7;2845
12;2025-04-18;8;3363
12;2025-04-18;9;2178
12;2025-04-18;10;1894
12;2025-04-18;11;2261
12;2025-04-18;12;2203
12;2025-04-18;13;1949
12;2025-04-18;14;1969
12;2025-04-18;15;2192
12;2025-04-18;16;2780
12;2025-04-18;17;3003
12;2025-04-18;18;2456
12;2025-04-18;19;2509
12;2025-04-18;20;1840
12;2025-04-18;21;931
12;2025-04-18;22;624
12;2025-04-18;23;349
12;2025-04-19;0;84
12;2025-04-19;1;2
12;2025-04-19;4;2
12;2025-04-19;5;350
12;2025-04-19;6;880
12;2025-04-19;7;1036
12;2025-04-19;8;1225
12;2025-04-19;9;1412
12;2025-04-19;10;1549
12;2025-04-19;11;1718
12;2025-04-19;12;1719
12;2025-04-19;13;2142
12;2025-04-19;14;1790
12;2025-04-19;15;1772
12;2025-04-19;16;1687
12;2025-04-19;17;1841
12;2025-04-19;18;1500
12;2025-04-19;19;1649
12;2025-04-19;20;1101
12;2025-04-19;21;923
12;2025-04-19;22;520
12;2025-04-19;23;337
12;2025-04-20;0;122
12;2025-04-20;1;9
12;2025-04-20;5;220
12;2025-04-20;6;558
12;2025-04-20;7;585
12;2025-04-20;8;792
12;2025-04-20;9;886
12;2025-04-20;10;1235
12;2025-04-20;11;1287
12;2025-04-20;12;1398
12;2025-04-20;13;1652
12;2025-04-20;14;1604
12;2025-04-20;15;1262
12;2025-04-20;16;1527
12;2025-04-20;17;1677
12;2025-04-20;18;1541
12;2025-04-20;19;1287
12;2025-04-20;20;974
12;2025-04-20;21;679
12;2025-04-20;22;451
12;2025-04-20;23;289
12;2025-04-21;0;93
12;2025-04-21;1;9
12;2025-04-21;4;1
12;2025-04-21;5;413
12;2025-04-21;6;1618
12;2025-04-21;7;2570
12;2025-04-21;8;3661
12;2025-04-21;9;2776
12;2025-04-21;10;2121
12;2025-04-21;11;1815
12;2025-04-21;12;1779
12;2025-04-21;13;1980
12;2025-04-21;14;1839
12;2025-04-21;15;2376
12;2025-04-21;16;2860
12;2025-04-21;17;3108
12;2025-04-21;18;3208
12;2025-04-21;19;2445
12;2025-04-21;20;1732
12;2025-04-21;21;869
12;2025-04-21;22;485
12;2025-04-21;23;310
12;2025-04-22;0;52
12;2025-04-22;4;6
12;2025-04-22;5;372
12;2025-04-22;6;1713
12;2025-04-22;7;2788
12;2025-04-22;8;3577
12;2025-04-22;9;2700
12;2025-04-22;10;2121
12;2025-04-22;11;2145
12;2025-04-22;12;2053
12;2025-04-22;13;2060
12;2025-04-22;14;2159
12;2025-04-22;15;2340
12;2025-04-22;16;2878
12;2025-04-22;17;3028
12;2025-04-22;18;3234
12;2025-04-22;19;2709
12;2025-04-22;20;1807
12;2025-04-22;21;977
12;2025-04-22;22;632
12;2025-04-22;23;252
12;2025-04-23;0;72
12;2025-04-23;1;2
12;2025-04-23;4;11
12;2025-04-23;5;367
12;2025-04-23;6;1722
12;2025-04-23;7;2721
12;2025-04-23;8;3704
12;2025-04-23;9;2673
12;2025-04-23;10;2236
12;2025-04-23;11;2221
12;2025-04-23;12;2137
12;2025-04-23;13;2045
12;2025-04-23;14;2240
12;2025-04-23;15;2679
12;2025-04-23;16;2952
12;2025-04-23;17;3562
12;2025-04-23;18;3210
12;2025-04-23;19;2440
12;2025-04-23;20;1832
12;2025-04-23;21;1069
12;2025-04-23;22;692
12;2025-04-23;23;258
12;2025-04-24;0;61
12;2025-04-24;1;4
12;2025-04-24;4;9
12;2025-04-24;5;383
12;2025-04-24;6;1479
12;2025-04-24;7;2667
12;2025-04-24;8;3555
12;2025-04-24;9;2810
12;2025-04-24;10;1989
12;2025-04-24;11;2306
12;2025-04-24;12;2452
12;2025-04-24;13;2220
12;2025-04-24;14;2331
12;2025-04-24;15;2482
12;2025-04-24;16;2965
12;2025-04-24;17;3192
12;2025-04-24;18;3286
12;2025-04-24;19;2575
12;2025-04-24;20;1780
12;2025-04-24;21;956
12;2025-04-24;22;661
12;2025-04-24;23;299
12;2025-04-25;0;53
12;2025-04-25;1;1
12;2025-04-25;4;6
12;2025-04-25;5;460
12;2025-04-25;6;1683
12;2025-04-25;7;2682
12;2025-04-25;8;3619
12;2025-04-25;9;2543
12;2025-04-25;10;2036
12;2025-04-25;11;1949
12;2025-04-25;12;2118
12;2025-04-25;13;1762
12;2025-04-25;14;2157
12;2025-04-25;15;2349
12;2025-04-25;16;2874
12;2025-04-25;17;3047
12;2025-04-25;18;2560
12;2025-04-25;19;2463
12;2025-04-25;20;1728
12;2025-04-25;21;1083
12;2025-04-25;22;695
12;2025-04-25;23;316
12;2025-04-26;0;96
12;2025-04-26;1;1
12;2025-04-26;4;3
12;2025-04-26;5;289
12;2025-04-26;6;918
12;2025-04-26;7;1060
12;2025-04-26;8;1197
12;2025-04-26;9;1276
12;2025-04-26;10;1454
12;2025-04-26;11;1525
12;2025-04-26;12;1617
12;2025-04-26;13;1523
12;2025-04-26;14;1539
12;2025-04-26;15;1813
12;2025-04-26;16;1493
12;2025-04-26;17;1580
12;2025-04-26;18;1599
12;2025-04-26;19;1442
12;2025-04-26;20;1047
12;2025-04-26;21;742
12;2025-04-26;22;548
12;2025-04-26;23;301
12;2025-04-27;0;108
12;2025-04-27;1;5
12;2025-04-27;4;2
12;2025-04-27;5;169
12;2025-04-27;6;564
12;2025-04-27;7;647
12;2025-04-27;8;853
12;2025-04-27;9;1156
12;2025-04-27;10;1307
12;2025-04-27;11;1412
12;2025-04-27;12;1343
12;2025-04-27;13;1607
12;2025-04-27;14;1400
12;2025-04-27;15;1253
12;2025-04-27;16;1552
12;2025-04-27;17;1544
12;2025-04-27;18;1220
12;2025-04-27;19;1040
12;2025-04-27;20;789
12;2025-04-27;21;732
12;2025-04-27;22;492
12;2025-04-27;23;198
12;2025-04-28;0;73
12;2025-04-28;1;3
12;2025-04-28;4;7
12;2025-04-28;5;422
12;2025-04-28;6;1533
12;2025-04-28;7;3058
12;2025-04-28;8;3772
12;2025-04-28;9;2801
12;2025-04-28;10;1953
12;2025-04-28;11;2055
12;2025-04-28;12;1998
12;2025-04-28;13;2197
12;2025-04-28;14;2007
12;2025-04-28;15;2646
12;2025-04-28;16;2917
12;2025-04-28;17;3048
12;2025-04-28;18;3618
12;2025-04-28;19;2750
12;2025-04-28;20;1868
12;2025-04-28;21;995
12;2025-04-28;22;563
12;2025-04-28;23;261
12;2025-04-29;0;26
12;2025-04-29;4;5
12;2025-04-29;5;406
12;2025-04-29;6;1716
12;2025-04-29;7;3139
12;2025-04-29;8;3671
12;2025-04-29;9;2538
12;2025-04-29;10;2290
12;2025-04-29;11;2291
12;2025-04-29;12;1986
12;2025-04-29;13;1951
12;2025-04-29;14;1905
12;2025-04-29;15;2343
12;2025-04-29;16;2516
12;2025-04-29;17;2513
12;2025-04-29;18;2887
12;2025-04-29;19;2402
12;2025-04-29;20;1559
12;2025-04-29;21;843
12;2025-04-29;22;560
12;2025-04-29;23;220
12;2025-04-30;0;37
12;2025-04-30;1;3
12;2025-04-30;4;1
12;2025-04-30;5;441
12;2025-04-30;6;1556
12;2025-04-30;7;2475
12;2025-04-30;8;3441
12;2025-04-30;9;2414
12;2025-04-30;10;2046
12;2025-04-30;11;2093
12;2025-04-30;12;1968
12;2025-04-30;13;2569
12;2025-04-30;14;2796
12;2025-04-30;15;2887
12;2025-04-30;16;3200
12;2025-04-30;17;2831
12;2025-04-30;18;2535
12;2025-04-30;19;2294
12;2025-04-30;20;1498
12;2025-04-30;21;855
12;2025-04-30;22;600
12;2025-04-30;23;322
12;2025-05-01;0;43
12;2025-05-01;1;2
12;2025-05-01;4;1
12;2025-05-01;5;238
12;2025-05-01;6;750
12;2025-05-01;7;948
12;2025-05-01;8;773
12;2025-05-01;9;830
12;2025-05-01;10;901
12;2025-05-01;11;717
12;2025-05-01;12;876
12;2025-05-01;13;1132
12;2025-05-01;14;1016
12;2025-05-01;15;881
12;2025-05-01;16;963
12;2025-05-01;17;953
12;2025-05-01;18;958
12;2025-05-01;19;886
12;2025-05-01;20;913
12;2025-05-01;21;499
12;2025-05-01;22;328
12;2025-05-01;23;176
12;2025-05-02;0;63
12;2025-05-02;1;4
12;2025-05-02;5;167
12;2025-05-02;6;692
12;2025-05-02;7;732
12;2025-05-02;8;712
12;2025-05-02;9;800
12;2025-05-02;10;922
12;2025-05-02;11;1092
12;2025-05-02;12;1154
12;2025-05-02;13;1027
12;2025-05-02;14;1204
12;2025-05-02;15;1270
12;2025-05-02;16;1325
12;2025-05-02;17;1180
12;2025-05-02;18;1369
12;2025-05-02;19;1415
12;2025-05-02;20;1077
12;2025-05-02;21;682
12;2025-05-02;22;430
12;2025-05-02;23;221
12;2025-05-03;0;88
12;2025-05-03;1;3
12;2025-05-03;4;3
12;2025-05-03;5;330
12;2025-05-03;6;1000
12;2025-05-03;7;855
12;2025-05-03;8;823
12;2025-05-03;9;986
12;2025-05-03;10;1290
12;2025-05-03;11;1426
12;2025-05-03;12;1111
12;2025-05-03;13;1283
12;2025-05-03;14;1544
12;2025-05-03;15;1136
12;2025-05-03;16;1335
12;2025-05-03;17;1301
12;2025-05-03;18;1330
12;2025-05-03;19;1434
12;2025-05-03;20;1048
12;2025-05-03;21;855
12;2025-05-03;22;402
12;2025-05-03;23;260
12;2025-05-04;0;88
12;2025-05-04;1;9
12;2025-05-04;4;7
12;2025-05-04;5;240
12;2025-05-04;6;769
12;2025-05-04;7;767
12;2025-05-04;8;854
12;2025-05-04;9;1024
12;2025-05-04;10;1083
12;2025-05-04;11;1324
12;2025-05-04;12;1325
12;2025-05-04;13;1577
12;2025-05-04;14;1701
12;2025-05-04;15;1498
12;2025-05-04;16;1451
12;2025-05-04;17;1392
12;2025-05-04;18;1250
12;2025-05-04;19;951
12;2025-05-04;20;692
12;2025-05-04;21;617
12;2025-05-04;22;337
12;2025-05-04;23;209
12;2025-05-05;0;61
12;2025-05-05;1;5
12;2025-05-05;4;8
12;2025-05-05;5;385
12;2025-05-05;6;1578
12;2025-05-05;7;2606
12;2025-05-05;8;3154
12;2025-05-05;9;2065
12;2025-05-05;10;1757
12;2025-05-05;11;1832
12;2025-05-05;12;2150
12;2025-05-05;13;2010
12;2025-05-05;14;2189
12;2025-05-05;15;2425
12;2025-05-05;16;2783
12;2025-05-05;17;3175
12;2025-05-05;18;3219
12;2025-05-05;19;2776
12;2025-05-05;20;1812
12;2025-05-05;21;948
12;2025-05-05;22;556
12;2025-05-05;23;224
12;2025-05-06;0;41
12;2025-05-06;1;3
12;2025-05-06;4;11
12;2025-05-06;5;378
12;2025-05-06;6;1438
12;2025-05-06;7;2643
12;2025-05-06;8;3349
12;2025-05-06;9;2473
12;2025-05-06;10;2222
12;2025-05-06;11;1893
12;2025-05-06;12;2016
12;2025-05-06;13;2137
12;2025-05-06;14;1839
12;2025-05-06;15;2186
12;2025-05-06;16;2824
12;2025-05-06;17;3063
12;2025-05-06;18;3192
12;2025-05-06;19;2681
12;2025-05-06;20;1587
12;2025-05-06;21;975
12;2025-05-06;22;447
12;2025-05-06;23;222
12;2025-05-07;0;45
12;2025-05-07;1;2
12;2025-05-07;4;16
12;2025-05-07;5;381
12;2025-05-07;6;1541
12;2025-05-07;7;2566
12;2025-05-07;8;3197
12;2025-05-07;9;2576
12;2025-05-07;10;1879
12;2025-05-07;11;2180
12;2025-05-07;12;2120
12;2025-05-07;13;2419
12;2025-05-07;14;2214
12;2025-05-07;15;2241
12;2025-05-07;16;2919
12;2025-05-07;17;2605
12;2025-05-07;18;2599
12;2025-05-07;19;2608
12;2025-05-07;20;1341
12;2025-05-07;21;1007
12;2025-05-07;22;580
12;2025-05-07;23;276
12;2025-05-08;0;73
12;2025-05-08;1;1
12;2025-05-08;4;3
12;2025-05-08;5;319
12;2025-05-08;6;773
12;2025-05-08;7;904
12;2025-05-08;8;835
12;2025-05-08;9;1084
12;2025-05-08;10;1223
12;2025-05-08;11;1188
12;2025-05-08;12;1195
12;2025-05-08;13;1497
12;2025-05-08;14;1435
12;2025-05-08;15;1371
12;2025-05-08;16;1325
12;2025-05-08;17;1336
12;2025-05-08;18;1407
12;2025-05-08;19;1444
12;2025-05-08;20;1141
12;2025-05-08;21;830
12;2025-05-08;22;514
12;2025-05-08;23;308
12;2025-05-09;0;58
12;2025-05-09;1;7
12;2025-05-09;4;2
12;2025-05-09;5;200
12;2025-05-09;6;594
12;2025-05-09;7;492
12;2025-05-09;8;646
12;2025-05-09;9;738
12;2025-05-09;10;606
12;2025-05-09;11;741
12;2025-05-09;12;912
12;2025-05-09;13;1287
12;2025-05-09;14;1248
12;2025-05-09;15;1084
12;2025-05-09;16;1047
12;2025-05-09;17;1072
12;2025-05-09;18;1183
12;2025-05-09;19;1130
12;2025-05-09;20;1016
12;2025-05-09;21;959
12;2025-05-09;22;651
12;2025-05-09;23;303
12;2025-05-10;0;121
12;2025-05-10;1;7
12;2025-05-10;4;6
12;2025-05-10;5;307
12;2025-05-10;6;798
12;2025-05-10;7;742
12;2025-05-10;8;715
12;2025-05-10;9;866
12;2025-05-10;10;1048
12;2025-05-10;11;1100
12;2025-05-10;12;1100
12;2025-05-10;13;1330
12;2025-05-10;14;1214
12;2025-05-10;15;1196
12;2025-05-10;16;1174
12;2025-05-10;17;1310
12;2025-05-10;18;1191
12;2025-05-10;19;1487
12;2025-05-10;20;1111
12;2025-05-10;21;678
12;2025-05-10;22;386
12;2025-05-10;23;282
12;2025-05-11;0;86
12;2025-05-11;1;8
12;2025-05-11;4;1
12;2025-05-11;5;195
12;2025-05-11;6;614
12;2025-05-11;7;611
12;2025-05-11;8;643
12;2025-05-11;9;795
12;2025-05-11;10;887
12;2025-05-11;11;964
12;2025-05-11;12;964
12;2025-05-11;13;1114
12;2025-05-11;14;1269
12;2025-05-11;15;1107
12;2025-05-11;16;1241
12;2025-05-11;17;1408
12;2025-05-11;18;1056
12;2025-05-11;19;813
12;2025-05-11;20;510
12;2025-05-11;21;544
12;2025-05-11;22;349
12;2025-05-11;23;217
12;2025-05-12;0;57
12;2025-05-12;1;3
12;2025-05-12;4;4
12;2025-05-12;5;452
12;2025-05-12;6;1395
12;2025-05-12;7;2879
12;2025-05-12;8;3872
12;2025-05-12;9;2257
12;2025-05-12;10;2055
12;2025-05-12;11;1843
12;2025-05-12;12;1997
12;2025-05-12;13;1886
12;2025-05-12;14;1945
12;2025-05-12;15;2168
12;2025-05-12;16;2654
12;2025-05-12;17;2944
12;2025-05-12;18;2744
12;2025-05-12;19;2400
12;2025-05-12;20;1484
12;2025-05-12;21;844
12;2025-05-12;22;451
12;2025-05-12;23;326
12;2025-05-13;0;44
12;2025-05-13;1;4
12;2025-05-13;4;7
12;2025-05-13;5;465
12;2025-05-13;6;1622
12;2025-05-13;7;2790
12;2025-05-13;8;3782
12;2025-05-13;9;2572
12;2025-05-13;10;2134
12;2025-05-13;11;2089
12;2025-05-13;12;1950
12;2025-05-13;13;2016
12;2025-05-13;14;2079
12;2025-05-13;15;2251
12;2025-05-13;16;2714
12;2025-05-13;17;2970
12;2025-05-13;18;3135
12;2025-05-13;19;2828
12;2025-05-13;20;1780
12;2025-05-13;21;935
12;2025-05-13;22;576
12;2025-05-13;23;303
12;2025-05-14;0;56
12;2025-05-14;1;3
12;2025-05-14;4;8
12;2025-05-14;5;416
12;2025-05-14;6;1268
12;2025-05-14;7;2778
12;2025-05-14;8;3211
12;2025-05-14;9;2631
12;2025-05-14;10;2074
12;2025-05-14;11;2245
12;2025-05-14;12;2174
12;2025-05-14;13;2333
12;2025-05-14;14;2184
12;2025-05-14;15;2319
12;2025-05-14;16;3043
12;2025-05-14;17;3114
12;2025-05-14;18;3011
12;2025-05-14;19;2682
12;2025-05-14;20;1819
12;2025-05-14;21;1112
12;2025-05-14;22;666
12;2025-05-14;23;312
12;2025-05-15;0;62
12;2025-05-15;1;4
12;2025-05-15;4;17
12;2025-05-15;5;401
12;2025-05-15;6;1684
12;2025-05-15;7;2802
12;2025-05-15;8;3642
12;2025-05-15;9;2474
12;2025-05-15;10;1909
12;2025-05-15;11;2172
12;2025-05-15;12;1919
12;2025-05-15;13;1902
12;2025-05-15;14;2240
12;2025-05-15;15;2454
12;2025-05-15;16;3113
12;2025-05-15;17;3496
12;2025-05-15;18;3470
12;2025-05-15;19;2877
12;2025-05-15;20;1840
12;2025-05-15;21;1118
12;2025-05-15;22;549
12;2025-05-15;23;285
12;2025-05-16;0;69
12;2025-05-16;1;3
12;2025-05-16;4;10
12;2025-05-16;5;404
12;2025-05-16;6;1368
12;2025-05-16;7;2774
12;2025-05-16;8;3629
12;2025-05-16;9;2465
12;2025-05-16;10;1949
12;2025-05-16;11;2082
12;2025-05-16;12;1846
12;2025-05-16;13;1956
12;2025-05-16;14;1881
12;2025-05-16;15;2228
12;2025-05-16;16;3115
12;2025-05-16;17;2536
12;2025-05-16;18;2213
12;2025-05-16;19;2285
12;2025-05-16;20;1597
12;2025-05-16;21;964
12;2025-05-16;22;737
12;2025-05-16;23;291
12;2025-05-17;0;98
12;2025-05-17;1;6
12;2025-05-17;4;6
12;2025-05-17;5;307
12;2025-05-17;6;953
12;2025-05-17;7;929
12;2025-05-17;8;1002
12;2025-05-17;9;1224
12;2025-05-17;10;1487
12;2025-05-17;11;1388
12;2025-05-17;12;1337
12;2025-05-17;13;1649
12;2025-05-17;14;1609
12;2025-05-17;15;1247
12;2025-05-17;16;1542
12;2025-05-17;17;1469
12;2025-05-17;18;1562
12;2025-05-17;19;1412
12;2025-05-17;20;1230
12;2025-05-17;21;850
12;2025-05-17;22;550
12;2025-05-17;23;263
12;2025-05-18;0;97
12;2025-05-18;1;5
12;2025-05-18;4;2
12;2025-05-18;5;195
12;2025-05-18;6;543
12;2025-05-18;7;575
12;2025-05-18;8;828
12;2025-05-18;9;983
12;2025-05-18;10;1212
12;2025-05-18;11;1181
12;2025-05-18;12;1346
12;2025-05-18;13;1527
12;2025-05-18;14;1441
12;2025-05-18;15;1504
12;2025-05-18;16;1277
12;2025-05-18;17;1319
12;2025-05-18;18;1355
12;2025-05-18;19;942
12;2025-05-18;20;793
12;2025-05-18;21;614
12;2025-05-18;22;453
12;2025-05-18;23;194
12;2025-05-19;0;67
12;2025-05-19;1;6
12;2025-05-19;4;10
12;2025-05-19;5;357
12;2025-05-19;6;1597
12;2025-05-19;7;2692
12;2025-05-19;8;3369
12;2025-05-19;9;2662
12;2025-05-19;10;1815
12;2025-05-19;11;2006
12;2025-05-19;12;2143
12;2025-05-19;13;1896
12;2025-05-19;14;1941
12;2025-05-19;15;2474
12;2025-05-19;16;2887
12;2025-05-19;17;3233
12;2025-05-19;18;3608
12;2025-05-19;19;2842
12;2025-05-19;20;1874
12;2025-05-19;21;1179
12;2025-05-19;22;674
12;2025-05-19;23;270
12;2025-05-20;0;53
12;2025-05-20;1;3
12;2025-05-20;4;11
12;2025-05-20;5;362
12;2025-05-20;6;1642
12;2025-05-20;7;2721
12;2025-05-20;8;3616
12;2025-05-20;9;2692
12;2025-05-20;10;2009
12;2025-05-20;11;2234
12;2025-05-20;12;1896
12;2025-05-20;13;2015
12;2025-05-20;14;1993
12;2025-05-20;15;2189
12;2025-05-20;16;2720
12;2025-05-20;17;2904
12;2025-05-20;18;3200
12;2025-05-20;19;2721
12;2025-05-20;20;1877
12;2025-05-20;21;1004
12;2025-05-20;22;671
12;2025-05-20;23;318
12;2025-05-21;0;74
12;2025-05-21;1;4
12;2025-05-21;4;13
12;2025-05-21;5;431
12;2025-05-21;6;1521
12;2025-05-21;7;2690
12;2025-05-21;8;3488
12;2025-05-21;9;2834
12;2025-05-21;10;2381
12;2025-05-21;11;2288
12;2025-05-21;12;1889
12;2025-05-21;13;2203
12;2025-05-21;14;1999
12;2025-05-21;15;2578
12;2025-05-21;16;2610
12;2025-05-21;17;3033
12;2025-05-21;18;3329
12;2025-05-21;19;2495
12;2025-05-21;20;1809
12;2025-05-21;21;1191
12;2025-05-21;22;635
12;2025-05-21;23;284
12;2025-05-22;0;46
12;2025-05-22;1;4
12;2025-05-22;4;9
12;2025-05-22;5;451
12;2025-05-22;6;1494
12;2025-05-22;7;2949
12;2025-05-22;8;3313
12;2025-05-22;9;2591
12;2025-05-22;10;1920
12;2025-05-22;11;2174
12;2025-05-22;12;2532
12;2025-05-22;13;2357
12;2025-05-22;14;2081
12;2025-05-22;15;2527
12;2025-05-22;16;2742
12;2025-05-22;17;3544
12;2025-05-22;18;3327
12;2025-05-22;19;2835
12;2025-05-22;20;1810
12;2025-05-22;21;1104
12;2025-05-22;22;578
12;2025-05-22;23;290
12;2025-05-23;0;89
12;2025-05-23;1;7
12;2025-05-23;4;9
12;2025-05-23;5;423
12;2025-05-23;6;1527
12;2025-05-23;7;2558
12;2025-05-23;8;3203
12;2025-05-23;9;2384
12;2025-05-23;10;2167
12;2025-05-23;11;2149
12;2025-05-23;12;2217
12;2025-05-23;13;2027
12;2025-05-23;14;2142
12;2025-05-23;15;2629
12;2025-05-23;16;3001
12;2025-05-23;17;3112
12;2025-05-23;18;2665
12;2025-05-23;19;2390
12;2025-05-23;20;1817
12;2025-05-23;21;1189
12;2025-05-23;22;659
12;2025-05-23;23;385
12;2025-05-24;0;111
12;2025-05-24;1;6
12;2025-05-24;2;5
12;2025-05-24;3;7
12;2025-05-24;4;27
12;2025-05-24;5;327
12;2025-05-24;6;1097
12;2025-05-24;7;900
12;2025-05-24;8;831
12;2025-05-24;9;1051
12;2025-05-24;10;1509
12;2025-05-24;11;1318
12;2025-05-24;12;1246
12;2025-05-24;13;1405
12;2025-05-24;14;1614
12;2025-05-24;15;1224
12;2025-05-24;16;1485
12;2025-05-24;17;1120
12;2025-05-24;18;1269
12;2025-05-24;19;1464
12;2025-05-24;20;1406
12;2025-05-24;21;705
12;2025-05-24;22;580
12;2025-05-24;23;338
12;2025-05-25;0;109
12;2025-05-25;1;7
12;2025-05-25;4;3
12;2025-05-25;5;207
12;2025-05-25;6;525
12;2025-05-25;7;644
12;2025-05-25;8;752
12;2025-05-25;9;1014
12;2025-05-25;10;1159
12;2025-05-25;11;1254
12;2025-05-25;12;1351
12;2025-05-25;13;1389
12;2025-05-25;14;1475
12;2025-05-25;15;1317
12;2025-05-25;16;1420
12;2025-05-25;17;1485
12;2025-05-25;18;1484
12;2025-05-25;19;1205
12;2025-05-25;20;954
12;2025-05-25;21;783
12;2025-05-25;22;531
12;2025-05-25;23;283
12;2025-05-26;0;98
12;2025-05-26;1;6
12;2025-05-26;4;9
12;2025-05-26;5;494
12;2025-05-26;6;1449
12;2025-05-26;7;2457
12;2025-05-26;8;3449
12;2025-05-26;9;2514
12;2025-05-26;10;2182
12;2025-05-26;11;2036
12;2025-05-26;12;2093
12;2025-05-26;13;2187
12;2025-05-26;14;1788
12;2025-05-26;15;1935
12;2025-05-26;16;2360
12;2025-05-26;17;2821
12;2025-05-26;18;3169
12;2025-05-26;19;2433
12;2025-05-26;20;1579
12;2025-05-26;21;947
12;2025-05-26;22;524
12;2025-05-26;23;291
12;2025-05-27;0;52
12;2025-05-27;4;14
12;2025-05-27;5;489
12;2025-05-27;6;1381
12;2025-05-27;7;2709
12;2025-05-27;8;3936
12;2025-05-27;9;2483
12;2025-05-27;10;2117
12;2025-05-27;11;2089
12;2025-05-27;12;2360
12;2025-05-27;13;1865
12;2025-05-27;14;1913
12;2025-05-27;15;2189
12;2025-05-27;16;2865
12;2025-05-27;17;3401
12;2025-05-27;18;3614
12;2025-05-27;19;3042
12;2025-05-27;20;1777
12;2025-05-27;21;1224
12;2025-05-27;22;703
12;2025-05-27;23;350
12;2025-05-28;0;97
12;2025-05-28;1;6
12;2025-05-28;4;12
12;2025-05-28;5;427
12;2025-05-28;6;1530
12;2025-05-28;7;2647
12;2025-05-28;8;3464
12;2025-05-28;9;2673
12;2025-05-28;10;2023
12;2025-05-28;11;2254
12;2025-05-28;12;2397
12;2025-05-28;13;2303
12;2025-05-28;14;2292
12;2025-05-28;15;2096
12;2025-05-28;16;2676
12;2025-05-28;17;3325
12;2025-05-28;18;3548
12;2025-05-28;19;2938
12;2025-05-28;20;1862
12;2025-05-28;21;1082
12;2025-05-28;22;624
12;2025-05-28;23;311
12;2025-05-29;0;85
12;2025-05-29;1;1
12;2025-05-29;4;12
12;2025-05-29;5;419
12;2025-05-29;6;1554
12;2025-05-29;7;2653
12;2025-05-29;8;3800
12;2025-05-29;9;2566
12;2025-05-29;10;2362
12;2025-05-29;11;2137
12;2025-05-29;12;2310
12;2025-05-29;13;2202
12;2025-05-29;14;1879
12;2025-05-29;15;2181
12;2025-05-29;16;2555
12;2025-05-29;17;2978
12;2025-05-29;18;3490
12;2025-05-29;19;2919
12;2025-05-29;20;1911
12;2025-05-29;21;1205
12;2025-05-29;22;813
12;2025-05-29;23;419
12;2025-05-30;0;81
12;2025-05-30;1;5
12;2025-05-30;4;11
12;2025-05-30;5;406
12;2025-05-30;6;1590
12;2025-05-30;7;2463
12;2025-05-30;8;3587
12;2025-05-30;9;2339
12;2025-05-30;10;1918
12;2025-05-30;11;2019
12;2025-05-30;12;1810
12;2025-05-30;13;1750
12;2025-05-30;14;1988
12;2025-05-30;15;2416
12;2025-05-30;16;3158
12;2025-05-30;17;2880
12;2025-05-30;18;2708
12;2025-05-30;19;2328
12;2025-05-30;20;1629
12;2025-05-30;21;1135
12;2025-05-30;22;728
12;2025-05-30;23;342
12;2025-05-31;0;95
12;2025-05-31;1;6
12;2025-05-31;4;6
12;2025-05-31;5;298
12;2025-05-31;6;906
12;2025-05-31;7;841
12;2025-05-31;8;968
12;2025-05-31;9;1163
12;2025-05-31;10;1510
12;2025-05-31;11;1314
12;2025-05-31;12;1205
12;2025-05-31;13;1693
12;2025-05-31;14;1517
12;2025-05-31;15;1468
12;2025-05-31;16;1447
12;2025-05-31;17;1270
12;2025-05-31;18;1015
12;2025-05-31;19;1288
12;2025-05-31;20;1057
12;2025-05-31;21;797
12;2025-05-31;22;609
12;2025-05-31;23;335
12;2025-06-01;0;120
12;2025-06-01;1;16
12;2025-06-01;4;6
12;2025-06-01;5;199
12;2025-06-01;6;562
12;2025-06-01;7;587
12;2025-06-01;8;748
12;2025-06-01;9;1086
12;2025-06-01;10;1135
12;2025-06-01;11;1375
12;2025-06-01;12;1328
12;2025-06-01;13;1523
12;2025-06-01;14;1398
12;2025-06-01;15;1173
12;2025-06-01;16;1269
12;2025-06-01;17;1093
12;2025-06-01;18;1162
12;2025-06-01;19;1045
12;2025-06-01;20;741
12;2025-06-01;21;657
12;2025-06-01;22;502
12;2025-06-01;23;196
12;2025-06-02;0;85
12;2025-06-02;1;4
12;2025-06-02;4;10
12;2025-06-02;5;420
12;2025-06-02;6;1265
12;2025-06-02;7;2370
12;2025-06-02;8;3181
12;2025-06-02;9;2500
12;2025-06-02;10;2055
12;2025-06-02;11;2047
12;2025-06-02;12;2108
12;2025-06-02;13;2111
12;2025-06-02;14;1933
12;2025-06-02;15;2150
12;2025-06-02;16;2602
12;2025-06-02;17;2837
12;2025-06-02;18;3016
12;2025-06-02;19;2975
12;2025-06-02;20;1750
12;2025-06-02;21;944
12;2025-06-02;22;686
12;2025-06-02;23;344
12;2025-06-03;0;79
12;2025-06-03;1;5
12;2025-06-03;4;18
12;2025-06-03;5;364
12;2025-06-03;6;1377
12;2025-06-03;7;2678
12;2025-06-03;8;3381
12;2025-06-03;9;2715
12;2025-06-03;10;2079
12;2025-06-03;11;2004
12;2025-06-03;12;1817
12;2025-06-03;13;2076
12;2025-06-03;14;1872
12;2025-06-03;15;2337
12;2025-06-03;16;2776
12;2025-06-03;17;3289
12;2025-06-03;18;3318
12;2025-06-03;19;2623
12;2025-06-03;20;1834
12;2025-06-03;21;1155
12;2025-06-03;22;743
12;2025-06-03;23;343
12;2025-06-04;0;98
12;2025-06-04;1;2
12;2025-06-04;4;12
12;2025-06-04;5;400
12;2025-06-04;6;1445
12;2025-06-04;7;2454
12;2025-06-04;8;3269
12;2025-06-04;9;2533
12;2025-06-04;10;1911
12;2025-06-04;11;2252
12;2025-06-04;12;2120
12;2025-06-04;13;1984
12;2025-06-04;14;2027
12;2025-06-04;15;2111
12;2025-06-04;16;2637
12;2025-06-04;17;2854
12;2025-06-04;18;2949
12;2025-06-04;19;2469
12;2025-06-04;20;1798
12;2025-06-04;21;1040
12;2025-06-04;22;543
12;2025-06-04;23;391
12;2025-06-05;0;80
12;2025-06-05;4;19
12;2025-06-05;5;400
12;2025-06-05;6;1422
12;2025-06-05;7;2882
12;2025-06-05;8;3451
12;2025-06-05;9;2620
12;2025-06-05;10;2146
12;2025-06-05;11;2286
12;2025-06-05;12;2147
12;2025-06-05;13;2027
12;2025-06-05;14;1957
12;2025-06-05;15;2104
12;2025-06-05;16;2400
12;2025-06-05;17;3022
12;2025-06-05;18;3469
12;2025-06-05;19;2318
12;2025-06-05;20;1694
12;2025-06-05;21;1106
12;2025-06-05;22;678
12;2025-06-05;23;365
12;2025-06-06;0;98
12;2025-06-06;1;5
12;2025-06-06;5;316
12;2025-06-06;6;974
12;2025-06-06;7;2190
12;2025-06-06;8;3325
12;2025-06-06;9;2681
12;2025-06-06;10;2300
12;2025-06-06;11;2195
12;2025-06-06;12;2117
12;2025-06-06;13;2120
12;2025-06-06;14;1839
12;2025-06-06;15;2327
12;2025-06-06;16;2846
12;2025-06-06;17;2993
12;2025-06-06;18;2520
12;2025-06-06;19;1831
12;2025-06-06;20;1379
12;2025-06-06;21;1155
12;2025-06-06;22;769
12;2025-06-06;23;475
12;2025-06-07;0;90
12;2025-06-07;1;4
12;2025-06-07;4;5
12;2025-06-07;5;316
12;2025-06-07;6;730
12;2025-06-07;7;751
12;2025-06-07;8;971
12;2025-06-07;9;1088
12;2025-06-07;10;1320
12;2025-06-07;11;1153
12;2025-06-07;12;1300
12;2025-06-07;13;1471
12;2025-06-07;14;1307
12;2025-06-07;15;1208
12;2025-06-07;16;1284
12;2025-06-07;17;1177
12;2025-06-07;18;1078
12;2025-06-07;19;1101
12;2025-06-07;20;772
12;2025-06-07;21;557
12;2025-06-07;22;266
12;2025-06-07;23;272
12;2025-06-08;0;104
12;2025-06-08;1;7
12;2025-06-08;4;3
12;2025-06-08;5;197
12;2025-06-08;6;508
12;2025-06-08;7;668
12;2025-06-08;8;769
12;2025-06-08;9;864
12;2025-06-08;10;1124
12;2025-06-08;11;1067
12;2025-06-08;12;1202
12;2025-06-08;13;1075
12;2025-06-08;14;979
12;2025-06-08;15;1001
12;2025-06-08;16;1119
12;2025-06-08;17;1206
12;2025-06-08;18;910
12;2025-06-08;19;774
12;2025-06-08;20;660
12;2025-06-08;21;446
12;2025-06-08;22;257
12;2025-06-08;23;136
12;2025-06-09;0;54
12;2025-06-09;1;3
12;2025-06-09;4;4
12;2025-06-09;5;372
12;2025-06-09;6;1416
12;2025-06-09;7;2347
12;2025-06-09;8;3265
12;2025-06-09;9;2496
12;2025-06-09;10;2150
12;2025-06-09;11;1967
12;2025-06-09;12;2043
12;2025-06-09;13;2047
12;2025-06-09;14;1694
12;2025-06-09;15;1740
12;2025-06-09;16;2240
12;2025-06-09;17;2603
12;2025-06-09;18;3199
12;2025-06-09;19;2467
12;2025-06-09;20;1624
12;2025-06-09;21;1069
12;2025-06-09;22;628
12;2025-06-09;23;157
12;2025-06-10;0;58
12;2025-06-10;4;6
12;2025-06-10;5;371
12;2025-06-10;6;1380
12;2025-06-10;7;2320
12;2025-06-10;8;3121
12;2025-06-10;9;2440
12;2025-06-10;10;2011
12;2025-06-10;11;2101
12;2025-06-10;12;2146
12;2025-06-10;13;2107
12;2025-06-10;14;1928
12;2025-06-10;15;2168
12;2025-06-10;16;2424
12;2025-06-10;17;3318
12;2025-06-10;18;3291
12;2025-06-10;19;2802
12;2025-06-10;20;1765
12;2025-06-10;21;1174
12;2025-06-10;22;610
12;2025-06-10;23;246
12;2025-06-11;0;84
12;2025-06-11;1;5
12;2025-06-11;4;5
12;2025-06-11;5;362
12;2025-06-11;6;1384
12;2025-06-11;7;2322
12;2025-06-11;8;3038
12;2025-06-11;9;2565
12;2025-06-11;10;2121
12;2025-06-11;11;2104
12;2025-06-11;12;2182
12;2025-06-11;13;2205
12;2025-06-11;14;2158
12;2025-06-11;15;2892
12;2025-06-11;16;2848
12;2025-06-11;17;3191
12;2025-06-11;18;2652
12;2025-06-11;19;1963
12;2025-06-11;20;1826
12;2025-06-11;21;1055
12;2025-06-11;22;730
12;2025-06-11;23;261
12;2025-06-12;0;79
12;2025-06-12;1;1
12;2025-06-12;4;2
12;2025-06-12;5;246
12;2025-06-12;6;563
12;2025-06-12;7;622
12;2025-06-12;8;969
12;2025-06-12;9;848
12;2025-06-12;10;1024
12;2025-06-12;11;934
12;2025-06-12;12;988
12;2025-06-12;13;1110
12;2025-06-12;14;1144
12;2025-06-12;15;1174
12;2025-06-12;16;950
12;2025-06-12;17;990
12;2025-06-12;18;1112
12;2025-06-12;19;860
12;2025-06-12;20;848
12;2025-06-12;21;640
12;2025-06-12;22;310
12;2025-06-12;23;239
12;2025-06-13;0;62
12;2025-06-13;1;7
12;2025-06-13;4;4
12;2025-06-13;5;179
12;2025-06-13;6;585
12;2025-06-13;7;754
12;2025-06-13;8;693
12;2025-06-13;9;787
12;2025-06-13;10;847
12;2025-06-13;11;1024
12;2025-06-13;12;959
12;2025-06-13;13;1141
12;2025-06-13;14;1057
12;2025-06-13;15;842
12;2025-06-13;16;774
12;2025-06-13;17;796
12;2025-06-13;18;896
12;2025-06-13;19;883
12;2025-06-13;20;637
12;2025-06-13;21;531
12;2025-06-13;22;265
12;2025-06-13;23;181
12;2025-06-14;0;40
12;2025-06-14;1;5
12;2025-06-14;5;221
12;2025-06-14;6;618
12;2025-06-14;7;658
12;2025-06-14;8;709
12;2025-06-14;9;694
12;2025-06-14;10;820
12;2025-06-14;11;679
12;2025-06-14;12;769
12;2025-06-14;13;772
12;2025-06-14;14;1156
12;2025-06-14;15;924
12;2025-06-14;16;892
12;2025-06-14;17;880
12;2025-06-14;18;771
12;2025-06-14;19;846
12;2025-06-14;20;655
12;2025-06-14;21;403
12;2025-06-14;22;261
12;2025-06-14;23;225
12;2025-06-15;0;51
12;2025-06-15;1;3
12;2025-06-15;4;1
12;2025-06-15;5;169
12;2025-06-15;6;435
12;2025-06-15;7;482
12;2025-06-15;8;631
12;2025-06-15;9;616
12;2025-06-15;10;951
12;2025-06-15;11;934
12;2025-06-15;12;964
12;2025-06-15;13;1178
12;2025-06-15;14;1102
12;2025-06-15;15;999
12;2025-06-15;16;1284
12;2025-06-15;17;1089
12;2025-06-15;18;993
12;2025-06-15;19;726
12;2025-06-15;20;791
12;2025-06-15;21;476
12;2025-06-15;22;237
12;2025-06-15;23;216
12;2025-06-16;0;72
12;2025-06-16;1;5
12;2025-06-16;4;9
12;2025-06-16;5;368
12;2025-06-16;6;1168
12;2025-06-16;7;2321
12;2025-06-16;8;3087
12;2025-06-16;9;2190
12;2025-06-16;10;2017
12;2025-06-16;11;2104
12;2025-06-16;12;2098
12;2025-06-16;13;2101
12;2025-06-16;14;2006
12;2025-06-16;15;2042
12;2025-06-16;16;2770
12;2025-06-16;17;2609
12;2025-06-16;18;3010
12;2025-06-16;19;2347
12;2025-06-16;20;1714
12;2025-06-16;21;1107
12;2025-06-16;22;603
12;2025-06-16;23;280
12;2025-06-17;0;57
12;2025-06-17;1;1
12;2025-06-17;4;18
12;2025-06-17;5;344
12;2025-06-17;6;1508
12;2025-06-17;7;2414
12;2025-06-17;8;3140
12;2025-06-17;9;2596
12;2025-06-17;10;2022
12;2025-06-17;11;2183
12;2025-06-17;12;2061
12;2025-06-17;13;2046
12;2025-06-17;14;1902
12;2025-06-17;15;2154
12;2025-06-17;16;2498
12;2025-06-17;17;2433
12;2025-06-17;18;2777
12;2025-06-17;19;2139
12;2025-06-17;20;1661
12;2025-06-17;21;959
12;2025-06-17;22;581
12;2025-06-17;23;186
12;2025-06-18;0;57
12;2025-06-18;1;1
12;2025-06-18;4;13
12;2025-06-18;5;339
12;2025-06-18;6;1183
12;2025-06-18;7;2364
12;2025-06-18;8;3035
12;2025-06-18;9;2445
12;2025-06-18;10;2109
12;2025-06-18;11;1716
12;2025-06-18;12;1736
12;2025-06-18;13;1690
12;2025-06-18;14;1655
12;2025-06-18;15;1629
12;2025-06-18;16;2315
12;2025-06-18;17;2660
12;2025-06-18;18;3130
12;2025-06-18;19;2691
12;2025-06-18;20;1455
12;2025-06-18;21;915
12;2025-06-18;22;546
12;2025-06-18;23;250
12;2025-06-19;0;44
12;2025-06-19;1;1
12;2025-06-19;4;5
12;2025-06-19;5;370
12;2025-06-19;6;1297
12;2025-06-19;7;2340
12;2025-06-19;8;2974
12;2025-06-19;9;2420
12;2025-06-19;10;2046
12;2025-06-19;11;1945
12;2025-06-19;12;1922
12;2025-06-19;13;1674
12;2025-06-19;14;1669
12;2025-06-19;15;1826
12;2025-06-19;16;2552
12;2025-06-19;17;2620
12;2025-06-19;18;3059
12;2025-06-19;19;2612
12;2025-06-19;20;1676
12;2025-06-19;21;972
12;2025-06-19;22;640
12;2025-06-19;23;258
12;2025-06-20;0;54
12;2025-06-20;1;3
12;2025-06-20;4;8
12;2025-06-20;5;356
12;2025-06-20;6;1445
12;2025-06-20;7;2234
12;2025-06-20;8;3199
12;2025-06-20;9;2435
12;2025-06-20;10;1965
12;2025-06-20;11;1855
12;2025-06-20;12;1515
12;2025-06-20;13;1689
12;2025-06-20;14;1783
12;2025-06-20;15;2167
12;2025-06-20;16;2597
12;2025-06-20;17;2581
12;2025-06-20;18;2577
12;2025-06-20;19;1964
12;2025-06-20;20;1731
12;2025-06-20;21;1092
12;2025-06-20;22;670
12;2025-06-20;23;338
12;2025-06-21;0;96
12;2025-06-21;1;2
12;2025-06-21;5;261
12;2025-06-21;6;812
12;2025-06-21;7;846
12;2025-06-21;8;968
12;2025-06-21;9;1040
12;2025-06-21;10;1329
12;2025-06-21;11;1344
12;2025-06-21;12;1347
12;2025-06-21;13;1508
12;2025-06-21;14;1339
12;2025-06-21;15;1318
12;2025-06-21;16;1197
12;2025-06-21;17;1268
12;2025-06-21;18;1472
12;2025-06-21;19;1433
12;2025-06-21;20;1150
12;2025-06-21;21;765
12;2025-06-21;22;446
12;2025-06-21;23;340
12;2025-06-22;0;123
12;2025-06-22;1;12
12;2025-06-22;4;7
12;2025-06-22;5;194
12;2025-06-22;6;545
12;2025-06-22;7;575
12;2025-06-22;8;606
12;2025-06-22;9;868
12;2025-06-22;10;1056
12;2025-06-22;11;1158
12;2025-06-22;12;1248
12;2025-06-22;13;1234
12;2025-06-22;14;1182
12;2025-06-22;15;919
12;2025-06-22;16;1066
12;2025-06-22;17;1265
12;2025-06-22;18;1114
12;2025-06-22;19;933
12;2025-06-22;20;955
12;2025-06-22;21;778
12;2025-06-22;22;444
12;2025-06-22;23;252
12;2025-06-23;0;80
12;2025-06-23;1;4
12;2025-06-23;4;6
12;2025-06-23;5;361
12;2025-06-23;6;1425
12;2025-06-23;7;2381
12;2025-06-23;8;2955
12;2025-06-23;9;2258
12;2025-06-23;10;2131
12;2025-06-23;11;1918
12;2025-06-23;12;1965
12;2025-06-23;13;1942
12;2025-06-23;14;1774
12;2025-06-23;15;2022
12;2025-06-23;16;2406
12;2025-06-23;17;2599
12;2025-06-23;18;3122
12;2025-06-23;19;2590
12;2025-06-23;20;1810
12;2025-06-23;21;1033
12;2025-06-23;22;581
12;2025-06-23;23;285
12;2025-06-24;0;53
12;2025-06-24;1;2
12;2025-06-24;4;11
12;2025-06-24;5;426
12;2025-06-24;6;1465
12;2025-06-24;7;2404
12;2025-06-24;8;2706
12;2025-06-24;9;2368
12;2025-06-24;10;2004
12;2025-06-24;11;1881
12;2025-06-24;12;1971
12;2025-06-24;13;1749
12;2025-06-24;14;1630
12;2025-06-24;15;2032
12;2025-06-24;16;2449
12;2025-06-24;17;2796
12;2025-06-24;18;3446
12;2025-06-24;19;2393
12;2025-06-24;20;1514
12;2025-06-24;21;875
12;2025-06-24;22;567
12;2025-06-24;23;257
12;2025-06-25;0;48
12;2025-06-25;4;13
12;2025-06-25;5;352
12;2025-06-25;6;1384
12;2025-06-25;7;2329
12;2025-06-25;8;3112
12;2025-06-25;9;2469
12;2025-06-25;10;2000
12;2025-06-25;11;2240
12;2025-06-25;12;2022
12;2025-06-25;13;1741
12;2025-06-25;14;1866
12;2025-06-25;15;1946
12;2025-06-25;16;2225
12;2025-06-25;17;2521
12;2025-06-25;18;3252
12;2025-06-25;19;2432
12;2025-06-25;20;1839
12;2025-06-25;21;1034
12;2025-06-25;22;518
12;2025-06-25;23;262
12;2025-06-26;0;86
12;2025-06-26;1;3
12;2025-06-26;4;11
12;2025-06-26;5;363
12;2025-06-26;6;1376
12;2025-06-26;7;2477
12;2025-06-26;8;3124
12;2025-06-26;9;2415
12;2025-06-26;10;2054
12;2025-06-26;11;1924
12;2025-06-26;12;1988
12;2025-06-26;13;1928
12;2025-06-26;14;1881
12;2025-06-26;15;1788
12;2025-06-26;16;2534
12;2025-06-26;17;2614
12;2025-06-26;18;2969
12;2025-06-26;19;2529
12;2025-06-26;20;1704
12;2025-06-26;21;1044
12;2025-06-26;22;721
12;2025-06-26;23;330
12;2025-06-27;0;71
12;2025-06-27;1;2
12;2025-06-27;4;14
12;2025-06-27;5;312
12;2025-06-27;6;762
12;2025-06-27;7;2230
12;2025-06-27;8;2832
12;2025-06-27;9;2124
12;2025-06-27;10;1859
12;2025-06-27;11;1743
12;2025-06-27;12;1835
12;2025-06-27;13;1868
12;2025-06-27;14;1879
12;2025-06-27;15;2274
12;2025-06-27;16;2661
12;2025-06-27;17;2972
12;2025-06-27;18;2733
12;2025-06-27;19;2354
12;2025-06-27;20;1510
12;2025-06-27;21;1107
12;2025-06-27;22;594
12;2025-06-27;23;361
12;2025-06-28;0;94
12;2025-06-28;1;1
12;2025-06-28;4;7
12;2025-06-28;5;304
12;2025-06-28;6;842
12;2025-06-28;7;916
12;2025-06-28;8;956
12;2025-06-28;9;1094
12;2025-06-28;10;1160
12;2025-06-28;11;1262
12;2025-06-28;12;1090
12;2025-06-28;13;1350
12;2025-06-28;14;1217
12;2025-06-28;15;1169
12;2025-06-28;16;1338
12;2025-06-28;17;1225
12;2025-06-28;18;1244
12;2025-06-28;19;1355
12;2025-06-28;20;869
12;2025-06-28;21;633
12;2025-06-28;22;447
12;2025-06-28;23;221
12;2025-06-29;0;106
12;2025-06-29;1;2
12;2025-06-29;4;4
12;2025-06-29;5;187
12;2025-06-29;6;493
12;2025-06-29;7;641
12;2025-06-29;8;780
12;2025-06-29;9;751
12;2025-06-29;10;1049
12;2025-06-29;11;989
12;2025-06-29;12;1221
12;2025-06-29;13;1342
12;2025-06-29;14;1320
12;2025-06-29;15;1210
12;2025-06-29;16;1281
12;2025-06-29;17;1429
12;2025-06-29;18;959
12;2025-06-29;19;912
12;2025-06-29;20;618
12;2025-06-29;21;543
12;2025-06-29;22;353
12;2025-06-29;23;237
12;2025-06-30;0;71
12;2025-06-30;1;2
12;2025-06-30;4;15
12;2025-06-30;5;319
12;2025-06-30;6;1331
12;2025-06-30;7;2196
12;2025-06-30;8;3031
12;2025-06-30;9;2119
12;2025-06-30;10;1728
12;2025-06-30;11;1600
12;2025-06-30;12;1655
12;2025-06-30;13;1719
12;2025-06-30;14;1525
12;2025-06-30;15;1541
12;2025-06-30;16;1984
12;2025-06-30;17;2366
12;2025-06-30;18;2777
12;2025-06-30;19;1884
12;2025-06-30;20;1355
12;2025-06-30;21;760
12;2025-06-30;22;458
12;2025-06-30;23;260
12;2025-07-01;0;53
12;2025-07-01;4;13
12;2025-07-01;5;365
12;2025-07-01;6;1378
12;2025-07-01;7;2334
12;2025-07-01;8;3097
12;2025-07-01;9;2386
12;2025-07-01;10;2055
12;2025-07-01;11;1740
12;2025-07-01;12;1631
12;2025-07-01;13;1531
12;2025-07-01;14;1602
12;2025-07-01;15;1848
12;2025-07-01;16;2500
12;2025-07-01;17;2735
12;2025-07-01;18;3100
12;2025-07-01;19;2242
12;2025-07-01;20;1588
12;2025-07-01;21;898
12;2025-07-01;22;612
12;2025-07-01;23;321
12;2025-07-02;0;57
12;2025-07-02;1;4
12;2025-07-02;4;11
12;2025-07-02;5;343
12;2025-07-02;6;1486
12;2025-07-02;7;2296
12;2025-07-02;8;2957
12;2025-07-02;9;2322
12;2025-07-02;10;2045
12;2025-07-02;11;1851
12;2025-07-02;12;1823
12;2025-07-02;13;1674
12;2025-07-02;14;1540
12;2025-07-02;15;1671
12;2025-07-02;16;2344
12;2025-07-02;17;2472
12;2025-07-02;18;2919
12;2025-07-02;19;2561
12;2025-07-02;20;1761
12;2025-07-02;21;973
12;2025-07-02;22;551
12;2025-07-02;23;277
12;2025-07-03;0;75
12;2025-07-03;1;1
12;2025-07-03;4;12
12;2025-07-03;5;316
12;2025-07-03;6;1340
12;2025-07-03;7;2413
12;2025-07-03;8;2661
12;2025-07-03;9;2433
12;2025-07-03;10;1906
12;2025-07-03;11;1720
12;2025-07-03;12;2003
12;2025-07-03;13;1883
12;2025-07-03;14;1598
12;2025-07-03;15;1798
12;2025-07-03;16;2272
12;2025-07-03;17;2773
12;2025-07-03;18;3122
12;2025-07-03;19;2788
12;2025-07-03;20;1674
12;2025-07-03;21;1153
12;2025-07-03;22;678
12;2025-07-03;23;279
12;2025-07-04;0;95
12;2025-07-04;4;6
12;2025-07-04;5;360
12;2025-07-04;6;1383
12;2025-07-04;7;2165
12;2025-07-04;8;3020
12;2025-07-04;9;2088
12;2025-07-04;10;2044
12;2025-07-04;11;1910
12;2025-07-04;12;1721
12;2025-07-04;13;1895
12;2025-07-04;14;1515
12;2025-07-04;15;2114
12;2025-07-04;16;2512
12;2025-07-04;17;2667
12;2025-07-04;18;2323
12;2025-07-04;19;2389
12;2025-07-04;20;1579
12;2025-07-04;21;1061
12;2025-07-04;22;593
12;2025-07-04;23;311
12;2025-07-05;0;87
12;2025-07-05;1;1
12;2025-07-05;4;5
12;2025-07-05;5;298
12;2025-07-05;6;761
12;2025-07-05;7;944
12;2025-07-05;8;790
12;2025-07-05;9;1057
12;2025-07-05;10;1208
12;2025-07-05;11;1117
12;2025-07-05;12;1071
12;2025-07-05;13;1430
12;2025-07-05;14;1318
12;2025-07-05;15;1261
12;2025-07-05;16;1297
12;2025-07-05;17;1374
12;2025-07-05;18;1222
12;2025-07-05;19;1534
12;2025-07-05;20;1183
12;2025-07-05;21;797
12;2025-07-05;22;500
12;2025-07-05;23;278
12;2025-07-06;0;99
12;2025-07-06;1;8
12;2025-07-06;4;2
12;2025-07-06;5;188
12;2025-07-06;6;560
12;2025-07-06;7;670
12;2025-07-06;8;680
12;2025-07-06;9;749
12;2025-07-06;10;983
12;2025-07-06;11;1028
12;2025-07-06;12;1089
12;2025-07-06;13;1163
12;2025-07-06;14;1221
12;2025-07-06;15;1297
12;2025-07-06;16;1369
12;2025-07-06;17;1570
12;2025-07-06;18;1330
12;2025-07-06;19;1041
12;2025-07-06;20;935
12;2025-07-06;21;772
12;2025-07-06;22;567
12;2025-07-06;23;324
12;2025-07-07;0;75
12;2025-07-07;1;8
12;2025-07-07;4;7
12;2025-07-07;5;363
12;2025-07-07;6;1322
12;2025-07-07;7;2086
12;2025-07-07;8;2560
12;2025-07-07;9;1863
12;2025-07-07;10;1808
12;2025-07-07;11;1716
12;2025-07-07;12;1964
12;2025-07-07;13;1815
12;2025-07-07;14;1569
12;2025-07-07;15;1695
12;2025-07-07;16;2070
12;2025-07-07;17;2375
12;2025-07-07;18;2744
12;2025-07-07;19;2503
12;2025-07-07;20;1616
12;2025-07-07;21;1115
12;2025-07-07;22;622
12;2025-07-07;23;258
12;2025-07-08;0;55
12;2025-07-08;1;1
12;2025-07-08;4;8
12;2025-07-08;5;362
12;2025-07-08;6;1396
12;2025-07-08;7;2188
12;2025-07-08;8;2735
12;2025-07-08;9;2236
12;2025-07-08;10;1791
12;2025-07-08;11;1617
12;2025-07-08;12;1641
12;2025-07-08;13;1775
12;2025-07-08;14;1599
12;2025-07-08;15;1641
12;2025-07-08;16;2162
12;2025-07-08;17;2688
12;2025-07-08;18;2768
12;2025-07-08;19;2383
12;2025-07-08;20;1551
12;2025-07-08;21;1029
12;2025-07-08;22;542
12;2025-07-08;23;267
12;2025-07-09;0;49
12;2025-07-09;4;11
12;2025-07-09;5;304
12;2025-07-09;6;1463
12;2025-07-09;7;2226
12;2025-07-09;8;2668
12;2025-07-09;9;1963
12;2025-07-09;10;1575
12;2025-07-09;11;1595
12;2025-07-09;12;1272
12;2025-07-09;13;1473
12;2025-07-09;14;1221
12;2025-07-09;15;1492
12;2025-07-09;16;2152
12;2025-07-09;17;2564
12;2025-07-09;18;2599
12;2025-07-09;19;2366
12;2025-07-09;20;1915
12;2025-07-09;21;1090
12;2025-07-09;22;562
12;2025-07-09;23;288
12;2025-07-10;0;57
12;2025-07-10;4;10
12;2025-07-10;5;398
12;2025-07-10;6;1462
12;2025-07-10;7;2355
12;2025-07-10;8;2858
12;2025-07-10;9;1913
12;2025-07-10;10;1697
12;2025-07-10;11;1602
12;2025-07-10;12;1527
12;2025-07-10;13;1356
12;2025-07-10;14;1310
12;2025-07-10;15;1383
12;2025-07-10;16;2555
12;2025-07-10;17;2537
12;2025-07-10;18;3171
12;2025-07-10;19;2358
12;2025-07-10;20;1864
12;2025-07-10;21;1290
12;2025-07-10;22;780
12;2025-07-10;23;322
12;2025-07-11;0;75
12;2025-07-11;4;9
12;2025-07-11;5;409
12;2025-07-11;6;1393
12;2025-07-11;7;2219
12;2025-07-11;8;2494
12;2025-07-11;9;2130
12;2025-07-11;10;1796
12;2025-07-11;11;1724
12;2025-07-11;12;1399
12;2025-07-11;13;1524
12;2025-07-11;14;1496
12;2025-07-11;15;1828
12;2025-07-11;16;2210
12;2025-07-11;17;2239
12;2025-07-11;18;2034
12;2025-07-11;19;2076
12;2025-07-11;20;1254
12;2025-07-11;21;886
12;2025-07-11;22;626
12;2025-07-11;23;305
12;2025-07-12;0;87
12;2025-07-12;1;1
12;2025-07-12;4;1
12;2025-07-12;5;386
12;2025-07-12;6;952
12;2025-07-12;7;897
12;2025-07-12;8;1007
12;2025-07-12;9;1037
12;2025-07-12;10;1148
12;2025-07-12;11;1244
12;2025-07-12;12;1164
12;2025-07-12;13;1301
12;2025-07-12;14;1140
12;2025-07-12;15;1099
12;2025-07-12;16;1241
12;2025-07-12;17;1275
12;2025-07-12;18;1198
12;2025-07-12;19;1547
12;2025-07-12;20;931
12;2025-07-12;21;814
12;2025-07-12;22;463
12;2025-07-12;23;276
12;2025-07-13;0;95
12;2025-07-13;1;5
12;2025-07-13;5;231
12;2025-07-13;6;570
12;2025-07-13;7;620
12;2025-07-13;8;678
12;2025-07-13;9;798
12;2025-07-13;10;919
12;2025-07-13;11;939
12;2025-07-13;12;1111
12;2025-07-13;13;1247
12;2025-07-13;14;959
12;2025-07-13;15;1045
12;2025-07-13;16;966
12;2025-07-13;17;1370
12;2025-07-13;18;1173
12;2025-07-13;19;874
12;2025-07-13;20;872
12;2025-07-13;21;680
12;2025-07-13;22;507
12;2025-07-13;23;282
12;2025-07-14;0;69
12;2025-07-14;1;2
12;2025-07-14;4;8
12;2025-07-14;5;309
12;2025-07-14;6;1466
12;2025-07-14;7;2004
12;2025-07-14;8;2586
12;2025-07-14;9;2299
12;2025-07-14;10;2032
12;2025-07-14;11;1715
12;2025-07-14;12;1648
12;2025-07-14;13;1574
12;2025-07-14;14;1460
12;2025-07-14;15;1631
12;2025-07-14;16;1897
12;2025-07-14;17;2399
12;2025-07-14;18;2613
12;2025-07-14;19;2207
12;2025-07-14;20;1444
12;2025-07-14;21;1031
12;2025-07-14;22;489
12;2025-07-14;23;264
12;2025-07-15;0;74
12;2025-07-15;4;10
12;2025-07-15;5;380
12;2025-07-15;6;1527
12;2025-07-15;7;2314
12;2025-07-15;8;2939
12;2025-07-15;9;2320
12;2025-07-15;10;1950
12;2025-07-15;11;1251
12;2025-07-15;12;1079
12;2025-07-15;13;1127
12;2025-07-15;14;1696
12;2025-07-15;15;1599
12;2025-07-15;16;2195
12;2025-07-15;17;2382
12;2025-07-15;18;2903
12;2025-07-15;19;2250
12;2025-07-15;20;1570
12;2025-07-15;21;1144
12;2025-07-15;22;593
12;2025-07-15;23;259
12;2025-07-16;0;70
12;2025-07-16;4;7
12;2025-07-16;5;403
12;2025-07-16;6;1344
12;2025-07-16;7;2156
12;2025-07-16;8;2773
12;2025-07-16;9;2327
12;2025-07-16;10;1824
12;2025-07-16;11;1748
12;2025-07-16;12;1639
12;2025-07-16;13;1608
12;2025-07-16;14;1466
12;2025-07-16;15;1772
12;2025-07-16;16;2163
12;2025-07-16;17;2152
12;2025-07-16;18;2808
12;2025-07-16;19;2060
12;2025-07-16;20;1302
12;2025-07-16;21;1111
12;2025-07-16;22;563
12;2025-07-16;23;247
12;2025-07-17;0;42
12;2025-07-17;1;2
12;2025-07-17;4;10
12;2025-07-17;5;384
12;2025-07-17;6;1501
12;2025-07-17;7;1808
12;2025-07-17;8;2641
12;2025-07-17;9;1884
12;2025-07-17;10;1607
12;2025-07-17;11;1478
12;2025-07-17;12;1436
12;2025-07-17;13;1400
12;2025-07-17;14;1176
12;2025-07-17;15;1664
12;2025-07-17;16;1921
12;2025-07-17;17;2325
12;2025-07-17;18;2904
12;2025-07-17;19;2184
12;2025-07-17;20;1667
12;2025-07-17;21;1011
12;2025-07-17;22;658
12;2025-07-17;23;273
12;2025-07-18;0;69
12;2025-07-18;1;1
12;2025-07-18;4;9
12;2025-07-18;5;470
12;2025-07-18;6;1515
12;2025-07-18;7;1880
12;2025-07-18;8;2652
12;2025-07-18;9;2138
12;2025-07-18;10;1862
12;2025-07-18;11;1834
12;2025-07-18;12;1452
12;2025-07-18;13;1509
12;2025-07-18;14;1565
12;2025-07-18;15;1967
12;2025-07-18;16;2239
12;2025-07-18;17;2447
12;2025-07-18;18;2348
12;2025-07-18;19;1970
12;2025-07-18;20;1425
12;2025-07-18;21;1212
12;2025-07-18;22;565
12;2025-07-18;23;325
12;2025-07-19;0;94
12;2025-07-19;1;1
12;2025-07-19;4;5
12;2025-07-19;5;350
12;2025-07-19;6;938
12;2025-07-19;7;981
12;2025-07-19;8;865
12;2025-07-19;9;959
12;2025-07-19;10;1068
12;2025-07-19;11;1271
12;2025-07-19;12;1243
12;2025-07-19;13;1169
12;2025-07-19;14;1286
12;2025-07-19;15;1077
12;2025-07-19;16;1350
12;2025-07-19;17;1162
12;2025-07-19;18;1255
12;2025-07-19;19;1294
12;2025-07-19;20;953
12;2025-07-19;21;624
12;2025-07-19;22;445
12;2025-07-19;23;314
12;2025-07-20;0;90
12;2025-07-20;1;5
12;2025-07-20;4;2
12;2025-07-20;5;206
12;2025-07-20;6;540
12;2025-07-20;7;629
12;2025-07-20;8;752
12;2025-07-20;9;737
12;2025-07-20;10;937
12;2025-07-20;11;988
12;2025-07-20;12;1159
12;2025-07-20;13;1375
12;2025-07-20;14;1255
12;2025-07-20;15;1240
12;2025-07-20;16;1397
12;2025-07-20;17;1437
12;2025-07-20;18;1214
12;2025-07-20;19;1042
12;2025-07-20;20;788
12;2025-07-20;21;680
12;2025-07-20;22;437
12;2025-07-20;23;284
12;2025-07-21;0;100
12;2025-07-21;1;9
12;2025-07-21;4;14
12;2025-07-21;5;351
12;2025-07-21;6;1184
12;2025-07-21;7;1829
12;2025-07-21;8;2270
12;2025-07-21;9;1615
12;2025-07-21;10;1181
12;2025-07-21;11;1150
12;2025-07-21;12;1058
12;2025-07-21;13;918
12;2025-07-21;14;1037
12;2025-07-21;15;1564
12;2025-07-21;16;1978
12;2025-07-21;17;2428
12;2025-07-21;18;2499
12;2025-07-21;19;2118
12;2025-07-21;20;1393
12;2025-07-21;21;849
12;2025-07-21;22;510
12;2025-07-21;23;255
12;2025-07-22;0;62
12;2025-07-22;1;1
12;2025-07-22;4;7
12;2025-07-22;5;397
12;2025-07-22;6;1597
12;2025-07-22;7;2250
12;2025-07-22;8;2730
12;2025-07-22;9;1849
12;2025-07-22;10;1823
12;2025-07-22;11;1643
12;2025-07-22;12;1618
12;2025-07-22;13;1753
12;2025-07-22;14;1439
12;2025-07-22;15;1499
12;2025-07-22;16;2157
12;2025-07-22;17;2216
12;2025-07-22;18;2554
12;2025-07-22;19;2149
12;2025-07-22;20;1518
12;2025-07-22;21;942
12;2025-07-22;22;549
12;2025-07-22;23;279
12;2025-07-23;0;81
12;2025-07-23;1;2
12;2025-07-23;4;9
12;2025-07-23;5;334
12;2025-07-23;6;1531
12;2025-07-23;7;2161
12;2025-07-23;8;2320
12;2025-07-23;9;2092
12;2025-07-23;10;1820
12;2025-07-23;11;1429
12;2025-07-23;12;1462
12;2025-07-23;13;1511
12;2025-07-23;14;1449
12;2025-07-23;15;1668
12;2025-07-23;16;2011
12;2025-07-23;17;2606
12;2025-07-23;18;2832
12;2025-07-23;19;2373
12;2025-07-23;20;1602
12;2025-07-23;21;1139
12;2025-07-23;22;557
12;2025-07-23;23;298
12;2025-07-24;0;54
12;2025-07-24;1;2
12;2025-07-24;4;8
12;2025-07-24;5;414
12;2025-07-24;6;1435
12;2025-07-24;7;2148
12;2025-07-24;8;2719
12;2025-07-24;9;2060
12;2025-07-24;10;1841
12;2025-07-24;11;1862
12;2025-07-24;12;1614
12;2025-07-24;13;1682
12;2025-07-24;14;1112
12;2025-07-24;15;1390
12;2025-07-24;16;1831
12;2025-07-24;17;2080
12;2025-07-24;18;2930
12;2025-07-24;19;2374
12;2025-07-24;20;1655
12;2025-07-24;21;949
12;2025-07-24;22;550
12;2025-07-24;23;284
12;2025-07-25;0;70
12;2025-07-25;1;2
12;2025-07-25;4;5
12;2025-07-25;5;450
12;2025-07-25;6;1518
12;2025-07-25;7;2073
12;2025-07-25;8;2753
12;2025-07-25;9;1950
12;2025-07-25;10;1639
12;2025-07-25;11;1816
12;2025-07-25;12;1736
12;2025-07-25;13;1573
12;2025-07-25;14;1531
12;2025-07-25;15;1913
12;2025-07-25;16;2535
12;2025-07-25;17;2588
12;2025-07-25;18;2538
12;2025-07-25;19;2177
12;2025-07-25;20;1477
12;2025-07-25;21;1131
12;2025-07-25;22;609
12;2025-07-25;23;347
12;2025-07-26;0;101
12;2025-07-26;1;4
12;2025-07-26;4;5
12;2025-07-26;5;390
12;2025-07-26;6;995
12;2025-07-26;7;920
12;2025-07-26;8;904
12;2025-07-26;9;1027
12;2025-07-26;10;1219
12;2025-07-26;11;1336
12;2025-07-26;12;1031
12;2025-07-26;13;1239
12;2025-07-26;14;1278
12;2025-07-26;15;1096
12;2025-07-26;16;1077
12;2025-07-26;17;867
12;2025-07-26;18;1041
12;2025-07-26;19;1233
12;2025-07-26;20;1139
12;2025-07-26;21;723
12;2025-07-26;22;465
12;2025-07-26;23;321
12;2025-07-27;0;102
12;2025-07-27;1;2
12;2025-07-27;4;7
12;2025-07-27;5;194
12;2025-07-27;6;736
12;2025-07-27;7;649
12;2025-07-27;8;646
12;2025-07-27;9;796
12;2025-07-27;10;1054
12;2025-07-27;11;1040
12;2025-07-27;12;941
12;2025-07-27;13;1290
12;2025-07-27;14;1144
12;2025-07-27;15;1161
12;2025-07-27;16;1169
12;2025-07-27;17;1556
12;2025-07-27;18;1405
12;2025-07-27;19;1116
12;2025-07-27;20;952
12;2025-07-27;21;761
12;2025-07-27;22;438
12;2025-07-27;23;259
12;2025-07-28;0;87
12;2025-07-28;1;5
12;2025-07-28;4;12
12;2025-07-28;5;485
12;2025-07-28;6;1480
12;2025-07-28;7;2167
12;2025-07-28;8;2786
12;2025-07-28;9;2247
12;2025-07-28;10;1798
12;2025-07-28;11;1616
12;2025-07-28;12;1518
12;2025-07-28;13;1656
12;2025-07-28;14;1350
12;2025-07-28;15;1587
12;2025-07-28;16;1935
12;2025-07-28;17;2188
12;2025-07-28;18;2151
12;2025-07-28;19;2230
12;2025-07-28;20;1532
12;2025-07-28;21;896
12;2025-07-28;22;447
12;2025-07-28;23;236
12;2025-07-29;0;65
12;2025-07-29;1;4
12;2025-07-29;4;8
12;2025-07-29;5;460
12;2025-07-29;6;1567
12;2025-07-29;7;2302
12;2025-07-29;8;2843
12;2025-07-29;9;2082
12;2025-07-29;10;1795
12;2025-07-29;11;1864
12;2025-07-29;12;1546
12;2025-07-29;13;1614
12;2025-07-29;14;1522
12;2025-07-29;15;1778
12;2025-07-29;16;2647
12;2025-07-29;17;2790
12;2025-07-29;18;3093
12;2025-07-29;19;2944
12;2025-07-29;20;1697
12;2025-07-29;21;1151
12;2025-07-29;22;671
12;2025-07-29;23;327
12;2025-07-30;0;72
12;2025-07-30;1;9
12;2025-07-30;4;13
12;2025-07-30;5;385
12;2025-07-30;6;1581
12;2025-07-30;7;2474
12;2025-07-30;8;2640
12;2025-07-30;9;2114
12;2025-07-30;10;1815
12;2025-07-30;11;1724
12;2025-07-30;12;1815
12;2025-07-30;13;1645
12;2025-07-30;14;1352
12;2025-07-30;15;1602
12;2025-07-30;16;2330
12;2025-07-30;17;2779
12;2025-07-30;18;2837
12;2025-07-30;19;2450
12;2025-07-30;20;1741
12;2025-07-30;21;1248
12;2025-07-30;22;516
12;2025-07-30;23;283
12;2025-07-31;0;49
12;2025-07-31;1;3
12;2025-07-31;4;5
12;2025-07-31;5;400
12;2025-07-31;6;1508
12;2025-07-31;7;2044
12;2025-07-31;8;2763
12;2025-07-31;9;2209
12;2025-07-31;10;1774
12;2025-07-31;11;1492
12;2025-07-31;12;1528
12;2025-07-31;13;1551
12;2025-07-31;14;1330
12;2025-07-31;15;1722
12;2025-07-31;16;2066
12;2025-07-31;17;2443
12;2025-07-31;18;2813
12;2025-07-31;19;2201
12;2025-07-31;20;1696
12;2025-07-31;21;1097
12;2025-07-31;22;545
12;2025-07-31;23;340
12;2025-08-01;0;57
12;2025-08-01;1;2
12;2025-08-01;4;13
12;2025-08-01;5;429
12;2025-08-01;6;1472
12;2025-08-01;7;2169
12;2025-08-01;8;2753
12;2025-08-01;9;2046
12;2025-08-01;10;1530
12;2025-08-01;11;1748
12;2025-08-01;12;1456
12;2025-08-01;13;1503
12;2025-08-01;14;1557
12;2025-08-01;15;1879
12;2025-08-01;16;2302
12;2025-08-01;17;2346
12;2025-08-01;18;2253
12;2025-08-01;19;2304
12;2025-08-01;20;1432
12;2025-08-01;21;1022
12;2025-08-01;22;504
12;2025-08-01;23;315
12;2025-08-02;0;95
12;2025-08-02;1;1
12;2025-08-02;4;6
12;2025-08-02;5;374
12;2025-08-02;6;892
12;2025-08-02;7;965
12;2025-08-02;8;926
12;2025-08-02;9;840
12;2025-08-02;10;1131
12;2025-08-02;11;1257
12;2025-08-02;12;1199
12;2025-08-02;13;1209
12;2025-08-02;14;1153
12;2025-08-02;15;1092
12;2025-08-02;16;1139
12;2025-08-02;17;1231
12;2025-08-02;18;1146
12;2025-08-02;19;1598
12;2025-08-02;20;1047
12;2025-08-02;21;692
12;2025-08-02;22;441
12;2025-08-02;23;221
12;2025-08-03;0;108
12;2025-08-03;1;3
12;2025-08-03;4;6
12;2025-08-03;5;195
12;2025-08-03;6;588
12;2025-08-03;7;654
12;2025-08-03;8;745
12;2025-08-03;9;810
12;2025-08-03;10;1019
12;2025-08-03;11;1170
12;2025-08-03;12;1081
12;2025-08-03;13;1214
12;2025-08-03;14;1174
12;2025-08-03;15;1115
12;2025-08-03;16;1267
12;2025-08-03;17;1624
12;2025-08-03;18;1120
12;2025-08-03;19;1049
12;2025-08-03;20;938
12;2025-08-03;21;719
12;2025-08-03;22;421
12;2025-08-03;23;265
12;2025-08-04;0;112
12;2025-08-04;4;8
12;2025-08-04;5;358
12;2025-08-04;6;1275
12;2025-08-04;7;2130
12;2025-08-04;8;2560
12;2025-08-04;9;1939
12;2025-08-04;10;1691
12;2025-08-04;11;1511
12;2025-08-04;12;1474
12;2025-08-04;13;1446
12;2025-08-04;14;1021
12;2025-08-04;15;1125
12;2025-08-04;16;1767
12;2025-08-04;17;2269
12;2025-08-04;18;2524
12;2025-08-04;19;2093
12;2025-08-04;20;1294
12;2025-08-04;21;860
12;2025-08-04;22;489
12;2025-08-04;23;300
12;2025-08-05;0;44
12;2025-08-05;1;1
12;2025-08-05;4;11
12;2025-08-05;5;391
12;2025-08-05;6;1534
12;2025-08-05;7;2067
12;2025-08-05;8;2690
12;2025-08-05;9;2114
12;2025-08-05;10;1690
12;2025-08-05;11;1548
12;2025-08-05;12;1604
12;2025-08-05;13;1529
12;2025-08-05;14;1598
12;2025-08-05;15;1696
12;2025-08-05;16;1843
12;2025-08-05;17;2078
12;2025-08-05;18;2332
12;2025-08-05;19;2510
12;2025-08-05;20;1465
12;2025-08-05;21;1035
12;2025-08-05;22;601
12;2025-08-05;23;281
12;2025-08-06;0;95
12;2025-08-06;1;1
12;2025-08-06;4;12
12;2025-08-06;5;471
12;2025-08-06;6;1631
12;2025-08-06;7;2320
12;2025-08-06;8;2801
12;2025-08-06;9;2184
12;2025-08-06;10;1963
12;2025-08-06;11;1677
12;2025-08-06;12;1740
12;2025-08-06;13;1694
12;2025-08-06;14;1452
12;2025-08-06;15;1739
12;2025-08-06;16;2126
12;2025-08-06;17;2638
12;2025-08-06;18;3114
12;2025-08-06;19;2593
12;2025-08-06;20;1702
12;2025-08-06;21;1122
12;2025-08-06;22;591
12;2025-08-06;23;273
12;2025-08-07;0;65
12;2025-08-07;1;4
12;2025-08-07;4;5
12;2025-08-07;5;426
12;2025-08-07;6;1453
12;2025-08-07;7;2120
12;2025-08-07;8;2724
12;2025-08-07;9;2177
12;2025-08-07;10;1559
12;2025-08-07;11;1416
12;2025-08-07;12;1473
12;2025-08-07;13;1449
12;2025-08-07;14;1465
12;2025-08-07;15;1558
12;2025-08-07;16;1862
12;2025-08-07;17;2296
12;2025-08-07;18;2790
12;2025-08-07;19;2209
12;2025-08-07;20;1521
12;2025-08-07;21;855
12;2025-08-07;22;543
12;2025-08-07;23;259
12;2025-08-08;0;66
12;2025-08-08;1;3
12;2025-08-08;4;8
12;2025-08-08;5;373
12;2025-08-08;6;1490
12;2025-08-08;7;2216
12;2025-08-08;8;2515
12;2025-08-08;9;2165
12;2025-08-08;10;1710
12;2025-08-08;11;1712
12;2025-08-08;12;1803
12;2025-08-08;13;1718
12;2025-08-08;14;1509
12;2025-08-08;15;1863
12;2025-08-08;16;2325
12;2025-08-08;17;2464
12;2025-08-08;18;2126
12;2025-08-08;19;1986
12;2025-08-08;20;1488
12;2025-08-08;21;1006
12;2025-08-08;22;580
12;2025-08-08;23;309
12;2025-08-09;0;83
12;2025-08-09;1;2
12;2025-08-09;4;6
12;2025-08-09;5;347
12;2025-08-09;6;956
12;2025-08-09;7;919
12;2025-08-09;8;904
12;2025-08-09;9;939
12;2025-08-09;10;1185
12;2025-08-09;11;1192
12;2025-08-09;12;1015
12;2025-08-09;13;1232
12;2025-08-09;14;1025
12;2025-08-09;15;1015
12;2025-08-09;16;1117
12;2025-08-09;17;1258
12;2025-08-09;18;1202
12;2025-08-09;19;1230
12;2025-08-09;20;1033
12;2025-08-09;21;609
12;2025-08-09;22;361
12;2025-08-09;23;227
12;2025-08-10;0;53
12;2025-08-10;1;11
12;2025-08-10;4;3
12;2025-08-10;5;284
12;2025-08-10;6;662
12;2025-08-10;7;654
12;2025-08-10;8;735
12;2025-08-10;9;860
12;2025-08-10;10;1039
12;2025-08-10;11;1311
12;2025-08-10;12;1176
12;2025-08-10;13;1173
12;2025-08-10;14;1252
12;2025-08-10;15;1111
12;2025-08-10;16;1466
12;2025-08-10;17;1597
12;2025-08-10;18;1412
12;2025-08-10;19;1174
12;2025-08-10;20;847
12;2025-08-10;21;592
12;2025-08-10;22;430
12;2025-08-10;23;275
12;2025-08-11;0;58
12;2025-08-11;1;3
12;2025-08-11;4;7
12;2025-08-11;5;381
12;2025-08-11;6;1444
12;2025-08-11;7;2314
12;2025-08-11;8;2714
12;2025-08-11;9;2045
12;2025-08-11;10;1771
12;2025-08-11;11;1617
12;2025-08-11;12;1475
12;2025-08-11;13;1325
12;2025-08-11;14;1381
12;2025-08-11;15;1457
12;2025-08-11;16;1903
12;2025-08-11;17;2220
12;2025-08-11;18;2603
12;2025-08-11;19;2068
12;2025-08-11;20;1286
12;2025-08-11;21;887
12;2025-08-11;22;497
12;2025-08-11;23;174
12;2025-08-12;0;42
12;2025-08-12;1;3
12;2025-08-12;4;11
12;2025-08-12;5;340
12;2025-08-12;6;1604
12;2025-08-12;7;2395
12;2025-08-12;8;2823
12;2025-08-12;9;2137
12;2025-08-12;10;1836
12;2025-08-12;11;1761
12;2025-08-12;12;1871
12;2025-08-12;13;1644
12;2025-08-12;14;1395
12;2025-08-12;15;1413
12;2025-08-12;16;2090
12;2025-08-12;17;2640
12;2025-08-12;18;2539
12;2025-08-12;19;2549
12;2025-08-12;20;1598
12;2025-08-12;21;1124
12;2025-08-12;22;561
12;2025-08-12;23;259
12;2025-08-13;0;49
12;2025-08-13;4;11
12;2025-08-13;5;415
12;2025-08-13;6;1588
12;2025-08-13;7;2124
12;2025-08-13;8;2802
12;2025-08-13;9;2255
12;2025-08-13;10;1737
12;2025-08-13;11;1861
12;2025-08-13;12;1876
12;2025-08-13;13;1842
12;2025-08-13;14;1552
12;2025-08-13;15;1789
12;2025-08-13;16;2531
12;2025-08-13;17;2607
12;2025-08-13;18;2894
12;2025-08-13;19;2437
12;2025-08-13;20;1425
12;2025-08-13;21;1043
12;2025-08-13;22;544
12;2025-08-13;23;256
12;2025-08-14;0;40
12;2025-08-14;1;1
12;2025-08-14;4;12
12;2025-08-14;5;374
12;2025-08-14;6;1470
12;2025-08-14;7;2355
12;2025-08-14;8;2732
12;2025-08-14;9;2195
12;2025-08-14;10;1782
12;2025-08-14;11;1656
12;2025-08-14;12;1770
12;2025-08-14;13;1638
12;2025-08-14;14;1473
12;2025-08-14;15;1627
12;2025-08-14;16;2051
12;2025-08-14;17;2313
12;2025-08-14;18;2549
12;2025-08-14;19;2156
12;2025-08-14;20;1593
12;2025-08-14;21;957
12;2025-08-14;22;502
12;2025-08-14;23;238
12;2025-08-15;0;75
12;2025-08-15;4;12
12;2025-08-15;5;415
12;2025-08-15;6;1505
12;2025-08-15;7;2193
12;2025-08-15;8;2608
12;2025-08-15;9;2062
12;2025-08-15;10;1748
12;2025-08-15;11;1663
12;2025-08-15;12;1734
12;2025-08-15;13;1564
12;2025-08-15;14;1513
12;2025-08-15;15;1884
12;2025-08-15;16;2225
12;2025-08-15;17;2419
12;2025-08-15;18;2271
12;2025-08-15;19;2146
12;2025-08-15;20;1396
12;2025-08-15;21;1160
12;2025-08-15;22;549
12;2025-08-15;23;268
12;2025-08-16;0;60
12;2025-08-16;1;2
12;2025-08-16;4;10
12;2025-08-16;5;324
12;2025-08-16;6;981
12;2025-08-16;7;830
12;2025-08-16;8;891
12;2025-08-16;9;1034
12;2025-08-16;10;1258
12;2025-08-16;11;1235
12;2025-08-16;12;1361
12;2025-08-16;13;1449
12;2025-08-16;14;1206
12;2025-08-16;15;1174
12;2025-08-16;16;1124
12;2025-08-16;17;1316
12;2025-08-16;18;1344
12;2025-08-16;19;1374
12;2025-08-16;20;1233
12;2025-08-16;21;684
12;2025-08-16;22;434
12;2025-08-16;23;207
12;2025-08-17;0;90
12;2025-08-17;1;6
12;2025-08-17;4;2
12;2025-08-17;5;125
12;2025-08-17;6;635
12;2025-08-17;7;648
12;2025-08-17;8;667
12;2025-08-17;9;715
12;2025-08-17;10;1019
12;2025-08-17;11;1121
12;2025-08-17;12;1049
12;2025-08-17;13;1305
12;2025-08-17;14;1420
12;2025-08-17;15;1108
12;2025-08-17;16;1419
12;2025-08-17;17;1354
12;2025-08-17;18;1128
12;2025-08-17;19;970
12;2025-08-17;20;694
12;2025-08-17;21;526
12;2025-08-17;22;360
12;2025-08-17;23;192
12;2025-08-18;0;56
12;2025-08-18;1;5
12;2025-08-18;4;5
12;2025-08-18;5;400
12;2025-08-18;6;1283
12;2025-08-18;7;2345
12;2025-08-18;8;2678
12;2025-08-18;9;2002
12;2025-08-18;10;1738
12;2025-08-18;11;1719
12;2025-08-18;12;1724
12;2025-08-18;13;1509
12;2025-08-18;14;1507
12;2025-08-18;15;1754
12;2025-08-18;16;2064
12;2025-08-18;17;2189
12;2025-08-18;18;2812
12;2025-08-18;19;2274
12;2025-08-18;20;1542
12;2025-08-18;21;1002
12;2025-08-18;22;502
12;2025-08-18;23;226
12;2025-08-19;0;51
12;2025-08-19;1;2
12;2025-08-19;4;13
12;2025-08-19;5;370
12;2025-08-19;6;1551
12;2025-08-19;7;2324
12;2025-08-19;8;2602
12;2025-08-19;9;2308
12;2025-08-19;10;1814
12;2025-08-19;11;1755
12;2025-08-19;12;1561
12;2025-08-19;13;1528
12;2025-08-19;14;1454
12;2025-08-19;15;1811
12;2025-08-19;16;2120
12;2025-08-19;17;2506
12;2025-08-19;18;2861
12;2025-08-19;19;2595
12;2025-08-19;20;1547
12;2025-08-19;21;1045
12;2025-08-19;22;486
12;2025-08-19;23;263
12;2025-08-20;0;69
12;2025-08-20;4;9
12;2025-08-20;5;395
12;2025-08-20;6;1578
12;2025-08-20;7;2381
12;2025-08-20;8;2437
12;2025-08-20;9;2039
12;2025-08-20;10;1821
12;2025-08-20;11;1625
12;2025-08-20;12;1819
12;2025-08-20;13;1640
12;2025-08-20;14;1515
12;2025-08-20;15;2172
12;2025-08-20;16;2005
12;2025-08-20;17;2492
12;2025-08-20;18;3203
12;2025-08-20;19;2211
12;2025-08-20;20;1571
12;2025-08-20;21;990
12;2025-08-20;22;443
12;2025-08-20;23;228
12;2025-08-21;0;49
12;2025-08-21;4;10
12;2025-08-21;5;343
12;2025-08-21;6;1408
12;2025-08-21;7;2058
12;2025-08-21;8;2355
12;2025-08-21;9;1942
12;2025-08-21;10;1602
12;2025-08-21;11;1493
12;2025-08-21;12;1681
12;2025-08-21;13;1685
12;2025-08-21;14;1224
12;2025-08-21;15;1621
12;2025-08-21;16;1995
12;2025-08-21;17;2209
12;2025-08-21;18;2701
12;2025-08-21;19;2328
12;2025-08-21;20;1593
12;2025-08-21;21;1122
12;2025-08-21;22;637
12;2025-08-21;23;259
12;2025-08-22;0;55
12;2025-08-22;1;3
12;2025-08-22;4;14
12;2025-08-22;5;411
12;2025-08-22;6;1527
12;2025-08-22;7;2210
12;2025-08-22;8;2689
12;2025-08-22;9;2045
12;2025-08-22;10;1778
12;2025-08-22;11;1495
12;2025-08-22;12;1762
12;2025-08-22;13;1527
12;2025-08-22;14;1540
12;2025-08-22;15;1793
12;2025-08-22;16;2398
12;2025-08-22;17;2540
12;2025-08-22;18;2507
12;2025-08-22;19;2139
12;2025-08-22;20;1439
12;2025-08-22;21;935
12;2025-08-22;22;511
12;2025-08-22;23;294
12;2025-08-23;0;49
12;2025-08-23;1;2
12;2025-08-23;4;5
12;2025-08-23;5;304
12;2025-08-23;6;992
12;2025-08-23;7;849
12;2025-08-23;8;837
12;2025-08-23;9;908
12;2025-08-23;10;1104
12;2025-08-23;11;1164
12;2025-08-23;12;1010
12;2025-08-23;13;1376
12;2025-08-23;14;1236
12;2025-08-23;15;1326
12;2025-08-23;16;1420
12;2025-08-23;17;1334
12;2025-08-23;18;1125
12;2025-08-23;19;1397
12;2025-08-23;20;964
12;2025-08-23;21;771
12;2025-08-23;22;474
12;2025-08-23;23;252
12;2025-08-24;0;69
12;2025-08-24;1;5
12;2025-08-24;4;4
12;2025-08-24;5;263
12;2025-08-24;6;733
12;2025-08-24;7;629
12;2025-08-24;8;791
12;2025-08-24;9;962
12;2025-08-24;10;1146
12;2025-08-24;11;1327
12;2025-08-24;12;1216
12;2025-08-24;13;1457
12;2025-08-24;14;1468
12;2025-08-24;15;1290
12;2025-08-24;16;1441
12;2025-08-24;17;1731
12;2025-08-24;18;1252
12;2025-08-24;19;1101
12;2025-08-24;20;808
12;2025-08-24;21;759
12;2025-08-24;22;422
12;2025-08-24;23;243
12;2025-08-25;0;84
12;2025-08-25;1;6
12;2025-08-25;4;14
12;2025-08-25;5;364
12;2025-08-25;6;1559
12;2025-08-25;7;2191
12;2025-08-25;8;2945
12;2025-08-25;9;2236
12;2025-08-25;10;1818
12;2025-08-25;11;1724
12;2025-08-25;12;1980
12;2025-08-25;13;1932
12;2025-08-25;14;1670
12;2025-08-25;15;1909
12;2025-08-25;16;2126
12;2025-08-25;17;2422
12;2025-08-25;18;2815
12;2025-08-25;19;2633
12;2025-08-25;20;1666
12;2025-08-25;21;1133
12;2025-08-25;22;586
12;2025-08-25;23;277
12;2025-08-26;0;45
12;2025-08-26;1;1
12;2025-08-26;4;13
12;2025-08-26;5;374
12;2025-08-26;6;1507
12;2025-08-26;7;2377
12;2025-08-26;8;3089
12;2025-08-26;9;2499
12;2025-08-26;10;1939
12;2025-08-26;11;1836
12;2025-08-26;12;1952
12;2025-08-26;13;1832
12;2025-08-26;14;1728
12;2025-08-26;15;1730
12;2025-08-26;16;2451
12;2025-08-26;17;2731
12;2025-08-26;18;2893
12;2025-08-26;19;2519
12;2025-08-26;20;1634
12;2025-08-26;21;1091
12;2025-08-26;22;582
12;2025-08-26;23;273
12;2025-08-27;0;70
12;2025-08-27;1;2
12;2025-08-27;4;10
12;2025-08-27;5;377
12;2025-08-27;6;1407
12;2025-08-27;7;2307
12;2025-08-27;8;2884
12;2025-08-27;9;2276
12;2025-08-27;10;1991
12;2025-08-27;11;1697
12;2025-08-27;12;2087
12;2025-08-27;13;1802
12;2025-08-27;14;1768
12;2025-08-27;15;1771
12;2025-08-27;16;2351
12;2025-08-27;17;2929
12;2025-08-27;18;3268
12;2025-08-27;19;2672
12;2025-08-27;20;1660
12;2025-08-27;21;1162
12;2025-08-27;22;706
12;2025-08-27;23;295
12;2025-08-28;0;76
12;2025-08-28;1;3
12;2025-08-28;4;9
12;2025-08-28;5;391
12;2025-08-28;6;1479
12;2025-08-28;7;2552
12;2025-08-28;8;2957
12;2025-08-28;9;2221
12;2025-08-28;10;1701
12;2025-08-28;11;1778
12;2025-08-28;12;1825
12;2025-08-28;13;1988
12;2025-08-28;14;1657
12;2025-08-28;15;2074
12;2025-08-28;16;2423
12;2025-08-28;17;2892
12;2025-08-28;18;3100
12;2025-08-28;19;2482
12;2025-08-28;20;1739
12;2025-08-28;21;1042
12;2025-08-28;22;619
12;2025-08-28;23;289
12;2025-08-29;0;68
12;2025-08-29;1;2
12;2025-08-29;4;15
12;2025-08-29;5;329
12;2025-08-29;6;1492
12;2025-08-29;7;2329
12;2025-08-29;8;2618
12;2025-08-29;9;2136
12;2025-08-29;10;1724
12;2025-08-29;11;1915
12;2025-08-29;12;1734
12;2025-08-29;13;1775
12;2025-08-29;14;1644
12;2025-08-29;15;2083
12;2025-08-29;16;2549
12;2025-08-29;17;2518
12;2025-08-29;18;2379
12;2025-08-29;19;2405
12;2025-08-29;20;1680
12;2025-08-29;21;1122
12;2025-08-29;22;597
12;2025-08-29;23;286
12;2025-08-30;0;66
12;2025-08-30;1;6
12;2025-08-30;4;7
12;2025-08-30;5;320
12;2025-08-30;6;950
12;2025-08-30;7;992
12;2025-08-30;8;910
12;2025-08-30;9;1043
12;2025-08-30;10;1404
12;2025-08-30;11;1369
12;2025-08-30;12;1349
12;2025-08-30;13;1687
12;2025-08-30;14;1597
12;2025-08-30;15;1354
12;2025-08-30;16;1447
12;2025-08-30;17;1432
12;2025-08-30;18;1521
12;2025-08-30;19;1409
12;2025-08-30;20;1104
12;2025-08-30;21;835
12;2025-08-30;22;431
12;2025-08-30;23;277
12;2025-08-31;0;100
12;2025-08-31;1;9
12;2025-08-31;4;5
12;2025-08-31;5;185
12;2025-08-31;6;643
12;2025-08-31;7;761
12;2025-08-31;8;778
12;2025-08-31;9;1082
12;2025-08-31;10;1053
12;2025-08-31;11;1237
12;2025-08-31;12;1351
12;2025-08-31;13;1631
12;2025-08-31;14;1587
12;2025-08-31;15;1697
12;2025-08-31;16;1712
12;2025-08-31;17;1580
12;2025-08-31;18;1522
12;2025-08-31;19;1395
12;2025-08-31;20;998
12;2025-08-31;21;715
12;2025-08-31;22;492
12;2025-08-31;23;253
17;2025-01-01;6;137
17;2025-01-01;7;210
17;2025-01-01;8;222
17;2025-01-01;9;229
17;2025-01-01;10;353
17;2025-01-01;11;620
17;2025-01-01;12;950
17;2025-01-01;13;1320
17;2025-01-01;14;1481
17;2025-01-01;15;1827
17;2025-01-01;16;1889
17;2025-01-01;17;2003
17;2025-01-01;18;1837
17;2025-01-01;19;1588
17;2025-01-01;20;1332
17;2025-01-01;21;1020
17;2025-01-01;22;744
17;2025-01-01;23;327
17;2025-01-02;0;101
17;2025-01-02;1;11
17;2025-01-02;4;5
17;2025-01-02;5;77
17;2025-01-02;6;278
17;2025-01-02;7;536
17;2025-01-02;8;677
17;2025-01-02;9;915
17;2025-01-02;10;1099
17;2025-01-02;11;1622
17;2025-01-02;12;2074
17;2025-01-02;13;2493
17;2025-01-02;14;2652
17;2025-01-02;15;2754
17;2025-01-02;16;2875
17;2025-01-02;17;2984
17;2025-01-02;18;2620
17;2025-01-02;19;2060
17;2025-01-02;20;1383
17;2025-01-02;21;1172
17;2025-01-02;22;855
17;2025-01-02;23;431
17;2025-01-03;0;142
17;2025-01-03;1;16
17;2025-01-03;4;4
17;2025-01-03;5;88
17;2025-01-03;6;380
17;2025-01-03;7;696
17;2025-01-03;8;999
17;2025-01-03;9;1254
17;2025-01-03;10;1595
17;2025-01-03;11;1982
17;2025-01-03;12;2483
17;2025-01-03;13;2930
17;2025-01-03;14;3165
17;2025-01-03;15;3303
17;2025-01-03;16;3513
17;2025-01-03;17;3347
17;2025-01-03;18;2891
17;2025-01-03;19;2383
17;2025-01-03;20;1732
17;2025-01-03;21;1397
17;2025-01-03;22;930
17;2025-01-03;23;408
17;2025-01-04;0;162
17;2025-01-04;1;25
17;2025-01-04;4;6
17;2025-01-04;5;79
17;2025-01-04;6;413
17;2025-01-04;7;710
17;2025-01-04;8;1063
17;2025-01-04;9;1324
17;2025-01-04;10;1625
17;2025-01-04;11;2262
17;2025-01-04;12;2528
17;2025-01-04;13;3038
17;2025-01-04;14;2991
17;2025-01-04;15;3431
17;2025-01-04;16;3224
17;2025-01-04;17;3191
17;2025-01-04;18;2721
17;2025-01-04;19;2320
17;2025-01-04;20;1913
17;2025-01-04;21;1265
17;2025-01-04;22;1026
17;2025-01-04;23;436
17;2025-01-05;0;123
17;2025-01-05;1;25
17;2025-01-05;4;4
17;2025-01-05;5;104
17;2025-01-05;6;427
17;2025-01-05;7;684
17;2025-01-05;8;1073
17;2025-01-05;9;1479
17;2025-01-05;10;1671
17;2025-01-05;11;2222
17;2025-01-05;12;2579
17;2025-01-05;13;3022
17;2025-01-05;14;3015
17;2025-01-05;15;3201
17;2025-01-05;16;3240
17;2025-01-05;17;3189
17;2025-01-05;18;2870
17;2025-01-05;19;2228
17;2025-01-05;20;1812
17;2025-01-05;21;1281
17;2025-01-05;22;856
17;2025-01-05;23;402
17;2025-01-06;0;140
17;2025-01-06;1;22
17;2025-01-06;4;3
17;2025-01-06;5;103
17;2025-01-06;6;414
17;2025-01-06;7;850
17;2025-01-06;8;1179
17;2025-01-06;9;1417
17;2025-01-06;10;1626
17;2025-01-06;11;2165
17;2025-01-06;12;2693
17;2025-01-06;13;2811
17;2025-01-06;14;2960
17;2025-01-06;15;3170
17;2025-01-06;16;3211
17;2025-01-06;17;2945
17;2025-01-06;18;2823
17;2025-01-06;19;2053
17;2025-01-06;20;1789
17;2025-01-06;21;1276
17;2025-01-06;22;881
17;2025-01-06;23;438
17;2025-01-07;0;198
17;2025-01-07;1;65
17;2025-01-07;2;52
17;2025-01-07;3;14
17;2025-01-07;4;6
17;2025-01-07;5;86
17;2025-01-07;6;354
17;2025-01-07;7;679
17;2025-01-07;8;981
17;2025-01-07;9;1207
17;2025-01-07;10;1380
17;2025-01-07;11;1824
17;2025-01-07;12;2262
17;2025-01-07;13;2585
17;2025-01-07;14;2667
17;2025-01-07;15;2883
17;2025-01-07;16;3077
17;2025-01-07;17;2957
17;2025-01-07;18;2428
17;2025-01-07;19;2222
17;2025-01-07;20;1664
17;2025-01-07;21;1274
17;2025-01-07;22;830
17;2025-01-07;23;340
17;2025-01-08;0;145
17;2025-01-08;1;31
17;2025-01-08;4;4
17;2025-01-08;5;88
17;2025-01-08;6;419
17;2025-01-08;7;837
17;2025-01-08;8;1192
17;2025-01-08;9;1495
17;2025-01-08;10;1630
17;2025-01-08;11;2035
17;2025-01-08;12;2563
17;2025-01-08;13;2642
17;2025-01-08;14;2668
17;2025-01-08;15;2587
17;2025-01-08;16;2545
17;2025-01-08;17;2308
17;2025-01-08;18;2192
17;2025-01-08;19;1627
17;2025-01-08;20;1405
17;2025-01-08;21;997
17;2025-01-08;22;666
17;2025-01-08;23;317
17;2025-01-09;0;116
17;2025-01-09;1;9
17;2025-01-09;4;26
17;2025-01-09;5;289
17;2025-01-09;6;1430
17;2025-01-09;7;3688
17;2025-01-09;8;4778
17;2025-01-09;9;3162
17;2025-01-09;10;2632
17;2025-01-09;11;2613
17;2025-01-09;12;3019
17;2025-01-09;13;3074
17;2025-01-09;14;2914
17;2025-01-09;15;3169
17;2025-01-09;16;3558
17;2025-01-09;17;3396
17;2025-01-09;18;4688
17;2025-01-09;19;3277
17;2025-01-09;20;2132
17;2025-01-09;21;1219
17;2025-01-09;22;770
17;2025-01-09;23;292
17;2025-01-10;0;118
17;2025-01-10;1;15
17;2025-01-10;4;21
17;2025-01-10;5;296
17;2025-01-10;6;1380
17;2025-01-10;7;3570
17;2025-01-10;8;4558
17;2025-01-10;9;3109
17;2025-01-10;10;2277
17;2025-01-10;11;2467
17;2025-01-10;12;2570
17;2025-01-10;13;2800
17;2025-01-10;14;2895
17;2025-01-10;15;3240
17;2025-01-10;16;3829
17;2025-01-10;17;4243
17;2025-01-10;18;3794
17;2025-01-10;19;2900
17;2025-01-10;20;2088
17;2025-01-10;21;1432
17;2025-01-10;22;819
17;2025-01-10;23;380
17;2025-01-11;0;152
17;2025-01-11;1;15
17;2025-01-11;4;5
17;2025-01-11;5;102
17;2025-01-11;6;441
17;2025-01-11;7;877
17;2025-01-11;8;1339
17;2025-01-11;9;1840
17;2025-01-11;10;1998
17;2025-01-11;11;2431
17;2025-01-11;12;2809
17;2025-01-11;13;3131
17;2025-01-11;14;3098
17;2025-01-11;15;3127
17;2025-01-11;16;2858
17;2025-01-11;17;2741
17;2025-01-11;18;2230
17;2025-01-11;19;1975
17;2025-01-11;20;1452
17;2025-01-11;21;1075
17;2025-01-11;22;721
17;2025-01-11;23;315
17;2025-01-12;0;124
17;2025-01-12;1;18
17;2025-01-12;4;3
17;2025-01-12;5;68
17;2025-01-12;6;371
17;2025-01-12;7;677
17;2025-01-12;8;1081
17;2025-01-12;9;1417
17;2025-01-12;10;1614
17;2025-01-12;11;1993
17;2025-01-12;12;2509
17;2025-01-12;13;2776
17;2025-01-12;14;2906
17;2025-01-12;15;2951
17;2025-01-12;16;3026
17;2025-01-12;17;2679
17;2025-01-12;18;2351
17;2025-01-12;19;1812
17;2025-01-12;20;1405
17;2025-01-12;21;1069
17;2025-01-12;22;706
17;2025-01-12;23;280
17;2025-01-13;0;79
17;2025-01-13;1;6
17;2025-01-13;4;26
17;2025-01-13;5;318
17;2025-01-13;6;1413
17;2025-01-13;7;3909
17;2025-01-13;8;4970
17;2025-01-13;9;3271
17;2025-01-13;10;2438
17;2025-01-13;11;2622
17;2025-01-13;12;2744
17;2025-01-13;13;2827
17;2025-01-13;14;2759
17;2025-01-13;15;3199
17;2025-01-13;16;3434
17;2025-01-13;17;4082
17;2025-01-13;18;4587
17;2025-01-13;19;3221
17;2025-01-13;20;2206
17;2025-01-13;21;1318
17;2025-01-13;22;666
17;2025-01-13;23;313
17;2025-01-14;0;99
17;2025-01-14;1;10
17;2025-01-14;4;27
17;2025-01-14;5;320
17;2025-01-14;6;1539
17;2025-01-14;7;4029
17;2025-01-14;8;5248
17;2025-01-14;9;3468
17;2025-01-14;10;2562
17;2025-01-14;11;2656
17;2025-01-14;12;2794
17;2025-01-14;13;2769
17;2025-01-14;14;2836
17;2025-01-14;15;3246
17;2025-01-14;16;3495
17;2025-01-14;17;4417
17;2025-01-14;18;5093
17;2025-01-14;19;3473
17;2025-01-14;20;2312
17;2025-01-14;21;1402
17;2025-01-14;22;680
17;2025-01-14;23;308
17;2025-01-15;0;131
17;2025-01-15;1;17
17;2025-01-15;4;32
17;2025-01-15;5;328
17;2025-01-15;6;1502
17;2025-01-15;7;4026
17;2025-01-15;8;5141
17;2025-01-15;9;3530
17;2025-01-15;10;2686
17;2025-01-15;11;2764
17;2025-01-15;12;2914
17;2025-01-15;13;2995
17;2025-01-15;14;3138
17;2025-01-15;15;3218
17;2025-01-15;16;3584
17;2025-01-15;17;4529
17;2025-01-15;18;4948
17;2025-01-15;19;3423
17;2025-01-15;20;2427
17;2025-01-15;21;1434
17;2025-01-15;22;831
17;2025-01-15;23;347
17;2025-01-16;0;131
17;2025-01-16;1;13
17;2025-01-16;4;28
17;2025-01-16;5;295
17;2025-01-16;6;1528
17;2025-01-16;7;3923
17;2025-01-16;8;5219
17;2025-01-16;9;3625
17;2025-01-16;10;2880
17;2025-01-16;11;2805
17;2025-01-16;12;2890
17;2025-01-16;13;2971
17;2025-01-16;14;3126
17;2025-01-16;15;3337
17;2025-01-16;16;3560
17;2025-01-16;17;4357
17;2025-01-16;18;4698
17;2025-01-16;19;3282
17;2025-01-16;20;2180
17;2025-01-16;21;1382
17;2025-01-16;22;808
17;2025-01-16;23;351
17;2025-01-17;0;134
17;2025-01-17;1;16
17;2025-01-17;4;29
17;2025-01-17;5;283
17;2025-01-17;6;1460
17;2025-01-17;7;3832
17;2025-01-17;8;5238
17;2025-01-17;9;3372
17;2025-01-17;10;2815
17;2025-01-17;11;2713
17;2025-01-17;12;2941
17;2025-01-17;13;3053
17;2025-01-17;14;3097
17;2025-01-17;15;3443
17;2025-01-17;16;4037
17;2025-01-17;17;4310
17;2025-01-17;18;3822
17;2025-01-17;19;2789
17;2025-01-17;20;2224
17;2025-01-17;21;1551
17;2025-01-17;22;924
17;2025-01-17;23;398
17;2025-01-18;0;181
17;2025-01-18;1;41
17;2025-01-18;4;8
17;2025-01-18;5;128
17;2025-01-18;6;499
17;2025-01-18;7;1018
17;2025-01-18;8;1503
17;2025-01-18;9;1929
17;2025-01-18;10;2129
17;2025-01-18;11;2729
17;2025-01-18;12;3090
17;2025-01-18;13;3317
17;2025-01-18;14;3384
17;2025-01-18;15;3396
17;2025-01-18;16;3506
17;2025-01-18;17;3005
17;2025-01-18;18;2825
17;2025-01-18;19;2365
17;2025-01-18;20;1779
17;2025-01-18;21;1474
17;2025-01-18;22;922
17;2025-01-18;23;509
17;2025-01-19;0;173
17;2025-01-19;1;27
17;2025-01-19;4;2
17;2025-01-19;5;112
17;2025-01-19;6;403
17;2025-01-19;7;697
17;2025-01-19;8;1093
17;2025-01-19;9;1614
17;2025-01-19;10;1722
17;2025-01-19;11;2394
17;2025-01-19;12;2997
17;2025-01-19;13;3562
17;2025-01-19;14;3468
17;2025-01-19;15;3592
17;2025-01-19;16;3403
17;2025-01-19;17;3155
17;2025-01-19;18;2616
17;2025-01-19;19;2034
17;2025-01-19;20;1546
17;2025-01-19;21;1034
17;2025-01-19;22;718
17;2025-01-19;23;340
17;2025-01-20;0;106
17;2025-01-20;1;14
17;2025-01-20;4;29
17;2025-01-20;5;304
17;2025-01-20;6;1484
17;2025-01-20;7;4016
17;2025-01-20;8;5315
17;2025-01-20;9;3633
17;2025-01-20;10;2685
17;2025-01-20;11;2786
17;2025-01-20;12;2768
17;2025-01-20;13;2876
17;2025-01-20;14;2886
17;2025-01-20;15;3214
17;2025-01-20;16;3619
17;2025-01-20;17;4595
17;2025-01-20;18;5236
17;2025-01-20;19;3605
17;2025-01-20;20;2240
17;2025-01-20;21;1318
17;2025-01-20;22;843
17;2025-01-20;23;325
17;2025-01-21;0;118
17;2025-01-21;1;4
17;2025-01-21;4;28
17;2025-01-21;5;304
17;2025-01-21;6;1511
17;2025-01-21;7;4047
17;2025-01-21;8;5434
17;2025-01-21;9;3831
17;2025-01-21;10;2965
17;2025-01-21;11;2703
17;2025-01-21;12;2909
17;2025-01-21;13;2926
17;2025-01-21;14;3135
17;2025-01-21;15;3344
17;2025-01-21;16;3734
17;2025-01-21;17;4639
17;2025-01-21;18;4865
17;2025-01-21;19;3355
17;2025-01-21;20;2446
17;2025-01-21;21;1362
17;2025-01-21;22;771
17;2025-01-21;23;300
17;2025-01-22;0;118
17;2025-01-22;1;9
17;2025-01-22;4;26
17;2025-01-22;5;321
17;2025-01-22;6;1501
17;2025-01-22;7;3975
17;2025-01-22;8;5218
17;2025-01-22;9;3618
17;2025-01-22;10;2640
17;2025-01-22;11;2738
17;2025-01-22;12;2807
17;2025-01-22;13;2893
17;2025-01-22;14;2917
17;2025-01-22;15;3186
17;2025-01-22;16;3529
17;2025-01-22;17;4510
17;2025-01-22;18;4982
17;2025-01-22;19;3547
17;2025-01-22;20;2236
17;2025-01-22;21;1401
17;2025-01-22;22;840
17;2025-01-22;23;346
17;2025-01-23;0;142
17;2025-01-23;1;15
17;2025-01-23;4;29
17;2025-01-23;5;308
17;2025-01-23;6;1550
17;2025-01-23;7;3985
17;2025-01-23;8;5249
17;2025-01-23;9;3661
17;2025-01-23;10;3068
17;2025-01-23;11;2948
17;2025-01-23;12;3123
17;2025-01-23;13;3176
17;2025-01-23;14;3286
17;2025-01-23;15;3347
17;2025-01-23;16;3758
17;2025-01-23;17;4450
17;2025-01-23;18;5046
17;2025-01-23;19;3563
17;2025-01-23;20;2395
17;2025-01-23;21;1476
17;2025-01-23;22;859
17;2025-01-23;23;429
17;2025-01-24;0;170
17;2025-01-24;1;18
17;2025-01-24;4;30
17;2025-01-24;5;310
17;2025-01-24;6;1498
17;2025-01-24;7;3961
17;2025-01-24;8;5291
17;2025-01-24;9;3727
17;2025-01-24;10;2978
17;2025-01-24;11;2972
17;2025-01-24;12;3026
17;2025-01-24;13;3238
17;2025-01-24;14;3224
17;2025-01-24;15;3641
17;2025-01-24;16;4289
17;2025-01-24;17;4823
17;2025-01-24;18;4603
17;2025-01-24;19;3267
17;2025-01-24;20;2307
17;2025-01-24;21;1562
17;2025-01-24;22;972
17;2025-01-24;23;436
17;2025-01-25;0;199
17;2025-01-25;1;27
17;2025-01-25;4;6
17;2025-01-25;5;147
17;2025-01-25;6;495
17;2025-01-25;7;1050
17;2025-01-25;8;1589
17;2025-01-25;9;2061
17;2025-01-25;10;2292
17;2025-01-25;11;2778
17;2025-01-25;12;3228
17;2025-01-25;13;3441
17;2025-01-25;14;3645
17;2025-01-25;15;3536
17;2025-01-25;16;3522
17;2025-01-25;17;3394
17;2025-01-25;18;2958
17;2025-01-25;19;2400
17;2025-01-25;20;1986
17;2025-01-25;21;1366
17;2025-01-25;22;917
17;2025-01-25;23;460
17;2025-01-26;0;200
17;2025-01-26;1;30
17;2025-01-26;4;9
17;2025-01-26;5;90
17;2025-01-26;6;380
17;2025-01-26;7;675
17;2025-01-26;8;1138
17;2025-01-26;9;1508
17;2025-01-26;10;1731
17;2025-01-26;11;2282
17;2025-01-26;12;2650
17;2025-01-26;13;3022
17;2025-01-26;14;3087
17;2025-01-26;15;3056
17;2025-01-26;16;3040
17;2025-01-26;17;2782
17;2025-01-26;18;2479
17;2025-01-26;19;1962
17;2025-01-26;20;1558
17;2025-01-26;21;1140
17;2025-01-26;22;734
17;2025-01-26;23;313
17;2025-01-27;0;112
17;2025-01-27;1;9
17;2025-01-27;4;27
17;2025-01-27;5;306
17;2025-01-27;6;1484
17;2025-01-27;7;3929
17;2025-01-27;8;5478
17;2025-01-27;9;3418
17;2025-01-27;10;2554
17;2025-01-27;11;2581
17;2025-01-27;12;2662
17;2025-01-27;13;2791
17;2025-01-27;14;2739
17;2025-01-27;15;3045
17;2025-01-27;16;3465
17;2025-01-27;17;4293
17;2025-01-27;18;4748
17;2025-01-27;19;3369
17;2025-01-27;20;2437
17;2025-01-27;21;1370
17;2025-01-27;22;839
17;2025-01-27;23;356
17;2025-01-28;0;161
17;2025-01-28;1;4
17;2025-01-28;4;30
17;2025-01-28;5;324
17;2025-01-28;6;1538
17;2025-01-28;7;4125
17;2025-01-28;8;5535
17;2025-01-28;9;3671
17;2025-01-28;10;2824
17;2025-01-28;11;2898
17;2025-01-28;12;2912
17;2025-01-28;13;3141
17;2025-01-28;14;3088
17;2025-01-28;15;3410
17;2025-01-28;16;3547
17;2025-01-28;17;4452
17;2025-01-28;18;4928
17;2025-01-28;19;3599
17;2025-01-28;20;2342
17;2025-01-28;21;1409
17;2025-01-28;22;810
17;2025-01-28;23;350
17;2025-01-29;0;129
17;2025-01-29;1;18
17;2025-01-29;4;29
17;2025-01-29;5;312
17;2025-01-29;6;1570
17;2025-01-29;7;3948
17;2025-01-29;8;5527
17;2025-01-29;9;3686
17;2025-01-29;10;2896
17;2025-01-29;11;2948
17;2025-01-29;12;3019
17;2025-01-29;13;3078
17;2025-01-29;14;3146
17;2025-01-29;15;3354
17;2025-01-29;16;3725
17;2025-01-29;17;4478
17;2025-01-29;18;4961
17;2025-01-29;19;3474
17;2025-01-29;20;2319
17;2025-01-29;21;1501
17;2025-01-29;22;834
17;2025-01-29;23;351
17;2025-01-30;0;123
17;2025-01-30;1;6
17;2025-01-30;4;31
17;2025-01-30;5;344
17;2025-01-30;6;1472
17;2025-01-30;7;3983
17;2025-01-30;8;5279
17;2025-01-30;9;3367
17;2025-01-30;10;2652
17;2025-01-30;11;2673
17;2025-01-30;12;2723
17;2025-01-30;13;2853
17;2025-01-30;14;3061
17;2025-01-30;15;3184
17;2025-01-30;16;3436
17;2025-01-30;17;4359
17;2025-01-30;18;4519
17;2025-01-30;19;3195
17;2025-01-30;20;2270
17;2025-01-30;21;1412
17;2025-01-30;22;854
17;2025-01-30;23;414
17;2025-01-31;0;160
17;2025-01-31;1;19
17;2025-01-31;4;28
17;2025-01-31;5;333
17;2025-01-31;6;1501
17;2025-01-31;7;3919
17;2025-01-31;8;5536
17;2025-01-31;9;3706
17;2025-01-31;10;2986
17;2025-01-31;11;3049
17;2025-01-31;12;3101
17;2025-01-31;13;3266
17;2025-01-31;14;3475
17;2025-01-31;15;4004
17;2025-01-31;16;4391
17;2025-01-31;17;4884
17;2025-01-31;18;4605
17;2025-01-31;19;3354
17;2025-01-31;20;2373
17;2025-01-31;21;1594
17;2025-01-31;22;954
17;2025-01-31;23;481
17;2025-02-01;0;199
17;2025-02-01;1;29
17;2025-02-01;4;3
17;2025-02-01;5;121
17;2025-02-01;6;520
17;2025-02-01;7;1057
17;2025-02-01;8;1471
17;2025-02-01;9;1950
17;2025-02-01;10;2184
17;2025-02-01;11;2683
17;2025-02-01;12;3070
17;2025-02-01;13;3213
17;2025-02-01;14;3466
17;2025-02-01;15;3370
17;2025-02-01;16;3447
17;2025-02-01;17;3058
17;2025-02-01;18;2869
17;2025-02-01;19;2271
17;2025-02-01;20;1789
17;2025-02-01;21;1212
17;2025-02-01;22;904
17;2025-02-01;23;427
17;2025-02-02;0;188
17;2025-02-02;1;31
17;2025-02-02;4;5
17;2025-02-02;5;90
17;2025-02-02;6;431
17;2025-02-02;7;744
17;2025-02-02;8;1167
17;2025-02-02;9;1605
17;2025-02-02;10;1845
17;2025-02-02;11;2393
17;2025-02-02;12;2742
17;2025-02-02;13;3070
17;2025-02-02;14;3178
17;2025-02-02;15;3159
17;2025-02-02;16;3046
17;2025-02-02;17;2876
17;2025-02-02;18;2472
17;2025-02-02;19;2081
17;2025-02-02;20;1582
17;2025-02-02;21;1054
17;2025-02-02;22;682
17;2025-02-02;23;282
17;2025-02-03;0;91
17;2025-02-03;1;11
17;2025-02-03;4;26
17;2025-02-03;5;307
17;2025-02-03;6;1389
17;2025-02-03;7;3892
17;2025-02-03;8;5374
17;2025-02-03;9;3327
17;2025-02-03;10;2599
17;2025-02-03;11;2516
17;2025-02-03;12;2612
17;2025-02-03;13;2721
17;2025-02-03;14;2701
17;2025-02-03;15;3180
17;2025-02-03;16;3613
17;2025-02-03;17;4367
17;2025-02-03;18;4809
17;2025-02-03;19;3445
17;2025-02-03;20;2214
17;2025-02-03;21;1278
17;2025-02-03;22;711
17;2025-02-03;23;303
17;2025-02-04;0;100
17;2025-02-04;1;9
17;2025-02-04;4;28
17;2025-02-04;5;328
17;2025-02-04;6;1545
17;2025-02-04;7;4027
17;2025-02-04;8;5567
17;2025-02-04;9;3730
17;2025-02-04;10;2902
17;2025-02-04;11;2726
17;2025-02-04;12;2946
17;2025-02-04;13;2898
17;2025-02-04;14;2959
17;2025-02-04;15;3053
17;2025-02-04;16;3480
17;2025-02-04;17;4462
17;2025-02-04;18;4619
17;2025-02-04;19;3475
17;2025-02-04;20;2295
17;2025-02-04;21;1405
17;2025-02-04;22;717
17;2025-02-04;23;359
17;2025-02-05;0;92
17;2025-02-05;1;9
17;2025-02-05;4;28
17;2025-02-05;5;325
17;2025-02-05;6;1448
17;2025-02-05;7;4090
17;2025-02-05;8;5555
17;2025-02-05;9;3707
17;2025-02-05;10;2853
17;2025-02-05;11;2994
17;2025-02-05;12;2996
17;2025-02-05;13;3241
17;2025-02-05;14;3256
17;2025-02-05;15;3360
17;2025-02-05;16;3774
17;2025-02-05;17;4612
17;2025-02-05;18;5002
17;2025-02-05;19;3749
17;2025-02-05;20;2478
17;2025-02-05;21;1465
17;2025-02-05;22;811
17;2025-02-05;23;418
17;2025-02-06;0;113
17;2025-02-06;1;14
17;2025-02-06;4;34
17;2025-02-06;5;337
17;2025-02-06;6;1547
17;2025-02-06;7;4041
17;2025-02-06;8;5486
17;2025-02-06;9;3732
17;2025-02-06;10;3016
17;2025-02-06;11;3024
17;2025-02-06;12;3142
17;2025-02-06;13;3116
17;2025-02-06;14;3205
17;2025-02-06;15;3304
17;2025-02-06;16;3757
17;2025-02-06;17;4674
17;2025-02-06;18;5024
17;2025-02-06;19;3653
17;2025-02-06;20;2439
17;2025-02-06;21;1424
17;2025-02-06;22;842
17;2025-02-06;23;414
17;2025-02-07;0;116
17;2025-02-07;1;13
17;2025-02-07;4;25
17;2025-02-07;5;293
17;2025-02-07;6;1440
17;2025-02-07;7;3887
17;2025-02-07;8;5154
17;2025-02-07;9;3395
17;2025-02-07;10;2741
17;2025-02-07;11;2794
17;2025-02-07;12;2938
17;2025-02-07;13;3000
17;2025-02-07;14;3063
17;2025-02-07;15;3388
17;2025-02-07;16;4207
17;2025-02-07;17;4556
17;2025-02-07;18;4552
17;2025-02-07;19;3116
17;2025-02-07;20;2404
17;2025-02-07;21;1413
17;2025-02-07;22;841
17;2025-02-07;23;406
17;2025-02-08;0;170
17;2025-02-08;1;17
17;2025-02-08;4;5
17;2025-02-08;5;108
17;2025-02-08;6;503
17;2025-02-08;7;1066
17;2025-02-08;8;1539
17;2025-02-08;9;2011
17;2025-02-08;10;2250
17;2025-02-08;11;2836
17;2025-02-08;12;3255
17;2025-02-08;13;3406
17;2025-02-08;14;3635
17;2025-02-08;15;3260
17;2025-02-08;16;3533
17;2025-02-08;17;3334
17;2025-02-08;18;3017
17;2025-02-08;19;2420
17;2025-02-08;20;1821
17;2025-02-08;21;1417
17;2025-02-08;22;981
17;2025-02-08;23;399
17;2025-02-09;0;168
17;2025-02-09;1;21
17;2025-02-09;4;6
17;2025-02-09;5;92
17;2025-02-09;6;424
17;2025-02-09;7;689
17;2025-02-09;8;1177
17;2025-02-09;9;1638
17;2025-02-09;10;1951
17;2025-02-09;11;2354
17;2025-02-09;12;2794
17;2025-02-09;13;2919
17;2025-02-09;14;3016
17;2025-02-09;15;3075
17;2025-02-09;16;2740
17;2025-02-09;17;2807
17;2025-02-09;18;2425
17;2025-02-09;19;2021
17;2025-02-09;20;1567
17;2025-02-09;21;1145
17;2025-02-09;22;763
17;2025-02-09;23;303
17;2025-02-10;0;96
17;2025-02-10;1;18
17;2025-02-10;4;30
17;2025-02-10;5;317
17;2025-02-10;6;1539
17;2025-02-10;7;4098
17;2025-02-10;8;5603
17;2025-02-10;9;3791
17;2025-02-10;10;2891
17;2025-02-10;11;2818
17;2025-02-10;12;2789
17;2025-02-10;13;2949
17;2025-02-10;14;3051
17;2025-02-10;15;3217
17;2025-02-10;16;3656
17;2025-02-10;17;4662
17;2025-02-10;18;5135
17;2025-02-10;19;3518
17;2025-02-10;20;2337
17;2025-02-10;21;1427
17;2025-02-10;22;795
17;2025-02-10;23;320
17;2025-02-11;0;98
17;2025-02-11;1;9
17;2025-02-11;4;33
17;2025-02-11;5;302
17;2025-02-11;6;1587
17;2025-02-11;7;4076
17;2025-02-11;8;5572
17;2025-02-11;9;3900
17;2025-02-11;10;2755
17;2025-02-11;11;2713
17;2025-02-11;12;2883
17;2025-02-11;13;2722
17;2025-02-11;14;2843
17;2025-02-11;15;3081
17;2025-02-11;16;3733
17;2025-02-11;17;4226
17;2025-02-11;18;4823
17;2025-02-11;19;3406
17;2025-02-11;20;2367
17;2025-02-11;21;1506
17;2025-02-11;22;779
17;2025-02-11;23;338
17;2025-02-12;0;93
17;2025-02-12;1;1
17;2025-02-12;4;32
17;2025-02-12;5;346
17;2025-02-12;6;1553
17;2025-02-12;7;4334
17;2025-02-12;8;5564
17;2025-02-12;9;3718
17;2025-02-12;10;2816
17;2025-02-12;11;2947
17;2025-02-12;12;3136
17;2025-02-12;13;3093
17;2025-02-12;14;3119
17;2025-02-12;15;3361
17;2025-02-12;16;3819
17;2025-02-12;17;4615
17;2025-02-12;18;5086
17;2025-02-12;19;3432
17;2025-02-12;20;2425
17;2025-02-12;21;1521
17;2025-02-12;22;770
17;2025-02-12;23;327
17;2025-02-13;0;96
17;2025-02-13;1;16
17;2025-02-13;4;27
17;2025-02-13;5;312
17;2025-02-13;6;1524
17;2025-02-13;7;4064
17;2025-02-13;8;5227
17;2025-02-13;9;3779
17;2025-02-13;10;2872
17;2025-02-13;11;2632
17;2025-02-13;12;2817
17;2025-02-13;13;2834
17;2025-02-13;14;2909
17;2025-02-13;15;3014
17;2025-02-13;16;3576
17;2025-02-13;17;4250
17;2025-02-13;18;4737
17;2025-02-13;19;3479
17;2025-02-13;20;2374
17;2025-02-13;21;1503
17;2025-02-13;22;881
17;2025-02-13;23;373
17;2025-02-14;0;134
17;2025-02-14;1;15
17;2025-02-14;4;35
17;2025-02-14;5;309
17;2025-02-14;6;1506
17;2025-02-14;7;4028
17;2025-02-14;8;5407
17;2025-02-14;9;3846
17;2025-02-14;10;2795
17;2025-02-14;11;2635
17;2025-02-14;12;2883
17;2025-02-14;13;2965
17;2025-02-14;14;3095
17;2025-02-14;15;3444
17;2025-02-14;16;4385
17;2025-02-14;17;4806
17;2025-02-14;18;4501
17;2025-02-14;19;3339
17;2025-02-14;20;2229
17;2025-02-14;21;1651
17;2025-02-14;22;998
17;2025-02-14;23;549
17;2025-02-15;0;193
17;2025-02-15;1;30
17;2025-02-15;4;3
17;2025-02-15;5;111
17;2025-02-15;6;525
17;2025-02-15;7;1116
17;2025-02-15;8;1643
17;2025-02-15;9;2085
17;2025-02-15;10;2310
17;2025-02-15;11;2799
17;2025-02-15;12;3181
17;2025-02-15;13;3434
17;2025-02-15;14;3313
17;2025-02-15;15;3336
17;2025-02-15;16;3130
17;2025-02-15;17;3279
17;2025-02-15;18;2735
17;2025-02-15;19;2285
17;2025-02-15;20;1772
17;2025-02-15;21;1306
17;2025-02-15;22;955
17;2025-02-15;23;454
17;2025-02-16;0;159
17;2025-02-16;1;29
17;2025-02-16;4;4
17;2025-02-16;5;86
17;2025-02-16;6;385
17;2025-02-16;7;687
17;2025-02-16;8;1296
17;2025-02-16;9;1698
17;2025-02-16;10;1906
17;2025-02-16;11;2399
17;2025-02-16;12;2793
17;2025-02-16;13;2904
17;2025-02-16;14;3066
17;2025-02-16;15;2911
17;2025-02-16;16;2790
17;2025-02-16;17;2798
17;2025-02-16;18;2446
17;2025-02-16;19;1961
17;2025-02-16;20;1678
17;2025-02-16;21;1154
17;2025-02-16;22;754
17;2025-02-16;23;323
17;2025-02-17;0;99
17;2025-02-17;1;13
17;2025-02-17;4;32
17;2025-02-17;5;286
17;2025-02-17;6;1506
17;2025-02-17;7;3782
17;2025-02-17;8;5274
17;2025-02-17;9;3641
17;2025-02-17;10;2799
17;2025-02-17;11;2911
17;2025-02-17;12;2947
17;2025-02-17;13;2928
17;2025-02-17;14;2875
17;2025-02-17;15;3046
17;2025-02-17;16;3513
17;2025-02-17;17;4382
17;2025-02-17;18;5245
17;2025-02-17;19;3587
17;2025-02-17;20;2388
17;2025-02-17;21;1372
17;2025-02-17;22;776
17;2025-02-17;23;328
17;2025-02-18;0;105
17;2025-02-18;1;8
17;2025-02-18;4;25
17;2025-02-18;5;302
17;2025-02-18;6;1487
17;2025-02-18;7;3838
17;2025-02-18;8;5512
17;2025-02-18;9;4023
17;2025-02-18;10;3092
17;2025-02-18;11;2984
17;2025-02-18;12;3132
17;2025-02-18;13;3290
17;2025-02-18;14;3454
17;2025-02-18;15;3358
17;2025-02-18;16;3613
17;2025-02-18;17;4440
17;2025-02-18;18;4666
17;2025-02-18;19;3487
17;2025-02-18;20;2554
17;2025-02-18;21;1484
17;2025-02-18;22;851
17;2025-02-18;23;362
17;2025-02-19;0;114
17;2025-02-19;1;14
17;2025-02-19;4;28
17;2025-02-19;5;304
17;2025-02-19;6;1459
17;2025-02-19;7;3594
17;2025-02-19;8;5264
17;2025-02-19;9;3545
17;2025-02-19;10;2886
17;2025-02-19;11;2906
17;2025-02-19;12;2739
17;2025-02-19;13;3067
17;2025-02-19;14;2980
17;2025-02-19;15;3149
17;2025-02-19;16;3682
17;2025-02-19;17;4172
17;2025-02-19;18;4654
17;2025-02-19;19;3361
17;2025-02-19;20;2330
17;2025-02-19;21;1429
17;2025-02-19;22;820
17;2025-02-19;23;427
17;2025-02-20;0;137
17;2025-02-20;1;8
17;2025-02-20;4;25
17;2025-02-20;5;315
17;2025-02-20;6;1491
17;2025-02-20;7;3538
17;2025-02-20;8;4894
17;2025-02-20;9;3951
17;2025-02-20;10;3059
17;2025-02-20;11;3055
17;2025-02-20;12;3197
17;2025-02-20;13;3007
17;2025-02-20;14;2911
17;2025-02-20;15;3276
17;2025-02-20;16;3779
17;2025-02-20;17;4247
17;2025-02-20;18;4757
17;2025-02-20;19;3503
17;2025-02-20;20;2457
17;2025-02-20;21;1576
17;2025-02-20;22;822
17;2025-02-20;23;388
17;2025-02-21;0;148
17;2025-02-21;1;7
17;2025-02-21;4;26
17;2025-02-21;5;300
17;2025-02-21;6;1496
17;2025-02-21;7;3452
17;2025-02-21;8;5017
17;2025-02-21;9;3760
17;2025-02-21;10;3025
17;2025-02-21;11;3089
17;2025-02-21;12;3146
17;2025-02-21;13;2968
17;2025-02-21;14;3098
17;2025-02-21;15;3715
17;2025-02-21;16;4459
17;2025-02-21;17;4642
17;2025-02-21;18;4298
17;2025-02-21;19;3184
17;2025-02-21;20;2365
17;2025-02-21;21;1513
17;2025-02-21;22;979
17;2025-02-21;23;439
17;2025-02-22;0;188
17;2025-02-22;1;23
17;2025-02-22;4;7
17;2025-02-22;5;101
17;2025-02-22;6;496
17;2025-02-22;7;1047
17;2025-02-22;8;1672
17;2025-02-22;9;2261
17;2025-02-22;10;2426
17;2025-02-22;11;2895
17;2025-02-22;12;3223
17;2025-02-22;13;3354
17;2025-02-22;14;3361
17;2025-02-22;15;3504
17;2025-02-22;16;3526
17;2025-02-22;17;3541
17;2025-02-22;18;3015
17;2025-02-22;19;2406
17;2025-02-22;20;2000
17;2025-02-22;21;1314
17;2025-02-22;22;815
17;2025-02-22;23;362
17;2025-02-23;0;192
17;2025-02-23;1;16
17;2025-02-23;4;4
17;2025-02-23;5;93
17;2025-02-23;6;379
17;2025-02-23;7;658
17;2025-02-23;8;1137
17;2025-02-23;9;1451
17;2025-02-23;10;1866
17;2025-02-23;11;2495
17;2025-02-23;12;2876
17;2025-02-23;13;2884
17;2025-02-23;14;3096
17;2025-02-23;15;3292
17;2025-02-23;16;3261
17;2025-02-23;17;2979
17;2025-02-23;18;2525
17;2025-02-23;19;2024
17;2025-02-23;20;1544
17;2025-02-23;21;1202
17;2025-02-23;22;676
17;2025-02-23;23;320
17;2025-02-24;0;105
17;2025-02-24;1;10
17;2025-02-24;4;27
17;2025-02-24;5;313
17;2025-02-24;6;1488
17;2025-02-24;7;4000
17;2025-02-24;8;5179
17;2025-02-24;9;3596
17;2025-02-24;10;2761
17;2025-02-24;11;2815
17;2025-02-24;12;2501
17;2025-02-24;13;2804
17;2025-02-24;14;3056
17;2025-02-24;15;3088
17;2025-02-24;16;3586
17;2025-02-24;17;4422
17;2025-02-24;18;4709
17;2025-02-24;19;3233
17;2025-02-24;20;2249
17;2025-02-24;21;1187
17;2025-02-24;22;736
17;2025-02-24;23;283
17;2025-02-25;0;103
17;2025-02-25;1;16
17;2025-02-25;4;25
17;2025-02-25;5;363
17;2025-02-25;6;1570
17;2025-02-25;7;4145
17;2025-02-25;8;5151
17;2025-02-25;9;3751
17;2025-02-25;10;2959
17;2025-02-25;11;2769
17;2025-02-25;12;2794
17;2025-02-25;13;3059
17;2025-02-25;14;2996
17;2025-02-25;15;3322
17;2025-02-25;16;3403
17;2025-02-25;17;4150
17;2025-02-25;18;4686
17;2025-02-25;19;3299
17;2025-02-25;20;2314
17;2025-02-25;21;1293
17;2025-02-25;22;637
17;2025-02-25;23;284
17;2025-02-26;0;92
17;2025-02-26;1;11
17;2025-02-26;4;35
17;2025-02-26;5;332
17;2025-02-26;6;1501
17;2025-02-26;7;3964
17;2025-02-26;8;5003
17;2025-02-26;9;3785
17;2025-02-26;10;2956
17;2025-02-26;11;2890
17;2025-02-26;12;2789
17;2025-02-26;13;2992
17;2025-02-26;14;3028
17;2025-02-26;15;3126
17;2025-02-26;16;3472
17;2025-02-26;17;4222
17;2025-02-26;18;4550
17;2025-02-26;19;3120
17;2025-02-26;20;2200
17;2025-02-26;21;1467
17;2025-02-26;22;739
17;2025-02-26;23;340
17;2025-02-27;0;81
17;2025-02-27;1;3
17;2025-02-27;4;24
17;2025-02-27;5;346
17;2025-02-27;6;1598
17;2025-02-27;7;4091
17;2025-02-27;8;5518
17;2025-02-27;9;4015
17;2025-02-27;10;3208
17;2025-02-27;11;3060
17;2025-02-27;12;2949
17;2025-02-27;13;2965
17;2025-02-27;14;3182
17;2025-02-27;15;3434
17;2025-02-27;16;3912
17;2025-02-27;17;4772
17;2025-02-27;18;5241
17;2025-02-27;19;3572
17;2025-02-27;20;2596
17;2025-02-27;21;1573
17;2025-02-27;22;848
17;2025-02-27;23;364
17;2025-02-28;0;137
17;2025-02-28;1;17
17;2025-02-28;4;20
17;2025-02-28;5;313
17;2025-02-28;6;1552
17;2025-02-28;7;4046
17;2025-02-28;8;4973
17;2025-02-28;9;3865
17;2025-02-28;10;3048
17;2025-02-28;11;3088
17;2025-02-28;12;3308
17;2025-02-28;13;3131
17;2025-02-28;14;3098
17;2025-02-28;15;3639
17;2025-02-28;16;4410
17;2025-02-28;17;4735
17;2025-02-28;18;4517
17;2025-02-28;19;3209
17;2025-02-28;20;2463
17;2025-02-28;21;1577
17;2025-02-28;22;910
17;2025-02-28;23;481
17;2025-03-01;0;177
17;2025-03-01;1;11
17;2025-03-01;4;4
17;2025-03-01;5;119
17;2025-03-01;6;512
17;2025-03-01;7;1146
17;2025-03-01;8;1687
17;2025-03-01;9;2176
17;2025-03-01;10;2373
17;2025-03-01;11;2949
17;2025-03-01;12;3345
17;2025-03-01;13;3302
17;2025-03-01;14;3432
17;2025-03-01;15;3667
17;2025-03-01;16;3648
17;2025-03-01;17;3355
17;2025-03-01;18;3020
17;2025-03-01;19;2325
17;2025-03-01;20;1903
17;2025-03-01;21;1226
17;2025-03-01;22;801
17;2025-03-01;23;386
17;2025-03-02;0;144
17;2025-03-02;1;21
17;2025-03-02;4;3
17;2025-03-02;5;104
17;2025-03-02;6;394
17;2025-03-02;7;729
17;2025-03-02;8;1233
17;2025-03-02;9;1689
17;2025-03-02;10;1895
17;2025-03-02;11;2324
17;2025-03-02;12;2680
17;2025-03-02;13;2906
17;2025-03-02;14;2856
17;2025-03-02;15;2842
17;2025-03-02;16;2879
17;2025-03-02;17;2718
17;2025-03-02;18;2372
17;2025-03-02;19;1986
17;2025-03-02;20;1505
17;2025-03-02;21;1003
17;2025-03-02;22;653
17;2025-03-02;23;313
17;2025-03-03;0;86
17;2025-03-03;1;13
17;2025-03-03;4;27
17;2025-03-03;5;325
17;2025-03-03;6;1557
17;2025-03-03;7;3894
17;2025-03-03;8;5386
17;2025-03-03;9;3212
17;2025-03-03;10;2717
17;2025-03-03;11;2604
17;2025-03-03;12;2725
17;2025-03-03;13;2832
17;2025-03-03;14;2684
17;2025-03-03;15;3104
17;2025-03-03;16;3551
17;2025-03-03;17;4436
17;2025-03-03;18;4949
17;2025-03-03;19;3398
17;2025-03-03;20;2295
17;2025-03-03;21;1369
17;2025-03-03;22;785
17;2025-03-03;23;304
17;2025-03-04;0;108
17;2025-03-04;1;5
17;2025-03-04;4;29
17;2025-03-04;5;311
17;2025-03-04;6;1607
17;2025-03-04;7;4064
17;2025-03-04;8;5468
17;2025-03-04;9;3948
17;2025-03-04;10;3142
17;2025-03-04;11;3092
17;2025-03-04;12;3154
17;2025-03-04;13;3085
17;2025-03-04;14;3163
17;2025-03-04;15;3175
17;2025-03-04;16;3695
17;2025-03-04;17;4712
17;2025-03-04;18;4923
17;2025-03-04;19;3270
17;2025-03-04;20;2191
17;2025-03-04;21;1404
17;2025-03-04;22;708
17;2025-03-04;23;300
17;2025-03-05;0;132
17;2025-03-05;1;9
17;2025-03-05;4;28
17;2025-03-05;5;358
17;2025-03-05;6;1575
17;2025-03-05;7;3986
17;2025-03-05;8;5268
17;2025-03-05;9;3966
17;2025-03-05;10;3192
17;2025-03-05;11;3013
17;2025-03-05;12;3066
17;2025-03-05;13;3075
17;2025-03-05;14;3078
17;2025-03-05;15;3141
17;2025-03-05;16;3764
17;2025-03-05;17;4733
17;2025-03-05;18;5012
17;2025-03-05;19;3712
17;2025-03-05;20;2335
17;2025-03-05;21;1505
17;2025-03-05;22;704
17;2025-03-05;23;357
17;2025-03-06;0;120
17;2025-03-06;1;12
17;2025-03-06;4;30
17;2025-03-06;5;341
17;2025-03-06;6;1609
17;2025-03-06;7;3798
17;2025-03-06;8;5240
17;2025-03-06;9;3856
17;2025-03-06;10;3240
17;2025-03-06;11;3153
17;2025-03-06;12;3217
17;2025-03-06;13;3244
17;2025-03-06;14;3271
17;2025-03-06;15;3405
17;2025-03-06;16;3843
17;2025-03-06;17;4838
17;2025-03-06;18;4905
17;2025-03-06;19;3547
17;2025-03-06;20;2574
17;2025-03-06;21;1570
17;2025-03-06;22;812
17;2025-03-06;23;325
17;2025-03-07;0;117
17;2025-03-07;1;9
17;2025-03-07;4;32
17;2025-03-07;5;349
17;2025-03-07;6;1573
17;2025-03-07;7;3976
17;2025-03-07;8;5270
17;2025-03-07;9;3951
17;2025-03-07;10;3408
17;2025-03-07;11;3216
17;2025-03-07;12;3535
17;2025-03-07;13;3720
17;2025-03-07;14;3794
17;2025-03-07;15;4284
17;2025-03-07;16;4675
17;2025-03-07;17;4720
17;2025-03-07;18;4134
17;2025-03-07;19;3366
17;2025-03-07;20;2562
17;2025-03-07;21;1678
17;2025-03-07;22;887
17;2025-03-07;23;462
17;2025-03-08;0;200
17;2025-03-08;1;19
17;2025-03-08;4;3
17;2025-03-08;5;117
17;2025-03-08;6;503
17;2025-03-08;7;960
17;2025-03-08;8;1351
17;2025-03-08;9;1666
17;2025-03-08;10;2174
17;2025-03-08;11;2726
17;2025-03-08;12;3454
17;2025-03-08;13;3661
17;2025-03-08;14;3829
17;2025-03-08;15;4218
17;2025-03-08;16;4311
17;2025-03-08;17;3728
17;2025-03-08;18;3581
17;2025-03-08;19;2781
17;2025-03-08;20;1914
17;2025-03-08;21;1507
17;2025-03-08;22;929
17;2025-03-08;23;508
17;2025-03-09;0;211
17;2025-03-09;1;31
17;2025-03-09;5;103
17;2025-03-09;6;430
17;2025-03-09;7;695
17;2025-03-09;8;1176
17;2025-03-09;9;1685
17;2025-03-09;10;2091
17;2025-03-09;11;2710
17;2025-03-09;12;3291
17;2025-03-09;13;3367
17;2025-03-09;14;3657
17;2025-03-09;15;3602
17;2025-03-09;16;3545
17;2025-03-09;17;3427
17;2025-03-09;18;2675
17;2025-03-09;19;2302
17;2025-03-09;20;1500
17;2025-03-09;21;1118
17;2025-03-09;22;679
17;2025-03-09;23;322
17;2025-03-10;0;101
17;2025-03-10;1;11
17;2025-03-10;4;23
17;2025-03-10;5;334
17;2025-03-10;6;1604
17;2025-03-10;7;4134
17;2025-03-10;8;5553
17;2025-03-10;9;3849
17;2025-03-10;10;2996
17;2025-03-10;11;2967
17;2025-03-10;12;3015
17;2025-03-10;13;3214
17;2025-03-10;14;3135
17;2025-03-10;15;3417
17;2025-03-10;16;3667
17;2025-03-10;17;4675
17;2025-03-10;18;5165
17;2025-03-10;19;3584
17;2025-03-10;20;2389
17;2025-03-10;21;1387
17;2025-03-10;22;654
17;2025-03-10;23;330
17;2025-03-11;0;104
17;2025-03-11;1;11
17;2025-03-11;4;21
17;2025-03-11;5;359
17;2025-03-11;6;1509
17;2025-03-11;7;4005
17;2025-03-11;8;5325
17;2025-03-11;9;3876
17;2025-03-11;10;2999
17;2025-03-11;11;3088
17;2025-03-11;12;3035
17;2025-03-11;13;2793
17;2025-03-11;14;2775
17;2025-03-11;15;3071
17;2025-03-11;16;3503
17;2025-03-11;17;4361
17;2025-03-11;18;4945
17;2025-03-11;19;3326
17;2025-03-11;20;2288
17;2025-03-11;21;1287
17;2025-03-11;22;802
17;2025-03-11;23;302
17;2025-03-12;0;91
17;2025-03-12;1;19
17;2025-03-12;4;27
17;2025-03-12;5;347
17;2025-03-12;6;1577
17;2025-03-12;7;3906
17;2025-03-12;8;5404
17;2025-03-12;9;3740
17;2025-03-12;10;3027
17;2025-03-12;11;3060
17;2025-03-12;12;3111
17;2025-03-12;13;3143
17;2025-03-12;14;3047
17;2025-03-12;15;3386
17;2025-03-12;16;3685
17;2025-03-12;17;4363
17;2025-03-12;18;4856
17;2025-03-12;19;3621
17;2025-03-12;20;2327
17;2025-03-12;21;1386
17;2025-03-12;22;700
17;2025-03-12;23;353
17;2025-03-13;0;119
17;2025-03-13;1;5
17;2025-03-13;4;27
17;2025-03-13;5;317
17;2025-03-13;6;1503
17;2025-03-13;7;4020
17;2025-03-13;8;5266
17;2025-03-13;9;3877
17;2025-03-13;10;2972
17;2025-03-13;11;2913
17;2025-03-13;12;2929
17;2025-03-13;13;3126
17;2025-03-13;14;3297
17;2025-03-13;15;3469
17;2025-03-13;16;3851
17;2025-03-13;17;4620
17;2025-03-13;18;5033
17;2025-03-13;19;3468
17;2025-03-13;20;2353
17;2025-03-13;21;1516
17;2025-03-13;22;754
17;2025-03-13;23;433
17;2025-03-14;0;142
17;2025-03-14;1;15
17;2025-03-14;4;27
17;2025-03-14;5;301
17;2025-03-14;6;1523
17;2025-03-14;7;3840
17;2025-03-14;8;4979
17;2025-03-14;9;3685
17;2025-03-14;10;2840
17;2025-03-14;11;2907
17;2025-03-14;12;2871
17;2025-03-14;13;2961
17;2025-03-14;14;3002
17;2025-03-14;15;3212
17;2025-03-14;16;4008
17;2025-03-14;17;3958
17;2025-03-14;18;4038
17;2025-03-14;19;2971
17;2025-03-14;20;2076
17;2025-03-14;21;1445
17;2025-03-14;22;691
17;2025-03-14;23;388
17;2025-03-15;0;165
17;2025-03-15;1;18
17;2025-03-15;4;5
17;2025-03-15;5;139
17;2025-03-15;6;554
17;2025-03-15;7;1173
17;2025-03-15;8;1720
17;2025-03-15;9;2183
17;2025-03-15;10;2497
17;2025-03-15;11;2966
17;2025-03-15;12;3357
17;2025-03-15;13;3327
17;2025-03-15;14;3253
17;2025-03-15;15;3422
17;2025-03-15;16;3459
17;2025-03-15;17;3476
17;2025-03-15;18;3107
17;2025-03-15;19;2722
17;2025-03-15;20;1766
17;2025-03-15;21;1458
17;2025-03-15;22;845
17;2025-03-15;23;396
17;2025-03-16;0;158
17;2025-03-16;1;23
17;2025-03-16;4;6
17;2025-03-16;5;113
17;2025-03-16;6;436
17;2025-03-16;7;779
17;2025-03-16;8;1126
17;2025-03-16;9;1462
17;2025-03-16;10;2063
17;2025-03-16;11;2446
17;2025-03-16;12;3016
17;2025-03-16;13;3179
17;2025-03-16;14;3223
17;2025-03-16;15;3375
17;2025-03-16;16;3306
17;2025-03-16;17;3116
17;2025-03-16;18;2684
17;2025-03-16;19;2292
17;2025-03-16;20;1625
17;2025-03-16;21;1084
17;2025-03-16;22;717
17;2025-03-16;23;326
17;2025-03-17;0;112
17;2025-03-17;1;10
17;2025-03-17;4;27
17;2025-03-17;5;287
17;2025-03-17;6;1584
17;2025-03-17;7;3737
17;2025-03-17;8;5087
17;2025-03-17;9;3795
17;2025-03-17;10;2848
17;2025-03-17;11;2780
17;2025-03-17;12;2886
17;2025-03-17;13;2850
17;2025-03-17;14;2808
17;2025-03-17;15;3187
17;2025-03-17;16;3577
17;2025-03-17;17;4323
17;2025-03-17;18;5098
17;2025-03-17;19;3542
17;2025-03-17;20;2307
17;2025-03-17;21;1410
17;2025-03-17;22;691
17;2025-03-17;23;324
17;2025-03-18;0;101
17;2025-03-18;1;13
17;2025-03-18;4;30
17;2025-03-18;5;325
17;2025-03-18;6;1587
17;2025-03-18;7;3791
17;2025-03-18;8;5058
17;2025-03-18;9;3700
17;2025-03-18;10;2973
17;2025-03-18;11;3041
17;2025-03-18;12;2967
17;2025-03-18;13;3074
17;2025-03-18;14;3307
17;2025-03-18;15;3352
17;2025-03-18;16;3751
17;2025-03-18;17;4563
17;2025-03-18;18;5083
17;2025-03-18;19;3559
17;2025-03-18;20;2392
17;2025-03-18;21;1306
17;2025-03-18;22;675
17;2025-03-18;23;350
17;2025-03-19;0;96
17;2025-03-19;1;5
17;2025-03-19;4;30
17;2025-03-19;5;341
17;2025-03-19;6;1618
17;2025-03-19;7;3974
17;2025-03-19;8;5171
17;2025-03-19;9;3759
17;2025-03-19;10;2947
17;2025-03-19;11;2752
17;2025-03-19;12;2970
17;2025-03-19;13;2907
17;2025-03-19;14;3010
17;2025-03-19;15;3045
17;2025-03-19;16;3271
17;2025-03-19;17;4170
17;2025-03-19;18;4759
17;2025-03-19;19;3472
17;2025-03-19;20;2217
17;2025-03-19;21;1537
17;2025-03-19;22;692
17;2025-03-19;23;343
17;2025-03-20;0;102
17;2025-03-20;1;11
17;2025-03-20;4;26
17;2025-03-20;5;347
17;2025-03-20;6;1584
17;2025-03-20;7;3835
17;2025-03-20;8;5391
17;2025-03-20;9;3779
17;2025-03-20;10;3055
17;2025-03-20;11;3175
17;2025-03-20;12;3262
17;2025-03-20;13;3248
17;2025-03-20;14;3611
17;2025-03-20;15;3447
17;2025-03-20;16;3944
17;2025-03-20;17;4763
17;2025-03-20;18;5286
17;2025-03-20;19;3701
17;2025-03-20;20;2598
17;2025-03-20;21;1567
17;2025-03-20;22;896
17;2025-03-20;23;359
17;2025-03-21;0;148
17;2025-03-21;1;15
17;2025-03-21;4;28
17;2025-03-21;5;339
17;2025-03-21;6;1574
17;2025-03-21;7;3765
17;2025-03-21;8;5221
17;2025-03-21;9;3745
17;2025-03-21;10;3101
17;2025-03-21;11;3017
17;2025-03-21;12;3314
17;2025-03-21;13;3141
17;2025-03-21;14;3439
17;2025-03-21;15;3757
17;2025-03-21;16;4326
17;2025-03-21;17;4753
17;2025-03-21;18;4531
17;2025-03-21;19;3235
17;2025-03-21;20;2348
17;2025-03-21;21;1665
17;2025-03-21;22;921
17;2025-03-21;23;430
17;2025-03-22;0;182
17;2025-03-22;1;17
17;2025-03-22;4;7
17;2025-03-22;5;129
17;2025-03-22;6;555
17;2025-03-22;7;1096
17;2025-03-22;8;1738
17;2025-03-22;9;2321
17;2025-03-22;10;2432
17;2025-03-22;11;3004
17;2025-03-22;12;3345
17;2025-03-22;13;3660
17;2025-03-22;14;3708
17;2025-03-22;15;3688
17;2025-03-22;16;3672
17;2025-03-22;17;3456
17;2025-03-22;18;3043
17;2025-03-22;19;2543
17;2025-03-22;20;1807
17;2025-03-22;21;1339
17;2025-03-22;22;806
17;2025-03-22;23;416
17;2025-03-23;0;144
17;2025-03-23;1;16
17;2025-03-23;4;2
17;2025-03-23;5;121
17;2025-03-23;6;484
17;2025-03-23;7;739
17;2025-03-23;8;1266
17;2025-03-23;9;1744
17;2025-03-23;10;2096
17;2025-03-23;11;2591
17;2025-03-23;12;2964
17;2025-03-23;13;3379
17;2025-03-23;14;3164
17;2025-03-23;15;3194
17;2025-03-23;16;3261
17;2025-03-23;17;3061
17;2025-03-23;18;2875
17;2025-03-23;19;2164
17;2025-03-23;20;1601
17;2025-03-23;21;1217
17;2025-03-23;22;662
17;2025-03-23;23;230
17;2025-03-24;0;103
17;2025-03-24;1;6
17;2025-03-24;4;26
17;2025-03-24;5;315
17;2025-03-24;6;1616
17;2025-03-24;7;3861
17;2025-03-24;8;5461
17;2025-03-24;9;3848
17;2025-03-24;10;3012
17;2025-03-24;11;2939
17;2025-03-24;12;2901
17;2025-03-24;13;3020
17;2025-03-24;14;3122
17;2025-03-24;15;3226
17;2025-03-24;16;3686
17;2025-03-24;17;4462
17;2025-03-24;18;5072
17;2025-03-24;19;3489
17;2025-03-24;20;2384
17;2025-03-24;21;1372
17;2025-03-24;22;673
17;2025-03-24;23;299
17;2025-03-25;0;110
17;2025-03-25;1;7
17;2025-03-25;4;26
17;2025-03-25;5;294
17;2025-03-25;6;1592
17;2025-03-25;7;3974
17;2025-03-25;8;5049
17;2025-03-25;9;3845
17;2025-03-25;10;2849
17;2025-03-25;11;2740
17;2025-03-25;12;2755
17;2025-03-25;13;2798
17;2025-03-25;14;3090
17;2025-03-25;15;3109
17;2025-03-25;16;3540
17;2025-03-25;17;4630
17;2025-03-25;18;5007
17;2025-03-25;19;3628
17;2025-03-25;20;2424
17;2025-03-25;21;1382
17;2025-03-25;22;783
17;2025-03-25;23;329
17;2025-03-26;0;114
17;2025-03-26;1;12
17;2025-03-26;4;26
17;2025-03-26;5;316
17;2025-03-26;6;1525
17;2025-03-26;7;4004
17;2025-03-26;8;5127
17;2025-03-26;9;3904
17;2025-03-26;10;3019
17;2025-03-26;11;2935
17;2025-03-26;12;2901
17;2025-03-26;13;2903
17;2025-03-26;14;3179
17;2025-03-26;15;3230
17;2025-03-26;16;3575
17;2025-03-26;17;4429
17;2025-03-26;18;4889
17;2025-03-26;19;3296
17;2025-03-26;20;2294
17;2025-03-26;21;1488
17;2025-03-26;22;869
17;2025-03-26;23;388
17;2025-03-27;0;116
17;2025-03-27;1;6
17;2025-03-27;4;20
17;2025-03-27;5;306
17;2025-03-27;6;1587
17;2025-03-27;7;3803
17;2025-03-27;8;5404
17;2025-03-27;9;3890
17;2025-03-27;10;2990
17;2025-03-27;11;2882
17;2025-03-27;12;2976
17;2025-03-27;13;2969
17;2025-03-27;14;2914
17;2025-03-27;15;3101
17;2025-03-27;16;3593
17;2025-03-27;17;4329
17;2025-03-27;18;4745
17;2025-03-27;19;3277
17;2025-03-27;20;2261
17;2025-03-27;21;1479
17;2025-03-27;22;830
17;2025-03-27;23;313
17;2025-03-28;0;111
17;2025-03-28;1;16
17;2025-03-28;4;25
17;2025-03-28;5;318
17;2025-03-28;6;1546
17;2025-03-28;7;3898
17;2025-03-28;8;5194
17;2025-03-28;9;3738
17;2025-03-28;10;2978
17;2025-03-28;11;2823
17;2025-03-28;12;2842
17;2025-03-28;13;3109
17;2025-03-28;14;3305
17;2025-03-28;15;3692
17;2025-03-28;16;4286
17;2025-03-28;17;4582
17;2025-03-28;18;4660
17;2025-03-28;19;3335
17;2025-03-28;20;2283
17;2025-03-28;21;1615
17;2025-03-28;22;864
17;2025-03-28;23;433
17;2025-03-29;0;165
17;2025-03-29;1;18
17;2025-03-29;4;5
17;2025-03-29;5;132
17;2025-03-29;6;588
17;2025-03-29;7;1148
17;2025-03-29;8;1841
17;2025-03-29;9;2216
17;2025-03-29;10;2697
17;2025-03-29;11;3061
17;2025-03-29;12;3412
17;2025-03-29;13;3727
17;2025-03-29;14;3621
17;2025-03-29;15;3846
17;2025-03-29;16;3601
17;2025-03-29;17;3443
17;2025-03-29;18;3022
17;2025-03-29;19;2598
17;2025-03-29;20;2019
17;2025-03-29;21;1450
17;2025-03-29;22;779
17;2025-03-29;23;455
17;2025-03-30;0;204
17;2025-03-30;1;18
17;2025-03-30;4;7
17;2025-03-30;5;162
17;2025-03-30;6;486
17;2025-03-30;7;702
17;2025-03-30;8;1201
17;2025-03-30;9;1883
17;2025-03-30;10;2149
17;2025-03-30;11;2761
17;2025-03-30;12;3058
17;2025-03-30;13;3273
17;2025-03-30;14;3431
17;2025-03-30;15;3280
17;2025-03-30;16;3130
17;2025-03-30;17;3052
17;2025-03-30;18;2647
17;2025-03-30;19;2149
17;2025-03-30;20;1786
17;2025-03-30;21;1213
17;2025-03-30;22;830
17;2025-03-30;23;317
17;2025-03-31;0;106
17;2025-03-31;1;13
17;2025-03-31;4;25
17;2025-03-31;5;322
17;2025-03-31;6;1453
17;2025-03-31;7;3499
17;2025-03-31;8;4560
17;2025-03-31;9;3546
17;2025-03-31;10;2423
17;2025-03-31;11;2340
17;2025-03-31;12;2619
17;2025-03-31;13;2513
17;2025-03-31;14;2340
17;2025-03-31;15;3098
17;2025-03-31;16;3391
17;2025-03-31;17;4104
17;2025-03-31;18;4700
17;2025-03-31;19;3270
17;2025-03-31;20;2346
17;2025-03-31;21;1325
17;2025-03-31;22;760
17;2025-03-31;23;301
17;2025-04-01;0;90
17;2025-04-01;1;8
17;2025-04-01;4;31
17;2025-04-01;5;476
17;2025-04-01;6;1457
17;2025-04-01;7;4115
17;2025-04-01;8;5248
17;2025-04-01;9;3400
17;2025-04-01;10;2445
17;2025-04-01;11;2304
17;2025-04-01;12;2089
17;2025-04-01;13;1845
17;2025-04-01;14;1894
17;2025-04-01;15;1685
17;2025-04-01;16;2887
17;2025-04-01;17;3524
17;2025-04-01;18;3797
17;2025-04-01;19;2701
17;2025-04-01;20;1922
17;2025-04-01;21;989
17;2025-04-01;22;496
17;2025-04-01;23;311
17;2025-04-02;0;114
17;2025-04-02;1;16
17;2025-04-02;4;33
17;2025-04-02;5;318
17;2025-04-02;6;1296
17;2025-04-02;7;2943
17;2025-04-02;8;4315
17;2025-04-02;9;3065
17;2025-04-02;10;2131
17;2025-04-02;11;1614
17;2025-04-02;12;1701
17;2025-04-02;13;2229
17;2025-04-02;14;2135
17;2025-04-02;15;2255
17;2025-04-02;16;2871
17;2025-04-02;17;3519
17;2025-04-02;18;4345
17;2025-04-02;19;3083
17;2025-04-02;20;1930
17;2025-04-02;21;1230
17;2025-04-02;22;813
17;2025-04-02;23;408
17;2025-04-03;0;125
17;2025-04-03;1;15
17;2025-04-03;4;17
17;2025-04-03;5;285
17;2025-04-03;6;1421
17;2025-04-03;7;3451
17;2025-04-03;8;4969
17;2025-04-03;9;3149
17;2025-04-03;10;2063
17;2025-04-03;11;1978
17;2025-04-03;12;2445
17;2025-04-03;13;2491
17;2025-04-03;14;2227
17;2025-04-03;15;2050
17;2025-04-03;16;2795
17;2025-04-03;17;3060
17;2025-04-03;18;4163
17;2025-04-03;19;3079
17;2025-04-03;20;1915
17;2025-04-03;21;1214
17;2025-04-03;22;466
17;2025-04-03;23;202
17;2025-04-04;0;77
17;2025-04-04;1;5
17;2025-04-04;4;3
17;2025-04-04;5;360
17;2025-04-04;6;1106
17;2025-04-04;7;3440
17;2025-04-04;8;4410
17;2025-04-04;9;2839
17;2025-04-04;10;2544
17;2025-04-04;11;2483
17;2025-04-04;12;2755
17;2025-04-04;13;2671
17;2025-04-04;14;2370
17;2025-04-04;15;3028
17;2025-04-04;16;2939
17;2025-04-04;17;3507
17;2025-04-04;18;3500
17;2025-04-04;19;2502
17;2025-04-04;20;1975
17;2025-04-04;21;1187
17;2025-04-04;22;653
17;2025-04-04;23;299
17;2025-04-05;0;178
17;2025-04-05;1;40
17;2025-04-05;5;73
17;2025-04-05;6;275
17;2025-04-05;7;443
17;2025-04-05;8;562
17;2025-04-05;9;741
17;2025-04-05;10;834
17;2025-04-05;11;910
17;2025-04-05;12;1069
17;2025-04-05;13;922
17;2025-04-05;14;1142
17;2025-04-05;15;923
17;2025-04-05;16;1034
17;2025-04-05;17;943
17;2025-04-05;18;1016
17;2025-04-05;19;972
17;2025-04-05;20;749
17;2025-04-05;21;519
17;2025-04-05;22;232
17;2025-04-05;23;182
17;2025-04-06;0;69
17;2025-04-06;1;4
17;2025-04-06;5;40
17;2025-04-06;6;286
17;2025-04-06;7;344
17;2025-04-06;8;441
17;2025-04-06;9;554
17;2025-04-06;10;532
17;2025-04-06;11;777
17;2025-04-06;12;703
17;2025-04-06;13;750
17;2025-04-06;14;652
17;2025-04-06;15;765
17;2025-04-06;16;583
17;2025-04-06;17;239
17;2025-04-06;18;233
17;2025-04-06;19;222
17;2025-04-06;20;154
17;2025-04-06;21;102
17;2025-04-06;22;63
17;2025-04-06;23;49
17;2025-04-07;0;8
17;2025-04-07;1;2
17;2025-04-07;4;11
17;2025-04-07;5;304
17;2025-04-07;6;1435
17;2025-04-07;7;3256
17;2025-04-07;8;4482
17;2025-04-07;9;3817
17;2025-04-07;10;2971
17;2025-04-07;11;2948
17;2025-04-07;12;2961
17;2025-04-07;13;3065
17;2025-04-07;14;2796
17;2025-04-07;15;3011
17;2025-04-07;16;3422
17;2025-04-07;17;4559
17;2025-04-07;18;5114
17;2025-04-07;19;3408
17;2025-04-07;20;2312
17;2025-04-07;21;1360
17;2025-04-07;22;738
17;2025-04-07;23;274
17;2025-04-08;0;101
17;2025-04-08;1;4
17;2025-04-08;3;4
17;2025-04-08;4;34
17;2025-04-08;5;330
17;2025-04-08;6;1504
17;2025-04-08;7;3877
17;2025-04-08;8;5168
17;2025-04-08;9;3865
17;2025-04-08;10;3257
17;2025-04-08;11;2963
17;2025-04-08;12;2927
17;2025-04-08;13;2748
17;2025-04-08;14;2760
17;2025-04-08;15;2755
17;2025-04-08;16;3442
17;2025-04-08;17;4316
17;2025-04-08;18;4916
17;2025-04-08;19;3605
17;2025-04-08;20;2378
17;2025-04-08;21;1507
17;2025-04-08;22;773
17;2025-04-08;23;338
17;2025-04-09;0;123
17;2025-04-09;1;17
17;2025-04-09;4;23
17;2025-04-09;5;332
17;2025-04-09;6;1619
17;2025-04-09;7;3759
17;2025-04-09;8;4930
17;2025-04-09;9;4034
17;2025-04-09;10;3245
17;2025-04-09;11;2936
17;2025-04-09;12;2936
17;2025-04-09;13;3034
17;2025-04-09;14;2996
17;2025-04-09;15;3047
17;2025-04-09;16;3411
17;2025-04-09;17;4305
17;2025-04-09;18;5018
17;2025-04-09;19;3765
17;2025-04-09;20;2400
17;2025-04-09;21;1524
17;2025-04-09;22;832
17;2025-04-09;23;372
17;2025-04-10;0;118
17;2025-04-10;1;4
17;2025-04-10;4;22
17;2025-04-10;5;322
17;2025-04-10;6;1497
17;2025-04-10;7;3797
17;2025-04-10;8;5033
17;2025-04-10;9;3922
17;2025-04-10;10;3371
17;2025-04-10;11;3312
17;2025-04-10;12;3345
17;2025-04-10;13;3201
17;2025-04-10;14;3323
17;2025-04-10;15;3313
17;2025-04-10;16;3813
17;2025-04-10;17;4591
17;2025-04-10;18;5276
17;2025-04-10;19;3748
17;2025-04-10;20;2635
17;2025-04-10;21;1688
17;2025-04-10;22;982
17;2025-04-10;23;569
17;2025-04-11;0;175
17;2025-04-11;1;14
17;2025-04-11;4;22
17;2025-04-11;5;317
17;2025-04-11;6;1430
17;2025-04-11;7;3739
17;2025-04-11;8;5035
17;2025-04-11;9;3804
17;2025-04-11;10;3190
17;2025-04-11;11;3231
17;2025-04-11;12;3314
17;2025-04-11;13;3372
17;2025-04-11;14;3173
17;2025-04-11;15;3344
17;2025-04-11;16;4160
17;2025-04-11;17;4421
17;2025-04-11;18;4301
17;2025-04-11;19;3288
17;2025-04-11;20;2282
17;2025-04-11;21;1681
17;2025-04-11;22;1030
17;2025-04-11;23;454
17;2025-04-12;0;194
17;2025-04-12;1;7
17;2025-04-12;5;9
17;2025-04-12;6;52
17;2025-04-12;7;105
17;2025-04-12;8;184
17;2025-04-12;9;181
17;2025-04-12;10;194
17;2025-04-12;11;269
17;2025-04-12;12;296
17;2025-04-12;13;317
17;2025-04-12;14;411
17;2025-04-12;15;466
17;2025-04-12;16;477
17;2025-04-12;17;529
17;2025-04-12;18;439
17;2025-04-12;19;359
17;2025-04-12;20;332
17;2025-04-12;21;184
17;2025-04-12;22;129
17;2025-04-12;23;53
17;2025-04-13;0;15
17;2025-04-13;1;6
17;2025-04-13;5;9
17;2025-04-13;6;33
17;2025-04-13;7;57
17;2025-04-13;8;83
17;2025-04-13;9;117
17;2025-04-13;10;203
17;2025-04-13;11;231
17;2025-04-13;12;303
17;2025-04-13;13;377
17;2025-04-13;14;353
17;2025-04-13;15;360
17;2025-04-13;16;339
17;2025-04-13;17;387
17;2025-04-13;18;373
17;2025-04-13;19;329
17;2025-04-13;20;229
17;2025-04-13;21;132
17;2025-04-13;22;64
17;2025-04-13;23;43
17;2025-04-14;0;12
17;2025-04-14;1;2
17;2025-04-14;4;17
17;2025-04-14;5;318
17;2025-04-14;6;1427
17;2025-04-14;7;3885
17;2025-04-14;8;5176
17;2025-04-14;9;3541
17;2025-04-14;10;2919
17;2025-04-14;11;2752
17;2025-04-14;12;2954
17;2025-04-14;13;2931
17;2025-04-14;14;2927
17;2025-04-14;15;3240
17;2025-04-14;16;3476
17;2025-04-14;17;4592
17;2025-04-14;18;5137
17;2025-04-14;19;3558
17;2025-04-14;20;2482
17;2025-04-14;21;1564
17;2025-04-14;22;868
17;2025-04-14;23;338
17;2025-04-15;0;107
17;2025-04-15;1;6
17;2025-04-15;4;31
17;2025-04-15;5;296
17;2025-04-15;6;1593
17;2025-04-15;7;4090
17;2025-04-15;8;5451
17;2025-04-15;9;3981
17;2025-04-15;10;3313
17;2025-04-15;11;3027
17;2025-04-15;12;3107
17;2025-04-15;13;3260
17;2025-04-15;14;3356
17;2025-04-15;15;3439
17;2025-04-15;16;3948
17;2025-04-15;17;4648
17;2025-04-15;18;5195
17;2025-04-15;19;3639
17;2025-04-15;20;2564
17;2025-04-15;21;1566
17;2025-04-15;22;922
17;2025-04-15;23;402
17;2025-04-16;0;132
17;2025-04-16;1;10
17;2025-04-16;4;25
17;2025-04-16;5;298
17;2025-04-16;6;1536
17;2025-04-16;7;4118
17;2025-04-16;8;5382
17;2025-04-16;9;4205
17;2025-04-16;10;3325
17;2025-04-16;11;3181
17;2025-04-16;12;3187
17;2025-04-16;13;3106
17;2025-04-16;14;3188
17;2025-04-16;15;3400
17;2025-04-16;16;3664
17;2025-04-16;17;4466
17;2025-04-16;18;5129
17;2025-04-16;19;3644
17;2025-04-16;20;2646
17;2025-04-16;21;1756
17;2025-04-16;22;902
17;2025-04-16;23;422
17;2025-04-17;0;146
17;2025-04-17;1;10
17;2025-04-17;4;23
17;2025-04-17;5;339
17;2025-04-17;6;1678
17;2025-04-17;7;4008
17;2025-04-17;8;5375
17;2025-04-17;9;4017
17;2025-04-17;10;3204
17;2025-04-17;11;3196
17;2025-04-17;12;3155
17;2025-04-17;13;3198
17;2025-04-17;14;3326
17;2025-04-17;15;3393
17;2025-04-17;16;3791
17;2025-04-17;17;4598
17;2025-04-17;18;5064
17;2025-04-17;19;3551
17;2025-04-17;20;2528
17;2025-04-17;21;1622
17;2025-04-17;22;895
17;2025-04-17;23;393
17;2025-04-18;0;150
17;2025-04-18;1;6
17;2025-04-18;4;26
17;2025-04-18;5;292
17;2025-04-18;6;1384
17;2025-04-18;7;3974
17;2025-04-18;8;5144
17;2025-04-18;9;3870
17;2025-04-18;10;3487
17;2025-04-18;11;3330
17;2025-04-18;12;3206
17;2025-04-18;13;3362
17;2025-04-18;14;3511
17;2025-04-18;15;3722
17;2025-04-18;16;4279
17;2025-04-18;17;4747
17;2025-04-18;18;4516
17;2025-04-18;19;3370
17;2025-04-18;20;2580
17;2025-04-18;21;1702
17;2025-04-18;22;967
17;2025-04-18;23;479
17;2025-04-19;0;208
17;2025-04-19;1;17
17;2025-04-19;4;8
17;2025-04-19;5;117
17;2025-04-19;6;512
17;2025-04-19;7;1207
17;2025-04-19;8;1801
17;2025-04-19;9;2213
17;2025-04-19;10;2489
17;2025-04-19;11;2796
17;2025-04-19;12;2919
17;2025-04-19;13;3016
17;2025-04-19;14;3143
17;2025-04-19;15;3243
17;2025-04-19;16;3191
17;2025-04-19;17;3054
17;2025-04-19;18;2891
17;2025-04-19;19;2658
17;2025-04-19;20;2191
17;2025-04-19;21;1531
17;2025-04-19;22;960
17;2025-04-19;23;534
17;2025-04-20;0;218
17;2025-04-20;1;73
17;2025-04-20;2;26
17;2025-04-20;3;31
17;2025-04-20;4;18
17;2025-04-20;5;108
17;2025-04-20;6;373
17;2025-04-20;7;635
17;2025-04-20;8;1016
17;2025-04-20;9;1516
17;2025-04-20;10;1852
17;2025-04-20;11;2205
17;2025-04-20;12;2727
17;2025-04-20;13;2840
17;2025-04-20;14;2892
17;2025-04-20;15;2850
17;2025-04-20;16;2936
17;2025-04-20;17;2732
17;2025-04-20;18;2503
17;2025-04-20;19;2195
17;2025-04-20;20;1608
17;2025-04-20;21;1220
17;2025-04-20;22;759
17;2025-04-20;23;327
17;2025-04-21;0;126
17;2025-04-21;1;10
17;2025-04-21;4;21
17;2025-04-21;5;343
17;2025-04-21;6;1516
17;2025-04-21;7;4028
17;2025-04-21;8;5371
17;2025-04-21;9;3815
17;2025-04-21;10;2959
17;2025-04-21;11;2840
17;2025-04-21;12;2932
17;2025-04-21;13;2947
17;2025-04-21;14;2928
17;2025-04-21;15;3140
17;2025-04-21;16;3404
17;2025-04-21;17;4283
17;2025-04-21;18;4798
17;2025-04-21;19;3587
17;2025-04-21;20;2417
17;2025-04-21;21;1565
17;2025-04-21;22;803
17;2025-04-21;23;316
17;2025-04-22;0;140
17;2025-04-22;1;13
17;2025-04-22;4;26
17;2025-04-22;5;322
17;2025-04-22;6;1504
17;2025-04-22;7;3963
17;2025-04-22;8;5428
17;2025-04-22;9;3807
17;2025-04-22;10;2951
17;2025-04-22;11;2918
17;2025-04-22;12;2975
17;2025-04-22;13;3046
17;2025-04-22;14;3192
17;2025-04-22;15;3226
17;2025-04-22;16;3542
17;2025-04-22;17;4422
17;2025-04-22;18;5067
17;2025-04-22;19;3588
17;2025-04-22;20;2562
17;2025-04-22;21;1674
17;2025-04-22;22;828
17;2025-04-22;23;408
17;2025-04-23;0;122
17;2025-04-23;1;7
17;2025-04-23;4;24
17;2025-04-23;5;326
17;2025-04-23;6;1466
17;2025-04-23;7;3862
17;2025-04-23;8;5281
17;2025-04-23;9;3800
17;2025-04-23;10;3097
17;2025-04-23;11;2874
17;2025-04-23;12;2953
17;2025-04-23;13;2939
17;2025-04-23;14;3198
17;2025-04-23;15;3262
17;2025-04-23;16;3665
17;2025-04-23;17;4446
17;2025-04-23;18;5017
17;2025-04-23;19;3534
17;2025-04-23;20;2528
17;2025-04-23;21;1645
17;2025-04-23;22;916
17;2025-04-23;23;391
17;2025-04-24;0;132
17;2025-04-24;1;4
17;2025-04-24;4;27
17;2025-04-24;5;354
17;2025-04-24;6;1433
17;2025-04-24;7;3537
17;2025-04-24;8;5064
17;2025-04-24;9;3600
17;2025-04-24;10;2755
17;2025-04-24;11;2667
17;2025-04-24;12;2631
17;2025-04-24;13;2575
17;2025-04-24;14;2913
17;2025-04-24;15;2984
17;2025-04-24;16;3537
17;2025-04-24;17;4207
17;2025-04-24;18;4426
17;2025-04-24;19;3346
17;2025-04-24;20;2373
17;2025-04-24;21;1574
17;2025-04-24;22;958
17;2025-04-24;23;410
17;2025-04-25;0;153
17;2025-04-25;1;6
17;2025-04-25;4;24
17;2025-04-25;5;319
17;2025-04-25;6;1534
17;2025-04-25;7;3752
17;2025-04-25;8;5238
17;2025-04-25;9;3694
17;2025-04-25;10;2977
17;2025-04-25;11;2972
17;2025-04-25;12;3068
17;2025-04-25;13;2965
17;2025-04-25;14;3075
17;2025-04-25;15;3333
17;2025-04-25;16;3907
17;2025-04-25;17;4382
17;2025-04-25;18;4519
17;2025-04-25;19;3178
17;2025-04-25;20;2128
17;2025-04-25;21;1300
17;2025-04-25;22;813
17;2025-04-25;23;350
17;2025-04-26;0;204
17;2025-04-26;1;10
17;2025-04-26;5;3
17;2025-04-26;6;24
17;2025-04-26;7;20
17;2025-04-26;8;43
17;2025-04-26;9;31
17;2025-04-26;10;25
17;2025-04-26;11;26
17;2025-04-26;12;32
17;2025-04-26;13;24
17;2025-04-26;14;39
17;2025-04-26;15;29
17;2025-04-26;16;36
17;2025-04-26;17;25
17;2025-04-26;18;26
17;2025-04-26;19;31
17;2025-04-26;20;19
17;2025-04-26;21;14
17;2025-04-26;22;12
17;2025-04-27;6;2
17;2025-04-27;7;3
17;2025-04-27;8;7
17;2025-04-27;9;18
17;2025-04-27;10;19
17;2025-04-27;11;17
17;2025-04-27;12;21
17;2025-04-27;13;26
17;2025-04-27;14;36
17;2025-04-27;15;41
17;2025-04-27;16;25
17;2025-04-27;17;24
17;2025-04-27;18;35
17;2025-04-27;19;18
17;2025-04-27;20;9
17;2025-04-27;21;9
17;2025-04-27;22;11
17;2025-04-27;23;2
17;2025-04-28;0;2
17;2025-04-28;4;26
17;2025-04-28;5;339
17;2025-04-28;6;1446
17;2025-04-28;7;3875
17;2025-04-28;8;5176
17;2025-04-28;9;3648
17;2025-04-28;10;2794
17;2025-04-28;11;2793
17;2025-04-28;12;2989
17;2025-04-28;13;2852
17;2025-04-28;14;2905
17;2025-04-28;15;3019
17;2025-04-28;16;3572
17;2025-04-28;17;4247
17;2025-04-28;18;4656
17;2025-04-28;19;3598
17;2025-04-28;20;2208
17;2025-04-28;21;1290
17;2025-04-28;22;718
17;2025-04-28;23;307
17;2025-04-29;0;99
17;2025-04-29;1;3
17;2025-04-29;4;25
17;2025-04-29;5;320
17;2025-04-29;6;1521
17;2025-04-29;7;3844
17;2025-04-29;8;5350
17;2025-04-29;9;3804
17;2025-04-29;10;3019
17;2025-04-29;11;2766
17;2025-04-29;12;2649
17;2025-04-29;13;2749
17;2025-04-29;14;2949
17;2025-04-29;15;3142
17;2025-04-29;16;3576
17;2025-04-29;17;4359
17;2025-04-29;18;4816
17;2025-04-29;19;3572
17;2025-04-29;20;2185
17;2025-04-29;21;1508
17;2025-04-29;22;790
17;2025-04-29;23;364
17;2025-04-30;0;135
17;2025-04-30;1;5
17;2025-04-30;4;20
17;2025-04-30;5;319
17;2025-04-30;6;1445
17;2025-04-30;7;3617
17;2025-04-30;8;5008
17;2025-04-30;9;3616
17;2025-04-30;10;2765
17;2025-04-30;11;2885
17;2025-04-30;12;2920
17;2025-04-30;13;2947
17;2025-04-30;14;3298
17;2025-04-30;15;3562
17;2025-04-30;16;3951
17;2025-04-30;17;4432
17;2025-04-30;18;4039
17;2025-04-30;19;3085
17;2025-04-30;20;2328
17;2025-04-30;21;1605
17;2025-04-30;22;943
17;2025-04-30;23;436
17;2025-05-01;0;197
17;2025-05-01;1;20
17;2025-05-01;4;8
17;2025-05-01;5;109
17;2025-05-01;6;462
17;2025-05-01;7;897
17;2025-05-01;8;1213
17;2025-05-01;9;1235
17;2025-05-01;10;1131
17;2025-05-01;11;1352
17;2025-05-01;12;1642
17;2025-05-01;13;1586
17;2025-05-01;14;1612
17;2025-05-01;15;1729
17;2025-05-01;16;1768
17;2025-05-01;17;1684
17;2025-05-01;18;1622
17;2025-05-01;19;1505
17;2025-05-01;20;1259
17;2025-05-01;21;944
17;2025-05-01;22;586
17;2025-05-01;23;247
17;2025-05-02;0;105
17;2025-05-02;1;23
17;2025-05-02;4;4
17;2025-05-02;5;116
17;2025-05-02;6;440
17;2025-05-02;7;905
17;2025-05-02;8;1149
17;2025-05-02;9;1332
17;2025-05-02;10;1400
17;2025-05-02;11;1813
17;2025-05-02;12;1905
17;2025-05-02;13;2318
17;2025-05-02;14;2301
17;2025-05-02;15;2487
17;2025-05-02;16;2398
17;2025-05-02;17;2473
17;2025-05-02;18;2220
17;2025-05-02;19;1981
17;2025-05-02;20;1825
17;2025-05-02;21;1268
17;2025-05-02;22;821
17;2025-05-02;23;368
17;2025-05-03;0;137
17;2025-05-03;1;10
17;2025-05-03;4;2
17;2025-05-03;5;131
17;2025-05-03;6;413
17;2025-05-03;7;897
17;2025-05-03;8;1323
17;2025-05-03;9;1767
17;2025-05-03;10;1986
17;2025-05-03;11;2425
17;2025-05-03;12;2570
17;2025-05-03;13;2748
17;2025-05-03;14;2656
17;2025-05-03;15;2600
17;2025-05-03;16;2457
17;2025-05-03;17;2655
17;2025-05-03;18;2400
17;2025-05-03;19;2222
17;2025-05-03;20;1756
17;2025-05-03;21;1411
17;2025-05-03;22;876
17;2025-05-03;23;409
17;2025-05-04;0;173
17;2025-05-04;1;18
17;2025-05-04;5;91
17;2025-05-04;6;400
17;2025-05-04;7;713
17;2025-05-04;8;1145
17;2025-05-04;9;1616
17;2025-05-04;10;1877
17;2025-05-04;11;2450
17;2025-05-04;12;2748
17;2025-05-04;13;2947
17;2025-05-04;14;3038
17;2025-05-04;15;2957
17;2025-05-04;16;2508
17;2025-05-04;17;2028
17;2025-05-04;18;1911
17;2025-05-04;19;1741
17;2025-05-04;20;1398
17;2025-05-04;21;953
17;2025-05-04;22;635
17;2025-05-04;23;254
17;2025-05-05;0;99
17;2025-05-05;1;12
17;2025-05-05;4;22
17;2025-05-05;5;293
17;2025-05-05;6;1342
17;2025-05-05;7;3711
17;2025-05-05;8;5103
17;2025-05-05;9;3491
17;2025-05-05;10;2672
17;2025-05-05;11;2985
17;2025-05-05;12;2841
17;2025-05-05;13;2802
17;2025-05-05;14;2829
17;2025-05-05;15;2871
17;2025-05-05;16;3388
17;2025-05-05;17;4233
17;2025-05-05;18;4947
17;2025-05-05;19;3522
17;2025-05-05;20;2565
17;2025-05-05;21;1439
17;2025-05-05;22;763
17;2025-05-05;23;322
17;2025-05-06;0;117
17;2025-05-06;1;9
17;2025-05-06;4;28
17;2025-05-06;5;294
17;2025-05-06;6;1449
17;2025-05-06;7;3831
17;2025-05-06;8;4892
17;2025-05-06;9;3462
17;2025-05-06;10;2906
17;2025-05-06;11;2830
17;2025-05-06;12;2937
17;2025-05-06;13;2982
17;2025-05-06;14;3161
17;2025-05-06;15;3213
17;2025-05-06;16;3708
17;2025-05-06;17;4190
17;2025-05-06;18;4635
17;2025-05-06;19;3545
17;2025-05-06;20;2523
17;2025-05-06;21;1636
17;2025-05-06;22;899
17;2025-05-06;23;355
17;2025-05-07;0;141
17;2025-05-07;1;3
17;2025-05-07;4;28
17;2025-05-07;5;308
17;2025-05-07;6;1422
17;2025-05-07;7;3648
17;2025-05-07;8;4964
17;2025-05-07;9;3658
17;2025-05-07;10;2957
17;2025-05-07;11;2962
17;2025-05-07;12;3021
17;2025-05-07;13;3038
17;2025-05-07;14;3299
17;2025-05-07;15;3584
17;2025-05-07;16;3564
17;2025-05-07;17;4046
17;2025-05-07;18;4157
17;2025-05-07;19;3323
17;2025-05-07;20;2388
17;2025-05-07;21;1595
17;2025-05-07;22;993
17;2025-05-07;23;472
17;2025-05-08;0;167
17;2025-05-08;1;12
17;2025-05-08;4;6
17;2025-05-08;5;125
17;2025-05-08;6;529
17;2025-05-08;7;1063
17;2025-05-08;8;1408
17;2025-05-08;9;1818
17;2025-05-08;10;1912
17;2025-05-08;11;2148
17;2025-05-08;12;2524
17;2025-05-08;13;2615
17;2025-05-08;14;2712
17;2025-05-08;15;2717
17;2025-05-08;16;2791
17;2025-05-08;17;2864
17;2025-05-08;18;2769
17;2025-05-08;19;2667
17;2025-05-08;20;1934
17;2025-05-08;21;1458
17;2025-05-08;22;889
17;2025-05-08;23;328
17;2025-05-09;0;148
17;2025-05-09;1;19
17;2025-05-09;4;5
17;2025-05-09;5;116
17;2025-05-09;6;353
17;2025-05-09;7;705
17;2025-05-09;8;1021
17;2025-05-09;9;1420
17;2025-05-09;10;963
17;2025-05-09;11;1271
17;2025-05-09;12;1958
17;2025-05-09;13;2227
17;2025-05-09;14;2390
17;2025-05-09;15;2519
17;2025-05-09;16;2509
17;2025-05-09;17;2553
17;2025-05-09;18;2292
17;2025-05-09;19;2241
17;2025-05-09;20;2036
17;2025-05-09;21;1827
17;2025-05-09;22;1196
17;2025-05-09;23;589
17;2025-05-10;0;203
17;2025-05-10;1;25
17;2025-05-10;4;2
17;2025-05-10;5;120
17;2025-05-10;6;418
17;2025-05-10;7;842
17;2025-05-10;8;1200
17;2025-05-10;9;1518
17;2025-05-10;10;1739
17;2025-05-10;11;2085
17;2025-05-10;12;2452
17;2025-05-10;13;2597
17;2025-05-10;14;2630
17;2025-05-10;15;2824
17;2025-05-10;16;2668
17;2025-05-10;17;2572
17;2025-05-10;18;2405
17;2025-05-10;19;2133
17;2025-05-10;20;1693
17;2025-05-10;21;1239
17;2025-05-10;22;767
17;2025-05-10;23;386
17;2025-05-11;0;148
17;2025-05-11;1;11
17;2025-05-11;4;3
17;2025-05-11;5;91
17;2025-05-11;6;385
17;2025-05-11;7;738
17;2025-05-11;8;1075
17;2025-05-11;9;1431
17;2025-05-11;10;1441
17;2025-05-11;11;1834
17;2025-05-11;12;2101
17;2025-05-11;13;2329
17;2025-05-11;14;2284
17;2025-05-11;15;2199
17;2025-05-11;16;2455
17;2025-05-11;17;2164
17;2025-05-11;18;2126
17;2025-05-11;19;1624
17;2025-05-11;20;1431
17;2025-05-11;21;1040
17;2025-05-11;22;688
17;2025-05-11;23;287
17;2025-05-12;0;83
17;2025-05-12;1;8
17;2025-05-12;4;24
17;2025-05-12;5;276
17;2025-05-12;6;1505
17;2025-05-12;7;4001
17;2025-05-12;8;5220
17;2025-05-12;9;3563
17;2025-05-12;10;2708
17;2025-05-12;11;2622
17;2025-05-12;12;2584
17;2025-05-12;13;2758
17;2025-05-12;14;2780
17;2025-05-12;15;2994
17;2025-05-12;16;3329
17;2025-05-12;17;4266
17;2025-05-12;18;4991
17;2025-05-12;19;3419
17;2025-05-12;20;2311
17;2025-05-12;21;1323
17;2025-05-12;22;751
17;2025-05-12;23;325
17;2025-05-13;0;109
17;2025-05-13;1;6
17;2025-05-13;4;35
17;2025-05-13;5;285
17;2025-05-13;6;1453
17;2025-05-13;7;3901
17;2025-05-13;8;5217
17;2025-05-13;9;3727
17;2025-05-13;10;2772
17;2025-05-13;11;2645
17;2025-05-13;12;2798
17;2025-05-13;13;2667
17;2025-05-13;14;2735
17;2025-05-13;15;2942
17;2025-05-13;16;3291
17;2025-05-13;17;4341
17;2025-05-13;18;5100
17;2025-05-13;19;3491
17;2025-05-13;20;2390
17;2025-05-13;21;1286
17;2025-05-13;22;803
17;2025-05-13;23;359
17;2025-05-14;0;147
17;2025-05-14;1;11
17;2025-05-14;4;25
17;2025-05-14;5;315
17;2025-05-14;6;1338
17;2025-05-14;7;3868
17;2025-05-14;8;4938
17;2025-05-14;9;3564
17;2025-05-14;10;2789
17;2025-05-14;11;2673
17;2025-05-14;12;2838
17;2025-05-14;13;2667
17;2025-05-14;14;3039
17;2025-05-14;15;3125
17;2025-05-14;16;3457
17;2025-05-14;17;4302
17;2025-05-14;18;5119
17;2025-05-14;19;3401
17;2025-05-14;20;2445
17;2025-05-14;21;1752
17;2025-05-14;22;955
17;2025-05-14;23;402
17;2025-05-15;0;176
17;2025-05-15;1;12
17;2025-05-15;4;30
17;2025-05-15;5;340
17;2025-05-15;6;1526
17;2025-05-15;7;3879
17;2025-05-15;8;5240
17;2025-05-15;9;3710
17;2025-05-15;10;2970
17;2025-05-15;11;2863
17;2025-05-15;12;2865
17;2025-05-15;13;2935
17;2025-05-15;14;3014
17;2025-05-15;15;3034
17;2025-05-15;16;3454
17;2025-05-15;17;4298
17;2025-05-15;18;4997
17;2025-05-15;19;3561
17;2025-05-15;20;2467
17;2025-05-15;21;1662
17;2025-05-15;22;973
17;2025-05-15;23;450
17;2025-05-16;0;137
17;2025-05-16;1;16
17;2025-05-16;4;27
17;2025-05-16;5;323
17;2025-05-16;6;1538
17;2025-05-16;7;3922
17;2025-05-16;8;5115
17;2025-05-16;9;3711
17;2025-05-16;10;2921
17;2025-05-16;11;2831
17;2025-05-16;12;3055
17;2025-05-16;13;3108
17;2025-05-16;14;3240
17;2025-05-16;15;3504
17;2025-05-16;16;4008
17;2025-05-16;17;4610
17;2025-05-16;18;4562
17;2025-05-16;19;3380
17;2025-05-16;20;2556
17;2025-05-16;21;1691
17;2025-05-16;22;1141
17;2025-05-16;23;508
17;2025-05-17;0;238
17;2025-05-17;1;5
17;2025-05-17;4;7
17;2025-05-17;5;143
17;2025-05-17;6;642
17;2025-05-17;7;1208
17;2025-05-17;8;1850
17;2025-05-17;9;2305
17;2025-05-17;10;2540
17;2025-05-17;11;2784
17;2025-05-17;12;3175
17;2025-05-17;13;3425
17;2025-05-17;14;3558
17;2025-05-17;15;3212
17;2025-05-17;16;3310
17;2025-05-17;17;3364
17;2025-05-17;18;3238
17;2025-05-17;19;2866
17;2025-05-17;20;2424
17;2025-05-17;21;1820
17;2025-05-17;22;1206
17;2025-05-17;23;645
17;2025-05-18;0;257
17;2025-05-18;1;43
17;2025-05-18;4;4
17;2025-05-18;5;102
17;2025-05-18;6;389
17;2025-05-18;7;751
17;2025-05-18;8;1163
17;2025-05-18;9;1604
17;2025-05-18;10;1871
17;2025-05-18;11;2134
17;2025-05-18;12;2633
17;2025-05-18;13;2875
17;2025-05-18;14;2733
17;2025-05-18;15;2658
17;2025-05-18;16;2696
17;2025-05-18;17;2494
17;2025-05-18;18;2286
17;2025-05-18;19;1944
17;2025-05-18;20;1487
17;2025-05-18;21;1081
17;2025-05-18;22;779
17;2025-05-18;23;289
17;2025-05-19;0;94
17;2025-05-19;1;15
17;2025-05-19;4;27
17;2025-05-19;5;296
17;2025-05-19;6;1430
17;2025-05-19;7;3880
17;2025-05-19;8;5321
17;2025-05-19;9;3647
17;2025-05-19;10;2697
17;2025-05-19;11;2594
17;2025-05-19;12;2653
17;2025-05-19;13;2811
17;2025-05-19;14;2908
17;2025-05-19;15;3081
17;2025-05-19;16;3528
17;2025-05-19;17;4581
17;2025-05-19;18;5256
17;2025-05-19;19;3754
17;2025-05-19;20;2396
17;2025-05-19;21;1549
17;2025-05-19;22;873
17;2025-05-19;23;383
17;2025-05-20;0;148
17;2025-05-20;1;11
17;2025-05-20;4;34
17;2025-05-20;5;307
17;2025-05-20;6;1481
17;2025-05-20;7;3834
17;2025-05-20;8;5275
17;2025-05-20;9;3808
17;2025-05-20;10;2928
17;2025-05-20;11;2699
17;2025-05-20;12;2747
17;2025-05-20;13;2967
17;2025-05-20;14;3064
17;2025-05-20;15;3085
17;2025-05-20;16;3552
17;2025-05-20;17;4649
17;2025-05-20;18;5176
17;2025-05-20;19;4068
17;2025-05-20;20;2925
17;2025-05-20;21;1997
17;2025-05-20;22;1076
17;2025-05-20;23;451
17;2025-05-21;0;178
17;2025-05-21;1;11
17;2025-05-21;4;26
17;2025-05-21;5;341
17;2025-05-21;6;1532
17;2025-05-21;7;4002
17;2025-05-21;8;5773
17;2025-05-21;9;3978
17;2025-05-21;10;3114
17;2025-05-21;11;2971
17;2025-05-21;12;2773
17;2025-05-21;13;3026
17;2025-05-21;14;2997
17;2025-05-21;15;3248
17;2025-05-21;16;3257
17;2025-05-21;17;4331
17;2025-05-21;18;5075
17;2025-05-21;19;3972
17;2025-05-21;20;2691
17;2025-05-21;21;1774
17;2025-05-21;22;998
17;2025-05-21;23;407
17;2025-05-22;0;151
17;2025-05-22;1;5
17;2025-05-22;4;28
17;2025-05-22;5;327
17;2025-05-22;6;1506
17;2025-05-22;7;3982
17;2025-05-22;8;5238
17;2025-05-22;9;3758
17;2025-05-22;10;3181
17;2025-05-22;11;2918
17;2025-05-22;12;2986
17;2025-05-22;13;3300
17;2025-05-22;14;3194
17;2025-05-22;15;3244
17;2025-05-22;16;3642
17;2025-05-22;17;4531
17;2025-05-22;18;5407
17;2025-05-22;19;3598
17;2025-05-22;20;2746
17;2025-05-22;21;1861
17;2025-05-22;22;1048
17;2025-05-22;23;477
17;2025-05-23;0;168
17;2025-05-23;1;11
17;2025-05-23;4;24
17;2025-05-23;5;285
17;2025-05-23;6;1499
17;2025-05-23;7;3793
17;2025-05-23;8;5108
17;2025-05-23;9;3588
17;2025-05-23;10;2970
17;2025-05-23;11;2844
17;2025-05-23;12;3138
17;2025-05-23;13;3182
17;2025-05-23;14;3418
17;2025-05-23;15;3624
17;2025-05-23;16;4102
17;2025-05-23;17;4473
17;2025-05-23;18;4510
17;2025-05-23;19;3394
17;2025-05-23;20;2675
17;2025-05-23;21;1931
17;2025-05-23;22;1243
17;2025-05-23;23;623
17;2025-05-24;0;247
17;2025-05-24;1;29
17;2025-05-24;4;8
17;2025-05-24;5;136
17;2025-05-24;6;549
17;2025-05-24;7;1206
17;2025-05-24;8;1699
17;2025-05-24;9;1998
17;2025-05-24;10;2330
17;2025-05-24;11;2612
17;2025-05-24;12;2771
17;2025-05-24;13;2781
17;2025-05-24;14;2881
17;2025-05-24;15;3015
17;2025-05-24;16;3108
17;2025-05-24;17;2898
17;2025-05-24;18;2935
17;2025-05-24;19;2597
17;2025-05-24;20;2295
17;2025-05-24;21;1737
17;2025-05-24;22;1155
17;2025-05-24;23;547
17;2025-05-25;0;237
17;2025-05-25;1;26
17;2025-05-25;4;3
17;2025-05-25;5;117
17;2025-05-25;6;387
17;2025-05-25;7;694
17;2025-05-25;8;1156
17;2025-05-25;9;1616
17;2025-05-25;10;1886
17;2025-05-25;11;2115
17;2025-05-25;12;2365
17;2025-05-25;13;2630
17;2025-05-25;14;2391
17;2025-05-25;15;2421
17;2025-05-25;16;2454
17;2025-05-25;17;2604
17;2025-05-25;18;2424
17;2025-05-25;19;2043
17;2025-05-25;20;1944
17;2025-05-25;21;1391
17;2025-05-25;22;937
17;2025-05-25;23;404
17;2025-05-26;0;120
17;2025-05-26;1;24
17;2025-05-26;4;29
17;2025-05-26;5;345
17;2025-05-26;6;1484
17;2025-05-26;7;3629
17;2025-05-26;8;4893
17;2025-05-26;9;3762
17;2025-05-26;10;2866
17;2025-05-26;11;2833
17;2025-05-26;12;2890
17;2025-05-26;13;2902
17;2025-05-26;14;2938
17;2025-05-26;15;2960
17;2025-05-26;16;3597
17;2025-05-26;17;4410
17;2025-05-26;18;5107
17;2025-05-26;19;3679
17;2025-05-26;20;2658
17;2025-05-26;21;1687
17;2025-05-26;22;996
17;2025-05-26;23;381
17;2025-05-27;0;153
17;2025-05-27;1;10
17;2025-05-27;4;28
17;2025-05-27;5;322
17;2025-05-27;6;1585
17;2025-05-27;7;3893
17;2025-05-27;8;5422
17;2025-05-27;9;3935
17;2025-05-27;10;3015
17;2025-05-27;11;3008
17;2025-05-27;12;3096
17;2025-05-27;13;3116
17;2025-05-27;14;2993
17;2025-05-27;15;3114
17;2025-05-27;16;3462
17;2025-05-27;17;4631
17;2025-05-27;18;5304
17;2025-05-27;19;3896
17;2025-05-27;20;2738
17;2025-05-27;21;1848
17;2025-05-27;22;1041
17;2025-05-27;23;457
17;2025-05-28;0;170
17;2025-05-28;1;7
17;2025-05-28;4;34
17;2025-05-28;5;341
17;2025-05-28;6;1518
17;2025-05-28;7;3803
17;2025-05-28;8;5245
17;2025-05-28;9;3846
17;2025-05-28;10;3027
17;2025-05-28;11;2968
17;2025-05-28;12;2861
17;2025-05-28;13;3065
17;2025-05-28;14;2971
17;2025-05-28;15;3093
17;2025-05-28;16;3614
17;2025-05-28;17;4476
17;2025-05-28;18;5292
17;2025-05-28;19;4060
17;2025-05-28;20;2782
17;2025-05-28;21;1957
17;2025-05-28;22;1190
17;2025-05-28;23;535
17;2025-05-29;0;228
17;2025-05-29;1;14
17;2025-05-29;4;31
17;2025-05-29;5;326
17;2025-05-29;6;1486
17;2025-05-29;7;3632
17;2025-05-29;8;4963
17;2025-05-29;9;3754
17;2025-05-29;10;2996
17;2025-05-29;11;2891
17;2025-05-29;12;2766
17;2025-05-29;13;2952
17;2025-05-29;14;2856
17;2025-05-29;15;3105
17;2025-05-29;16;3686
17;2025-05-29;17;4461
17;2025-05-29;18;5186
17;2025-05-29;19;3861
17;2025-05-29;20;2841
17;2025-05-29;21;1950
17;2025-05-29;22;1132
17;2025-05-29;23;473
17;2025-05-30;0;206
17;2025-05-30;1;16
17;2025-05-30;4;32
17;2025-05-30;5;328
17;2025-05-30;6;1470
17;2025-05-30;7;3706
17;2025-05-30;8;4998
17;2025-05-30;9;3660
17;2025-05-30;10;2820
17;2025-05-30;11;2793
17;2025-05-30;12;2921
17;2025-05-30;13;2830
17;2025-05-30;14;3041
17;2025-05-30;15;3239
17;2025-05-30;16;3880
17;2025-05-30;17;4459
17;2025-05-30;18;4306
17;2025-05-30;19;3348
17;2025-05-30;20;2408
17;2025-05-30;21;1659
17;2025-05-30;22;1106
17;2025-05-30;23;560
17;2025-05-31;0;268
17;2025-05-31;1;12
17;2025-05-31;4;7
17;2025-05-31;5;139
17;2025-05-31;6;483
17;2025-05-31;7;1104
17;2025-05-31;8;1668
17;2025-05-31;9;1997
17;2025-05-31;10;2093
17;2025-05-31;11;2447
17;2025-05-31;12;2574
17;2025-05-31;13;2846
17;2025-05-31;14;2840
17;2025-05-31;15;2951
17;2025-05-31;16;2563
17;2025-05-31;17;2694
17;2025-05-31;18;2576
17;2025-05-31;19;2457
17;2025-05-31;20;1913
17;2025-05-31;21;1537
17;2025-05-31;22;921
17;2025-05-31;23;516
17;2025-06-01;0;217
17;2025-06-01;1;44
17;2025-06-01;4;5
17;2025-06-01;5;98
17;2025-06-01;6;392
17;2025-06-01;7;758
17;2025-06-01;8;1164
17;2025-06-01;9;1731
17;2025-06-01;10;1867
17;2025-06-01;11;2274
17;2025-06-01;12;2594
17;2025-06-01;13;2517
17;2025-06-01;14;2500
17;2025-06-01;15;2744
17;2025-06-01;16;2636
17;2025-06-01;17;2736
17;2025-06-01;18;2739
17;2025-06-01;19;2357
17;2025-06-01;20;2092
17;2025-06-01;21;1558
17;2025-06-01;22;1115
17;2025-06-01;23;395
17;2025-06-02;0;159
17;2025-06-02;1;23
17;2025-06-02;4;19
17;2025-06-02;5;305
17;2025-06-02;6;1411
17;2025-06-02;7;3646
17;2025-06-02;8;5077
17;2025-06-02;9;3695
17;2025-06-02;10;2908
17;2025-06-02;11;2792
17;2025-06-02;12;2748
17;2025-06-02;13;2941
17;2025-06-02;14;3057
17;2025-06-02;15;2854
17;2025-06-02;16;3201
17;2025-06-02;17;4020
17;2025-06-02;18;4993
17;2025-06-02;19;3629
17;2025-06-02;20;2484
17;2025-06-02;21;1690
17;2025-06-02;22;1018
17;2025-06-02;23;387
17;2025-06-03;0;150
17;2025-06-03;1;12
17;2025-06-03;4;21
17;2025-06-03;5;318
17;2025-06-03;6;1458
17;2025-06-03;7;3839
17;2025-06-03;8;5233
17;2025-06-03;9;3888
17;2025-06-03;10;2906
17;2025-06-03;11;2859
17;2025-06-03;12;2889
17;2025-06-03;13;3171
17;2025-06-03;14;3045
17;2025-06-03;15;3060
17;2025-06-03;16;3556
17;2025-06-03;17;4394
17;2025-06-03;18;5153
17;2025-06-03;19;3857
17;2025-06-03;20;2473
17;2025-06-03;21;1791
17;2025-06-03;22;1120
17;2025-06-03;23;437
17;2025-06-04;0;179
17;2025-06-04;1;13
17;2025-06-04;4;30
17;2025-06-04;5;307
17;2025-06-04;6;1393
17;2025-06-04;7;3553
17;2025-06-04;8;5064
17;2025-06-04;9;3766
17;2025-06-04;10;2971
17;2025-06-04;11;2796
17;2025-06-04;12;2927
17;2025-06-04;13;2944
17;2025-06-04;14;2941
17;2025-06-04;15;2822
17;2025-06-04;16;3121
17;2025-06-04;17;3941
17;2025-06-04;18;4766
17;2025-06-04;19;3528
17;2025-06-04;20;2502
17;2025-06-04;21;1699
17;2025-06-04;22;1131
17;2025-06-04;23;518
17;2025-06-05;0;154
17;2025-06-05;1;8
17;2025-06-05;4;27
17;2025-06-05;5;335
17;2025-06-05;6;1421
17;2025-06-05;7;3630
17;2025-06-05;8;5066
17;2025-06-05;9;3829
17;2025-06-05;10;3083
17;2025-06-05;11;2907
17;2025-06-05;12;3128
17;2025-06-05;13;3196
17;2025-06-05;14;2948
17;2025-06-05;15;3064
17;2025-06-05;16;3648
17;2025-06-05;17;4478
17;2025-06-05;18;5513
17;2025-06-05;19;3942
17;2025-06-05;20;2850
17;2025-06-05;21;1954
17;2025-06-05;22;1230
17;2025-06-05;23;569
17;2025-06-06;0;211
17;2025-06-06;1;17
17;2025-06-06;4;30
17;2025-06-06;5;428
17;2025-06-06;6;1326
17;2025-06-06;7;3276
17;2025-06-06;8;4729
17;2025-06-06;9;3818
17;2025-06-06;10;2991
17;2025-06-06;11;3014
17;2025-06-06;12;3027
17;2025-06-06;13;3186
17;2025-06-06;14;3187
17;2025-06-06;15;3181
17;2025-06-06;16;3808
17;2025-06-06;17;4238
17;2025-06-06;18;4174
17;2025-06-06;19;3161
17;2025-06-06;20;2324
17;2025-06-06;21;1801
17;2025-06-06;22;1260
17;2025-06-06;23;640
17;2025-06-07;0;256
17;2025-06-07;1;21
17;2025-06-07;4;6
17;2025-06-07;5;120
17;2025-06-07;6;577
17;2025-06-07;7;1098
17;2025-06-07;8;1672
17;2025-06-07;9;1995
17;2025-06-07;10;2195
17;2025-06-07;11;2328
17;2025-06-07;12;2525
17;2025-06-07;13;2745
17;2025-06-07;14;2826
17;2025-06-07;15;2756
17;2025-06-07;16;2792
17;2025-06-07;17;2884
17;2025-06-07;18;2605
17;2025-06-07;19;2522
17;2025-06-07;20;2152
17;2025-06-07;21;1490
17;2025-06-07;22;1098
17;2025-06-07;23;692
17;2025-06-08;0;242
17;2025-06-08;1;27
17;2025-06-08;4;4
17;2025-06-08;5;115
17;2025-06-08;6;451
17;2025-06-08;7;811
17;2025-06-08;8;1297
17;2025-06-08;9;1649
17;2025-06-08;10;1781
17;2025-06-08;11;2022
17;2025-06-08;12;2243
17;2025-06-08;13;2270
17;2025-06-08;14;2114
17;2025-06-08;15;2307
17;2025-06-08;16;2342
17;2025-06-08;17;2396
17;2025-06-08;18;1953
17;2025-06-08;19;1737
17;2025-06-08;20;1450
17;2025-06-08;21;1171
17;2025-06-08;22;868
17;2025-06-08;23;412
17;2025-06-09;0;149
17;2025-06-09;1;14
17;2025-06-09;4;24
17;2025-06-09;5;320
17;2025-06-09;6;1567
17;2025-06-09;7;3770
17;2025-06-09;8;5180
17;2025-06-09;9;3688
17;2025-06-09;10;2781
17;2025-06-09;11;2720
17;2025-06-09;12;2868
17;2025-06-09;13;2776
17;2025-06-09;14;2707
17;2025-06-09;15;2749
17;2025-06-09;16;3116
17;2025-06-09;17;4112
17;2025-06-09;18;4653
17;2025-06-09;19;3294
17;2025-06-09;20;2377
17;2025-06-09;21;1676
17;2025-06-09;22;953
17;2025-06-09;23;473
17;2025-06-10;0;157
17;2025-06-10;1;19
17;2025-06-10;4;17
17;2025-06-10;5;315
17;2025-06-10;6;1341
17;2025-06-10;7;3443
17;2025-06-10;8;4766
17;2025-06-10;9;3597
17;2025-06-10;10;2758
17;2025-06-10;11;2602
17;2025-06-10;12;2769
17;2025-06-10;13;2895
17;2025-06-10;14;2822
17;2025-06-10;15;2858
17;2025-06-10;16;3269
17;2025-06-10;17;4088
17;2025-06-10;18;4849
17;2025-06-10;19;3655
17;2025-06-10;20;2598
17;2025-06-10;21;1653
17;2025-06-10;22;1083
17;2025-06-10;23;479
17;2025-06-11;0;192
17;2025-06-11;1;19
17;2025-06-11;4;22
17;2025-06-11;5;334
17;2025-06-11;6;1444
17;2025-06-11;7;3615
17;2025-06-11;8;4625
17;2025-06-11;9;3540
17;2025-06-11;10;2949
17;2025-06-11;11;2863
17;2025-06-11;12;2988
17;2025-06-11;13;3102
17;2025-06-11;14;3286
17;2025-06-11;15;3280
17;2025-06-11;16;3815
17;2025-06-11;17;4421
17;2025-06-11;18;4067
17;2025-06-11;19;3144
17;2025-06-11;20;2507
17;2025-06-11;21;1747
17;2025-06-11;22;1068
17;2025-06-11;23;576
17;2025-06-12;0;220
17;2025-06-12;1;23
17;2025-06-12;4;7
17;2025-06-12;5;144
17;2025-06-12;6;497
17;2025-06-12;7;1079
17;2025-06-12;8;1481
17;2025-06-12;9;1674
17;2025-06-12;10;1853
17;2025-06-12;11;2208
17;2025-06-12;12;2458
17;2025-06-12;13;2809
17;2025-06-12;14;2856
17;2025-06-12;15;2951
17;2025-06-12;16;2941
17;2025-06-12;17;2875
17;2025-06-12;18;2895
17;2025-06-12;19;2324
17;2025-06-12;20;2119
17;2025-06-12;21;1711
17;2025-06-12;22;1083
17;2025-06-12;23;552
17;2025-06-13;0;205
17;2025-06-13;1;21
17;2025-06-13;4;5
17;2025-06-13;5;119
17;2025-06-13;6;508
17;2025-06-13;7;1063
17;2025-06-13;8;1465
17;2025-06-13;9;1799
17;2025-06-13;10;1948
17;2025-06-13;11;2195
17;2025-06-13;12;2235
17;2025-06-13;13;2356
17;2025-06-13;14;2485
17;2025-06-13;15;2379
17;2025-06-13;16;2366
17;2025-06-13;17;2163
17;2025-06-13;18;2258
17;2025-06-13;19;1972
17;2025-06-13;20;1603
17;2025-06-13;21;1226
17;2025-06-13;22;780
17;2025-06-13;23;361
17;2025-06-14;0;136
17;2025-06-14;1;20
17;2025-06-14;4;5
17;2025-06-14;5;90
17;2025-06-14;6;458
17;2025-06-14;7;981
17;2025-06-14;8;1337
17;2025-06-14;9;1573
17;2025-06-14;10;1641
17;2025-06-14;11;1399
17;2025-06-14;12;1658
17;2025-06-14;13;1880
17;2025-06-14;14;2088
17;2025-06-14;15;2303
17;2025-06-14;16;2366
17;2025-06-14;17;2266
17;2025-06-14;18;2337
17;2025-06-14;19;2052
17;2025-06-14;20;1858
17;2025-06-14;21;1453
17;2025-06-14;22;838
17;2025-06-14;23;394
17;2025-06-15;0;175
17;2025-06-15;1;19
17;2025-06-15;4;3
17;2025-06-15;5;92
17;2025-06-15;6;367
17;2025-06-15;7;756
17;2025-06-15;8;1123
17;2025-06-15;9;1306
17;2025-06-15;10;1402
17;2025-06-15;11;1738
17;2025-06-15;12;2017
17;2025-06-15;13;2247
17;2025-06-15;14;2292
17;2025-06-15;15;2379
17;2025-06-15;16;2482
17;2025-06-15;17;2532
17;2025-06-15;18;2258
17;2025-06-15;19;2114
17;2025-06-15;20;1675
17;2025-06-15;21;1328
17;2025-06-15;22;850
17;2025-06-15;23;427
17;2025-06-16;0;117
17;2025-06-16;1;14
17;2025-06-16;4;20
17;2025-06-16;5;296
17;2025-06-16;6;1429
17;2025-06-16;7;3637
17;2025-06-16;8;4629
17;2025-06-16;9;3673
17;2025-06-16;10;2931
17;2025-06-16;11;2872
17;2025-06-16;12;2961
17;2025-06-16;13;3093
17;2025-06-16;14;3029
17;2025-06-16;15;3098
17;2025-06-16;16;3073
17;2025-06-16;17;3859
17;2025-06-16;18;4789
17;2025-06-16;19;3267
17;2025-06-16;20;2575
17;2025-06-16;21;1607
17;2025-06-16;22;919
17;2025-06-16;23;407
17;2025-06-17;0;169
17;2025-06-17;1;6
17;2025-06-17;4;17
17;2025-06-17;5;293
17;2025-06-17;6;1418
17;2025-06-17;7;3657
17;2025-06-17;8;4823
17;2025-06-17;9;3836
17;2025-06-17;10;2909
17;2025-06-17;11;2928
17;2025-06-17;12;2931
17;2025-06-17;13;2934
17;2025-06-17;14;2912
17;2025-06-17;15;3073
17;2025-06-17;16;3143
17;2025-06-17;17;3908
17;2025-06-17;18;4295
17;2025-06-17;19;3282
17;2025-06-17;20;2390
17;2025-06-17;21;1488
17;2025-06-17;22;1012
17;2025-06-17;23;428
17;2025-06-18;0;163
17;2025-06-18;1;17
17;2025-06-18;4;27
17;2025-06-18;5;279
17;2025-06-18;6;1436
17;2025-06-18;7;3685
17;2025-06-18;8;4791
17;2025-06-18;9;3569
17;2025-06-18;10;2770
17;2025-06-18;11;2664
17;2025-06-18;12;2444
17;2025-06-18;13;2780
17;2025-06-18;14;2584
17;2025-06-18;15;2796
17;2025-06-18;16;3130
17;2025-06-18;17;4006
17;2025-06-18;18;4647
17;2025-06-18;19;3297
17;2025-06-18;20;2298
17;2025-06-18;21;1600
17;2025-06-18;22;1068
17;2025-06-18;23;480
17;2025-06-19;0;166
17;2025-06-19;1;15
17;2025-06-19;4;17
17;2025-06-19;5;283
17;2025-06-19;6;1373
17;2025-06-19;7;3506
17;2025-06-19;8;4751
17;2025-06-19;9;3731
17;2025-06-19;10;2631
17;2025-06-19;11;2654
17;2025-06-19;12;2639
17;2025-06-19;13;2874
17;2025-06-19;14;2645
17;2025-06-19;15;2668
17;2025-06-19;16;3172
17;2025-06-19;17;3835
17;2025-06-19;18;4515
17;2025-06-19;19;3263
17;2025-06-19;20;2386
17;2025-06-19;21;1646
17;2025-06-19;22;1009
17;2025-06-19;23;481
17;2025-06-20;0;137
17;2025-06-20;1;12
17;2025-06-20;4;22
17;2025-06-20;5;285
17;2025-06-20;6;1385
17;2025-06-20;7;3510
17;2025-06-20;8;4602
17;2025-06-20;9;3576
17;2025-06-20;10;2487
17;2025-06-20;11;2345
17;2025-06-20;12;2521
17;2025-06-20;13;2534
17;2025-06-20;14;2677
17;2025-06-20;15;3180
17;2025-06-20;16;3626
17;2025-06-20;17;4126
17;2025-06-20;18;3970
17;2025-06-20;19;3021
17;2025-06-20;20;2217
17;2025-06-20;21;1595
17;2025-06-20;22;1068
17;2025-06-20;23;544
17;2025-06-21;0;209
17;2025-06-21;1;24
17;2025-06-21;4;3
17;2025-06-21;5;118
17;2025-06-21;6;504
17;2025-06-21;7;1142
17;2025-06-21;8;1621
17;2025-06-21;9;1843
17;2025-06-21;10;2152
17;2025-06-21;11;2415
17;2025-06-21;12;2568
17;2025-06-21;13;2735
17;2025-06-21;14;2816
17;2025-06-21;15;2954
17;2025-06-21;16;2932
17;2025-06-21;17;2764
17;2025-06-21;18;2679
17;2025-06-21;19;2483
17;2025-06-21;20;2072
17;2025-06-21;21;1603
17;2025-06-21;22;1073
17;2025-06-21;23;697
17;2025-06-22;0;259
17;2025-06-22;1;53
17;2025-06-22;4;2
17;2025-06-22;5;95
17;2025-06-22;6;400
17;2025-06-22;7;740
17;2025-06-22;8;1154
17;2025-06-22;9;1547
17;2025-06-22;10;1560
17;2025-06-22;11;1875
17;2025-06-22;12;2206
17;2025-06-22;13;2249
17;2025-06-22;14;2318
17;2025-06-22;15;2182
17;2025-06-22;16;2280
17;2025-06-22;17;2293
17;2025-06-22;18;2246
17;2025-06-22;19;2008
17;2025-06-22;20;1725
17;2025-06-22;21;1367
17;2025-06-22;22;820
17;2025-06-22;23;374
17;2025-06-23;0;124
17;2025-06-23;1;7
17;2025-06-23;4;18
17;2025-06-23;5;263
17;2025-06-23;6;1326
17;2025-06-23;7;3461
17;2025-06-23;8;4659
17;2025-06-23;9;3509
17;2025-06-23;10;2869
17;2025-06-23;11;2860
17;2025-06-23;12;3075
17;2025-06-23;13;2998
17;2025-06-23;14;3082
17;2025-06-23;15;3023
17;2025-06-23;16;3259
17;2025-06-23;17;4101
17;2025-06-23;18;4936
17;2025-06-23;19;3571
17;2025-06-23;20;2468
17;2025-06-23;21;1764
17;2025-06-23;22;1080
17;2025-06-23;23;471
17;2025-06-24;0;187
17;2025-06-24;1;9
17;2025-06-24;4;24
17;2025-06-24;5;271
17;2025-06-24;6;1390
17;2025-06-24;7;3559
17;2025-06-24;8;4828
17;2025-06-24;9;3802
17;2025-06-24;10;2884
17;2025-06-24;11;2912
17;2025-06-24;12;3015
17;2025-06-24;13;3024
17;2025-06-24;14;2920
17;2025-06-24;15;2813
17;2025-06-24;16;3246
17;2025-06-24;17;4425
17;2025-06-24;18;4963
17;2025-06-24;19;3335
17;2025-06-24;20;2391
17;2025-06-24;21;1542
17;2025-06-24;22;939
17;2025-06-24;23;384
17;2025-06-25;0;150
17;2025-06-25;1;11
17;2025-06-25;4;37
17;2025-06-25;5;287
17;2025-06-25;6;1408
17;2025-06-25;7;3416
17;2025-06-25;8;4517
17;2025-06-25;9;3574
17;2025-06-25;10;2838
17;2025-06-25;11;2795
17;2025-06-25;12;2899
17;2025-06-25;13;2841
17;2025-06-25;14;2386
17;2025-06-25;15;2583
17;2025-06-25;16;3024
17;2025-06-25;17;3995
17;2025-06-25;18;4827
17;2025-06-25;19;3650
17;2025-06-25;20;2528
17;2025-06-25;21;1667
17;2025-06-25;22;1114
17;2025-06-25;23;492
17;2025-06-26;0;160
17;2025-06-26;1;8
17;2025-06-26;4;20
17;2025-06-26;5;306
17;2025-06-26;6;1407
17;2025-06-26;7;3505
17;2025-06-26;8;4813
17;2025-06-26;9;3655
17;2025-06-26;10;2831
17;2025-06-26;11;2782
17;2025-06-26;12;2869
17;2025-06-26;13;2813
17;2025-06-26;14;2639
17;2025-06-26;15;2870
17;2025-06-26;16;3289
17;2025-06-26;17;4328
17;2025-06-26;18;4792
17;2025-06-26;19;3841
17;2025-06-26;20;2619
17;2025-06-26;21;1798
17;2025-06-26;22;1124
17;2025-06-26;23;524
17;2025-06-27;0;181
17;2025-06-27;1;12
17;2025-06-27;4;27
17;2025-06-27;5;372
17;2025-06-27;6;1112
17;2025-06-27;7;2801
17;2025-06-27;8;3550
17;2025-06-27;9;2680
17;2025-06-27;10;1961
17;2025-06-27;11;2505
17;2025-06-27;12;2258
17;2025-06-27;13;2334
17;2025-06-27;14;2212
17;2025-06-27;15;2408
17;2025-06-27;16;2761
17;2025-06-27;17;3147
17;2025-06-27;18;3162
17;2025-06-27;19;2284
17;2025-06-27;20;1827
17;2025-06-27;21;1308
17;2025-06-27;22;772
17;2025-06-27;23;356
17;2025-06-28;0;219
17;2025-06-28;1;35
17;2025-06-28;4;5
17;2025-06-28;5;115
17;2025-06-28;6;499
17;2025-06-28;7;1187
17;2025-06-28;8;1472
17;2025-06-28;9;1799
17;2025-06-28;10;1951
17;2025-06-28;11;2344
17;2025-06-28;12;2655
17;2025-06-28;13;2766
17;2025-06-28;14;2805
17;2025-06-28;15;2885
17;2025-06-28;16;2740
17;2025-06-28;17;2843
17;2025-06-28;18;2662
17;2025-06-28;19;2244
17;2025-06-28;20;1900
17;2025-06-28;21;1485
17;2025-06-28;22;980
17;2025-06-28;23;473
17;2025-06-29;0;235
17;2025-06-29;1;32
17;2025-06-29;4;3
17;2025-06-29;5;107
17;2025-06-29;6;412
17;2025-06-29;7;811
17;2025-06-29;8;1120
17;2025-06-29;9;1538
17;2025-06-29;10;1594
17;2025-06-29;11;1961
17;2025-06-29;12;2089
17;2025-06-29;13;2211
17;2025-06-29;14;2311
17;2025-06-29;15;2279
17;2025-06-29;16;2284
17;2025-06-29;17;2159
17;2025-06-29;18;1899
17;2025-06-29;19;1675
17;2025-06-29;20;1394
17;2025-06-29;21;1058
17;2025-06-29;22;718
17;2025-06-29;23;323
17;2025-06-30;0;113
17;2025-06-30;1;13
17;2025-06-30;4;21
17;2025-06-30;5;287
17;2025-06-30;6;1274
17;2025-06-30;7;3522
17;2025-06-30;8;4435
17;2025-06-30;9;3625
17;2025-06-30;10;2664
17;2025-06-30;11;2571
17;2025-06-30;12;2505
17;2025-06-30;13;2510
17;2025-06-30;14;2417
17;2025-06-30;15;2303
17;2025-06-30;16;2712
17;2025-06-30;17;3686
17;2025-06-30;18;4562
17;2025-06-30;19;3186
17;2025-06-30;20;2107
17;2025-06-30;21;1429
17;2025-06-30;22;866
17;2025-06-30;23;334
17;2025-07-01;0;114
17;2025-07-01;1;4
17;2025-07-01;4;17
17;2025-07-01;5;276
17;2025-07-01;6;1272
17;2025-07-01;7;3379
17;2025-07-01;8;4598
17;2025-07-01;9;3404
17;2025-07-01;10;2450
17;2025-07-01;11;2382
17;2025-07-01;12;2469
17;2025-07-01;13;2492
17;2025-07-01;14;2616
17;2025-07-01;15;2642
17;2025-07-01;16;2993
17;2025-07-01;17;4022
17;2025-07-01;18;4798
17;2025-07-01;19;3410
17;2025-07-01;20;2198
17;2025-07-01;21;1557
17;2025-07-01;22;875
17;2025-07-01;23;348
17;2025-07-02;0;123
17;2025-07-02;1;8
17;2025-07-02;4;29
17;2025-07-02;5;272
17;2025-07-02;6;1381
17;2025-07-02;7;3404
17;2025-07-02;8;4609
17;2025-07-02;9;3378
17;2025-07-02;10;2686
17;2025-07-02;11;2632
17;2025-07-02;12;2585
17;2025-07-02;13;2664
17;2025-07-02;14;2683
17;2025-07-02;15;2667
17;2025-07-02;16;2949
17;2025-07-02;17;4001
17;2025-07-02;18;4953
17;2025-07-02;19;3434
17;2025-07-02;20;2455
17;2025-07-02;21;1493
17;2025-07-02;22;993
17;2025-07-02;23;351
17;2025-07-03;0;126
17;2025-07-03;1;9
17;2025-07-03;4;25
17;2025-07-03;5;299
17;2025-07-03;6;1376
17;2025-07-03;7;3476
17;2025-07-03;8;4487
17;2025-07-03;9;3505
17;2025-07-03;10;2795
17;2025-07-03;11;2763
17;2025-07-03;12;2949
17;2025-07-03;13;3015
17;2025-07-03;14;2964
17;2025-07-03;15;2967
17;2025-07-03;16;3372
17;2025-07-03;17;4079
17;2025-07-03;18;5162
17;2025-07-03;19;3717
17;2025-07-03;20;2933
17;2025-07-03;21;2016
17;2025-07-03;22;1317
17;2025-07-03;23;696
17;2025-07-04;0;218
17;2025-07-04;1;28
17;2025-07-04;4;25
17;2025-07-04;5;287
17;2025-07-04;6;1307
17;2025-07-04;7;3489
17;2025-07-04;8;4531
17;2025-07-04;9;3571
17;2025-07-04;10;3020
17;2025-07-04;11;2800
17;2025-07-04;12;2773
17;2025-07-04;13;2992
17;2025-07-04;14;3152
17;2025-07-04;15;3161
17;2025-07-04;16;3876
17;2025-07-04;17;4114
17;2025-07-04;18;4335
17;2025-07-04;19;3247
17;2025-07-04;20;2662
17;2025-07-04;21;1921
17;2025-07-04;22;1194
17;2025-07-04;23;677
17;2025-07-05;0;230
17;2025-07-05;1;20
17;2025-07-05;4;7
17;2025-07-05;5;131
17;2025-07-05;6;495
17;2025-07-05;7;1132
17;2025-07-05;8;1605
17;2025-07-05;9;1794
17;2025-07-05;10;2071
17;2025-07-05;11;2500
17;2025-07-05;12;2587
17;2025-07-05;13;2786
17;2025-07-05;14;2782
17;2025-07-05;15;2861
17;2025-07-05;16;2907
17;2025-07-05;17;2839
17;2025-07-05;18;2887
17;2025-07-05;19;2529
17;2025-07-05;20;2119
17;2025-07-05;21;1558
17;2025-07-05;22;1175
17;2025-07-05;23;553
17;2025-07-06;0;306
17;2025-07-06;1;53
17;2025-07-06;4;1
17;2025-07-06;5;117
17;2025-07-06;6;407
17;2025-07-06;7;771
17;2025-07-06;8;1132
17;2025-07-06;9;1449
17;2025-07-06;10;1643
17;2025-07-06;11;2134
17;2025-07-06;12;2341
17;2025-07-06;13;2664
17;2025-07-06;14;2677
17;2025-07-06;15;2497
17;2025-07-06;16;2754
17;2025-07-06;17;2710
17;2025-07-06;18;2428
17;2025-07-06;19;2436
17;2025-07-06;20;1922
17;2025-07-06;21;1549
17;2025-07-06;22;1038
17;2025-07-06;23;502
17;2025-07-07;0;133
17;2025-07-07;1;16
17;2025-07-07;4;24
17;2025-07-07;5;297
17;2025-07-07;6;1283
17;2025-07-07;7;3353
17;2025-07-07;8;4385
17;2025-07-07;9;3237
17;2025-07-07;10;2724
17;2025-07-07;11;2723
17;2025-07-07;12;2652
17;2025-07-07;13;2771
17;2025-07-07;14;2810
17;2025-07-07;15;2868
17;2025-07-07;16;3269
17;2025-07-07;17;4385
17;2025-07-07;18;5234
17;2025-07-07;19;3799
17;2025-07-07;20;2795
17;2025-07-07;21;1978
17;2025-07-07;22;1231
17;2025-07-07;23;436
17;2025-07-08;0;186
17;2025-07-08;1;19
17;2025-07-08;4;26
17;2025-07-08;5;277
17;2025-07-08;6;1347
17;2025-07-08;7;3348
17;2025-07-08;8;4418
17;2025-07-08;9;3426
17;2025-07-08;10;2717
17;2025-07-08;11;2669
17;2025-07-08;12;2646
17;2025-07-08;13;2497
17;2025-07-08;14;2560
17;2025-07-08;15;2572
17;2025-07-08;16;2876
17;2025-07-08;17;3819
17;2025-07-08;18;4922
17;2025-07-08;19;3658
17;2025-07-08;20;2651
17;2025-07-08;21;1825
17;2025-07-08;22;1115
17;2025-07-08;23;503
17;2025-07-09;0;196
17;2025-07-09;1;15
17;2025-07-09;4;30
17;2025-07-09;5;288
17;2025-07-09;6;1349
17;2025-07-09;7;3370
17;2025-07-09;8;4380
17;2025-07-09;9;3483
17;2025-07-09;10;2624
17;2025-07-09;11;2369
17;2025-07-09;12;2219
17;2025-07-09;13;2397
17;2025-07-09;14;2327
17;2025-07-09;15;2017
17;2025-07-09;16;2418
17;2025-07-09;17;3610
17;2025-07-09;18;4724
17;2025-07-09;19;3243
17;2025-07-09;20;2343
17;2025-07-09;21;1685
17;2025-07-09;22;1169
17;2025-07-09;23;461
17;2025-07-10;0;199
17;2025-07-10;1;16
17;2025-07-10;4;25
17;2025-07-10;5;299
17;2025-07-10;6;1312
17;2025-07-10;7;3384
17;2025-07-10;8;4338
17;2025-07-10;9;3345
17;2025-07-10;10;2458
17;2025-07-10;11;2086
17;2025-07-10;12;2300
17;2025-07-10;13;2091
17;2025-07-10;14;1927
17;2025-07-10;15;2099
17;2025-07-10;16;2760
17;2025-07-10;17;3385
17;2025-07-10;18;4330
17;2025-07-10;19;3401
17;2025-07-10;20;2461
17;2025-07-10;21;1823
17;2025-07-10;22;1384
17;2025-07-10;23;682
17;2025-07-11;0;253
17;2025-07-11;1;33
17;2025-07-11;4;25
17;2025-07-11;5;305
17;2025-07-11;6;1304
17;2025-07-11;7;3228
17;2025-07-11;8;4099
17;2025-07-11;9;3213
17;2025-07-11;10;2468
17;2025-07-11;11;2270
17;2025-07-11;12;2159
17;2025-07-11;13;2051
17;2025-07-11;14;2089
17;2025-07-11;15;2301
17;2025-07-11;16;2964
17;2025-07-11;17;3729
17;2025-07-11;18;3857
17;2025-07-11;19;3175
17;2025-07-11;20;2487
17;2025-07-11;21;1916
17;2025-07-11;22;1257
17;2025-07-11;23;691
17;2025-07-12;0;274
17;2025-07-12;1;35
17;2025-07-12;4;5
17;2025-07-12;5;155
17;2025-07-12;6;616
17;2025-07-12;7;1176
17;2025-07-12;8;1611
17;2025-07-12;9;1879
17;2025-07-12;10;1917
17;2025-07-12;11;2045
17;2025-07-12;12;2115
17;2025-07-12;13;2130
17;2025-07-12;14;2069
17;2025-07-12;15;2066
17;2025-07-12;16;2163
17;2025-07-12;17;2457
17;2025-07-12;18;2101
17;2025-07-12;19;1745
17;2025-07-12;20;1531
17;2025-07-12;21;1185
17;2025-07-12;22;908
17;2025-07-12;23;399
17;2025-07-13;0;209
17;2025-07-13;1;22
17;2025-07-13;4;2
17;2025-07-13;5;110
17;2025-07-13;6;402
17;2025-07-13;7;774
17;2025-07-13;8;1164
17;2025-07-13;9;1363
17;2025-07-13;10;1682
17;2025-07-13;11;1807
17;2025-07-13;12;2007
17;2025-07-13;13;2230
17;2025-07-13;14;2231
17;2025-07-13;15;2296
17;2025-07-13;16;2399
17;2025-07-13;17;2316
17;2025-07-13;18;2279
17;2025-07-13;19;1946
17;2025-07-13;20;1949
17;2025-07-13;21;1463
17;2025-07-13;22;1065
17;2025-07-13;23;413
17;2025-07-14;0;149
17;2025-07-14;1;24
17;2025-07-14;4;25
17;2025-07-14;5;287
17;2025-07-14;6;1260
17;2025-07-14;7;3134
17;2025-07-14;8;4043
17;2025-07-14;9;2863
17;2025-07-14;10;2277
17;2025-07-14;11;2212
17;2025-07-14;12;2201
17;2025-07-14;13;2395
17;2025-07-14;14;2397
17;2025-07-14;15;2339
17;2025-07-14;16;2888
17;2025-07-14;17;4063
17;2025-07-14;18;4665
17;2025-07-14;19;3183
17;2025-07-14;20;2308
17;2025-07-14;21;1564
17;2025-07-14;22;1080
17;2025-07-14;23;439
17;2025-07-15;0;157
17;2025-07-15;1;15
17;2025-07-15;4;23
17;2025-07-15;5;293
17;2025-07-15;6;1354
17;2025-07-15;7;3181
17;2025-07-15;8;4435
17;2025-07-15;9;3412
17;2025-07-15;10;2613
17;2025-07-15;11;2129
17;2025-07-15;12;1720
17;2025-07-15;13;1341
17;2025-07-15;14;1501
17;2025-07-15;15;1947
17;2025-07-15;16;2561
17;2025-07-15;17;3410
17;2025-07-15;18;4643
17;2025-07-15;19;3420
17;2025-07-15;20;2558
17;2025-07-15;21;1612
17;2025-07-15;22;1130
17;2025-07-15;23;419
17;2025-07-16;0;151
17;2025-07-16;1;23
17;2025-07-16;4;24
17;2025-07-16;5;245
17;2025-07-16;6;1324
17;2025-07-16;7;3251
17;2025-07-16;8;4339
17;2025-07-16;9;3311
17;2025-07-16;10;2513
17;2025-07-16;11;2472
17;2025-07-16;12;2369
17;2025-07-16;13;2570
17;2025-07-16;14;2553
17;2025-07-16;15;2539
17;2025-07-16;16;2737
17;2025-07-16;17;1025
17;2025-07-16;18;1752
17;2025-07-16;19;1878
17;2025-07-16;20;1345
17;2025-07-16;21;1472
17;2025-07-16;22;878
17;2025-07-16;23;406
17;2025-07-17;0;165
17;2025-07-17;1;11
17;2025-07-17;4;26
17;2025-07-17;5;261
17;2025-07-17;6;1331
17;2025-07-17;7;3175
17;2025-07-17;8;4154
17;2025-07-17;9;3283
17;2025-07-17;10;2622
17;2025-07-17;11;2716
17;2025-07-17;12;2341
17;2025-07-17;13;2349
17;2025-07-17;14;2487
17;2025-07-17;15;2475
17;2025-07-17;16;2825
17;2025-07-17;17;3893
17;2025-07-17;18;4525
17;2025-07-17;19;3386
17;2025-07-17;20;2408
17;2025-07-17;21;1652
17;2025-07-17;22;1038
17;2025-07-17;23;469
17;2025-07-18;0;176
17;2025-07-18;1;25
17;2025-07-18;4;20
17;2025-07-18;5;270
17;2025-07-18;6;1339
17;2025-07-18;7;3194
17;2025-07-18;8;4220
17;2025-07-18;9;3048
17;2025-07-18;10;2658
17;2025-07-18;11;2638
17;2025-07-18;12;2638
17;2025-07-18;13;2613
17;2025-07-18;14;2698
17;2025-07-18;15;2898
17;2025-07-18;16;3364
17;2025-07-18;17;3854
17;2025-07-18;18;4123
17;2025-07-18;19;3127
17;2025-07-18;20;2345
17;2025-07-18;21;1759
17;2025-07-18;22;1159
17;2025-07-18;23;453
17;2025-07-19;0;156
17;2025-07-19;1;17
17;2025-07-19;4;5
17;2025-07-19;5;117
17;2025-07-19;6;531
17;2025-07-19;7;1121
17;2025-07-19;8;1431
17;2025-07-19;9;1744
17;2025-07-19;10;1974
17;2025-07-19;11;2255
17;2025-07-19;12;2307
17;2025-07-19;13;2536
17;2025-07-19;14;2506
17;2025-07-19;15;2444
17;2025-07-19;16;2495
17;2025-07-19;17;2584
17;2025-07-19;18;2152
17;2025-07-19;19;1783
17;2025-07-19;20;1493
17;2025-07-19;21;1180
17;2025-07-19;22;875
17;2025-07-19;23;325
17;2025-07-20;0;175
17;2025-07-20;1;12
17;2025-07-20;4;2
17;2025-07-20;5;99
17;2025-07-20;6;408
17;2025-07-20;7;711
17;2025-07-20;8;1122
17;2025-07-20;9;1350
17;2025-07-20;10;1508
17;2025-07-20;11;1821
17;2025-07-20;12;1972
17;2025-07-20;13;2123
17;2025-07-20;14;2228
17;2025-07-20;15;2263
17;2025-07-20;16;2248
17;2025-07-20;17;2155
17;2025-07-20;18;2097
17;2025-07-20;19;1871
17;2025-07-20;20;1578
17;2025-07-20;21;1166
17;2025-07-20;22;894
17;2025-07-20;23;394
17;2025-07-21;0;148
17;2025-07-21;1;17
17;2025-07-21;4;24
17;2025-07-21;5;235
17;2025-07-21;6;1177
17;2025-07-21;7;2992
17;2025-07-21;8;3901
17;2025-07-21;9;3159
17;2025-07-21;10;2090
17;2025-07-21;11;1695
17;2025-07-21;12;1676
17;2025-07-21;13;1818
17;2025-07-21;14;2010
17;2025-07-21;15;2055
17;2025-07-21;16;2542
17;2025-07-21;17;3406
17;2025-07-21;18;4080
17;2025-07-21;19;3057
17;2025-07-21;20;2284
17;2025-07-21;21;1535
17;2025-07-21;22;870
17;2025-07-21;23;339
17;2025-07-22;0;166
17;2025-07-22;1;7
17;2025-07-22;4;23
17;2025-07-22;5;274
17;2025-07-22;6;1290
17;2025-07-22;7;3202
17;2025-07-22;8;4321
17;2025-07-22;9;3160
17;2025-07-22;10;2480
17;2025-07-22;11;2379
17;2025-07-22;12;2542
17;2025-07-22;13;2554
17;2025-07-22;14;2563
17;2025-07-22;15;2539
17;2025-07-22;16;3017
17;2025-07-22;17;3707
17;2025-07-22;18;4377
17;2025-07-22;19;3145
17;2025-07-22;20;2372
17;2025-07-22;21;1621
17;2025-07-22;22;1012
17;2025-07-22;23;435
17;2025-07-23;0;135
17;2025-07-23;1;8
17;2025-07-23;4;26
17;2025-07-23;5;281
17;2025-07-23;6;1263
17;2025-07-23;7;3227
17;2025-07-23;8;4367
17;2025-07-23;9;3181
17;2025-07-23;10;2519
17;2025-07-23;11;2393
17;2025-07-23;12;2443
17;2025-07-23;13;2474
17;2025-07-23;14;2326
17;2025-07-23;15;2362
17;2025-07-23;16;2687
17;2025-07-23;17;3652
17;2025-07-23;18;4405
17;2025-07-23;19;3304
17;2025-07-23;20;2602
17;2025-07-23;21;1638
17;2025-07-23;22;1172
17;2025-07-23;23;478
17;2025-07-24;0;167
17;2025-07-24;1;14
17;2025-07-24;4;26
17;2025-07-24;5;287
17;2025-07-24;6;1235
17;2025-07-24;7;3171
17;2025-07-24;8;4155
17;2025-07-24;9;3304
17;2025-07-24;10;2552
17;2025-07-24;11;2635
17;2025-07-24;12;2432
17;2025-07-24;13;2565
17;2025-07-24;14;2404
17;2025-07-24;15;2348
17;2025-07-24;16;2826
17;2025-07-24;17;3562
17;2025-07-24;18;4620
17;2025-07-24;19;3403
17;2025-07-24;20;2591
17;2025-07-24;21;1842
17;2025-07-24;22;1473
17;2025-07-24;23;545
17;2025-07-25;0;195
17;2025-07-25;1;12
17;2025-07-25;4;20
17;2025-07-25;5;241
17;2025-07-25;6;1216
17;2025-07-25;7;3076
17;2025-07-25;8;3934
17;2025-07-25;9;3013
17;2025-07-25;10;2365
17;2025-07-25;11;2367
17;2025-07-25;12;2422
17;2025-07-25;13;2287
17;2025-07-25;14;2316
17;2025-07-25;15;2558
17;2025-07-25;16;2973
17;2025-07-25;17;3477
17;2025-07-25;18;3511
17;2025-07-25;19;2692
17;2025-07-25;20;2345
17;2025-07-25;21;1665
17;2025-07-25;22;1183
17;2025-07-25;23;562
17;2025-07-26;0;231
17;2025-07-26;1;26
17;2025-07-26;4;4
17;2025-07-26;5;146
17;2025-07-26;6;545
17;2025-07-26;7;1091
17;2025-07-26;8;1438
17;2025-07-26;9;1738
17;2025-07-26;10;1913
17;2025-07-26;11;2076
17;2025-07-26;12;2257
17;2025-07-26;13;2253
17;2025-07-26;14;2105
17;2025-07-26;15;2242
17;2025-07-26;16;2215
17;2025-07-26;17;2513
17;2025-07-26;18;2274
17;2025-07-26;19;2244
17;2025-07-26;20;1980
17;2025-07-26;21;1533
17;2025-07-26;22;1044
17;2025-07-26;23;562
17;2025-07-27;0;240
17;2025-07-27;1;38
17;2025-07-27;4;2
17;2025-07-27;5;95
17;2025-07-27;6;391
17;2025-07-27;7;783
17;2025-07-27;8;1106
17;2025-07-27;9;1431
17;2025-07-27;10;1642
17;2025-07-27;11;1992
17;2025-07-27;12;2122
17;2025-07-27;13;2220
17;2025-07-27;14;2319
17;2025-07-27;15;2224
17;2025-07-27;16;2109
17;2025-07-27;17;2155
17;2025-07-27;18;2312
17;2025-07-27;19;1844
17;2025-07-27;20;1730
17;2025-07-27;21;1211
17;2025-07-27;22;852
17;2025-07-27;23;462
17;2025-07-28;0;152
17;2025-07-28;1;11
17;2025-07-28;4;28
17;2025-07-28;5;256
17;2025-07-28;6;1223
17;2025-07-28;7;3099
17;2025-07-28;8;4178
17;2025-07-28;9;3092
17;2025-07-28;10;2486
17;2025-07-28;11;2248
17;2025-07-28;12;2379
17;2025-07-28;13;2244
17;2025-07-28;14;2050
17;2025-07-28;15;2095
17;2025-07-28;16;2306
17;2025-07-28;17;3260
17;2025-07-28;18;3989
17;2025-07-28;19;2909
17;2025-07-28;20;2271
17;2025-07-28;21;1419
17;2025-07-28;22;777
17;2025-07-28;23;422
17;2025-07-29;0;121
17;2025-07-29;1;22
17;2025-07-29;4;30
17;2025-07-29;5;275
17;2025-07-29;6;1328
17;2025-07-29;7;3272
17;2025-07-29;8;4215
17;2025-07-29;9;3144
17;2025-07-29;10;2514
17;2025-07-29;11;2321
17;2025-07-29;12;2159
17;2025-07-29;13;2170
17;2025-07-29;14;2144
17;2025-07-29;15;2180
17;2025-07-29;16;2554
17;2025-07-29;17;3795
17;2025-07-29;18;4616
17;2025-07-29;19;3266
17;2025-07-29;20;2446
17;2025-07-29;21;1659
17;2025-07-29;22;963
17;2025-07-29;23;403
17;2025-07-30;0;140
17;2025-07-30;1;10
17;2025-07-30;4;35
17;2025-07-30;5;298
17;2025-07-30;6;1409
17;2025-07-30;7;3345
17;2025-07-30;8;4362
17;2025-07-30;9;3258
17;2025-07-30;10;2727
17;2025-07-30;11;2360
17;2025-07-30;12;2205
17;2025-07-30;13;2352
17;2025-07-30;14;2116
17;2025-07-30;15;2284
17;2025-07-30;16;2591
17;2025-07-30;17;3395
17;2025-07-30;18;4067
17;2025-07-30;19;2966
17;2025-07-30;20;2335
17;2025-07-30;21;1572
17;2025-07-30;22;886
17;2025-07-30;23;462
17;2025-07-31;0;178
17;2025-07-31;1;19
17;2025-07-31;4;23
17;2025-07-31;5;290
17;2025-07-31;6;1420
17;2025-07-31;7;3225
17;2025-07-31;8;4307
17;2025-07-31;9;3079
17;2025-07-31;10;2598
17;2025-07-31;11;2175
17;2025-07-31;12;2225
17;2025-07-31;13;2273
17;2025-07-31;14;2300
17;2025-07-31;15;2309
17;2025-07-31;16;2650
17;2025-07-31;17;3699
17;2025-07-31;18;4247
17;2025-07-31;19;3412
17;2025-07-31;20;2378
17;2025-07-31;21;1563
17;2025-07-31;22;936
17;2025-07-31;23;469
17;2025-08-01;0;191
17;2025-08-01;1;22
17;2025-08-01;4;31
17;2025-08-01;5;262
17;2025-08-01;6;1365
17;2025-08-01;7;3137
17;2025-08-01;8;4055
17;2025-08-01;9;2925
17;2025-08-01;10;2190
17;2025-08-01;11;2317
17;2025-08-01;12;2078
17;2025-08-01;13;2243
17;2025-08-01;14;2421
17;2025-08-01;15;2662
17;2025-08-01;16;3085
17;2025-08-01;17;3399
17;2025-08-01;18;3429
17;2025-08-01;19;2550
17;2025-08-01;20;2036
17;2025-08-01;21;1263
17;2025-08-01;22;791
17;2025-08-01;23;256
17;2025-08-02;0;150
17;2025-08-02;1;17
17;2025-08-02;4;1
17;2025-08-02;5;138
17;2025-08-02;6;484
17;2025-08-02;7;1036
17;2025-08-02;8;1418
17;2025-08-02;9;1632
17;2025-08-02;10;1870
17;2025-08-02;11;2152
17;2025-08-02;12;2355
17;2025-08-02;13;2399
17;2025-08-02;14;2584
17;2025-08-02;15;2568
17;2025-08-02;16;2557
17;2025-08-02;17;2647
17;2025-08-02;18;2619
17;2025-08-02;19;2455
17;2025-08-02;20;2008
17;2025-08-02;21;1569
17;2025-08-02;22;990
17;2025-08-02;23;553
17;2025-08-03;0;230
17;2025-08-03;1;38
17;2025-08-03;4;2
17;2025-08-03;5;99
17;2025-08-03;6;435
17;2025-08-03;7;733
17;2025-08-03;8;1150
17;2025-08-03;9;1508
17;2025-08-03;10;1750
17;2025-08-03;11;2091
17;2025-08-03;12;2373
17;2025-08-03;13;2662
17;2025-08-03;14;2417
17;2025-08-03;15;2422
17;2025-08-03;16;2505
17;2025-08-03;17;2586
17;2025-08-03;18;2248
17;2025-08-03;19;1966
17;2025-08-03;20;1861
17;2025-08-03;21;1346
17;2025-08-03;22;1049
17;2025-08-03;23;389
17;2025-08-04;0;142
17;2025-08-04;1;17
17;2025-08-04;4;25
17;2025-08-04;5;271
17;2025-08-04;6;1300
17;2025-08-04;7;3262
17;2025-08-04;8;4250
17;2025-08-04;9;3045
17;2025-08-04;10;2397
17;2025-08-04;11;2363
17;2025-08-04;12;2368
17;2025-08-04;13;2180
17;2025-08-04;14;1949
17;2025-08-04;15;1502
17;2025-08-04;16;2087
17;2025-08-04;17;3130
17;2025-08-04;18;3929
17;2025-08-04;19;2692
17;2025-08-04;20;1741
17;2025-08-04;21;1130
17;2025-08-04;22;662
17;2025-08-04;23;275
17;2025-08-05;0;94
17;2025-08-05;1;12
17;2025-08-05;4;25
17;2025-08-05;5;250
17;2025-08-05;6;1356
17;2025-08-05;7;3340
17;2025-08-05;8;4418
17;2025-08-05;9;3340
17;2025-08-05;10;2610
17;2025-08-05;11;2488
17;2025-08-05;12;2564
17;2025-08-05;13;2522
17;2025-08-05;14;2659
17;2025-08-05;15;2755
17;2025-08-05;16;2883
17;2025-08-05;17;4148
17;2025-08-05;18;5271
17;2025-08-05;19;3832
17;2025-08-05;20;2687
17;2025-08-05;21;1800
17;2025-08-05;22;1003
17;2025-08-05;23;464
17;2025-08-06;0;197
17;2025-08-06;1;24
17;2025-08-06;4;26
17;2025-08-06;5;296
17;2025-08-06;6;1342
17;2025-08-06;7;3262
17;2025-08-06;8;4341
17;2025-08-06;9;3250
17;2025-08-06;10;2665
17;2025-08-06;11;2513
17;2025-08-06;12;2750
17;2025-08-06;13;2776
17;2025-08-06;14;2567
17;2025-08-06;15;2602
17;2025-08-06;16;2830
17;2025-08-06;17;3850
17;2025-08-06;18;4340
17;2025-08-06;19;3428
17;2025-08-06;20;2271
17;2025-08-06;21;1521
17;2025-08-06;22;942
17;2025-08-06;23;465
17;2025-08-07;0;153
17;2025-08-07;1;15
17;2025-08-07;4;31
17;2025-08-07;5;311
17;2025-08-07;6;1337
17;2025-08-07;7;3154
17;2025-08-07;8;4332
17;2025-08-07;9;3063
17;2025-08-07;10;2409
17;2025-08-07;11;2054
17;2025-08-07;12;2177
17;2025-08-07;13;2197
17;2025-08-07;14;2407
17;2025-08-07;15;2532
17;2025-08-07;16;2826
17;2025-08-07;17;3658
17;2025-08-07;18;4570
17;2025-08-07;19;3352
17;2025-08-07;20;2379
17;2025-08-07;21;1674
17;2025-08-07;22;1005
17;2025-08-07;23;418
17;2025-08-08;0;143
17;2025-08-08;1;22
17;2025-08-08;4;20
17;2025-08-08;5;287
17;2025-08-08;6;1379
17;2025-08-08;7;3122
17;2025-08-08;8;4104
17;2025-08-08;9;3104
17;2025-08-08;10;2470
17;2025-08-08;11;2610
17;2025-08-08;12;2606
17;2025-08-08;13;2669
17;2025-08-08;14;2656
17;2025-08-08;15;2884
17;2025-08-08;16;3184
17;2025-08-08;17;3848
17;2025-08-08;18;4248
17;2025-08-08;19;3151
17;2025-08-08;20;2863
17;2025-08-08;21;1561
17;2025-08-08;22;1013
17;2025-08-08;23;545
17;2025-08-09;0;184
17;2025-08-09;1;28
17;2025-08-09;4;7
17;2025-08-09;5;102
17;2025-08-09;6;567
17;2025-08-09;7;1089
17;2025-08-09;8;1482
17;2025-08-09;9;1821
17;2025-08-09;10;1941
17;2025-08-09;11;2132
17;2025-08-09;12;2307
17;2025-08-09;13;2569
17;2025-08-09;14;2546
17;2025-08-09;15;2383
17;2025-08-09;16;2346
17;2025-08-09;17;2325
17;2025-08-09;18;2183
17;2025-08-09;19;2206
17;2025-08-09;20;1700
17;2025-08-09;21;1306
17;2025-08-09;22;918
17;2025-08-09;23;408
17;2025-08-10;0;152
17;2025-08-10;1;25
17;2025-08-10;4;4
17;2025-08-10;5;98
17;2025-08-10;6;393
17;2025-08-10;7;739
17;2025-08-10;8;1149
17;2025-08-10;9;1459
17;2025-08-10;10;1727
17;2025-08-10;11;2087
17;2025-08-10;12;2484
17;2025-08-10;13;2502
17;2025-08-10;14;2583
17;2025-08-10;15;2799
17;2025-08-10;16;2606
17;2025-08-10;17;2529
17;2025-08-10;18;2644
17;2025-08-10;19;2198
17;2025-08-10;20;1821
17;2025-08-10;21;1459
17;2025-08-10;22;837
17;2025-08-10;23;388
17;2025-08-11;0;127
17;2025-08-11;1;20
17;2025-08-11;4;16
17;2025-08-11;5;276
17;2025-08-11;6;1345
17;2025-08-11;7;3128
17;2025-08-11;8;4332
17;2025-08-11;9;3205
17;2025-08-11;10;2491
17;2025-08-11;11;2436
17;2025-08-11;12;2596
17;2025-08-11;13;2599
17;2025-08-11;14;2368
17;2025-08-11;15;2457
17;2025-08-11;16;2893
17;2025-08-11;17;3760
17;2025-08-11;18;4503
17;2025-08-11;19;3418
17;2025-08-11;20;2152
17;2025-08-11;21;1403
17;2025-08-11;22;798
17;2025-08-11;23;328
17;2025-08-12;0;120
17;2025-08-12;1;13
17;2025-08-12;4;25
17;2025-08-12;5;251
17;2025-08-12;6;1390
17;2025-08-12;7;3340
17;2025-08-12;8;4231
17;2025-08-12;9;3285
17;2025-08-12;10;2606
17;2025-08-12;11;2510
17;2025-08-12;12;2568
17;2025-08-12;13;2570
17;2025-08-12;14;2375
17;2025-08-12;15;2302
17;2025-08-12;16;2668
17;2025-08-12;17;3878
17;2025-08-12;18;4437
17;2025-08-12;19;3196
17;2025-08-12;20;2385
17;2025-08-12;21;1578
17;2025-08-12;22;838
17;2025-08-12;23;378
17;2025-08-13;0;140
17;2025-08-13;1;14
17;2025-08-13;4;27
17;2025-08-13;5;296
17;2025-08-13;6;1438
17;2025-08-13;7;3160
17;2025-08-13;8;4333
17;2025-08-13;9;3380
17;2025-08-13;10;2603
17;2025-08-13;11;2646
17;2025-08-13;12;2910
17;2025-08-13;13;2772
17;2025-08-13;14;2686
17;2025-08-13;15;2692
17;2025-08-13;16;2875
17;2025-08-13;17;3923
17;2025-08-13;18;4487
17;2025-08-13;19;3346
17;2025-08-13;20;2380
17;2025-08-13;21;1597
17;2025-08-13;22;853
17;2025-08-13;23;373
17;2025-08-14;0;133
17;2025-08-14;1;3
17;2025-08-14;4;31
17;2025-08-14;5;280
17;2025-08-14;6;1298
17;2025-08-14;7;3248
17;2025-08-14;8;4088
17;2025-08-14;9;3128
17;2025-08-14;10;2452
17;2025-08-14;11;2386
17;2025-08-14;12;2466
17;2025-08-14;13;2464
17;2025-08-14;14;2431
17;2025-08-14;15;2528
17;2025-08-14;16;2738
17;2025-08-14;17;3548
17;2025-08-14;18;4048
17;2025-08-14;19;2946
17;2025-08-14;20;2223
17;2025-08-14;21;1496
17;2025-08-14;22;852
17;2025-08-14;23;361
17;2025-08-15;0;138
17;2025-08-15;1;20
17;2025-08-15;4;21
17;2025-08-15;5;284
17;2025-08-15;6;1331
17;2025-08-15;7;3092
17;2025-08-15;8;4178
17;2025-08-15;9;3332
17;2025-08-15;10;2654
17;2025-08-15;11;2805
17;2025-08-15;12;2674
17;2025-08-15;13;2970
17;2025-08-15;14;2959
17;2025-08-15;15;3131
17;2025-08-15;16;3448
17;2025-08-15;17;3853
17;2025-08-15;18;4107
17;2025-08-15;19;3072
17;2025-08-15;20;2385
17;2025-08-15;21;1706
17;2025-08-15;22;987
17;2025-08-15;23;524
17;2025-08-16;0;206
17;2025-08-16;1;30
17;2025-08-16;4;5
17;2025-08-16;5;127
17;2025-08-16;6;595
17;2025-08-16;7;1170
17;2025-08-16;8;1563
17;2025-08-16;9;1871
17;2025-08-16;10;2045
17;2025-08-16;11;2382
17;2025-08-16;12;2609
17;2025-08-16;13;2820
17;2025-08-16;14;2815
17;2025-08-16;15;2864
17;2025-08-16;16;2868
17;2025-08-16;17;2763
17;2025-08-16;18;2765
17;2025-08-16;19;2133
17;2025-08-16;20;1916
17;2025-08-16;21;1319
17;2025-08-16;22;896
17;2025-08-16;23;463
17;2025-08-17;0;183
17;2025-08-17;1;24
17;2025-08-17;4;3
17;2025-08-17;5;112
17;2025-08-17;6;404
17;2025-08-17;7;751
17;2025-08-17;8;1162
17;2025-08-17;9;1381
17;2025-08-17;10;1643
17;2025-08-17;11;2049
17;2025-08-17;12;2347
17;2025-08-17;13;2337
17;2025-08-17;14;2622
17;2025-08-17;15;2774
17;2025-08-17;16;2594
17;2025-08-17;17;2553
17;2025-08-17;18;2526
17;2025-08-17;19;2120
17;2025-08-17;20;1707
17;2025-08-17;21;1248
17;2025-08-17;22;779
17;2025-08-17;23;331
17;2025-08-18;0;123
17;2025-08-18;1;16
17;2025-08-18;4;24
17;2025-08-18;5;282
17;2025-08-18;6;1285
17;2025-08-18;7;3299
17;2025-08-18;8;4242
17;2025-08-18;9;3192
17;2025-08-18;10;2441
17;2025-08-18;11;2484
17;2025-08-18;12;2607
17;2025-08-18;13;2586
17;2025-08-18;14;2679
17;2025-08-18;15;2748
17;2025-08-18;16;2877
17;2025-08-18;17;3737
17;2025-08-18;18;4491
17;2025-08-18;19;3301
17;2025-08-18;20;2090
17;2025-08-18;21;1268
17;2025-08-18;22;755
17;2025-08-18;23;291
17;2025-08-19;0;98
17;2025-08-19;1;19
17;2025-08-19;4;21
17;2025-08-19;5;272
17;2025-08-19;6;1339
17;2025-08-19;7;3453
17;2025-08-19;8;4349
17;2025-08-19;9;3198
17;2025-08-19;10;2590
17;2025-08-19;11;2487
17;2025-08-19;12;2612
17;2025-08-19;13;2729
17;2025-08-19;14;2752
17;2025-08-19;15;2862
17;2025-08-19;16;3126
17;2025-08-19;17;3814
17;2025-08-19;18;4596
17;2025-08-19;19;3407
17;2025-08-19;20;2376
17;2025-08-19;21;1496
17;2025-08-19;22;883
17;2025-08-19;23;198
17;2025-08-20;0;82
17;2025-08-20;1;12
17;2025-08-20;4;25
17;2025-08-20;5;294
17;2025-08-20;6;1376
17;2025-08-20;7;3352
17;2025-08-20;8;4421
17;2025-08-20;9;3376
17;2025-08-20;10;2769
17;2025-08-20;11;2808
17;2025-08-20;12;2915
17;2025-08-20;13;2900
17;2025-08-20;14;2968
17;2025-08-20;15;2720
17;2025-08-20;16;2903
17;2025-08-20;17;3704
17;2025-08-20;18;4471
17;2025-08-20;19;2691
17;2025-08-20;20;2047
17;2025-08-20;21;1204
17;2025-08-20;22;721
17;2025-08-20;23;332
17;2025-08-21;0;102
17;2025-08-21;1;14
17;2025-08-21;4;19
17;2025-08-21;5;276
17;2025-08-21;6;1345
17;2025-08-21;7;3346
17;2025-08-21;8;4382
17;2025-08-21;9;3201
17;2025-08-21;10;2423
17;2025-08-21;11;2437
17;2025-08-21;12;2682
17;2025-08-21;13;2745
17;2025-08-21;14;2800
17;2025-08-21;15;2845
17;2025-08-21;16;3010
17;2025-08-21;17;3783
17;2025-08-21;18;4331
17;2025-08-21;19;3438
17;2025-08-21;20;2419
17;2025-08-21;21;1501
17;2025-08-21;22;901
17;2025-08-21;23;379
17;2025-08-22;0;139
17;2025-08-22;1;19
17;2025-08-22;4;23
17;2025-08-22;5;284
17;2025-08-22;6;1368
17;2025-08-22;7;3183
17;2025-08-22;8;4342
17;2025-08-22;9;3180
17;2025-08-22;10;2672
17;2025-08-22;11;2871
17;2025-08-22;12;2828
17;2025-08-22;13;2942
17;2025-08-22;14;2735
17;2025-08-22;15;3204
17;2025-08-22;16;3352
17;2025-08-22;17;4039
17;2025-08-22;18;4044
17;2025-08-22;19;3025
17;2025-08-22;20;2267
17;2025-08-22;21;1560
17;2025-08-22;22;808
17;2025-08-22;23;512
17;2025-08-23;0;186
17;2025-08-23;1;19
17;2025-08-23;4;6
17;2025-08-23;5;127
17;2025-08-23;6;606
17;2025-08-23;7;1097
17;2025-08-23;8;1552
17;2025-08-23;9;1789
17;2025-08-23;10;1945
17;2025-08-23;11;2424
17;2025-08-23;12;2455
17;2025-08-23;13;2515
17;2025-08-23;14;2768
17;2025-08-23;15;2852
17;2025-08-23;16;2633
17;2025-08-23;17;2889
17;2025-08-23;18;2685
17;2025-08-23;19;2163
17;2025-08-23;20;1829
17;2025-08-23;21;1326
17;2025-08-23;22;874
17;2025-08-23;23;438
17;2025-08-24;0;152
17;2025-08-24;1;28
17;2025-08-24;4;2
17;2025-08-24;5;75
17;2025-08-24;6;421
17;2025-08-24;7;762
17;2025-08-24;8;1160
17;2025-08-24;9;1547
17;2025-08-24;10;1894
17;2025-08-24;11;2373
17;2025-08-24;12;2547
17;2025-08-24;13;2736
17;2025-08-24;14;2829
17;2025-08-24;15;3066
17;2025-08-24;16;2794
17;2025-08-24;17;2859
17;2025-08-24;18;2544
17;2025-08-24;19;2369
17;2025-08-24;20;1777
17;2025-08-24;21;1306
17;2025-08-24;22;782
17;2025-08-24;23;348
17;2025-08-25;0;119
17;2025-08-25;1;8
17;2025-08-25;4;25
17;2025-08-25;5;286
17;2025-08-25;6;1375
17;2025-08-25;7;3470
17;2025-08-25;8;4426
17;2025-08-25;9;3377
17;2025-08-25;10;2807
17;2025-08-25;11;2914
17;2025-08-25;12;2811
17;2025-08-25;13;2880
17;2025-08-25;14;2852
17;2025-08-25;15;2849
17;2025-08-25;16;2907
17;2025-08-25;17;3934
17;2025-08-25;18;4808
17;2025-08-25;19;3692
17;2025-08-25;20;2137
17;2025-08-25;21;1412
17;2025-08-25;22;770
17;2025-08-25;23;346
17;2025-08-26;0;109
17;2025-08-26;1;8
17;2025-08-26;4;24
17;2025-08-26;5;267
17;2025-08-26;6;1342
17;2025-08-26;7;3499
17;2025-08-26;8;4522
17;2025-08-26;9;3410
17;2025-08-26;10;2673
17;2025-08-26;11;2606
17;2025-08-26;12;2642
17;2025-08-26;13;2746
17;2025-08-26;14;2834
17;2025-08-26;15;2848
17;2025-08-26;16;3368
17;2025-08-26;17;4109
17;2025-08-26;18;4828
17;2025-08-26;19;3740
17;2025-08-26;20;2479
17;2025-08-26;21;1471
17;2025-08-26;22;922
17;2025-08-26;23;400
17;2025-08-27;0;137
17;2025-08-27;1;20
17;2025-08-27;4;19
17;2025-08-27;5;268
17;2025-08-27;6;1447
17;2025-08-27;7;3445
17;2025-08-27;8;4385
17;2025-08-27;9;3534
17;2025-08-27;10;2789
17;2025-08-27;11;2904
17;2025-08-27;12;2930
17;2025-08-27;13;2976
17;2025-08-27;14;2809
17;2025-08-27;15;2957
17;2025-08-27;16;3273
17;2025-08-27;17;4065
17;2025-08-27;18;4614
17;2025-08-27;19;3433
17;2025-08-27;20;2620
17;2025-08-27;21;1581
17;2025-08-27;22;982
17;2025-08-27;23;423
17;2025-08-28;0;154
17;2025-08-28;1;15
17;2025-08-28;4;25
17;2025-08-28;5;283
17;2025-08-28;6;1409
17;2025-08-28;7;3512
17;2025-08-28;8;4567
17;2025-08-28;9;3521
17;2025-08-28;10;2795
17;2025-08-28;11;3012
17;2025-08-28;12;3065
17;2025-08-28;13;3130
17;2025-08-28;14;2992
17;2025-08-28;15;3076
17;2025-08-28;16;3418
17;2025-08-28;17;4589
17;2025-08-28;18;4870
17;2025-08-28;19;3800
17;2025-08-28;20;2681
17;2025-08-28;21;1671
17;2025-08-28;22;1089
17;2025-08-28;23;432
17;2025-08-29;0;193
17;2025-08-29;1;16
17;2025-08-29;4;22
17;2025-08-29;5;251
17;2025-08-29;6;1373
17;2025-08-29;7;3355
17;2025-08-29;8;4376
17;2025-08-29;9;3465
17;2025-08-29;10;2534
17;2025-08-29;11;2741
17;2025-08-29;12;2619
17;2025-08-29;13;2757
17;2025-08-29;14;2921
17;2025-08-29;15;2951
17;2025-08-29;16;3494
17;2025-08-29;17;4037
17;2025-08-29;18;4079
17;2025-08-29;19;3030
17;2025-08-29;20;2471
17;2025-08-29;21;1642
17;2025-08-29;22;1002
17;2025-08-29;23;437
17;2025-08-30;0;196
17;2025-08-30;1;32
17;2025-08-30;4;2
17;2025-08-30;5;123
17;2025-08-30;6;650
17;2025-08-30;7;1155
17;2025-08-30;8;1523
17;2025-08-30;9;1919
17;2025-08-30;10;2284
17;2025-08-30;11;2887
17;2025-08-30;12;3143
17;2025-08-30;13;3698
17;2025-08-30;14;3554
17;2025-08-30;15;3362
17;2025-08-30;16;3406
17;2025-08-30;17;3386
17;2025-08-30;18;3381
17;2025-08-30;19;2899
17;2025-08-30;20;2333
17;2025-08-30;21;1582
17;2025-08-30;22;1096
17;2025-08-30;23;573
17;2025-08-31;0;251
17;2025-08-31;1;53
17;2025-08-31;4;2
17;2025-08-31;5;111
17;2025-08-31;6;397
17;2025-08-31;7;806
17;2025-08-31;8;1292
17;2025-08-31;9;1662
17;2025-08-31;10;2015
17;2025-08-31;11;2384
17;2025-08-31;12;2895
17;2025-08-31;13;3217
17;2025-08-31;14;3260
17;2025-08-31;15;3327
17;2025-08-31;16;3158
17;2025-08-31;17;3216
17;2025-08-31;18;2896
17;2025-08-31;19;2595
17;2025-08-31;20;2164
17;2025-08-31;21;1360
17;2025-08-31;22;873
17;2025-08-31;23;451
25;2025-01-01;6;17
25;2025-01-01;7;30
25;2025-01-01;8;59
25;2025-01-01;9;24
25;2025-01-01;10;35
25;2025-01-01;11;60
25;2025-01-01;12;108
25;2025-01-01;13;164
25;2025-01-01;14;200
25;2025-01-01;15;231
25;2025-01-01;16;246
25;2025-01-01;17;236
25;2025-01-01;18;288
25;2025-01-01;19;235
25;2025-01-01;20;197
25;2025-01-01;21;135
25;2025-01-01;22;92
25;2025-01-01;23;39
25;2025-01-02;0;7
25;2025-01-02;5;2
25;2025-01-02;6;26
25;2025-01-02;7;51
25;2025-01-02;8;99
25;2025-01-02;9;112
25;2025-01-02;10;79
25;2025-01-02;11;93
25;2025-01-02;12;148
25;2025-01-02;13;192
25;2025-01-02;14;273
25;2025-01-02;15;305
25;2025-01-02;16;354
25;2025-01-02;17;271
25;2025-01-02;18;246
25;2025-01-02;19;293
25;2025-01-02;20;109
25;2025-01-02;21;180
25;2025-01-02;22;90
25;2025-01-02;23;41
25;2025-01-03;0;6
25;2025-01-03;1;1
25;2025-01-03;5;2
25;2025-01-03;6;21
25;2025-01-03;7;70
25;2025-01-03;8;120
25;2025-01-03;9;97
25;2025-01-03;10;126
25;2025-01-03;11;187
25;2025-01-03;12;222
25;2025-01-03;13;327
25;2025-01-03;14;392
25;2025-01-03;15;360
25;2025-01-03;16;411
25;2025-01-03;17;462
25;2025-01-03;18;336
25;2025-01-03;19;316
25;2025-01-03;20;231
25;2025-01-03;21;244
25;2025-01-03;22;122
25;2025-01-03;23;52
25;2025-01-04;0;13
25;2025-01-04;5;3
25;2025-01-04;6;32
25;2025-01-04;7;87
25;2025-01-04;8;104
25;2025-01-04;9;116
25;2025-01-04;10;144
25;2025-01-04;11;175
25;2025-01-04;12;223
25;2025-01-04;13;302
25;2025-01-04;14;373
25;2025-01-04;15;420
25;2025-01-04;16;446
25;2025-01-04;17;416
25;2025-01-04;18;347
25;2025-01-04;19;267
25;2025-01-04;20;268
25;2025-01-04;21;202
25;2025-01-04;22;99
25;2025-01-04;23;43
25;2025-01-05;0;8
25;2025-01-05;1;1
25;2025-01-05;5;4
25;2025-01-05;6;37
25;2025-01-05;7;89
25;2025-01-05;8;135
25;2025-01-05;9;110
25;2025-01-05;10;126
25;2025-01-05;11;222
25;2025-01-05;12;276
25;2025-01-05;13;357
25;2025-01-05;14;368
25;2025-01-05;15;410
25;2025-01-05;16;399
25;2025-01-05;17;410
25;2025-01-05;18;409
25;2025-01-05;19;370
25;2025-01-05;20;208
25;2025-01-05;21;181
25;2025-01-05;22;88
25;2025-01-05;23;45
25;2025-01-06;0;8
25;2025-01-06;1;2
25;2025-01-06;6;32
25;2025-01-06;7;92
25;2025-01-06;8;119
25;2025-01-06;9;150
25;2025-01-06;10;113
25;2025-01-06;11;192
25;2025-01-06;12;211
25;2025-01-06;13;310
25;2025-01-06;14;310
25;2025-01-06;15;345
25;2025-01-06;16;327
25;2025-01-06;17;301
25;2025-01-06;18;281
25;2025-01-06;19;321
25;2025-01-06;20;237
25;2025-01-06;21;134
25;2025-01-06;22;124
25;2025-01-06;23;35
25;2025-01-07;0;11
25;2025-01-07;5;1
25;2025-01-07;6;24
25;2025-01-07;7;79
25;2025-01-07;8;96
25;2025-01-07;9;127
25;2025-01-07;10;141
25;2025-01-07;11;141
25;2025-01-07;12;187
25;2025-01-07;13;279
25;2025-01-07;14;309
25;2025-01-07;15;363
25;2025-01-07;16;261
25;2025-01-07;17;241
25;2025-01-07;18;224
25;2025-01-07;19;237
25;2025-01-07;20;171
25;2025-01-07;21;137
25;2025-01-07;22;68
25;2025-01-07;23;22
25;2025-01-08;0;7
25;2025-01-08;5;1
25;2025-01-08;6;38
25;2025-01-08;7;94
25;2025-01-08;8;136
25;2025-01-08;9;124
25;2025-01-08;10;147
25;2025-01-08;11;157
25;2025-01-08;12;189
25;2025-01-08;13;214
25;2025-01-08;14;326
25;2025-01-08;15;309
25;2025-01-08;16;234
25;2025-01-08;17;225
25;2025-01-08;18;239
25;2025-01-08;19;165
25;2025-01-08;20;132
25;2025-01-08;21;104
25;2025-01-08;22;87
25;2025-01-08;23;24
25;2025-01-09;0;12
25;2025-01-09;5;1
25;2025-01-09;6;143
25;2025-01-09;7;463
25;2025-01-09;8;819
25;2025-01-09;9;385
25;2025-01-09;10;241
25;2025-01-09;11;280
25;2025-01-09;12;358
25;2025-01-09;13;346
25;2025-01-09;14;317
25;2025-01-09;15;368
25;2025-01-09;16;512
25;2025-01-09;17;238
25;2025-01-09;18;624
25;2025-01-09;19;342
25;2025-01-09;20;208
25;2025-01-09;21;123
25;2025-01-09;22;72
25;2025-01-09;23;8
25;2025-01-10;6;142
25;2025-01-10;7;450
25;2025-01-10;8;742
25;2025-01-10;9;335
25;2025-01-10;10;283
25;2025-01-10;11;255
25;2025-01-10;12;275
25;2025-01-10;13;299
25;2025-01-10;14;368
25;2025-01-10;15;392
25;2025-01-10;16;522
25;2025-01-10;17;627
25;2025-01-10;18;415
25;2025-01-10;19;276
25;2025-01-10;20;198
25;2025-01-10;21;126
25;2025-01-10;22;97
25;2025-01-10;23;5
25;2025-01-11;5;2
25;2025-01-11;6;34
25;2025-01-11;7;116
25;2025-01-11;8;220
25;2025-01-11;9;187
25;2025-01-11;10;204
25;2025-01-11;11;214
25;2025-01-11;12;247
25;2025-01-11;13;368
25;2025-01-11;14;405
25;2025-01-11;15;433
25;2025-01-11;16;296
25;2025-01-11;17;351
25;2025-01-11;18;262
25;2025-01-11;19;264
25;2025-01-11;20;150
25;2025-01-11;21;121
25;2025-01-11;22;96
25;2025-01-11;23;36
25;2025-01-12;0;14
25;2025-01-12;5;1
25;2025-01-12;6;29
25;2025-01-12;7;74
25;2025-01-12;8;129
25;2025-01-12;9;126
25;2025-01-12;10;164
25;2025-01-12;11;183
25;2025-01-12;12;275
25;2025-01-12;13;325
25;2025-01-12;14;320
25;2025-01-12;15;297
25;2025-01-12;16;336
25;2025-01-12;17;241
25;2025-01-12;18;216
25;2025-01-12;19;162
25;2025-01-12;20;136
25;2025-01-12;21;111
25;2025-01-12;22;78
25;2025-01-12;23;37
25;2025-01-13;0;11
25;2025-01-13;5;3
25;2025-01-13;6;149
25;2025-01-13;7;545
25;2025-01-13;8;987
25;2025-01-13;9;429
25;2025-01-13;10;228
25;2025-01-13;11;301
25;2025-01-13;12;305
25;2025-01-13;13;446
25;2025-01-13;14;332
25;2025-01-13;15;468
25;2025-01-13;16;633
25;2025-01-13;17;595
25;2025-01-13;18;731
25;2025-01-13;19;359
25;2025-01-13;20;239
25;2025-01-13;21;164
25;2025-01-13;22;70
25;2025-01-13;23;2
25;2025-01-14;5;2
25;2025-01-14;6;124
25;2025-01-14;7;550
25;2025-01-14;8;828
25;2025-01-14;9;384
25;2025-01-14;10;307
25;2025-01-14;11;298
25;2025-01-14;12;313
25;2025-01-14;13;322
25;2025-01-14;14;275
25;2025-01-14;15;398
25;2025-01-14;16;528
25;2025-01-14;17;562
25;2025-01-14;18;687
25;2025-01-14;19;363
25;2025-01-14;20;231
25;2025-01-14;21;146
25;2025-01-14;22;110
25;2025-01-14;23;3
25;2025-01-15;6;163
25;2025-01-15;7;466
25;2025-01-15;8;940
25;2025-01-15;9;328
25;2025-01-15;10;274
25;2025-01-15;11;307
25;2025-01-15;12;330
25;2025-01-15;13;424
25;2025-01-15;14;373
25;2025-01-15;15;406
25;2025-01-15;16;541
25;2025-01-15;17;672
25;2025-01-15;18;712
25;2025-01-15;19;396
25;2025-01-15;20;219
25;2025-01-15;21;143
25;2025-01-15;22;109
25;2025-01-15;23;3
25;2025-01-16;5;1
25;2025-01-16;6;140
25;2025-01-16;7;523
25;2025-01-16;8;780
25;2025-01-16;9;326
25;2025-01-16;10;287
25;2025-01-16;11;244
25;2025-01-16;12;359
25;2025-01-16;13;376
25;2025-01-16;14;380
25;2025-01-16;15;385
25;2025-01-16;16;585
25;2025-01-16;17;634
25;2025-01-16;18;674
25;2025-01-16;19;353
25;2025-01-16;20;254
25;2025-01-16;21;166
25;2025-01-16;22;110
25;2025-01-16;23;4
25;2025-01-17;6;140
25;2025-01-17;7;529
25;2025-01-17;8;759
25;2025-01-17;9;361
25;2025-01-17;10;295
25;2025-01-17;11;332
25;2025-01-17;12;293
25;2025-01-17;13;306
25;2025-01-17;14;354
25;2025-01-17;15;481
25;2025-01-17;16;574
25;2025-01-17;17;730
25;2025-01-17;18;645
25;2025-01-17;19;476
25;2025-01-17;20;383
25;2025-01-17;21;187
25;2025-01-17;22;109
25;2025-01-17;23;4
25;2025-01-18;6;35
25;2025-01-18;7;109
25;2025-01-18;8;190
25;2025-01-18;9;202
25;2025-01-18;10;240
25;2025-01-18;11;262
25;2025-01-18;12;289
25;2025-01-18;13;327
25;2025-01-18;14;304
25;2025-01-18;15;452
25;2025-01-18;16;385
25;2025-01-18;17;343
25;2025-01-18;18;349
25;2025-01-18;19;321
25;2025-01-18;20;176
25;2025-01-18;21;179
25;2025-01-18;22;125
25;2025-01-18;23;68
25;2025-01-19;0;26
25;2025-01-19;5;1
25;2025-01-19;6;58
25;2025-01-19;7;91
25;2025-01-19;8;134
25;2025-01-19;9;172
25;2025-01-19;10;211
25;2025-01-19;11;236
25;2025-01-19;12;313
25;2025-01-19;13;440
25;2025-01-19;14;406
25;2025-01-19;15;549
25;2025-01-19;16;428
25;2025-01-19;17;397
25;2025-01-19;18;280
25;2025-01-19;19;225
25;2025-01-19;20;223
25;2025-01-19;21;152
25;2025-01-19;22;67
25;2025-01-19;23;31
25;2025-01-20;0;6
25;2025-01-20;5;1
25;2025-01-20;6;146
25;2025-01-20;7;456
25;2025-01-20;8;815
25;2025-01-20;9;384
25;2025-01-20;10;242
25;2025-01-20;11;284
25;2025-01-20;12;255
25;2025-01-20;13;358
25;2025-01-20;14;284
25;2025-01-20;15;395
25;2025-01-20;16;704
25;2025-01-20;17;701
25;2025-01-20;18;828
25;2025-01-20;19;441
25;2025-01-20;20;335
25;2025-01-20;21;205
25;2025-01-20;22;126
25;2025-01-20;23;35
25;2025-01-21;0;5
25;2025-01-21;6;147
25;2025-01-21;7;552
25;2025-01-21;8;700
25;2025-01-21;9;407
25;2025-01-21;10;236
25;2025-01-21;11;315
25;2025-01-21;12;319
25;2025-01-21;13;339
25;2025-01-21;14;348
25;2025-01-21;15;503
25;2025-01-21;16;547
25;2025-01-21;17;689
25;2025-01-21;18;684
25;2025-01-21;19;431
25;2025-01-21;20;292
25;2025-01-21;21;170
25;2025-01-21;22;99
25;2025-01-21;23;7
25;2025-01-22;5;1
25;2025-01-22;6;137
25;2025-01-22;7;447
25;2025-01-22;8;786
25;2025-01-22;9;389
25;2025-01-22;10;318
25;2025-01-22;11;461
25;2025-01-22;12;379
25;2025-01-22;13;572
25;2025-01-22;14;381
25;2025-01-22;15;464
25;2025-01-22;16;677
25;2025-01-22;17;787
25;2025-01-22;18;891
25;2025-01-22;19;407
25;2025-01-22;20;319
25;2025-01-22;21;152
25;2025-01-22;22;99
25;2025-01-22;23;5
25;2025-01-23;6;122
25;2025-01-23;7;511
25;2025-01-23;8;842
25;2025-01-23;9;372
25;2025-01-23;10;333
25;2025-01-23;11;312
25;2025-01-23;12;382
25;2025-01-23;13;368
25;2025-01-23;14;461
25;2025-01-23;15;481
25;2025-01-23;16;664
25;2025-01-23;17;817
25;2025-01-23;18;822
25;2025-01-23;19;420
25;2025-01-23;20;317
25;2025-01-23;21;175
25;2025-01-23;22;139
25;2025-01-23;23;19
25;2025-01-24;0;6
25;2025-01-24;1;2
25;2025-01-24;5;2
25;2025-01-24;6;143
25;2025-01-24;7;479
25;2025-01-24;8;699
25;2025-01-24;9;404
25;2025-01-24;10;254
25;2025-01-24;11;291
25;2025-01-24;12;380
25;2025-01-24;13;339
25;2025-01-24;14;419
25;2025-01-24;15;460
25;2025-01-24;16;653
25;2025-01-24;17;737
25;2025-01-24;18;478
25;2025-01-24;19;353
25;2025-01-24;20;273
25;2025-01-24;21;166
25;2025-01-24;22;144
25;2025-01-24;23;3
25;2025-01-25;5;1
25;2025-01-25;6;33
25;2025-01-25;7;101
25;2025-01-25;8;201
25;2025-01-25;9;214
25;2025-01-25;10;253
25;2025-01-25;11;236
25;2025-01-25;12;346
25;2025-01-25;13;370
25;2025-01-25;14;378
25;2025-01-25;15;410
25;2025-01-25;16;457
25;2025-01-25;17;424
25;2025-01-25;18;320
25;2025-01-25;19;265
25;2025-01-25;20;201
25;2025-01-25;21;187
25;2025-01-25;22;148
25;2025-01-25;23;63
25;2025-01-26;0;12
25;2025-01-26;6;38
25;2025-01-26;7;70
25;2025-01-26;8;135
25;2025-01-26;9;177
25;2025-01-26;10;162
25;2025-01-26;11;204
25;2025-01-26;12;245
25;2025-01-26;13;306
25;2025-01-26;14;308
25;2025-01-26;15;429
25;2025-01-26;16;330
25;2025-01-26;17;277
25;2025-01-26;18;238
25;2025-01-26;19;256
25;2025-01-26;20;137
25;2025-01-26;21;150
25;2025-01-26;22;102
25;2025-01-26;23;23
25;2025-01-27;0;4
25;2025-01-27;6;165
25;2025-01-27;7;533
25;2025-01-27;8;763
25;2025-01-27;9;368
25;2025-01-27;10;288
25;2025-01-27;11;221
25;2025-01-27;12;252
25;2025-01-27;13;350
25;2025-01-27;14;329
25;2025-01-27;15;437
25;2025-01-27;16;607
25;2025-01-27;17;605
25;2025-01-27;18;648
25;2025-01-27;19;382
25;2025-01-27;20;283
25;2025-01-27;21;152
25;2025-01-27;22;104
25;2025-01-27;23;3
25;2025-01-28;6;143
25;2025-01-28;7;521
25;2025-01-28;8;711
25;2025-01-28;9;377
25;2025-01-28;10;215
25;2025-01-28;11;246
25;2025-01-28;12;260
25;2025-01-28;13;314
25;2025-01-28;14;306
25;2025-01-28;15;358
25;2025-01-28;16;620
25;2025-01-28;17;623
25;2025-01-28;18;707
25;2025-01-28;19;445
25;2025-01-28;20;258
25;2025-01-28;21;199
25;2025-01-28;22;128
25;2025-01-28;23;2
25;2025-01-29;6;157
25;2025-01-29;7;519
25;2025-01-29;8;718
25;2025-01-29;9;338
25;2025-01-29;10;270
25;2025-01-29;11;259
25;2025-01-29;12;336
25;2025-01-29;13;390
25;2025-01-29;14;367
25;2025-01-29;15;377
25;2025-01-29;16;602
25;2025-01-29;17;717
25;2025-01-29;18;659
25;2025-01-29;19;463
25;2025-01-29;20;243
25;2025-01-29;21;148
25;2025-01-29;22;114
25;2025-01-29;23;2
25;2025-01-30;5;1
25;2025-01-30;6;121
25;2025-01-30;7;439
25;2025-01-30;8;754
25;2025-01-30;9;335
25;2025-01-30;10;266
25;2025-01-30;11;265
25;2025-01-30;12;249
25;2025-01-30;13;391
25;2025-01-30;14;332
25;2025-01-30;15;343
25;2025-01-30;16;544
25;2025-01-30;17;564
25;2025-01-30;18;640
25;2025-01-30;19;314
25;2025-01-30;20;281
25;2025-01-30;21;122
25;2025-01-30;22;122
25;2025-01-30;23;3
25;2025-01-31;6;146
25;2025-01-31;7;448
25;2025-01-31;8;722
25;2025-01-31;9;380
25;2025-01-31;10;302
25;2025-01-31;11;259
25;2025-01-31;12;316
25;2025-01-31;13;363
25;2025-01-31;14;340
25;2025-01-31;15;461
25;2025-01-31;16;620
25;2025-01-31;17;663
25;2025-01-31;18;542
25;2025-01-31;19;346
25;2025-01-31;20;238
25;2025-01-31;21;140
25;2025-01-31;22;117
25;2025-01-31;23;2
25;2025-02-01;5;1
25;2025-02-01;6;44
25;2025-02-01;7;128
25;2025-02-01;8;167
25;2025-02-01;9;193
25;2025-02-01;10;212
25;2025-02-01;11;293
25;2025-02-01;12;289
25;2025-02-01;13;330
25;2025-02-01;14;400
25;2025-02-01;15;432
25;2025-02-01;16;363
25;2025-02-01;17;336
25;2025-02-01;18;304
25;2025-02-01;19;343
25;2025-02-01;20;157
25;2025-02-01;21;156
25;2025-02-01;22;91
25;2025-02-01;23;39
25;2025-02-02;0;10
25;2025-02-02;1;1
25;2025-02-02;5;1
25;2025-02-02;6;25
25;2025-02-02;7;73
25;2025-02-02;8;155
25;2025-02-02;9;182
25;2025-02-02;10;125
25;2025-02-02;11;283
25;2025-02-02;12;326
25;2025-02-02;13;325
25;2025-02-02;14;326
25;2025-02-02;15;348
25;2025-02-02;16;343
25;2025-02-02;17;375
25;2025-02-02;18;299
25;2025-02-02;19;216
25;2025-02-02;20;164
25;2025-02-02;21;130
25;2025-02-02;22;65
25;2025-02-02;23;45
25;2025-02-03;0;8
25;2025-02-03;6;168
25;2025-02-03;7;460
25;2025-02-03;8;779
25;2025-02-03;9;316
25;2025-02-03;10;222
25;2025-02-03;11;227
25;2025-02-03;12;270
25;2025-02-03;13;269
25;2025-02-03;14;335
25;2025-02-03;15;326
25;2025-02-03;16;557
25;2025-02-03;17;642
25;2025-02-03;18;657
25;2025-02-03;19;366
25;2025-02-03;20;182
25;2025-02-03;21;132
25;2025-02-03;22;72
25;2025-02-03;23;1
25;2025-02-04;5;1
25;2025-02-04;6;167
25;2025-02-04;7;524
25;2025-02-04;8;764
25;2025-02-04;9;377
25;2025-02-04;10;276
25;2025-02-04;11;261
25;2025-02-04;12;318
25;2025-02-04;13;270
25;2025-02-04;14;320
25;2025-02-04;15;388
25;2025-02-04;16;557
25;2025-02-04;17;585
25;2025-02-04;18;660
25;2025-02-04;19;493
25;2025-02-04;20;259
25;2025-02-04;21;197
25;2025-02-04;22;84
25;2025-02-04;23;7
25;2025-02-05;5;6
25;2025-02-05;6;160
25;2025-02-05;7;472
25;2025-02-05;8;627
25;2025-02-05;9;395
25;2025-02-05;10;302
25;2025-02-05;11;259
25;2025-02-05;12;274
25;2025-02-05;13;333
25;2025-02-05;14;312
25;2025-02-05;15;338
25;2025-02-05;16;488
25;2025-02-05;17;559
25;2025-02-05;18;610
25;2025-02-05;19;310
25;2025-02-05;20;265
25;2025-02-05;21;138
25;2025-02-05;22;86
25;2025-02-05;23;4
25;2025-02-06;6;146
25;2025-02-06;7;578
25;2025-02-06;8;897
25;2025-02-06;9;460
25;2025-02-06;10;339
25;2025-02-06;11;350
25;2025-02-06;12;402
25;2025-02-06;13;462
25;2025-02-06;14;459
25;2025-02-06;15;576
25;2025-02-06;16;613
25;2025-02-06;17;758
25;2025-02-06;18;746
25;2025-02-06;19;480
25;2025-02-06;20;288
25;2025-02-06;21;183
25;2025-02-06;22;122
25;2025-02-06;23;2
25;2025-02-07;5;1
25;2025-02-07;6;156
25;2025-02-07;7;496
25;2025-02-07;8;798
25;2025-02-07;9;406
25;2025-02-07;10;326
25;2025-02-07;11;329
25;2025-02-07;12;379
25;2025-02-07;13;418
25;2025-02-07;14;385
25;2025-02-07;15;524
25;2025-02-07;16;779
25;2025-02-07;17;732
25;2025-02-07;18;621
25;2025-02-07;19;368
25;2025-02-07;20;234
25;2025-02-07;21;170
25;2025-02-07;22;129
25;2025-02-07;23;4
25;2025-02-08;5;1
25;2025-02-08;6;52
25;2025-02-08;7;99
25;2025-02-08;8;281
25;2025-02-08;9;250
25;2025-02-08;10;231
25;2025-02-08;11;299
25;2025-02-08;12;314
25;2025-02-08;13;470
25;2025-02-08;14;456
25;2025-02-08;15;581
25;2025-02-08;16;460
25;2025-02-08;17;370
25;2025-02-08;18;370
25;2025-02-08;19;272
25;2025-02-08;20;241
25;2025-02-08;21;194
25;2025-02-08;22;105
25;2025-02-08;23;50
25;2025-02-09;0;12
25;2025-02-09;6;36
25;2025-02-09;7;88
25;2025-02-09;8;148
25;2025-02-09;9;171
25;2025-02-09;10;174
25;2025-02-09;11;254
25;2025-02-09;12;254
25;2025-02-09;13;276
25;2025-02-09;14;342
25;2025-02-09;15;330
25;2025-02-09;16;350
25;2025-02-09;17;288
25;2025-02-09;18;300
25;2025-02-09;19;251
25;2025-02-09;20;129
25;2025-02-09;21;166
25;2025-02-09;22;92
25;2025-02-09;23;43
25;2025-02-10;0;7
25;2025-02-10;6;137
25;2025-02-10;7;566
25;2025-02-10;8;846
25;2025-02-10;9;478
25;2025-02-10;10;324
25;2025-02-10;11;424
25;2025-02-10;12;433
25;2025-02-10;13;633
25;2025-02-10;14;548
25;2025-02-10;15;559
25;2025-02-10;16;694
25;2025-02-10;17;753
25;2025-02-10;18;1044
25;2025-02-10;19;604
25;2025-02-10;20;239
25;2025-02-10;21;168
25;2025-02-10;22;121
25;2025-02-10;23;40
25;2025-02-11;0;9
25;2025-02-11;5;8
25;2025-02-11;6;176
25;2025-02-11;7;641
25;2025-02-11;8;1048
25;2025-02-11;9;520
25;2025-02-11;10;331
25;2025-02-11;11;491
25;2025-02-11;12;424
25;2025-02-11;13;542
25;2025-02-11;14;499
25;2025-02-11;15;612
25;2025-02-11;16;765
25;2025-02-11;17;729
25;2025-02-11;18;778
25;2025-02-11;19;561
25;2025-02-11;20;254
25;2025-02-11;21;111
25;2025-02-11;22;119
25;2025-02-11;23;1
25;2025-02-12;5;5
25;2025-02-12;6;207
25;2025-02-12;7;573
25;2025-02-12;8;911
25;2025-02-12;9;547
25;2025-02-12;10;377
25;2025-02-12;11;359
25;2025-02-12;12;436
25;2025-02-12;13;554
25;2025-02-12;14;411
25;2025-02-12;15;504
25;2025-02-12;16;750
25;2025-02-12;17;748
25;2025-02-12;18;796
25;2025-02-12;19;473
25;2025-02-12;20;309
25;2025-02-12;21;203
25;2025-02-12;22;108
25;2025-02-12;23;12
25;2025-02-13;5;5
25;2025-02-13;6;147
25;2025-02-13;7;560
25;2025-02-13;8;903
25;2025-02-13;9;435
25;2025-02-13;10;332
25;2025-02-13;11;370
25;2025-02-13;12;356
25;2025-02-13;13;443
25;2025-02-13;14;445
25;2025-02-13;15;470
25;2025-02-13;16;683
25;2025-02-13;17;767
25;2025-02-13;18;757
25;2025-02-13;19;437
25;2025-02-13;20;278
25;2025-02-13;21;144
25;2025-02-13;22;134
25;2025-02-13;23;4
25;2025-02-14;6;148
25;2025-02-14;7;486
25;2025-02-14;8;869
25;2025-02-14;9;376
25;2025-02-14;10;285
25;2025-02-14;11;409
25;2025-02-14;12;465
25;2025-02-14;13;520
25;2025-02-14;14;385
25;2025-02-14;15;567
25;2025-02-14;16;716
25;2025-02-14;17;650
25;2025-02-14;18;590
25;2025-02-14;19;534
25;2025-02-14;20;375
25;2025-02-14;21;206
25;2025-02-14;22;187
25;2025-02-14;23;67
25;2025-02-15;0;24
25;2025-02-15;6;58
25;2025-02-15;7;110
25;2025-02-15;8;273
25;2025-02-15;9;219
25;2025-02-15;10;252
25;2025-02-15;11;279
25;2025-02-15;12;333
25;2025-02-15;13;467
25;2025-02-15;14;376
25;2025-02-15;15;497
25;2025-02-15;16;423
25;2025-02-15;17;409
25;2025-02-15;18;321
25;2025-02-15;19;266
25;2025-02-15;20;183
25;2025-02-15;21;148
25;2025-02-15;22;104
25;2025-02-15;23;37
25;2025-02-16;0;14
25;2025-02-16;5;1
25;2025-02-16;6;48
25;2025-02-16;7;83
25;2025-02-16;8;180
25;2025-02-16;9;149
25;2025-02-16;10;149
25;2025-02-16;11;215
25;2025-02-16;12;241
25;2025-02-16;13;296
25;2025-02-16;14;295
25;2025-02-16;15;367
25;2025-02-16;16;310
25;2025-02-16;17;281
25;2025-02-16;18;296
25;2025-02-16;19;251
25;2025-02-16;20;153
25;2025-02-16;21;136
25;2025-02-16;22;95
25;2025-02-16;23;29
25;2025-02-17;0;14
25;2025-02-17;6;142
25;2025-02-17;7;457
25;2025-02-17;8;752
25;2025-02-17;9;399
25;2025-02-17;10;261
25;2025-02-17;11;359
25;2025-02-17;12;346
25;2025-02-17;13;381
25;2025-02-17;14;358
25;2025-02-17;15;399
25;2025-02-17;16;588
25;2025-02-17;17;774
25;2025-02-17;18;648
25;2025-02-17;19;481
25;2025-02-17;20;209
25;2025-02-17;21;150
25;2025-02-17;22;134
25;2025-02-17;23;9
25;2025-02-18;0;7
25;2025-02-18;1;1
25;2025-02-18;5;3
25;2025-02-18;6;142
25;2025-02-18;7;477
25;2025-02-18;8;713
25;2025-02-18;9;517
25;2025-02-18;10;297
25;2025-02-18;11;390
25;2025-02-18;12;359
25;2025-02-18;13;386
25;2025-02-18;14;394
25;2025-02-18;15;395
25;2025-02-18;16;667
25;2025-02-18;17;730
25;2025-02-18;18;871
25;2025-02-18;19;521
25;2025-02-18;20;322
25;2025-02-18;21;166
25;2025-02-18;22;230
25;2025-02-18;23;22
25;2025-02-19;0;1
25;2025-02-19;5;1
25;2025-02-19;6;194
25;2025-02-19;7;424
25;2025-02-19;8;775
25;2025-02-19;9;446
25;2025-02-19;10;305
25;2025-02-19;11;355
25;2025-02-19;12;370
25;2025-02-19;13;418
25;2025-02-19;14;466
25;2025-02-19;15;476
25;2025-02-19;16;676
25;2025-02-19;17;629
25;2025-02-19;18;685
25;2025-02-19;19;452
25;2025-02-19;20;299
25;2025-02-19;21;186
25;2025-02-19;22;121
25;2025-02-19;23;3
25;2025-02-20;6;150
25;2025-02-20;7;560
25;2025-02-20;8;887
25;2025-02-20;9;487
25;2025-02-20;10;403
25;2025-02-20;11;419
25;2025-02-20;12;375
25;2025-02-20;13;500
25;2025-02-20;14;442
25;2025-02-20;15;466
25;2025-02-20;16;591
25;2025-02-20;17;664
25;2025-02-20;18;820
25;2025-02-20;19;493
25;2025-02-20;20;264
25;2025-02-20;21;169
25;2025-02-20;22;134
25;2025-02-20;23;6
25;2025-02-21;6;153
25;2025-02-21;7;504
25;2025-02-21;8;826
25;2025-02-21;9;354
25;2025-02-21;10;314
25;2025-02-21;11;297
25;2025-02-21;12;348
25;2025-02-21;13;457
25;2025-02-21;14;525
25;2025-02-21;15;618
25;2025-02-21;16;677
25;2025-02-21;17;791
25;2025-02-21;18;628
25;2025-02-21;19;374
25;2025-02-21;20;253
25;2025-02-21;21;166
25;2025-02-21;22;108
25;2025-02-22;5;2
25;2025-02-22;6;44
25;2025-02-22;7;115
25;2025-02-22;8;271
25;2025-02-22;9;226
25;2025-02-22;10;264
25;2025-02-22;11;344
25;2025-02-22;12;311
25;2025-02-22;13;477
25;2025-02-22;14;439
25;2025-02-22;15;555
25;2025-02-22;16;521
25;2025-02-22;17;447
25;2025-02-22;18;346
25;2025-02-22;19;366
25;2025-02-22;20;188
25;2025-02-22;21;173
25;2025-02-22;22;114
25;2025-02-22;23;57
25;2025-02-23;0;29
25;2025-02-23;5;1
25;2025-02-23;6;35
25;2025-02-23;7;77
25;2025-02-23;8;178
25;2025-02-23;9;184
25;2025-02-23;10;221
25;2025-02-23;11;245
25;2025-02-23;12;397
25;2025-02-23;13;316
25;2025-02-23;14;379
25;2025-02-23;15;470
25;2025-02-23;16;414
25;2025-02-23;17;323
25;2025-02-23;18;351
25;2025-02-23;19;280
25;2025-02-23;20;185
25;2025-02-23;21;210
25;2025-02-23;22;112
25;2025-02-23;23;41
25;2025-02-24;0;15
25;2025-02-24;5;6
25;2025-02-24;6;159
25;2025-02-24;7;538
25;2025-02-24;8;899
25;2025-02-24;9;440
25;2025-02-24;10;293
25;2025-02-24;11;319
25;2025-02-24;12;383
25;2025-02-24;13;466
25;2025-02-24;14;339
25;2025-02-24;15;485
25;2025-02-24;16;584
25;2025-02-24;17;680
25;2025-02-24;18;727
25;2025-02-24;19;374
25;2025-02-24;20;269
25;2025-02-24;21;162
25;2025-02-24;22;116
25;2025-02-25;5;2
25;2025-02-25;6;159
25;2025-02-25;7;611
25;2025-02-25;8;811
25;2025-02-25;9;487
25;2025-02-25;10;390
25;2025-02-25;11;422
25;2025-02-25;12;351
25;2025-02-25;13;409
25;2025-02-25;14;459
25;2025-02-25;15;467
25;2025-02-25;16;739
25;2025-02-25;17;639
25;2025-02-25;18;646
25;2025-02-25;19;448
25;2025-02-25;20;264
25;2025-02-25;21;136
25;2025-02-25;22;106
25;2025-02-25;23;12
25;2025-02-26;6;158
25;2025-02-26;7;461
25;2025-02-26;8;988
25;2025-02-26;9;426
25;2025-02-26;10;285
25;2025-02-26;11;442
25;2025-02-26;12;359
25;2025-02-26;13;443
25;2025-02-26;14;356
25;2025-02-26;15;435
25;2025-02-26;16;647
25;2025-02-26;17;673
25;2025-02-26;18;768
25;2025-02-26;19;451
25;2025-02-26;20;308
25;2025-02-26;21;174
25;2025-02-26;22;106
25;2025-02-26;23;1
25;2025-02-27;5;5
25;2025-02-27;6;180
25;2025-02-27;7;560
25;2025-02-27;8;896
25;2025-02-27;9;578
25;2025-02-27;10;345
25;2025-02-27;11;444
25;2025-02-27;12;433
25;2025-02-27;13;420
25;2025-02-27;14;417
25;2025-02-27;15;558
25;2025-02-27;16;726
25;2025-02-27;17;915
25;2025-02-27;18;913
25;2025-02-27;19;502
25;2025-02-27;20;401
25;2025-02-27;21;217
25;2025-02-27;22;218
25;2025-02-27;23;31
25;2025-02-28;6;132
25;2025-02-28;7;550
25;2025-02-28;8;973
25;2025-02-28;9;401
25;2025-02-28;10;409
25;2025-02-28;11;403
25;2025-02-28;12;378
25;2025-02-28;13;497
25;2025-02-28;14;457
25;2025-02-28;15;453
25;2025-02-28;16;821
25;2025-02-28;17;785
25;2025-02-28;18;660
25;2025-02-28;19;345
25;2025-02-28;20;208
25;2025-02-28;21;162
25;2025-02-28;22;168
25;2025-02-28;23;16
25;2025-03-01;6;45
25;2025-03-01;7;140
25;2025-03-01;8;246
25;2025-03-01;9;255
25;2025-03-01;10;237
25;2025-03-01;11;396
25;2025-03-01;12;338
25;2025-03-01;13;470
25;2025-03-01;14;589
25;2025-03-01;15;597
25;2025-03-01;16;534
25;2025-03-01;17;449
25;2025-03-01;18;366
25;2025-03-01;19;339
25;2025-03-01;20;276
25;2025-03-01;21;185
25;2025-03-01;22;140
25;2025-03-01;23;75
25;2025-03-02;0;10
25;2025-03-02;1;1
25;2025-03-02;5;7
25;2025-03-02;6;37
25;2025-03-02;7;85
25;2025-03-02;8;177
25;2025-03-02;9;204
25;2025-03-02;10;212
25;2025-03-02;11;247
25;2025-03-02;12;298
25;2025-03-02;13;342
25;2025-03-02;14;451
25;2025-03-02;15;390
25;2025-03-02;16;438
25;2025-03-02;17;371
25;2025-03-02;18;349
25;2025-03-02;19;329
25;2025-03-02;20;176
25;2025-03-02;21;189
25;2025-03-02;22;99
25;2025-03-02;23;35
25;2025-03-03;0;4
25;2025-03-03;1;1
25;2025-03-03;5;1
25;2025-03-03;6;146
25;2025-03-03;7;561
25;2025-03-03;8;843
25;2025-03-03;9;470
25;2025-03-03;10;346
25;2025-03-03;11;407
25;2025-03-03;12;367
25;2025-03-03;13;485
25;2025-03-03;14;361
25;2025-03-03;15;450
25;2025-03-03;16;669
25;2025-03-03;17;686
25;2025-03-03;18;732
25;2025-03-03;19;505
25;2025-03-03;20;282
25;2025-03-03;21;232
25;2025-03-03;22;133
25;2025-03-03;23;2
25;2025-03-04;6;132
25;2025-03-04;7;497
25;2025-03-04;8;795
25;2025-03-04;9;543
25;2025-03-04;10;299
25;2025-03-04;11;403
25;2025-03-04;12;335
25;2025-03-04;13;416
25;2025-03-04;14;356
25;2025-03-04;15;490
25;2025-03-04;16;605
25;2025-03-04;17;670
25;2025-03-04;18;869
25;2025-03-04;19;446
25;2025-03-04;20;207
25;2025-03-04;21;170
25;2025-03-04;22;117
25;2025-03-04;23;10
25;2025-03-05;5;1
25;2025-03-05;6;141
25;2025-03-05;7;481
25;2025-03-05;8;913
25;2025-03-05;9;518
25;2025-03-05;10;330
25;2025-03-05;11;369
25;2025-03-05;12;357
25;2025-03-05;13;477
25;2025-03-05;14;417
25;2025-03-05;15;394
25;2025-03-05;16;643
25;2025-03-05;17;644
25;2025-03-05;18;709
25;2025-03-05;19;427
25;2025-03-05;20;333
25;2025-03-05;21;164
25;2025-03-05;22;119
25;2025-03-05;23;4
25;2025-03-06;5;6
25;2025-03-06;6;143
25;2025-03-06;7;488
25;2025-03-06;8;911
25;2025-03-06;9;494
25;2025-03-06;10;381
25;2025-03-06;11;383
25;2025-03-06;12;319
25;2025-03-06;13;410
25;2025-03-06;14;489
25;2025-03-06;15;446
25;2025-03-06;16;554
25;2025-03-06;17;731
25;2025-03-06;18;703
25;2025-03-06;19;371
25;2025-03-06;20;278
25;2025-03-06;21;156
25;2025-03-06;22;142
25;2025-03-06;23;5
25;2025-03-07;5;1
25;2025-03-07;6;156
25;2025-03-07;7;516
25;2025-03-07;8;917
25;2025-03-07;9;428
25;2025-03-07;10;365
25;2025-03-07;11;410
25;2025-03-07;12;415
25;2025-03-07;13;612
25;2025-03-07;14;591
25;2025-03-07;15;633
25;2025-03-07;16;689
25;2025-03-07;17;718
25;2025-03-07;18;442
25;2025-03-07;19;339
25;2025-03-07;20;281
25;2025-03-07;21;202
25;2025-03-07;22;172
25;2025-03-07;23;10
25;2025-03-08;6;54
25;2025-03-08;7;101
25;2025-03-08;8;154
25;2025-03-08;9;173
25;2025-03-08;10;238
25;2025-03-08;11;312
25;2025-03-08;12;382
25;2025-03-08;13;511
25;2025-03-08;14;645
25;2025-03-08;15;639
25;2025-03-08;16;645
25;2025-03-08;17;510
25;2025-03-08;18;483
25;2025-03-08;19;420
25;2025-03-08;20;336
25;2025-03-08;21;176
25;2025-03-08;22;109
25;2025-03-08;23;90
25;2025-03-09;0;49
25;2025-03-09;1;1
25;2025-03-09;5;3
25;2025-03-09;6;26
25;2025-03-09;7;77
25;2025-03-09;8;193
25;2025-03-09;9;162
25;2025-03-09;10;215
25;2025-03-09;11;329
25;2025-03-09;12;317
25;2025-03-09;13;425
25;2025-03-09;14;609
25;2025-03-09;15;540
25;2025-03-09;16;460
25;2025-03-09;17;436
25;2025-03-09;18;422
25;2025-03-09;19;321
25;2025-03-09;20;248
25;2025-03-09;21;153
25;2025-03-09;22;85
25;2025-03-09;23;43
25;2025-03-10;0;11
25;2025-03-10;1;1
25;2025-03-10;5;1
25;2025-03-10;6;163
25;2025-03-10;7;574
25;2025-03-10;8;922
25;2025-03-10;9;462
25;2025-03-10;10;302
25;2025-03-10;11;402
25;2025-03-10;12;366
25;2025-03-10;13;478
25;2025-03-10;14;397
25;2025-03-10;15;485
25;2025-03-10;16;715
25;2025-03-10;17;722
25;2025-03-10;18;814
25;2025-03-10;19;406
25;2025-03-10;20;199
25;2025-03-10;21;194
25;2025-03-10;22;139
25;2025-03-10;23;6
25;2025-03-11;6;153
25;2025-03-11;7;509
25;2025-03-11;8;823
25;2025-03-11;9;481
25;2025-03-11;10;452
25;2025-03-11;11;378
25;2025-03-11;12;339
25;2025-03-11;13;479
25;2025-03-11;14;361
25;2025-03-11;15;431
25;2025-03-11;16;665
25;2025-03-11;17;673
25;2025-03-11;18;685
25;2025-03-11;19;455
25;2025-03-11;20;252
25;2025-03-11;21;159
25;2025-03-11;22;120
25;2025-03-11;23;5
25;2025-03-12;5;2
25;2025-03-12;6;147
25;2025-03-12;7;537
25;2025-03-12;8;813
25;2025-03-12;9;461
25;2025-03-12;10;366
25;2025-03-12;11;323
25;2025-03-12;12;466
25;2025-03-12;13;530
25;2025-03-12;14;456
25;2025-03-12;15;444
25;2025-03-12;16;598
25;2025-03-12;17;708
25;2025-03-12;18;805
25;2025-03-12;19;477
25;2025-03-12;20;315
25;2025-03-12;21;200
25;2025-03-12;22;138
25;2025-03-12;23;9
25;2025-03-13;5;1
25;2025-03-13;6;116
25;2025-03-13;7;515
25;2025-03-13;8;959
25;2025-03-13;9;598
25;2025-03-13;10;392
25;2025-03-13;11;498
25;2025-03-13;12;449
25;2025-03-13;13;495
25;2025-03-13;14;481
25;2025-03-13;15;521
25;2025-03-13;16;762
25;2025-03-13;17;796
25;2025-03-13;18;780
25;2025-03-13;19;439
25;2025-03-13;20;283
25;2025-03-13;21;198
25;2025-03-13;22;167
25;2025-03-13;23;23
25;2025-03-14;0;9
25;2025-03-14;6;87
25;2025-03-14;7;425
25;2025-03-14;8;753
25;2025-03-14;9;431
25;2025-03-14;10;431
25;2025-03-14;11;532
25;2025-03-14;12;409
25;2025-03-14;13;524
25;2025-03-14;14;509
25;2025-03-14;15;576
25;2025-03-14;16;767
25;2025-03-14;17;663
25;2025-03-14;18;652
25;2025-03-14;19;374
25;2025-03-14;20;315
25;2025-03-14;21;252
25;2025-03-14;22;132
25;2025-03-14;23;4
25;2025-03-15;6;44
25;2025-03-15;7;137
25;2025-03-15;8;226
25;2025-03-15;9;234
25;2025-03-15;10;213
25;2025-03-15;11;321
25;2025-03-15;12;329
25;2025-03-15;13;463
25;2025-03-15;14;395
25;2025-03-15;15;460
25;2025-03-15;16;443
25;2025-03-15;17;401
25;2025-03-15;18;382
25;2025-03-15;19;318
25;2025-03-15;20;208
25;2025-03-15;21;198
25;2025-03-15;22;137
25;2025-03-15;23;49
25;2025-03-16;0;13
25;2025-03-16;1;1
25;2025-03-16;5;1
25;2025-03-16;6;41
25;2025-03-16;7;87
25;2025-03-16;8;152
25;2025-03-16;9;186
25;2025-03-16;10;235
25;2025-03-16;11;346
25;2025-03-16;12;392
25;2025-03-16;13;438
25;2025-03-16;14;503
25;2025-03-16;15;538
25;2025-03-16;16;453
25;2025-03-16;17;441
25;2025-03-16;18;382
25;2025-03-16;19;361
25;2025-03-16;20;193
25;2025-03-16;21;190
25;2025-03-16;22;90
25;2025-03-16;23;43
25;2025-03-17;0;20
25;2025-03-17;6;136
25;2025-03-17;7;621
25;2025-03-17;8;956
25;2025-03-17;9;379
25;2025-03-17;10;307
25;2025-03-17;11;298
25;2025-03-17;12;287
25;2025-03-17;13;415
25;2025-03-17;14;390
25;2025-03-17;15;446
25;2025-03-17;16;712
25;2025-03-17;17;645
25;2025-03-17;18;788
25;2025-03-17;19;374
25;2025-03-17;20;263
25;2025-03-17;21;176
25;2025-03-17;22;136
25;2025-03-17;23;6
25;2025-03-18;5;1
25;2025-03-18;6;149
25;2025-03-18;7;618
25;2025-03-18;8;849
25;2025-03-18;9;448
25;2025-03-18;10;418
25;2025-03-18;11;367
25;2025-03-18;12;305
25;2025-03-18;13;387
25;2025-03-18;14;315
25;2025-03-18;15;425
25;2025-03-18;16;558
25;2025-03-18;17;676
25;2025-03-18;18;738
25;2025-03-18;19;415
25;2025-03-18;20;293
25;2025-03-18;21;133
25;2025-03-18;22;114
25;2025-03-18;23;1
25;2025-03-19;5;2
25;2025-03-19;6;161
25;2025-03-19;7;546
25;2025-03-19;8;865
25;2025-03-19;9;452
25;2025-03-19;10;317
25;2025-03-19;11;423
25;2025-03-19;12;355
25;2025-03-19;13;447
25;2025-03-19;14;384
25;2025-03-19;15;461
25;2025-03-19;16;657
25;2025-03-19;17;712
25;2025-03-19;18;758
25;2025-03-19;19;405
25;2025-03-19;20;265
25;2025-03-19;21;145
25;2025-03-19;22;131
25;2025-03-20;5;1
25;2025-03-20;6;157
25;2025-03-20;7;480
25;2025-03-20;8;965
25;2025-03-20;9;427
25;2025-03-20;10;377
25;2025-03-20;11;440
25;2025-03-20;12;360
25;2025-03-20;13;563
25;2025-03-20;14;400
25;2025-03-20;15;398
25;2025-03-20;16;767
25;2025-03-20;17;722
25;2025-03-20;18;898
25;2025-03-20;19;523
25;2025-03-20;20;292
25;2025-03-20;21;203
25;2025-03-20;22;129
25;2025-03-20;23;24
25;2025-03-21;5;2
25;2025-03-21;6;141
25;2025-03-21;7;520
25;2025-03-21;8;798
25;2025-03-21;9;420
25;2025-03-21;10;363
25;2025-03-21;11;321
25;2025-03-21;12;408
25;2025-03-21;13;481
25;2025-03-21;14;613
25;2025-03-21;15;571
25;2025-03-21;16;822
25;2025-03-21;17;798
25;2025-03-21;18;591
25;2025-03-21;19;405
25;2025-03-21;20;254
25;2025-03-21;21;194
25;2025-03-21;22;163
25;2025-03-21;23;8
25;2025-03-22;6;60
25;2025-03-22;7;105
25;2025-03-22;8;372
25;2025-03-22;9;208
25;2025-03-22;10;238
25;2025-03-22;11;359
25;2025-03-22;12;467
25;2025-03-22;13;463
25;2025-03-22;14;500
25;2025-03-22;15;638
25;2025-03-22;16;568
25;2025-03-22;17;458
25;2025-03-22;18;437
25;2025-03-22;19;326
25;2025-03-22;20;224
25;2025-03-22;21;205
25;2025-03-22;22;127
25;2025-03-22;23;48
25;2025-03-23;0;16
25;2025-03-23;5;2
25;2025-03-23;6;38
25;2025-03-23;7;81
25;2025-03-23;8;192
25;2025-03-23;9;224
25;2025-03-23;10;200
25;2025-03-23;11;306
25;2025-03-23;12;300
25;2025-03-23;13;468
25;2025-03-23;14;461
25;2025-03-23;15;539
25;2025-03-23;16;488
25;2025-03-23;17;427
25;2025-03-23;18;368
25;2025-03-23;19;330
25;2025-03-23;20;230
25;2025-03-23;21;197
25;2025-03-23;22;116
25;2025-03-23;23;35
25;2025-03-24;0;12
25;2025-03-24;5;1
25;2025-03-24;6;146
25;2025-03-24;7;503
25;2025-03-24;8;817
25;2025-03-24;9;356
25;2025-03-24;10;336
25;2025-03-24;11;294
25;2025-03-24;12;381
25;2025-03-24;13;458
25;2025-03-24;14;337
25;2025-03-24;15;474
25;2025-03-24;16;616
25;2025-03-24;17;724
25;2025-03-24;18;908
25;2025-03-24;19;501
25;2025-03-24;20;362
25;2025-03-24;21;239
25;2025-03-24;22;100
25;2025-03-24;23;33
25;2025-03-25;0;1
25;2025-03-25;1;1
25;2025-03-25;5;1
25;2025-03-25;6;161
25;2025-03-25;7;497
25;2025-03-25;8;936
25;2025-03-25;9;472
25;2025-03-25;10;513
25;2025-03-25;11;499
25;2025-03-25;12;300
25;2025-03-25;13;334
25;2025-03-25;14;404
25;2025-03-25;15;452
25;2025-03-25;16;623
25;2025-03-25;17;669
25;2025-03-25;18;721
25;2025-03-25;19;460
25;2025-03-25;20;239
25;2025-03-25;21;185
25;2025-03-25;22;117
25;2025-03-25;23;1
25;2025-03-26;5;3
25;2025-03-26;6;138
25;2025-03-26;7;526
25;2025-03-26;8;867
25;2025-03-26;9;429
25;2025-03-26;10;296
25;2025-03-26;11;331
25;2025-03-26;12;355
25;2025-03-26;13;463
25;2025-03-26;14;440
25;2025-03-26;15;474
25;2025-03-26;16;637
25;2025-03-26;17;772
25;2025-03-26;18;745
25;2025-03-26;19;400
25;2025-03-26;20;345
25;2025-03-26;21;149
25;2025-03-26;22;147
25;2025-03-26;23;2
25;2025-03-27;5;3
25;2025-03-27;6;133
25;2025-03-27;7;520
25;2025-03-27;8;959
25;2025-03-27;9;449
25;2025-03-27;10;388
25;2025-03-27;11;431
25;2025-03-27;12;431
25;2025-03-27;13;519
25;2025-03-27;14;409
25;2025-03-27;15;497
25;2025-03-27;16;641
25;2025-03-27;17;764
25;2025-03-27;18;698
25;2025-03-27;19;492
25;2025-03-27;20;287
25;2025-03-27;21;202
25;2025-03-27;22;112
25;2025-03-27;23;12
25;2025-03-28;5;2
25;2025-03-28;6;130
25;2025-03-28;7;481
25;2025-03-28;8;833
25;2025-03-28;9;422
25;2025-03-28;10;335
25;2025-03-28;11;370
25;2025-03-28;12;369
25;2025-03-28;13;451
25;2025-03-28;14;425
25;2025-03-28;15;509
25;2025-03-28;16;726
25;2025-03-28;17;850
25;2025-03-28;18;627
25;2025-03-28;19;436
25;2025-03-28;20;291
25;2025-03-28;21;236
25;2025-03-28;22;178
25;2025-03-28;23;6
25;2025-03-29;5;1
25;2025-03-29;6;49
25;2025-03-29;7;116
25;2025-03-29;8;288
25;2025-03-29;9;232
25;2025-03-29;10;291
25;2025-03-29;11;356
25;2025-03-29;12;473
25;2025-03-29;13;632
25;2025-03-29;14;637
25;2025-03-29;15;630
25;2025-03-29;16;675
25;2025-03-29;17;478
25;2025-03-29;18;447
25;2025-03-29;19;458
25;2025-03-29;20;257
25;2025-03-29;21;182
25;2025-03-29;22;129
25;2025-03-29;23;41
25;2025-03-30;0;19
25;2025-03-30;5;5
25;2025-03-30;6;75
25;2025-03-30;7;88
25;2025-03-30;8;224
25;2025-03-30;9;240
25;2025-03-30;10;257
25;2025-03-30;11;258
25;2025-03-30;12;334
25;2025-03-30;13;473
25;2025-03-30;14;451
25;2025-03-30;15;579
25;2025-03-30;16;528
25;2025-03-30;17;435
25;2025-03-30;18;453
25;2025-03-30;19;321
25;2025-03-30;20;206
25;2025-03-30;21;241
25;2025-03-30;22;129
25;2025-03-30;23;37
25;2025-03-31;0;15
25;2025-03-31;5;2
25;2025-03-31;6;209
25;2025-03-31;7;464
25;2025-03-31;8;718
25;2025-03-31;9;547
25;2025-03-31;10;503
25;2025-03-31;11;388
25;2025-03-31;12;490
25;2025-03-31;13;675
25;2025-03-31;14;594
25;2025-03-31;15;542
25;2025-03-31;16;820
25;2025-03-31;17;843
25;2025-03-31;18;946
25;2025-03-31;19;504
25;2025-03-31;20;385
25;2025-03-31;21;292
25;2025-03-31;22;162
25;2025-03-31;23;33
25;2025-04-01;5;21
25;2025-04-01;6;236
25;2025-04-01;7;407
25;2025-04-01;8;764
25;2025-04-01;9;597
25;2025-04-01;10;253
25;2025-04-01;11;470
25;2025-04-01;12;360
25;2025-04-01;13;474
25;2025-04-01;14;291
25;2025-04-01;15;430
25;2025-04-01;16;424
25;2025-04-01;17;682
25;2025-04-01;18;827
25;2025-04-01;19;595
25;2025-04-01;20;414
25;2025-04-01;21;328
25;2025-04-01;22;148
25;2025-04-01;23;80
25;2025-04-02;0;37
25;2025-04-02;5;2
25;2025-04-02;6;452
25;2025-04-02;7;1004
25;2025-04-02;8;1626
25;2025-04-02;9;1068
25;2025-04-02;10;934
25;2025-04-02;11;900
25;2025-04-02;12;860
25;2025-04-02;13;1017
25;2025-04-02;14;887
25;2025-04-02;15;1156
25;2025-04-02;16;678
25;2025-04-02;17;725
25;2025-04-02;18;1078
25;2025-04-02;19;662
25;2025-04-02;20;636
25;2025-04-02;21;334
25;2025-04-02;22;149
25;2025-04-02;23;14
25;2025-04-03;4;4
25;2025-04-03;5;35
25;2025-04-03;6;261
25;2025-04-03;7;395
25;2025-04-03;8;627
25;2025-04-03;9;393
25;2025-04-03;10;335
25;2025-04-03;11;263
25;2025-04-03;12;295
25;2025-04-03;13;283
25;2025-04-03;14;335
25;2025-04-03;15;359
25;2025-04-03;16;434
25;2025-04-03;17;781
25;2025-04-03;18;847
25;2025-04-03;19;301
25;2025-04-03;20;404
25;2025-04-03;21;188
25;2025-04-03;22;85
25;2025-04-03;23;36
25;2025-04-04;0;11
25;2025-04-04;1;10
25;2025-04-04;4;1
25;2025-04-04;5;27
25;2025-04-04;6;302
25;2025-04-04;7;653
25;2025-04-04;8;1232
25;2025-04-04;9;889
25;2025-04-04;10;441
25;2025-04-04;11;633
25;2025-04-04;12;672
25;2025-04-04;13;666
25;2025-04-04;14;694
25;2025-04-04;15;670
25;2025-04-04;16;707
25;2025-04-04;17;685
25;2025-04-04;18;668
25;2025-04-04;19;513
25;2025-04-04;20;320
25;2025-04-04;21;322
25;2025-04-04;22;208
25;2025-04-04;23;90
25;2025-04-05;0;8
25;2025-04-05;1;4
25;2025-04-05;4;3
25;2025-04-05;5;7
25;2025-04-05;6;198
25;2025-04-05;7;126
25;2025-04-05;8;305
25;2025-04-05;9;410
25;2025-04-05;10;355
25;2025-04-05;11;432
25;2025-04-05;12;464
25;2025-04-05;13;380
25;2025-04-05;14;485
25;2025-04-05;15;390
25;2025-04-05;16;363
25;2025-04-05;17;421
25;2025-04-05;18;392
25;2025-04-05;19;359
25;2025-04-05;20;317
25;2025-04-05;21;138
25;2025-04-05;22;70
25;2025-04-05;23;31
25;2025-04-06;0;8
25;2025-04-06;1;3
25;2025-04-06;5;16
25;2025-04-06;6;68
25;2025-04-06;7;112
25;2025-04-06;8;111
25;2025-04-06;9;179
25;2025-04-06;10;110
25;2025-04-06;11;187
25;2025-04-06;12;155
25;2025-04-06;13;114
25;2025-04-06;14;196
25;2025-04-06;15;125
25;2025-04-06;16;70
25;2025-04-06;17;240
25;2025-04-06;18;266
25;2025-04-06;19;281
25;2025-04-06;20;208
25;2025-04-06;21;125
25;2025-04-06;22;172
25;2025-04-06;23;54
25;2025-04-07;0;13
25;2025-04-07;5;3
25;2025-04-07;6;144
25;2025-04-07;7;528
25;2025-04-07;8;914
25;2025-04-07;9;526
25;2025-04-07;10;403
25;2025-04-07;11;420
25;2025-04-07;12;380
25;2025-04-07;13;551
25;2025-04-07;14;344
25;2025-04-07;15;488
25;2025-04-07;16;554
25;2025-04-07;17;642
25;2025-04-07;18;741
25;2025-04-07;19;443
25;2025-04-07;20;288
25;2025-04-07;21;194
25;2025-04-07;22;82
25;2025-04-07;23;2
25;2025-04-08;5;2
25;2025-04-08;6;127
25;2025-04-08;7;450
25;2025-04-08;8;818
25;2025-04-08;9;496
25;2025-04-08;10;371
25;2025-04-08;11;415
25;2025-04-08;12;233
25;2025-04-08;13;260
25;2025-04-08;14;329
25;2025-04-08;15;497
25;2025-04-08;16;477
25;2025-04-08;17;516
25;2025-04-08;18;544
25;2025-04-08;19;374
25;2025-04-08;20;229
25;2025-04-08;21;136
25;2025-04-08;22;95
25;2025-04-08;23;4
25;2025-04-09;5;8
25;2025-04-09;6;205
25;2025-04-09;7;661
25;2025-04-09;8;1018
25;2025-04-09;9;683
25;2025-04-09;10;462
25;2025-04-09;11;471
25;2025-04-09;12;409
25;2025-04-09;13;548
25;2025-04-09;14;440
25;2025-04-09;15;529
25;2025-04-09;16;620
25;2025-04-09;17;647
25;2025-04-09;18;784
25;2025-04-09;19;550
25;2025-04-09;20;476
25;2025-04-09;21;239
25;2025-04-09;22;113
25;2025-04-09;23;7
25;2025-04-10;5;8
25;2025-04-10;6;150
25;2025-04-10;7;552
25;2025-04-10;8;1089
25;2025-04-10;9;424
25;2025-04-10;10;464
25;2025-04-10;11;365
25;2025-04-10;12;373
25;2025-04-10;13;492
25;2025-04-10;14;382
25;2025-04-10;15;438
25;2025-04-10;16;553
25;2025-04-10;17;663
25;2025-04-10;18;662
25;2025-04-10;19;449
25;2025-04-10;20;311
25;2025-04-10;21;225
25;2025-04-10;22;106
25;2025-04-10;23;9
25;2025-04-11;5;5
25;2025-04-11;6;128
25;2025-04-11;7;509
25;2025-04-11;8;725
25;2025-04-11;9;506
25;2025-04-11;10;300
25;2025-04-11;11;407
25;2025-04-11;12;380
25;2025-04-11;13;390
25;2025-04-11;14;399
25;2025-04-11;15;572
25;2025-04-11;16;581
25;2025-04-11;17;491
25;2025-04-11;18;468
25;2025-04-11;19;339
25;2025-04-11;20;273
25;2025-04-11;21;209
25;2025-04-11;22;140
25;2025-04-11;23;8
25;2025-04-12;0;2
25;2025-04-12;5;3
25;2025-04-12;6;78
25;2025-04-12;7;186
25;2025-04-12;8;276
25;2025-04-12;9;341
25;2025-04-12;10;292
25;2025-04-12;11;415
25;2025-04-12;12;420
25;2025-04-12;13;520
25;2025-04-12;14;530
25;2025-04-12;15;627
25;2025-04-12;16;519
25;2025-04-12;17;491
25;2025-04-12;18;439
25;2025-04-12;19;401
25;2025-04-12;20;220
25;2025-04-12;21;217
25;2025-04-12;22;155
25;2025-04-12;23;51
25;2025-04-13;0;9
25;2025-04-13;1;1
25;2025-04-13;5;10
25;2025-04-13;6;61
25;2025-04-13;7;138
25;2025-04-13;8;225
25;2025-04-13;9;273
25;2025-04-13;10;268
25;2025-04-13;11;339
25;2025-04-13;12;414
25;2025-04-13;13;451
25;2025-04-13;14;532
25;2025-04-13;15;613
25;2025-04-13;16;557
25;2025-04-13;17;504
25;2025-04-13;18;418
25;2025-04-13;19;375
25;2025-04-13;20;252
25;2025-04-13;21;165
25;2025-04-13;22;141
25;2025-04-13;23;46
25;2025-04-14;0;15
25;2025-04-14;5;5
25;2025-04-14;6;149
25;2025-04-14;7;531
25;2025-04-14;8;968
25;2025-04-14;9;430
25;2025-04-14;10;342
25;2025-04-14;11;393
25;2025-04-14;12;345
25;2025-04-14;13;471
25;2025-04-14;14;382
25;2025-04-14;15;457
25;2025-04-14;16;540
25;2025-04-14;17;670
25;2025-04-14;18;799
25;2025-04-14;19;493
25;2025-04-14;20;331
25;2025-04-14;21;179
25;2025-04-14;22;115
25;2025-04-14;23;9
25;2025-04-15;0;4
25;2025-04-15;5;6
25;2025-04-15;6;165
25;2025-04-15;7;634
25;2025-04-15;8;941
25;2025-04-15;9;547
25;2025-04-15;10;427
25;2025-04-15;11;556
25;2025-04-15;12;418
25;2025-04-15;13;488
25;2025-04-15;14;467
25;2025-04-15;15;674
25;2025-04-15;16;655
25;2025-04-15;17;804
25;2025-04-15;18;825
25;2025-04-15;19;461
25;2025-04-15;20;409
25;2025-04-15;21;234
25;2025-04-15;22;93
25;2025-04-15;23;6
25;2025-04-16;5;22
25;2025-04-16;6;163
25;2025-04-16;7;535
25;2025-04-16;8;989
25;2025-04-16;9;452
25;2025-04-16;10;426
25;2025-04-16;11;418
25;2025-04-16;12;457
25;2025-04-16;13;614
25;2025-04-16;14;583
25;2025-04-16;15;623
25;2025-04-16;16;678
25;2025-04-16;17;690
25;2025-04-16;18;792
25;2025-04-16;19;387
25;2025-04-16;20;409
25;2025-04-16;21;210
25;2025-04-16;22;161
25;2025-04-16;23;17
25;2025-04-17;5;7
25;2025-04-17;6;169
25;2025-04-17;7;497
25;2025-04-17;8;907
25;2025-04-17;9;484
25;2025-04-17;10;303
25;2025-04-17;11;323
25;2025-04-17;12;364
25;2025-04-17;13;444
25;2025-04-17;14;427
25;2025-04-17;15;601
25;2025-04-17;16;570
25;2025-04-17;17;607
25;2025-04-17;18;719
25;2025-04-17;19;473
25;2025-04-17;20;326
25;2025-04-17;21;285
25;2025-04-17;22;117
25;2025-04-17;23;9
25;2025-04-18;5;1
25;2025-04-18;6;181
25;2025-04-18;7;537
25;2025-04-18;8;799
25;2025-04-18;9;478
25;2025-04-18;10;355
25;2025-04-18;11;454
25;2025-04-18;12;469
25;2025-04-18;13;482
25;2025-04-18;14;426
25;2025-04-18;15;660
25;2025-04-18;16;615
25;2025-04-18;17;721
25;2025-04-18;18;510
25;2025-04-18;19;411
25;2025-04-18;20;355
25;2025-04-18;21;223
25;2025-04-18;22;108
25;2025-04-18;23;4
25;2025-04-19;6;44
25;2025-04-19;7;160
25;2025-04-19;8;352
25;2025-04-19;9;324
25;2025-04-19;10;271
25;2025-04-19;11;497
25;2025-04-19;12;448
25;2025-04-19;13;600
25;2025-04-19;14;575
25;2025-04-19;15;664
25;2025-04-19;16;620
25;2025-04-19;17;433
25;2025-04-19;18;599
25;2025-04-19;19;523
25;2025-04-19;20;338
25;2025-04-19;21;277
25;2025-04-19;22;159
25;2025-04-19;23;67
25;2025-04-20;0;23
25;2025-04-20;1;1
25;2025-04-20;5;2
25;2025-04-20;6;36
25;2025-04-20;7;82
25;2025-04-20;8;190
25;2025-04-20;9;230
25;2025-04-20;10;263
25;2025-04-20;11;393
25;2025-04-20;12;420
25;2025-04-20;13;546
25;2025-04-20;14;597
25;2025-04-20;15;697
25;2025-04-20;16;489
25;2025-04-20;17;553
25;2025-04-20;18;569
25;2025-04-20;19;427
25;2025-04-20;20;298
25;2025-04-20;21;202
25;2025-04-20;22;146
25;2025-04-20;23;49
25;2025-04-21;0;6
25;2025-04-21;5;6
25;2025-04-21;6;146
25;2025-04-21;7;473
25;2025-04-21;8;851
25;2025-04-21;9;470
25;2025-04-21;10;361
25;2025-04-21;11;437
25;2025-04-21;12;467
25;2025-04-21;13;560
25;2025-04-21;14;476
25;2025-04-21;15;490
25;2025-04-21;16;636
25;2025-04-21;17;700
25;2025-04-21;18;704
25;2025-04-21;19;399
25;2025-04-21;20;367
25;2025-04-21;21;235
25;2025-04-21;22;93
25;2025-04-21;23;10
25;2025-04-22;5;6
25;2025-04-22;6;161
25;2025-04-22;7;563
25;2025-04-22;8;911
25;2025-04-22;9;582
25;2025-04-22;10;476
25;2025-04-22;11;495
25;2025-04-22;12;437
25;2025-04-22;13;484
25;2025-04-22;14;456
25;2025-04-22;15;565
25;2025-04-22;16;497
25;2025-04-22;17;587
25;2025-04-22;18;784
25;2025-04-22;19;590
25;2025-04-22;20;359
25;2025-04-22;21;285
25;2025-04-22;22;97
25;2025-04-22;23;13
25;2025-04-23;0;3
25;2025-04-23;5;5
25;2025-04-23;6;149
25;2025-04-23;7;486
25;2025-04-23;8;891
25;2025-04-23;9;449
25;2025-04-23;10;374
25;2025-04-23;11;422
25;2025-04-23;12;478
25;2025-04-23;13;514
25;2025-04-23;14;500
25;2025-04-23;15;556
25;2025-04-23;16;709
25;2025-04-23;17;674
25;2025-04-23;18;803
25;2025-04-23;19;570
25;2025-04-23;20;362
25;2025-04-23;21;252
25;2025-04-23;22;125
25;2025-04-23;23;6
25;2025-04-24;0;2
25;2025-04-24;5;4
25;2025-04-24;6;177
25;2025-04-24;7;475
25;2025-04-24;8;990
25;2025-04-24;9;406
25;2025-04-24;10;412
25;2025-04-24;11;415
25;2025-04-24;12;423
25;2025-04-24;13;574
25;2025-04-24;14;455
25;2025-04-24;15;519
25;2025-04-24;16;736
25;2025-04-24;17;784
25;2025-04-24;18;790
25;2025-04-24;19;608
25;2025-04-24;20;436
25;2025-04-24;21;354
25;2025-04-24;22;150
25;2025-04-24;23;29
25;2025-04-25;0;3
25;2025-04-25;5;11
25;2025-04-25;6;157
25;2025-04-25;7;482
25;2025-04-25;8;814
25;2025-04-25;9;508
25;2025-04-25;10;356
25;2025-04-25;11;501
25;2025-04-25;12;437
25;2025-04-25;13;531
25;2025-04-25;14;523
25;2025-04-25;15;589
25;2025-04-25;16;650
25;2025-04-25;17;786
25;2025-04-25;18;802
25;2025-04-25;19;428
25;2025-04-25;20;295
25;2025-04-25;21;133
25;2025-04-25;22;71
25;2025-04-25;23;6
25;2025-04-26;6;52
25;2025-04-26;7;198
25;2025-04-26;8;423
25;2025-04-26;9;480
25;2025-04-26;10;397
25;2025-04-26;11;543
25;2025-04-26;12;519
25;2025-04-26;13;719
25;2025-04-26;14;636
25;2025-04-26;15;748
25;2025-04-26;16;647
25;2025-04-26;17;473
25;2025-04-26;18;429
25;2025-04-26;19;551
25;2025-04-26;20;322
25;2025-04-26;21;268
25;2025-04-26;22;146
25;2025-04-26;23;55
25;2025-04-27;0;24
25;2025-04-27;5;3
25;2025-04-27;6;71
25;2025-04-27;7;163
25;2025-04-27;8;256
25;2025-04-27;9;296
25;2025-04-27;10;339
25;2025-04-27;11;349
25;2025-04-27;12;312
25;2025-04-27;13;532
25;2025-04-27;14;430
25;2025-04-27;15;529
25;2025-04-27;16;491
25;2025-04-27;17;398
25;2025-04-27;18;391
25;2025-04-27;19;304
25;2025-04-27;20;298
25;2025-04-27;21;222
25;2025-04-27;22;136
25;2025-04-27;23;39
25;2025-04-28;0;5
25;2025-04-28;1;3
25;2025-04-28;5;4
25;2025-04-28;6;145
25;2025-04-28;7;487
25;2025-04-28;8;970
25;2025-04-28;9;535
25;2025-04-28;10;272
25;2025-04-28;11;381
25;2025-04-28;12;419
25;2025-04-28;13;587
25;2025-04-28;14;439
25;2025-04-28;15;497
25;2025-04-28;16;624
25;2025-04-28;17;682
25;2025-04-28;18;786
25;2025-04-28;19;459
25;2025-04-28;20;303
25;2025-04-28;21;212
25;2025-04-28;22;73
25;2025-04-28;23;2
25;2025-04-29;5;7
25;2025-04-29;6;159
25;2025-04-29;7;486
25;2025-04-29;8;885
25;2025-04-29;9;555
25;2025-04-29;10;424
25;2025-04-29;11;429
25;2025-04-29;12;483
25;2025-04-29;13;511
25;2025-04-29;14;451
25;2025-04-29;15;508
25;2025-04-29;16;718
25;2025-04-29;17;704
25;2025-04-29;18;710
25;2025-04-29;19;424
25;2025-04-29;20;340
25;2025-04-29;21;190
25;2025-04-29;22;123
25;2025-04-29;23;7
25;2025-04-30;5;6
25;2025-04-30;6;129
25;2025-04-30;7;536
25;2025-04-30;8;941
25;2025-04-30;9;384
25;2025-04-30;10;272
25;2025-04-30;11;391
25;2025-04-30;12;395
25;2025-04-30;13;511
25;2025-04-30;14;410
25;2025-04-30;15;558
25;2025-04-30;16;581
25;2025-04-30;17;685
25;2025-04-30;18;562
25;2025-04-30;19;381
25;2025-04-30;20;359
25;2025-04-30;21;245
25;2025-04-30;22;132
25;2025-04-30;23;8
25;2025-05-01;5;1
25;2025-05-01;6;37
25;2025-05-01;7;105
25;2025-05-01;8;205
25;2025-05-01;9;141
25;2025-05-01;10;160
25;2025-05-01;11;194
25;2025-05-01;12;169
25;2025-05-01;13;240
25;2025-05-01;14;229
25;2025-05-01;15;344
25;2025-05-01;16;242
25;2025-05-01;17;174
25;2025-05-01;18;193
25;2025-05-01;19;180
25;2025-05-01;20;143
25;2025-05-01;21;133
25;2025-05-01;22;83
25;2025-05-01;23;31
25;2025-05-02;0;8
25;2025-05-02;5;2
25;2025-05-02;6;16
25;2025-05-02;7;44
25;2025-05-02;8;147
25;2025-05-02;9;210
25;2025-05-02;10;208
25;2025-05-02;11;169
25;2025-05-02;12;230
25;2025-05-02;13;251
25;2025-05-02;14;373
25;2025-05-02;15;377
25;2025-05-02;16;326
25;2025-05-02;17;360
25;2025-05-02;18;349
25;2025-05-02;19;276
25;2025-05-02;20;231
25;2025-05-02;21;182
25;2025-05-02;22;90
25;2025-05-02;23;29
25;2025-05-03;0;9
25;2025-05-03;5;1
25;2025-05-03;6;43
25;2025-05-03;7;115
25;2025-05-03;8;235
25;2025-05-03;9;198
25;2025-05-03;10;200
25;2025-05-03;11;283
25;2025-05-03;12;293
25;2025-05-03;13;380
25;2025-05-03;14;451
25;2025-05-03;15;514
25;2025-05-03;16;440
25;2025-05-03;17;393
25;2025-05-03;18;392
25;2025-05-03;19;340
25;2025-05-03;20;241
25;2025-05-03;21;269
25;2025-05-03;22;138
25;2025-05-03;23;61
25;2025-05-04;0;28
25;2025-05-04;5;1
25;2025-05-04;6;23
25;2025-05-04;7;85
25;2025-05-04;8;169
25;2025-05-04;9;196
25;2025-05-04;10;229
25;2025-05-04;11;283
25;2025-05-04;12;398
25;2025-05-04;13;453
25;2025-05-04;14;594
25;2025-05-04;15;567
25;2025-05-04;16;377
25;2025-05-04;17;319
25;2025-05-04;18;307
25;2025-05-04;19;274
25;2025-05-04;20;141
25;2025-05-04;21;133
25;2025-05-04;22;109
25;2025-05-04;23;30
25;2025-05-05;0;17
25;2025-05-05;5;8
25;2025-05-05;6;151
25;2025-05-05;7;446
25;2025-05-05;8;782
25;2025-05-05;9;363
25;2025-05-05;10;321
25;2025-05-05;11;356
25;2025-05-05;12;332
25;2025-05-05;13;381
25;2025-05-05;14;374
25;2025-05-05;15;432
25;2025-05-05;16;571
25;2025-05-05;17;602
25;2025-05-05;18;473
25;2025-05-05;19;344
25;2025-05-05;20;298
25;2025-05-05;21;175
25;2025-05-05;22;83
25;2025-05-05;23;2
25;2025-05-06;5;4
25;2025-05-06;6;130
25;2025-05-06;7;442
25;2025-05-06;8;722
25;2025-05-06;9;380
25;2025-05-06;10;393
25;2025-05-06;11;413
25;2025-05-06;12;433
25;2025-05-06;13;541
25;2025-05-06;14;432
25;2025-05-06;15;640
25;2025-05-06;16;604
25;2025-05-06;17;578
25;2025-05-06;18;672
25;2025-05-06;19;546
25;2025-05-06;20;378
25;2025-05-06;21;201
25;2025-05-06;22;96
25;2025-05-06;23;13
25;2025-05-07;5;4
25;2025-05-07;6;167
25;2025-05-07;7;508
25;2025-05-07;8;764
25;2025-05-07;9;480
25;2025-05-07;10;383
25;2025-05-07;11;441
25;2025-05-07;12;450
25;2025-05-07;13;639
25;2025-05-07;14;396
25;2025-05-07;15;724
25;2025-05-07;16;549
25;2025-05-07;17;590
25;2025-05-07;18;626
25;2025-05-07;19;405
25;2025-05-07;20;309
25;2025-05-07;21;247
25;2025-05-07;22;110
25;2025-05-07;23;6
25;2025-05-08;5;1
25;2025-05-08;6;50
25;2025-05-08;7;132
25;2025-05-08;8;216
25;2025-05-08;9;209
25;2025-05-08;10;243
25;2025-05-08;11;256
25;2025-05-08;12;266
25;2025-05-08;13;389
25;2025-05-08;14;374
25;2025-05-08;15;558
25;2025-05-08;16;456
25;2025-05-08;17;464
25;2025-05-08;18;463
25;2025-05-08;19;413
25;2025-05-08;20;362
25;2025-05-08;21;248
25;2025-05-08;22;146
25;2025-05-08;23;37
25;2025-05-09;0;5
25;2025-05-09;6;37
25;2025-05-09;7;73
25;2025-05-09;8;156
25;2025-05-09;9;149
25;2025-05-09;10;137
25;2025-05-09;11;170
25;2025-05-09;12;269
25;2025-05-09;13;408
25;2025-05-09;14;485
25;2025-05-09;15;504
25;2025-05-09;16;533
25;2025-05-09;17;406
25;2025-05-09;18;373
25;2025-05-09;19;369
25;2025-05-09;20;286
25;2025-05-09;21;366
25;2025-05-09;22;243
25;2025-05-09;23;96
25;2025-05-10;0;16
25;2025-05-10;5;3
25;2025-05-10;6;32
25;2025-05-10;7;88
25;2025-05-10;8;163
25;2025-05-10;9;180
25;2025-05-10;10;143
25;2025-05-10;11;209
25;2025-05-10;12;284
25;2025-05-10;13;445
25;2025-05-10;14;454
25;2025-05-10;15;584
25;2025-05-10;16;497
25;2025-05-10;17;339
25;2025-05-10;18;362
25;2025-05-10;19;378
25;2025-05-10;20;211
25;2025-05-10;21;184
25;2025-05-10;22;102
25;2025-05-10;23;39
25;2025-05-11;0;1
25;2025-05-11;6;39
25;2025-05-11;7;102
25;2025-05-11;8;170
25;2025-05-11;9;124
25;2025-05-11;10;122
25;2025-05-11;11;155
25;2025-05-11;12;252
25;2025-05-11;13;184
25;2025-05-11;14;331
25;2025-05-11;15;339
25;2025-05-11;16;339
25;2025-05-11;17;268
25;2025-05-11;18;279
25;2025-05-11;19;199
25;2025-05-11;20;129
25;2025-05-11;21;148
25;2025-05-11;22;81
25;2025-05-11;23;20
25;2025-05-12;0;5
25;2025-05-12;5;2
25;2025-05-12;6;149
25;2025-05-12;7;496
25;2025-05-12;8;878
25;2025-05-12;9;337
25;2025-05-12;10;246
25;2025-05-12;11;265
25;2025-05-12;12;259
25;2025-05-12;13;339
25;2025-05-12;14;281
25;2025-05-12;15;268
25;2025-05-12;16;409
25;2025-05-12;17;546
25;2025-05-12;18;634
25;2025-05-12;19;330
25;2025-05-12;20;239
25;2025-05-12;21;168
25;2025-05-12;22;64
25;2025-05-12;23;10
25;2025-05-13;5;4
25;2025-05-13;6;149
25;2025-05-13;7;498
25;2025-05-13;8;966
25;2025-05-13;9;463
25;2025-05-13;10;359
25;2025-05-13;11;353
25;2025-05-13;12;342
25;2025-05-13;13;426
25;2025-05-13;14;445
25;2025-05-13;15;536
25;2025-05-13;16;513
25;2025-05-13;17;512
25;2025-05-13;18;671
25;2025-05-13;19;514
25;2025-05-13;20;315
25;2025-05-13;21;205
25;2025-05-13;22;142
25;2025-05-13;23;11
25;2025-05-14;5;4
25;2025-05-14;6;149
25;2025-05-14;7;486
25;2025-05-14;8;913
25;2025-05-14;9;475
25;2025-05-14;10;275
25;2025-05-14;11;386
25;2025-05-14;12;382
25;2025-05-14;13;482
25;2025-05-14;14;415
25;2025-05-14;15;472
25;2025-05-14;16;554
25;2025-05-14;17;608
25;2025-05-14;18;770
25;2025-05-14;19;442
25;2025-05-14;20;365
25;2025-05-14;21;250
25;2025-05-14;22;115
25;2025-05-14;23;4
25;2025-05-15;5;6
25;2025-05-15;6;151
25;2025-05-15;7;469
25;2025-05-15;8;905
25;2025-05-15;9;496
25;2025-05-15;10;420
25;2025-05-15;11;390
25;2025-05-15;12;408
25;2025-05-15;13;504
25;2025-05-15;14;512
25;2025-05-15;15;630
25;2025-05-15;16;752
25;2025-05-15;17;711
25;2025-05-15;18;790
25;2025-05-15;19;482
25;2025-05-15;20;310
25;2025-05-15;21;272
25;2025-05-15;22;148
25;2025-05-15;23;7
25;2025-05-16;5;3
25;2025-05-16;6;128
25;2025-05-16;7;486
25;2025-05-16;8;798
25;2025-05-16;9;466
25;2025-05-16;10;315
25;2025-05-16;11;332
25;2025-05-16;12;403
25;2025-05-16;13;562
25;2025-05-16;14;523
25;2025-05-16;15;663
25;2025-05-16;16;625
25;2025-05-16;17;721
25;2025-05-16;18;670
25;2025-05-16;19;443
25;2025-05-16;20;338
25;2025-05-16;21;292
25;2025-05-16;22;145
25;2025-05-16;23;5
25;2025-05-17;5;1
25;2025-05-17;6;40
25;2025-05-17;7;148
25;2025-05-17;8;325
25;2025-05-17;9;310
25;2025-05-17;10;299
25;2025-05-17;11;399
25;2025-05-17;12;378
25;2025-05-17;13;538
25;2025-05-17;14;686
25;2025-05-17;15;636
25;2025-05-17;16;575
25;2025-05-17;17;510
25;2025-05-17;18;633
25;2025-05-17;19;483
25;2025-05-17;20;292
25;2025-05-17;21;361
25;2025-05-17;22;160
25;2025-05-17;23;73
25;2025-05-18;0;24
25;2025-05-18;1;4
25;2025-05-18;6;46
25;2025-05-18;7;84
25;2025-05-18;8;177
25;2025-05-18;9;227
25;2025-05-18;10;234
25;2025-05-18;11;300
25;2025-05-18;12;355
25;2025-05-18;13;442
25;2025-05-18;14;481
25;2025-05-18;15;569
25;2025-05-18;16;530
25;2025-05-18;17;354
25;2025-05-18;18;419
25;2025-05-18;19;343
25;2025-05-18;20;254
25;2025-05-18;21;171
25;2025-05-18;22;119
25;2025-05-18;23;42
25;2025-05-19;0;8
25;2025-05-19;5;9
25;2025-05-19;6;165
25;2025-05-19;7;491
25;2025-05-19;8;869
25;2025-05-19;9;438
25;2025-05-19;10;287
25;2025-05-19;11;300
25;2025-05-19;12;340
25;2025-05-19;13;468
25;2025-05-19;14;334
25;2025-05-19;15;501
25;2025-05-19;16;624
25;2025-05-19;17;572
25;2025-05-19;18;775
25;2025-05-19;19;456
25;2025-05-19;20;334
25;2025-05-19;21;201
25;2025-05-19;22;94
25;2025-05-19;23;14
25;2025-05-20;5;2
25;2025-05-20;6;156
25;2025-05-20;7;524
25;2025-05-20;8;829
25;2025-05-20;9;498
25;2025-05-20;10;383
25;2025-05-20;11;403
25;2025-05-20;12;277
25;2025-05-20;13;397
25;2025-05-20;14;292
25;2025-05-20;15;448
25;2025-05-20;16;444
25;2025-05-20;17;553
25;2025-05-20;18;830
25;2025-05-20;19;671
25;2025-05-20;20;345
25;2025-05-20;21;252
25;2025-05-20;22;152
25;2025-05-20;23;51
25;2025-05-21;0;11
25;2025-05-21;5;3
25;2025-05-21;6;94
25;2025-05-21;7;364
25;2025-05-21;8;602
25;2025-05-21;9;330
25;2025-05-21;10;236
25;2025-05-21;11;408
25;2025-05-21;12;460
25;2025-05-21;13;506
25;2025-05-21;14;428
25;2025-05-21;15;500
25;2025-05-21;16;569
25;2025-05-21;17;682
25;2025-05-21;18;757
25;2025-05-21;19;470
25;2025-05-21;20;342
25;2025-05-21;21;286
25;2025-05-21;22;144
25;2025-05-21;23;6
25;2025-05-22;5;8
25;2025-05-22;6;145
25;2025-05-22;7;515
25;2025-05-22;8;805
25;2025-05-22;9;526
25;2025-05-22;10;398
25;2025-05-22;11;463
25;2025-05-22;12;501
25;2025-05-22;13;660
25;2025-05-22;14;534
25;2025-05-22;15;667
25;2025-05-22;16;587
25;2025-05-22;17;690
25;2025-05-22;18;680
25;2025-05-22;19;565
25;2025-05-22;20;392
25;2025-05-22;21;277
25;2025-05-22;22;156
25;2025-05-22;23;8
25;2025-05-23;5;8
25;2025-05-23;6;200
25;2025-05-23;7;534
25;2025-05-23;8;913
25;2025-05-23;9;543
25;2025-05-23;10;393
25;2025-05-23;11;471
25;2025-05-23;12;444
25;2025-05-23;13;525
25;2025-05-23;14;513
25;2025-05-23;15;640
25;2025-05-23;16;720
25;2025-05-23;17;766
25;2025-05-23;18;610
25;2025-05-23;19;487
25;2025-05-23;20;366
25;2025-05-23;21;284
25;2025-05-23;22;145
25;2025-05-23;23;8
25;2025-05-24;5;3
25;2025-05-24;6;101
25;2025-05-24;7;195
25;2025-05-24;8;415
25;2025-05-24;9;386
25;2025-05-24;10;323
25;2025-05-24;11;474
25;2025-05-24;12;466
25;2025-05-24;13;646
25;2025-05-24;14;661
25;2025-05-24;15;726
25;2025-05-24;16;666
25;2025-05-24;17;503
25;2025-05-24;18;507
25;2025-05-24;19;465
25;2025-05-24;20;301
25;2025-05-24;21;358
25;2025-05-24;22;189
25;2025-05-24;23;58
25;2025-05-25;0;23
25;2025-05-25;6;35
25;2025-05-25;7;88
25;2025-05-25;8;184
25;2025-05-25;9;245
25;2025-05-25;10;205
25;2025-05-25;11;283
25;2025-05-25;12;308
25;2025-05-25;13;418
25;2025-05-25;14;486
25;2025-05-25;15;637
25;2025-05-25;16;568
25;2025-05-25;17;493
25;2025-05-25;18;469
25;2025-05-25;19;385
25;2025-05-25;20;317
25;2025-05-25;21;287
25;2025-05-25;22;144
25;2025-05-25;23;47
25;2025-05-26;0;30
25;2025-05-26;1;1
25;2025-05-26;5;1
25;2025-05-26;6;128
25;2025-05-26;7;389
25;2025-05-26;8;837
25;2025-05-26;9;469
25;2025-05-26;10;405
25;2025-05-26;11;447
25;2025-05-26;12;377
25;2025-05-26;13;624
25;2025-05-26;14;503
25;2025-05-26;15;637
25;2025-05-26;16;798
25;2025-05-26;17;695
25;2025-05-26;18;983
25;2025-05-26;19;575
25;2025-05-26;20;323
25;2025-05-26;21;355
25;2025-05-26;22;158
25;2025-05-26;23;35
25;2025-05-27;0;6
25;2025-05-27;5;5
25;2025-05-27;6;166
25;2025-05-27;7;533
25;2025-05-27;8;833
25;2025-05-27;9;491
25;2025-05-27;10;458
25;2025-05-27;11;461
25;2025-05-27;12;418
25;2025-05-27;13;544
25;2025-05-27;14;463
25;2025-05-27;15;590
25;2025-05-27;16;627
25;2025-05-27;17;732
25;2025-05-27;18;725
25;2025-05-27;19;521
25;2025-05-27;20;406
25;2025-05-27;21;283
25;2025-05-27;22;154
25;2025-05-27;23;18
25;2025-05-28;5;2
25;2025-05-28;6;138
25;2025-05-28;7;493
25;2025-05-28;8;809
25;2025-05-28;9;563
25;2025-05-28;10;389
25;2025-05-28;11;394
25;2025-05-28;12;426
25;2025-05-28;13;467
25;2025-05-28;14;443
25;2025-05-28;15;424
25;2025-05-28;16;585
25;2025-05-28;17;788
25;2025-05-28;18;774
25;2025-05-28;19;511
25;2025-05-28;20;364
25;2025-05-28;21;294
25;2025-05-28;22;195
25;2025-05-28;23;9
25;2025-05-29;5;4
25;2025-05-29;6;141
25;2025-05-29;7;474
25;2025-05-29;8;779
25;2025-05-29;9;482
25;2025-05-29;10;421
25;2025-05-29;11;409
25;2025-05-29;12;416
25;2025-05-29;13;473
25;2025-05-29;14;389
25;2025-05-29;15;596
25;2025-05-29;16;552
25;2025-05-29;17;626
25;2025-05-29;18;612
25;2025-05-29;19;511
25;2025-05-29;20;283
25;2025-05-29;21;255
25;2025-05-29;22;158
25;2025-05-29;23;11
25;2025-05-30;5;2
25;2025-05-30;6;147
25;2025-05-30;7;428
25;2025-05-30;8;714
25;2025-05-30;9;494
25;2025-05-30;10;404
25;2025-05-30;11;428
25;2025-05-30;12;461
25;2025-05-30;13;642
25;2025-05-30;14;545
25;2025-05-30;15;571
25;2025-05-30;16;652
25;2025-05-30;17;671
25;2025-05-30;18;656
25;2025-05-30;19;450
25;2025-05-30;20;272
25;2025-05-30;21;248
25;2025-05-30;22;136
25;2025-05-30;23;5
25;2025-05-31;6;48
25;2025-05-31;7;117
25;2025-05-31;8;317
25;2025-05-31;9;250
25;2025-05-31;10;276
25;2025-05-31;11;411
25;2025-05-31;12;342
25;2025-05-31;13;474
25;2025-05-31;14;524
25;2025-05-31;15;572
25;2025-05-31;16;420
25;2025-05-31;17;443
25;2025-05-31;18;480
25;2025-05-31;19;433
25;2025-05-31;20;274
25;2025-05-31;21;317
25;2025-05-31;22;176
25;2025-05-31;23;81
25;2025-06-01;0;24
25;2025-06-01;5;3
25;2025-06-01;6;45
25;2025-06-01;7;100
25;2025-06-01;8;150
25;2025-06-01;9;238
25;2025-06-01;10;243
25;2025-06-01;11;364
25;2025-06-01;12;371
25;2025-06-01;13;394
25;2025-06-01;14;493
25;2025-06-01;15;517
25;2025-06-01;16;365
25;2025-06-01;17;377
25;2025-06-01;18;398
25;2025-06-01;19;313
25;2025-06-01;20;199
25;2025-06-01;21;244
25;2025-06-01;22;142
25;2025-06-01;23;56
25;2025-06-02;0;10
25;2025-06-02;5;7
25;2025-06-02;6;134
25;2025-06-02;7;503
25;2025-06-02;8;747
25;2025-06-02;9;451
25;2025-06-02;10;349
25;2025-06-02;11;390
25;2025-06-02;12;385
25;2025-06-02;13;505
25;2025-06-02;14;475
25;2025-06-02;15;524
25;2025-06-02;16;531
25;2025-06-02;17;602
25;2025-06-02;18;678
25;2025-06-02;19;439
25;2025-06-02;20;328
25;2025-06-02;21;291
25;2025-06-02;22;132
25;2025-06-02;23;3
25;2025-06-03;5;4
25;2025-06-03;6;146
25;2025-06-03;7;436
25;2025-06-03;8;784
25;2025-06-03;9;512
25;2025-06-03;10;391
25;2025-06-03;11;471
25;2025-06-03;12;400
25;2025-06-03;13;462
25;2025-06-03;14;496
25;2025-06-03;15;601
25;2025-06-03;16;567
25;2025-06-03;17;559
25;2025-06-03;18;584
25;2025-06-03;19;426
25;2025-06-03;20;371
25;2025-06-03;21;202
25;2025-06-03;22;121
25;2025-06-03;23;9
25;2025-06-04;5;3
25;2025-06-04;6;140
25;2025-06-04;7;416
25;2025-06-04;8;950
25;2025-06-04;9;514
25;2025-06-04;10;359
25;2025-06-04;11;403
25;2025-06-04;12;411
25;2025-06-04;13;539
25;2025-06-04;14;406
25;2025-06-04;15;583
25;2025-06-04;16;640
25;2025-06-04;17;661
25;2025-06-04;18;772
25;2025-06-04;19;535
25;2025-06-04;20;378
25;2025-06-04;21;382
25;2025-06-04;22;146
25;2025-06-04;23;4
25;2025-06-05;0;30
25;2025-06-05;5;3
25;2025-06-05;6;130
25;2025-06-05;7;460
25;2025-06-05;8;866
25;2025-06-05;9;508
25;2025-06-05;10;434
25;2025-06-05;11;393
25;2025-06-05;12;367
25;2025-06-05;13;416
25;2025-06-05;14;530
25;2025-06-05;15;376
25;2025-06-05;16;599
25;2025-06-05;17;752
25;2025-06-05;18;544
25;2025-06-05;19;465
25;2025-06-05;20;389
25;2025-06-05;21;314
25;2025-06-05;22;176
25;2025-06-05;23;7
25;2025-06-06;5;17
25;2025-06-06;6;222
25;2025-06-06;7;484
25;2025-06-06;8;765
25;2025-06-06;9;426
25;2025-06-06;10;331
25;2025-06-06;11;386
25;2025-06-06;12;430
25;2025-06-06;13;544
25;2025-06-06;14;504
25;2025-06-06;15;671
25;2025-06-06;16;566
25;2025-06-06;17;663
25;2025-06-06;18;500
25;2025-06-06;19;438
25;2025-06-06;20;293
25;2025-06-06;21;257
25;2025-06-06;22;106
25;2025-06-06;23;5
25;2025-06-07;6;55
25;2025-06-07;7;91
25;2025-06-07;8;285
25;2025-06-07;9;305
25;2025-06-07;10;268
25;2025-06-07;11;346
25;2025-06-07;12;355
25;2025-06-07;13;523
25;2025-06-07;14;425
25;2025-06-07;15;542
25;2025-06-07;16;425
25;2025-06-07;17;394
25;2025-06-07;18;502
25;2025-06-07;19;396
25;2025-06-07;20;302
25;2025-06-07;21;307
25;2025-06-07;22;256
25;2025-06-07;23;74
25;2025-06-08;0;29
25;2025-06-08;5;2
25;2025-06-08;6;46
25;2025-06-08;7;110
25;2025-06-08;8;214
25;2025-06-08;9;215
25;2025-06-08;10;248
25;2025-06-08;11;261
25;2025-06-08;12;315
25;2025-06-08;13;301
25;2025-06-08;14;388
25;2025-06-08;15;428
25;2025-06-08;16;301
25;2025-06-08;17;412
25;2025-06-08;18;308
25;2025-06-08;19;283
25;2025-06-08;20;179
25;2025-06-08;21;206
25;2025-06-08;22;122
25;2025-06-08;23;40
25;2025-06-09;0;7
25;2025-06-09;1;2
25;2025-06-09;5;4
25;2025-06-09;6;143
25;2025-06-09;7;472
25;2025-06-09;8;721
25;2025-06-09;9;413
25;2025-06-09;10;290
25;2025-06-09;11;346
25;2025-06-09;12;387
25;2025-06-09;13;520
25;2025-06-09;14;310
25;2025-06-09;15;360
25;2025-06-09;16;426
25;2025-06-09;17;477
25;2025-06-09;18;614
25;2025-06-09;19;343
25;2025-06-09;20;285
25;2025-06-09;21;285
25;2025-06-09;22;119
25;2025-06-09;23;16
25;2025-06-10;0;4
25;2025-06-10;1;5
25;2025-06-10;5;3
25;2025-06-10;6;159
25;2025-06-10;7;493
25;2025-06-10;8;758
25;2025-06-10;9;439
25;2025-06-10;10;351
25;2025-06-10;11;601
25;2025-06-10;12;694
25;2025-06-10;13;670
25;2025-06-10;14;552
25;2025-06-10;15;542
25;2025-06-10;16;677
25;2025-06-10;17;696
25;2025-06-10;18;881
25;2025-06-10;19;571
25;2025-06-10;20;388
25;2025-06-10;21;307
25;2025-06-10;22;160
25;2025-06-10;23;20
25;2025-06-11;0;22
25;2025-06-11;5;7
25;2025-06-11;6;138
25;2025-06-11;7;416
25;2025-06-11;8;808
25;2025-06-11;9;387
25;2025-06-11;10;368
25;2025-06-11;11;439
25;2025-06-11;12;461
25;2025-06-11;13;559
25;2025-06-11;14;485
25;2025-06-11;15;550
25;2025-06-11;16;651
25;2025-06-11;17;899
25;2025-06-11;18;523
25;2025-06-11;19;489
25;2025-06-11;20;372
25;2025-06-11;21;335
25;2025-06-11;22;180
25;2025-06-11;23;19
25;2025-06-12;0;3
25;2025-06-12;5;1
25;2025-06-12;6;53
25;2025-06-12;7;108
25;2025-06-12;8;218
25;2025-06-12;9;186
25;2025-06-12;10;219
25;2025-06-12;11;207
25;2025-06-12;12;341
25;2025-06-12;13;342
25;2025-06-12;14;486
25;2025-06-12;15;595
25;2025-06-12;16;564
25;2025-06-12;17;400
25;2025-06-12;18;507
25;2025-06-12;19;412
25;2025-06-12;20;318
25;2025-06-12;21;279
25;2025-06-12;22;209
25;2025-06-12;23;61
25;2025-06-13;0;34
25;2025-06-13;5;3
25;2025-06-13;6;36
25;2025-06-13;7;109
25;2025-06-13;8;220
25;2025-06-13;9;214
25;2025-06-13;10;193
25;2025-06-13;11;294
25;2025-06-13;12;244
25;2025-06-13;13;337
25;2025-06-13;14;368
25;2025-06-13;15;443
25;2025-06-13;16;374
25;2025-06-13;17;344
25;2025-06-13;18;347
25;2025-06-13;19;244
25;2025-06-13;20;235
25;2025-06-13;21;137
25;2025-06-13;22;119
25;2025-06-13;23;34
25;2025-06-14;0;9
25;2025-06-14;1;1
25;2025-06-14;5;4
25;2025-06-14;6;34
25;2025-06-14;7;100
25;2025-06-14;8;194
25;2025-06-14;9;185
25;2025-06-14;10;203
25;2025-06-14;11;198
25;2025-06-14;12;183
25;2025-06-14;13;258
25;2025-06-14;14;267
25;2025-06-14;15;410
25;2025-06-14;16;332
25;2025-06-14;17;251
25;2025-06-14;18;313
25;2025-06-14;19;261
25;2025-06-14;20;224
25;2025-06-14;21;183
25;2025-06-14;22;164
25;2025-06-14;23;47
25;2025-06-15;0;11
25;2025-06-15;1;2
25;2025-06-15;6;37
25;2025-06-15;7;75
25;2025-06-15;8;137
25;2025-06-15;9;145
25;2025-06-15;10;149
25;2025-06-15;11;256
25;2025-06-15;12;173
25;2025-06-15;13;250
25;2025-06-15;14;290
25;2025-06-15;15;323
25;2025-06-15;16;336
25;2025-06-15;17;377
25;2025-06-15;18;279
25;2025-06-15;19;291
25;2025-06-15;20;230
25;2025-06-15;21;198
25;2025-06-15;22;145
25;2025-06-15;23;53
25;2025-06-16;0;14
25;2025-06-16;1;2
25;2025-06-16;5;5
25;2025-06-16;6;142
25;2025-06-16;7;444
25;2025-06-16;8;688
25;2025-06-16;9;415
25;2025-06-16;10;399
25;2025-06-16;11;311
25;2025-06-16;12;403
25;2025-06-16;13;439
25;2025-06-16;14;398
25;2025-06-16;15;443
25;2025-06-16;16;579
25;2025-06-16;17;726
25;2025-06-16;18;738
25;2025-06-16;19;504
25;2025-06-16;20;368
25;2025-06-16;21;246
25;2025-06-16;22;138
25;2025-06-16;23;34
25;2025-06-17;0;2
25;2025-06-17;5;6
25;2025-06-17;6;160
25;2025-06-17;7;429
25;2025-06-17;8;717
25;2025-06-17;9;450
25;2025-06-17;10;377
25;2025-06-17;11;377
25;2025-06-17;12;328
25;2025-06-17;13;535
25;2025-06-17;14;382
25;2025-06-17;15;419
25;2025-06-17;16;531
25;2025-06-17;17;522
25;2025-06-17;18;550
25;2025-06-17;19;328
25;2025-06-17;20;256
25;2025-06-17;21;161
25;2025-06-17;22;117
25;2025-06-17;23;14
25;2025-06-18;5;3
25;2025-06-18;6;141
25;2025-06-18;7;395
25;2025-06-18;8;657
25;2025-06-18;9;364
25;2025-06-18;10;312
25;2025-06-18;11;321
25;2025-06-18;12;297
25;2025-06-18;13;352
25;2025-06-18;14;324
25;2025-06-18;15;381
25;2025-06-18;16;401
25;2025-06-18;17;428
25;2025-06-18;18;607
25;2025-06-18;19;396
25;2025-06-18;20;322
25;2025-06-18;21;200
25;2025-06-18;22;101
25;2025-06-18;23;4
25;2025-06-19;5;3
25;2025-06-19;6;132
25;2025-06-19;7;396
25;2025-06-19;8;733
25;2025-06-19;9;495
25;2025-06-19;10;397
25;2025-06-19;11;365
25;2025-06-19;12;390
25;2025-06-19;13;363
25;2025-06-19;14;411
25;2025-06-19;15;421
25;2025-06-19;16;437
25;2025-06-19;17;675
25;2025-06-19;18;849
25;2025-06-19;19;453
25;2025-06-19;20;406
25;2025-06-19;21;244
25;2025-06-19;22;132
25;2025-06-19;23;21
25;2025-06-20;0;12
25;2025-06-20;1;2
25;2025-06-20;5;3
25;2025-06-20;6;130
25;2025-06-20;7;476
25;2025-06-20;8;699
25;2025-06-20;9;291
25;2025-06-20;10;269
25;2025-06-20;11;293
25;2025-06-20;12;324
25;2025-06-20;13;352
25;2025-06-20;14;289
25;2025-06-20;15;439
25;2025-06-20;16;496
25;2025-06-20;17;483
25;2025-06-20;18;403
25;2025-06-20;19;308
25;2025-06-20;20;269
25;2025-06-20;21;196
25;2025-06-20;22;97
25;2025-06-20;23;7
25;2025-06-21;1;2
25;2025-06-21;5;1
25;2025-06-21;6;33
25;2025-06-21;7;116
25;2025-06-21;8;215
25;2025-06-21;9;228
25;2025-06-21;10;207
25;2025-06-21;11;344
25;2025-06-21;12;270
25;2025-06-21;13;343
25;2025-06-21;14;409
25;2025-06-21;15;487
25;2025-06-21;16;438
25;2025-06-21;17;393
25;2025-06-21;18;491
25;2025-06-21;19;370
25;2025-06-21;20;359
25;2025-06-21;21;304
25;2025-06-21;22;134
25;2025-06-21;23;96
25;2025-06-22;0;35
25;2025-06-22;1;3
25;2025-06-22;5;2
25;2025-06-22;6;33
25;2025-06-22;7;82
25;2025-06-22;8;160
25;2025-06-22;9;180
25;2025-06-22;10;195
25;2025-06-22;11;224
25;2025-06-22;12;241
25;2025-06-22;13;398
25;2025-06-22;14;310
25;2025-06-22;15;499
25;2025-06-22;16;314
25;2025-06-22;17;347
25;2025-06-22;18;383
25;2025-06-22;19;253
25;2025-06-22;20;230
25;2025-06-22;21;190
25;2025-06-22;22;140
25;2025-06-22;23;35
25;2025-06-23;0;16
25;2025-06-23;1;2
25;2025-06-23;5;3
25;2025-06-23;6;126
25;2025-06-23;7;429
25;2025-06-23;8;646
25;2025-06-23;9;365
25;2025-06-23;10;288
25;2025-06-23;11;244
25;2025-06-23;12;361
25;2025-06-23;13;403
25;2025-06-23;14;308
25;2025-06-23;15;413
25;2025-06-23;16;434
25;2025-06-23;17;566
25;2025-06-23;18;608
25;2025-06-23;19;437
25;2025-06-23;20;311
25;2025-06-23;21;201
25;2025-06-23;22;110
25;2025-06-23;23;2
25;2025-06-24;5;5
25;2025-06-24;6;125
25;2025-06-24;7;410
25;2025-06-24;8;641
25;2025-06-24;9;373
25;2025-06-24;10;283
25;2025-06-24;11;289
25;2025-06-24;12;407
25;2025-06-24;13;344
25;2025-06-24;14;337
25;2025-06-24;15;417
25;2025-06-24;16;431
25;2025-06-24;17;622
25;2025-06-24;18;785
25;2025-06-24;19;387
25;2025-06-24;20;318
25;2025-06-24;21;160
25;2025-06-24;22;92
25;2025-06-24;23;2
25;2025-06-25;5;3
25;2025-06-25;6;134
25;2025-06-25;7;442
25;2025-06-25;8;675
25;2025-06-25;9;366
25;2025-06-25;10;295
25;2025-06-25;11;354
25;2025-06-25;12;341
25;2025-06-25;13;337
25;2025-06-25;14;297
25;2025-06-25;15;313
25;2025-06-25;16;479
25;2025-06-25;17;546
25;2025-06-25;18;615
25;2025-06-25;19;320
25;2025-06-25;20;297
25;2025-06-25;21;239
25;2025-06-25;22;118
25;2025-06-25;23;2
25;2025-06-26;5;5
25;2025-06-26;6;128
25;2025-06-26;7;392
25;2025-06-26;8;655
25;2025-06-26;9;431
25;2025-06-26;10;341
25;2025-06-26;11;395
25;2025-06-26;12;335
25;2025-06-26;13;397
25;2025-06-26;14;359
25;2025-06-26;15;438
25;2025-06-26;16;468
25;2025-06-26;17;526
25;2025-06-26;18;655
25;2025-06-26;19;497
25;2025-06-26;20;379
25;2025-06-26;21;249
25;2025-06-26;22;134
25;2025-06-26;23;15
25;2025-06-27;5;2
25;2025-06-27;6;180
25;2025-06-27;7;440
25;2025-06-27;8;798
25;2025-06-27;9;490
25;2025-06-27;10;524
25;2025-06-27;11;264
25;2025-06-27;12;241
25;2025-06-27;13;308
25;2025-06-27;14;374
25;2025-06-27;15;384
25;2025-06-27;16;464
25;2025-06-27;17;399
25;2025-06-27;18;344
25;2025-06-27;19;272
25;2025-06-27;20;220
25;2025-06-27;21;132
25;2025-06-27;22;75
25;2025-06-28;5;1
25;2025-06-28;6;50
25;2025-06-28;7;116
25;2025-06-28;8;251
25;2025-06-28;9;280
25;2025-06-28;10;253
25;2025-06-28;11;403
25;2025-06-28;12;302
25;2025-06-28;13;374
25;2025-06-28;14;539
25;2025-06-28;15;579
25;2025-06-28;16;498
25;2025-06-28;17;457
25;2025-06-28;18;552
25;2025-06-28;19;436
25;2025-06-28;20;342
25;2025-06-28;21;322
25;2025-06-28;22;184
25;2025-06-28;23;74
25;2025-06-29;0;23
25;2025-06-29;1;3
25;2025-06-29;5;1
25;2025-06-29;6;36
25;2025-06-29;7;86
25;2025-06-29;8;190
25;2025-06-29;9;179
25;2025-06-29;10;173
25;2025-06-29;11;233
25;2025-06-29;12;235
25;2025-06-29;13;338
25;2025-06-29;14;400
25;2025-06-29;15;447
25;2025-06-29;16;300
25;2025-06-29;17;258
25;2025-06-29;18;266
25;2025-06-29;19;198
25;2025-06-29;20;166
25;2025-06-29;21;179
25;2025-06-29;22;87
25;2025-06-29;23;12
25;2025-06-30;0;8
25;2025-06-30;5;4
25;2025-06-30;6;116
25;2025-06-30;7;439
25;2025-06-30;8;603
25;2025-06-30;9;351
25;2025-06-30;10;303
25;2025-06-30;11;261
25;2025-06-30;12;280
25;2025-06-30;13;239
25;2025-06-30;14;269
25;2025-06-30;15;343
25;2025-06-30;16;316
25;2025-06-30;17;459
25;2025-06-30;18;598
25;2025-06-30;19;343
25;2025-06-30;20;207
25;2025-06-30;21;144
25;2025-06-30;22;73
25;2025-06-30;23;6
25;2025-07-01;5;5
25;2025-07-01;6;149
25;2025-07-01;7;461
25;2025-07-01;8;590
25;2025-07-01;9;375
25;2025-07-01;10;240
25;2025-07-01;11;257
25;2025-07-01;12;304
25;2025-07-01;13;262
25;2025-07-01;14;308
25;2025-07-01;15;322
25;2025-07-01;16;348
25;2025-07-01;17;431
25;2025-07-01;18;523
25;2025-07-01;19;375
25;2025-07-01;20;394
25;2025-07-01;21;268
25;2025-07-01;22;129
25;2025-07-01;23;33
25;2025-07-02;0;7
25;2025-07-02;1;4
25;2025-07-02;5;3
25;2025-07-02;6;144
25;2025-07-02;7;385
25;2025-07-02;8;520
25;2025-07-02;9;317
25;2025-07-02;10;282
25;2025-07-02;11;324
25;2025-07-02;12;308
25;2025-07-02;13;298
25;2025-07-02;14;315
25;2025-07-02;15;367
25;2025-07-02;16;438
25;2025-07-02;17;477
25;2025-07-02;18;610
25;2025-07-02;19;417
25;2025-07-02;20;299
25;2025-07-02;21;281
25;2025-07-02;22;113
25;2025-07-02;23;9
25;2025-07-03;5;5
25;2025-07-03;6;123
25;2025-07-03;7;408
25;2025-07-03;8;620
25;2025-07-03;9;357
25;2025-07-03;10;314
25;2025-07-03;11;331
25;2025-07-03;12;409
25;2025-07-03;13;331
25;2025-07-03;14;386
25;2025-07-03;15;437
25;2025-07-03;16;507
25;2025-07-03;17;618
25;2025-07-03;18;693
25;2025-07-03;19;467
25;2025-07-03;20;286
25;2025-07-03;21;212
25;2025-07-03;22;136
25;2025-07-03;23;14
25;2025-07-04;5;4
25;2025-07-04;6;142
25;2025-07-04;7;369
25;2025-07-04;8;669
25;2025-07-04;9;488
25;2025-07-04;10;411
25;2025-07-04;11;413
25;2025-07-04;12;535
25;2025-07-04;13;539
25;2025-07-04;14;552
25;2025-07-04;15;474
25;2025-07-04;16;740
25;2025-07-04;17;670
25;2025-07-04;18;693
25;2025-07-04;19;485
25;2025-07-04;20;523
25;2025-07-04;21;280
25;2025-07-04;22;174
25;2025-07-04;23;13
25;2025-07-05;0;1
25;2025-07-05;5;1
25;2025-07-05;6;49
25;2025-07-05;7;156
25;2025-07-05;8;217
25;2025-07-05;9;271
25;2025-07-05;10;222
25;2025-07-05;11;272
25;2025-07-05;12;310
25;2025-07-05;13;374
25;2025-07-05;14;381
25;2025-07-05;15;635
25;2025-07-05;16;507
25;2025-07-05;17;446
25;2025-07-05;18;490
25;2025-07-05;19;438
25;2025-07-05;20;300
25;2025-07-05;21;167
25;2025-07-05;22;126
25;2025-07-05;23;54
25;2025-07-06;0;33
25;2025-07-06;6;46
25;2025-07-06;7;102
25;2025-07-06;8;137
25;2025-07-06;9;135
25;2025-07-06;10;141
25;2025-07-06;11;221
25;2025-07-06;12;288
25;2025-07-06;13;375
25;2025-07-06;14;402
25;2025-07-06;15;448
25;2025-07-06;16;429
25;2025-07-06;17;358
25;2025-07-06;18;450
25;2025-07-06;19;350
25;2025-07-06;20;253
25;2025-07-06;21;249
25;2025-07-06;22;161
25;2025-07-06;23;55
25;2025-07-07;0;18
25;2025-07-07;1;1
25;2025-07-07;5;4
25;2025-07-07;6;124
25;2025-07-07;7;349
25;2025-07-07;8;597
25;2025-07-07;9;342
25;2025-07-07;10;236
25;2025-07-07;11;278
25;2025-07-07;12;270
25;2025-07-07;13;275
25;2025-07-07;14;324
25;2025-07-07;15;353
25;2025-07-07;16;340
25;2025-07-07;17;334
25;2025-07-07;18;388
25;2025-07-07;19;274
25;2025-07-07;20;238
25;2025-07-07;21;160
25;2025-07-07;22;54
25;2025-07-08;5;2
25;2025-07-08;6;132
25;2025-07-08;7;380
25;2025-07-08;8;592
25;2025-07-08;9;279
25;2025-07-08;10;209
25;2025-07-08;11;269
25;2025-07-08;12;308
25;2025-07-08;13;280
25;2025-07-08;14;316
25;2025-07-08;15;375
25;2025-07-08;16;428
25;2025-07-08;17;485
25;2025-07-08;18;522
25;2025-07-08;19;469
25;2025-07-08;20;298
25;2025-07-08;21;215
25;2025-07-08;22;149
25;2025-07-08;23;1
25;2025-07-09;5;8
25;2025-07-09;6;115
25;2025-07-09;7;381
25;2025-07-09;8;673
25;2025-07-09;9;336
25;2025-07-09;10;303
25;2025-07-09;11;268
25;2025-07-09;12;237
25;2025-07-09;13;205
25;2025-07-09;14;279
25;2025-07-09;15;298
25;2025-07-09;16;376
25;2025-07-09;17;643
25;2025-07-09;18;864
25;2025-07-09;19;612
25;2025-07-09;20;417
25;2025-07-09;21;323
25;2025-07-09;22;209
25;2025-07-09;23;64
25;2025-07-10;0;22
25;2025-07-10;5;9
25;2025-07-10;6;130
25;2025-07-10;7;378
25;2025-07-10;8;643
25;2025-07-10;9;356
25;2025-07-10;10;216
25;2025-07-10;11;291
25;2025-07-10;12;316
25;2025-07-10;13;296
25;2025-07-10;14;338
25;2025-07-10;15;365
25;2025-07-10;16;372
25;2025-07-10;17;454
25;2025-07-10;18;571
25;2025-07-10;19;427
25;2025-07-10;20;322
25;2025-07-10;21;300
25;2025-07-10;22;143
25;2025-07-10;23;3
25;2025-07-11;5;6
25;2025-07-11;6;118
25;2025-07-11;7;372
25;2025-07-11;8;610
25;2025-07-11;9;400
25;2025-07-11;10;250
25;2025-07-11;11;219
25;2025-07-11;12;256
25;2025-07-11;13;298
25;2025-07-11;14;274
25;2025-07-11;15;329
25;2025-07-11;16;419
25;2025-07-11;17;556
25;2025-07-11;18;560
25;2025-07-11;19;500
25;2025-07-11;20;337
25;2025-07-11;21;353
25;2025-07-11;22;184
25;2025-07-11;23;31
25;2025-07-12;5;2
25;2025-07-12;6;39
25;2025-07-12;7;133
25;2025-07-12;8;206
25;2025-07-12;9;228
25;2025-07-12;10;264
25;2025-07-12;11;257
25;2025-07-12;12;189
25;2025-07-12;13;259
25;2025-07-12;14;331
25;2025-07-12;15;381
25;2025-07-12;16;329
25;2025-07-12;17;389
25;2025-07-12;18;193
25;2025-07-12;19;273
25;2025-07-12;20;178
25;2025-07-12;21;189
25;2025-07-12;22;127
25;2025-07-12;23;43
25;2025-07-13;0;12
25;2025-07-13;5;3
25;2025-07-13;6;45
25;2025-07-13;7;74
25;2025-07-13;8;194
25;2025-07-13;9;164
25;2025-07-13;10;170
25;2025-07-13;11;187
25;2025-07-13;12;196
25;2025-07-13;13;292
25;2025-07-13;14;320
25;2025-07-13;15;394
25;2025-07-13;16;374
25;2025-07-13;17;302
25;2025-07-13;18;388
25;2025-07-13;19;258
25;2025-07-13;20;242
25;2025-07-13;21;225
25;2025-07-13;22;136
25;2025-07-13;23;39
25;2025-07-14;0;18
25;2025-07-14;5;7
25;2025-07-14;6;136
25;2025-07-14;7;378
25;2025-07-14;8;610
25;2025-07-14;9;318
25;2025-07-14;10;263
25;2025-07-14;11;291
25;2025-07-14;12;272
25;2025-07-14;13;225
25;2025-07-14;14;258
25;2025-07-14;15;346
25;2025-07-14;16;329
25;2025-07-14;17;496
25;2025-07-14;18;571
25;2025-07-14;19;313
25;2025-07-14;20;244
25;2025-07-14;21;161
25;2025-07-14;22;83
25;2025-07-14;23;1
25;2025-07-15;5;4
25;2025-07-15;6;124
25;2025-07-15;7;418
25;2025-07-15;8;561
25;2025-07-15;9;358
25;2025-07-15;10;328
25;2025-07-15;11;166
25;2025-07-15;12;147
25;2025-07-15;13;178
25;2025-07-15;14;246
25;2025-07-15;15;268
25;2025-07-15;16;318
25;2025-07-15;17;334
25;2025-07-15;18;477
25;2025-07-15;19;369
25;2025-07-15;20;246
25;2025-07-15;21;194
25;2025-07-15;22;112
25;2025-07-15;23;5
25;2025-07-16;5;2
25;2025-07-16;6;124
25;2025-07-16;7;419
25;2025-07-16;8;585
25;2025-07-16;9;345
25;2025-07-16;10;195
25;2025-07-16;11;241
25;2025-07-16;12;350
25;2025-07-16;13;259
25;2025-07-16;14;329
25;2025-07-16;15;353
25;2025-07-16;16;425
25;2025-07-16;17;493
25;2025-07-16;18;524
25;2025-07-16;19;345
25;2025-07-16;20;255
25;2025-07-16;21;200
25;2025-07-16;22;87
25;2025-07-16;23;4
25;2025-07-17;5;4
25;2025-07-17;6;131
25;2025-07-17;7;370
25;2025-07-17;8;562
25;2025-07-17;9;349
25;2025-07-17;10;241
25;2025-07-17;11;264
25;2025-07-17;12;249
25;2025-07-17;13;264
25;2025-07-17;14;344
25;2025-07-17;15;332
25;2025-07-17;16;394
25;2025-07-17;17;469
25;2025-07-17;18;595
25;2025-07-17;19;359
25;2025-07-17;20;340
25;2025-07-17;21;192
25;2025-07-17;22;154
25;2025-07-17;23;6
25;2025-07-18;5;6
25;2025-07-18;6;104
25;2025-07-18;7;380
25;2025-07-18;8;489
25;2025-07-18;9;354
25;2025-07-18;10;273
25;2025-07-18;11;315
25;2025-07-18;12;293
25;2025-07-18;13;317
25;2025-07-18;14;399
25;2025-07-18;15;456
25;2025-07-18;16;452
25;2025-07-18;17;558
25;2025-07-18;18;441
25;2025-07-18;19;406
25;2025-07-18;20;334
25;2025-07-18;21;255
25;2025-07-18;22;127
25;2025-07-18;23;13
25;2025-07-19;5;1
25;2025-07-19;6;41
25;2025-07-19;7;138
25;2025-07-19;8;188
25;2025-07-19;9;198
25;2025-07-19;10;156
25;2025-07-19;11;218
25;2025-07-19;12;251
25;2025-07-19;13;318
25;2025-07-19;14;324
25;2025-07-19;15;384
25;2025-07-19;16;389
25;2025-07-19;17;327
25;2025-07-19;18;317
25;2025-07-19;19;319
25;2025-07-19;20;162
25;2025-07-19;21;194
25;2025-07-19;22;106
25;2025-07-19;23;26
25;2025-07-20;0;7
25;2025-07-20;5;1
25;2025-07-20;6;41
25;2025-07-20;7;104
25;2025-07-20;8;173
25;2025-07-20;9;152
25;2025-07-20;10;174
25;2025-07-20;11;182
25;2025-07-20;12;276
25;2025-07-20;13;310
25;2025-07-20;14;255
25;2025-07-20;15;356
25;2025-07-20;16;326
25;2025-07-20;17;282
25;2025-07-20;18;327
25;2025-07-20;19;259
25;2025-07-20;20;266
25;2025-07-20;21;184
25;2025-07-20;22;126
25;2025-07-20;23;48
25;2025-07-21;0;12
25;2025-07-21;5;5
25;2025-07-21;6;116
25;2025-07-21;7;299
25;2025-07-21;8;435
25;2025-07-21;9;370
25;2025-07-21;10;194
25;2025-07-21;11;181
25;2025-07-21;12;162
25;2025-07-21;13;158
25;2025-07-21;14;217
25;2025-07-21;15;257
25;2025-07-21;16;344
25;2025-07-21;17;364
25;2025-07-21;18;428
25;2025-07-21;19;341
25;2025-07-21;20;253
25;2025-07-21;21;192
25;2025-07-21;22;54
25;2025-07-22;5;7
25;2025-07-22;6;110
25;2025-07-22;7;366
25;2025-07-22;8;501
25;2025-07-22;9;281
25;2025-07-22;10;237
25;2025-07-22;11;211
25;2025-07-22;12;261
25;2025-07-22;13;264
25;2025-07-22;14;334
25;2025-07-22;15;301
25;2025-07-22;16;399
25;2025-07-22;17;446
25;2025-07-22;18;538
25;2025-07-22;19;432
25;2025-07-22;20;279
25;2025-07-22;21;217
25;2025-07-22;22;80
25;2025-07-22;23;3
25;2025-07-23;5;4
25;2025-07-23;6;128
25;2025-07-23;7;365
25;2025-07-23;8;596
25;2025-07-23;9;336
25;2025-07-23;10;295
25;2025-07-23;11;244
25;2025-07-23;12;274
25;2025-07-23;13;360
25;2025-07-23;14;274
25;2025-07-23;15;371
25;2025-07-23;16;373
25;2025-07-23;17;481
25;2025-07-23;18;619
25;2025-07-23;19;434
25;2025-07-23;20;299
25;2025-07-23;21;152
25;2025-07-23;22;124
25;2025-07-23;23;8
25;2025-07-24;5;5
25;2025-07-24;6;99
25;2025-07-24;7;342
25;2025-07-24;8;606
25;2025-07-24;9;334
25;2025-07-24;10;285
25;2025-07-24;11;287
25;2025-07-24;12;276
25;2025-07-24;13;225
25;2025-07-24;14;271
25;2025-07-24;15;363
25;2025-07-24;16;335
25;2025-07-24;17;560
25;2025-07-24;18;575
25;2025-07-24;19;499
25;2025-07-24;20;311
25;2025-07-24;21;235
25;2025-07-24;22;139
25;2025-07-24;23;5
25;2025-07-25;5;2
25;2025-07-25;6;127
25;2025-07-25;7;341
25;2025-07-25;8;604
25;2025-07-25;9;394
25;2025-07-25;10;367
25;2025-07-25;11;440
25;2025-07-25;12;379
25;2025-07-25;13;372
25;2025-07-25;14;400
25;2025-07-25;15;420
25;2025-07-25;16;549
25;2025-07-25;17;593
25;2025-07-25;18;494
25;2025-07-25;19;564
25;2025-07-25;20;372
25;2025-07-25;21;270
25;2025-07-25;22;150
25;2025-07-25;23;29
25;2025-07-26;0;5
25;2025-07-26;1;5
25;2025-07-26;5;1
25;2025-07-26;6;42
25;2025-07-26;7;92
25;2025-07-26;8;206
25;2025-07-26;9;200
25;2025-07-26;10;206
25;2025-07-26;11;203
25;2025-07-26;12;237
25;2025-07-26;13;281
25;2025-07-26;14;378
25;2025-07-26;15;456
25;2025-07-26;16;370
25;2025-07-26;17;392
25;2025-07-26;18;415
25;2025-07-26;19;404
25;2025-07-26;20;310
25;2025-07-26;21;269
25;2025-07-26;22;180
25;2025-07-26;23;67
25;2025-07-27;0;15
25;2025-07-27;6;25
25;2025-07-27;7;90
25;2025-07-27;8;187
25;2025-07-27;9;124
25;2025-07-27;10;164
25;2025-07-27;11;207
25;2025-07-27;12;250
25;2025-07-27;13;300
25;2025-07-27;14;337
25;2025-07-27;15;441
25;2025-07-27;16;383
25;2025-07-27;17;324
25;2025-07-27;18;393
25;2025-07-27;19;383
25;2025-07-27;20;208
25;2025-07-27;21;210
25;2025-07-27;22;143
25;2025-07-27;23;41
25;2025-07-28;0;15
25;2025-07-28;5;3
25;2025-07-28;6;113
25;2025-07-28;7;364
25;2025-07-28;8;587
25;2025-07-28;9;317
25;2025-07-28;10;297
25;2025-07-28;11;210
25;2025-07-28;12;300
25;2025-07-28;13;265
25;2025-07-28;14;334
25;2025-07-28;15;329
25;2025-07-28;16;328
25;2025-07-28;17;443
25;2025-07-28;18;563
25;2025-07-28;19;404
25;2025-07-28;20;285
25;2025-07-28;21;197
25;2025-07-28;22;121
25;2025-07-28;23;9
25;2025-07-29;5;5
25;2025-07-29;6;119
25;2025-07-29;7;418
25;2025-07-29;8;493
25;2025-07-29;9;390
25;2025-07-29;10;237
25;2025-07-29;11;250
25;2025-07-29;12;347
25;2025-07-29;13;214
25;2025-07-29;14;253
25;2025-07-29;15;295
25;2025-07-29;16;287
25;2025-07-29;17;316
25;2025-07-29;18;508
25;2025-07-29;19;386
25;2025-07-29;20;262
25;2025-07-29;21;193
25;2025-07-29;22;86
25;2025-07-29;23;13
25;2025-07-30;5;6
25;2025-07-30;6;122
25;2025-07-30;7;414
25;2025-07-30;8;538
25;2025-07-30;9;329
25;2025-07-30;10;266
25;2025-07-30;11;212
25;2025-07-30;12;234
25;2025-07-30;13;257
25;2025-07-30;14;342
25;2025-07-30;15;373
25;2025-07-30;16;379
25;2025-07-30;17;427
25;2025-07-30;18;447
25;2025-07-30;19;485
25;2025-07-30;20;320
25;2025-07-30;21;210
25;2025-07-30;22;95
25;2025-07-30;23;5
25;2025-07-31;5;4
25;2025-07-31;6;157
25;2025-07-31;7;376
25;2025-07-31;8;659
25;2025-07-31;9;304
25;2025-07-31;10;254
25;2025-07-31;11;281
25;2025-07-31;12;278
25;2025-07-31;13;266
25;2025-07-31;14;281
25;2025-07-31;15;350
25;2025-07-31;16;355
25;2025-07-31;17;464
25;2025-07-31;18;456
25;2025-07-31;19;413
25;2025-07-31;20;309
25;2025-07-31;21;152
25;2025-07-31;22;106
25;2025-07-31;23;6
25;2025-08-01;5;5
25;2025-08-01;6;137
25;2025-08-01;7;373
25;2025-08-01;8;567
25;2025-08-01;9;279
25;2025-08-01;10;209
25;2025-08-01;11;187
25;2025-08-01;12;204
25;2025-08-01;13;246
25;2025-08-01;14;310
25;2025-08-01;15;428
25;2025-08-01;16;384
25;2025-08-01;17;345
25;2025-08-01;18;376
25;2025-08-01;19;385
25;2025-08-01;20;258
25;2025-08-01;21;246
25;2025-08-01;22;98
25;2025-08-01;23;8
25;2025-08-02;6;34
25;2025-08-02;7;100
25;2025-08-02;8;208
25;2025-08-02;9;188
25;2025-08-02;10;180
25;2025-08-02;11;252
25;2025-08-02;12;314
25;2025-08-02;13;250
25;2025-08-02;14;281
25;2025-08-02;15;479
25;2025-08-02;16;348
25;2025-08-02;17;362
25;2025-08-02;18;391
25;2025-08-02;19;383
25;2025-08-02;20;282
25;2025-08-02;21;227
25;2025-08-02;22;158
25;2025-08-02;23;70
25;2025-08-03;0;22
25;2025-08-03;6;41
25;2025-08-03;7;95
25;2025-08-03;8;147
25;2025-08-03;9;188
25;2025-08-03;10;190
25;2025-08-03;11;224
25;2025-08-03;12;232
25;2025-08-03;13;291
25;2025-08-03;14;390
25;2025-08-03;15;445
25;2025-08-03;16;382
25;2025-08-03;17;436
25;2025-08-03;18;482
25;2025-08-03;19;292
25;2025-08-03;20;293
25;2025-08-03;21;234
25;2025-08-03;22;150
25;2025-08-03;23;34
25;2025-08-04;0;6
25;2025-08-04;5;3
25;2025-08-04;6;135
25;2025-08-04;7;375
25;2025-08-04;8;580
25;2025-08-04;9;275
25;2025-08-04;10;182
25;2025-08-04;11;167
25;2025-08-04;12;155
25;2025-08-04;13;173
25;2025-08-04;14;154
25;2025-08-04;15;133
25;2025-08-04;16;181
25;2025-08-04;17;311
25;2025-08-04;18;322
25;2025-08-04;19;260
25;2025-08-04;20;203
25;2025-08-04;21;90
25;2025-08-04;22;62
25;2025-08-04;23;4
25;2025-08-05;5;3
25;2025-08-05;6;133
25;2025-08-05;7;398
25;2025-08-05;8;569
25;2025-08-05;9;338
25;2025-08-05;10;298
25;2025-08-05;11;272
25;2025-08-05;12;246
25;2025-08-05;13;256
25;2025-08-05;14;215
25;2025-08-05;15;247
25;2025-08-05;16;360
25;2025-08-05;17;426
25;2025-08-05;18;513
25;2025-08-05;19;364
25;2025-08-05;20;292
25;2025-08-05;21;146
25;2025-08-05;22;98
25;2025-08-05;23;7
25;2025-08-06;5;2
25;2025-08-06;6;128
25;2025-08-06;7;406
25;2025-08-06;8;520
25;2025-08-06;9;314
25;2025-08-06;10;289
25;2025-08-06;11;221
25;2025-08-06;12;238
25;2025-08-06;13;257
25;2025-08-06;14;313
25;2025-08-06;15;350
25;2025-08-06;16;440
25;2025-08-06;17;539
25;2025-08-06;18;543
25;2025-08-06;19;456
25;2025-08-06;20;299
25;2025-08-06;21;191
25;2025-08-06;22;116
25;2025-08-06;23;1
25;2025-08-07;5;2
25;2025-08-07;6;148
25;2025-08-07;7;394
25;2025-08-07;8;570
25;2025-08-07;9;306
25;2025-08-07;10;186
25;2025-08-07;11;195
25;2025-08-07;12;277
25;2025-08-07;13;253
25;2025-08-07;14;235
25;2025-08-07;15;296
25;2025-08-07;16;293
25;2025-08-07;17;465
25;2025-08-07;18;534
25;2025-08-07;19;406
25;2025-08-07;20;261
25;2025-08-07;21;215
25;2025-08-07;22;85
25;2025-08-07;23;3
25;2025-08-08;5;1
25;2025-08-08;6;147
25;2025-08-08;7;366
25;2025-08-08;8;610
25;2025-08-08;9;308
25;2025-08-08;10;227
25;2025-08-08;11;260
25;2025-08-08;12;286
25;2025-08-08;13;294
25;2025-08-08;14;276
25;2025-08-08;15;367
25;2025-08-08;16;392
25;2025-08-08;17;464
25;2025-08-08;18;410
25;2025-08-08;19;418
25;2025-08-08;20;291
25;2025-08-08;21;197
25;2025-08-08;22;149
25;2025-08-08;23;3
25;2025-08-09;5;1
25;2025-08-09;6;31
25;2025-08-09;7;132
25;2025-08-09;8;231
25;2025-08-09;9;194
25;2025-08-09;10;185
25;2025-08-09;11;191
25;2025-08-09;12;263
25;2025-08-09;13;306
25;2025-08-09;14;292
25;2025-08-09;15;341
25;2025-08-09;16;354
25;2025-08-09;17;294
25;2025-08-09;18;354
25;2025-08-09;19;250
25;2025-08-09;20;158
25;2025-08-09;21;220
25;2025-08-09;22;161
25;2025-08-09;23;63
25;2025-08-10;0;18
25;2025-08-10;5;1
25;2025-08-10;6;43
25;2025-08-10;7;85
25;2025-08-10;8;166
25;2025-08-10;9;159
25;2025-08-10;10;183
25;2025-08-10;11;236
25;2025-08-10;12;319
25;2025-08-10;13;308
25;2025-08-10;14;333
25;2025-08-10;15;515
25;2025-08-10;16;311
25;2025-08-10;17;446
25;2025-08-10;18;421
25;2025-08-10;19;312
25;2025-08-10;20;237
25;2025-08-10;21;222
25;2025-08-10;22;84
25;2025-08-10;23;33
25;2025-08-11;0;8
25;2025-08-11;1;1
25;2025-08-11;5;8
25;2025-08-11;6;117
25;2025-08-11;7;375
25;2025-08-11;8;512
25;2025-08-11;9;272
25;2025-08-11;10;242
25;2025-08-11;11;292
25;2025-08-11;12;313
25;2025-08-11;13;283
25;2025-08-11;14;287
25;2025-08-11;15;314
25;2025-08-11;16;345
25;2025-08-11;17;520
25;2025-08-11;18;651
25;2025-08-11;19;416
25;2025-08-11;20;219
25;2025-08-11;21;201
25;2025-08-11;22;56
25;2025-08-11;23;7
25;2025-08-12;0;5
25;2025-08-12;5;3
25;2025-08-12;6;122
25;2025-08-12;7;420
25;2025-08-12;8;567
25;2025-08-12;9;310
25;2025-08-12;10;271
25;2025-08-12;11;195
25;2025-08-12;12;274
25;2025-08-12;13;398
25;2025-08-12;14;469
25;2025-08-12;15;623
25;2025-08-12;16;710
25;2025-08-12;17;556
25;2025-08-12;18;762
25;2025-08-12;19;593
25;2025-08-12;20;287
25;2025-08-12;21;149
25;2025-08-12;22;63
25;2025-08-12;23;4
25;2025-08-13;5;6
25;2025-08-13;6;105
25;2025-08-13;7;404
25;2025-08-13;8;584
25;2025-08-13;9;277
25;2025-08-13;10;312
25;2025-08-13;11;298
25;2025-08-13;12;319
25;2025-08-13;13;315
25;2025-08-13;14;331
25;2025-08-13;15;400
25;2025-08-13;16;422
25;2025-08-13;17;571
25;2025-08-13;18;637
25;2025-08-13;19;425
25;2025-08-13;20;378
25;2025-08-13;21;310
25;2025-08-13;22;118
25;2025-08-13;23;42
25;2025-08-14;0;5
25;2025-08-14;1;1
25;2025-08-14;5;1
25;2025-08-14;6;113
25;2025-08-14;7;421
25;2025-08-14;8;516
25;2025-08-14;9;319
25;2025-08-14;10;258
25;2025-08-14;11;233
25;2025-08-14;12;293
25;2025-08-14;13;237
25;2025-08-14;14;302
25;2025-08-14;15;307
25;2025-08-14;16;508
25;2025-08-14;17;738
25;2025-08-14;18;778
25;2025-08-14;19;517
25;2025-08-14;20;279
25;2025-08-14;21;205
25;2025-08-14;22;79
25;2025-08-14;23;19
25;2025-08-15;0;13
25;2025-08-15;5;5
25;2025-08-15;6;123
25;2025-08-15;7;365
25;2025-08-15;8;470
25;2025-08-15;9;348
25;2025-08-15;10;225
25;2025-08-15;11;284
25;2025-08-15;12;273
25;2025-08-15;13;322
25;2025-08-15;14;399
25;2025-08-15;15;436
25;2025-08-15;16;558
25;2025-08-15;17;456
25;2025-08-15;18;460
25;2025-08-15;19;416
25;2025-08-15;20;319
25;2025-08-15;21;176
25;2025-08-15;22;125
25;2025-08-15;23;6
25;2025-08-16;0;2
25;2025-08-16;6;33
25;2025-08-16;7;121
25;2025-08-16;8;250
25;2025-08-16;9;296
25;2025-08-16;10;364
25;2025-08-16;11;413
25;2025-08-16;12;534
25;2025-08-16;13;548
25;2025-08-16;14;696
25;2025-08-16;15;685
25;2025-08-16;16;679
25;2025-08-16;17;512
25;2025-08-16;18;606
25;2025-08-16;19;568
25;2025-08-16;20;363
25;2025-08-16;21;290
25;2025-08-16;22;179
25;2025-08-16;23;60
25;2025-08-17;0;29
25;2025-08-17;5;2
25;2025-08-17;6;29
25;2025-08-17;7;97
25;2025-08-17;8;165
25;2025-08-17;9;173
25;2025-08-17;10;154
25;2025-08-17;11;205
25;2025-08-17;12;287
25;2025-08-17;13;334
25;2025-08-17;14;308
25;2025-08-17;15;435
25;2025-08-17;16;403
25;2025-08-17;17;330
25;2025-08-17;18;374
25;2025-08-17;19;287
25;2025-08-17;20;177
25;2025-08-17;21;162
25;2025-08-17;22;91
25;2025-08-17;23;28
25;2025-08-18;0;4
25;2025-08-18;1;1
25;2025-08-18;5;1
25;2025-08-18;6;127
25;2025-08-18;7;392
25;2025-08-18;8;546
25;2025-08-18;9;296
25;2025-08-18;10;236
25;2025-08-18;11;231
25;2025-08-18;12;269
25;2025-08-18;13;264
25;2025-08-18;14;240
25;2025-08-18;15;371
25;2025-08-18;16;426
25;2025-08-18;17;438
25;2025-08-18;18;396
25;2025-08-18;19;399
25;2025-08-18;20;245
25;2025-08-18;21;144
25;2025-08-18;22;76
25;2025-08-18;23;2
25;2025-08-19;5;3
25;2025-08-19;6;130
25;2025-08-19;7;432
25;2025-08-19;8;524
25;2025-08-19;9;400
25;2025-08-19;10;230
25;2025-08-19;11;341
25;2025-08-19;12;373
25;2025-08-19;13;422
25;2025-08-19;14;421
25;2025-08-19;15;409
25;2025-08-19;16;454
25;2025-08-19;17;489
25;2025-08-19;18;569
25;2025-08-19;19;491
25;2025-08-19;20;350
25;2025-08-19;21;182
25;2025-08-19;22;92
25;2025-08-19;23;11
25;2025-08-20;0;8
25;2025-08-20;5;3
25;2025-08-20;6;108
25;2025-08-20;7;375
25;2025-08-20;8;544
25;2025-08-20;9;288
25;2025-08-20;10;314
25;2025-08-20;11;254
25;2025-08-20;12;298
25;2025-08-20;13;318
25;2025-08-20;14;320
25;2025-08-20;15;374
25;2025-08-20;16;450
25;2025-08-20;17;633
25;2025-08-20;18;794
25;2025-08-20;19;550
25;2025-08-20;20;288
25;2025-08-20;21;216
25;2025-08-20;22;110
25;2025-08-20;23;35
25;2025-08-21;0;22
25;2025-08-21;1;5
25;2025-08-21;5;5
25;2025-08-21;6;105
25;2025-08-21;7;370
25;2025-08-21;8;590
25;2025-08-21;9;302
25;2025-08-21;10;274
25;2025-08-21;11;243
25;2025-08-21;12;262
25;2025-08-21;13;242
25;2025-08-21;14;261
25;2025-08-21;15;355
25;2025-08-21;16;443
25;2025-08-21;17;453
25;2025-08-21;18;614
25;2025-08-21;19;440
25;2025-08-21;20;337
25;2025-08-21;21;324
25;2025-08-21;22;119
25;2025-08-21;23;16
25;2025-08-22;0;20
25;2025-08-22;1;2
25;2025-08-22;5;2
25;2025-08-22;6;139
25;2025-08-22;7;389
25;2025-08-22;8;518
25;2025-08-22;9;310
25;2025-08-22;10;246
25;2025-08-22;11;222
25;2025-08-22;12;232
25;2025-08-22;13;321
25;2025-08-22;14;255
25;2025-08-22;15;416
25;2025-08-22;16;346
25;2025-08-22;17;469
25;2025-08-22;18;460
25;2025-08-22;19;340
25;2025-08-22;20;293
25;2025-08-22;21;173
25;2025-08-22;22;137
25;2025-08-22;23;40
25;2025-08-23;0;7
25;2025-08-23;6;59
25;2025-08-23;7;122
25;2025-08-23;8;221
25;2025-08-23;9;185
25;2025-08-23;10;174
25;2025-08-23;11;223
25;2025-08-23;12;255
25;2025-08-23;13;297
25;2025-08-23;14;320
25;2025-08-23;15;432
25;2025-08-23;16;382
25;2025-08-23;17;374
25;2025-08-23;18;423
25;2025-08-23;19;311
25;2025-08-23;20;180
25;2025-08-23;21;211
25;2025-08-23;22;110
25;2025-08-23;23;38
25;2025-08-24;0;3
25;2025-08-24;5;3
25;2025-08-24;6;27
25;2025-08-24;7;97
25;2025-08-24;8;181
25;2025-08-24;9;170
25;2025-08-24;10;189
25;2025-08-24;11;240
25;2025-08-24;12;327
25;2025-08-24;13;371
25;2025-08-24;14;442
25;2025-08-24;15;551
25;2025-08-24;16;436
25;2025-08-24;17;419
25;2025-08-24;18;544
25;2025-08-24;19;290
25;2025-08-24;20;172
25;2025-08-24;21;137
25;2025-08-24;22;110
25;2025-08-24;23;31
25;2025-08-25;0;11
25;2025-08-25;1;1
25;2025-08-25;5;4
25;2025-08-25;6;136
25;2025-08-25;7;395
25;2025-08-25;8;563
25;2025-08-25;9;383
25;2025-08-25;10;213
25;2025-08-25;11;263
25;2025-08-25;12;307
25;2025-08-25;13;362
25;2025-08-25;14;292
25;2025-08-25;15;385
25;2025-08-25;16;511
25;2025-08-25;17;534
25;2025-08-25;18;708
25;2025-08-25;19;393
25;2025-08-25;20;473
25;2025-08-25;21;175
25;2025-08-25;22;73
25;2025-08-25;23;25
25;2025-08-26;0;15
25;2025-08-26;5;5
25;2025-08-26;6;117
25;2025-08-26;7;431
25;2025-08-26;8;552
25;2025-08-26;9;353
25;2025-08-26;10;236
25;2025-08-26;11;283
25;2025-08-26;12;408
25;2025-08-26;13;385
25;2025-08-26;14;391
25;2025-08-26;15;522
25;2025-08-26;16;567
25;2025-08-26;17;559
25;2025-08-26;18;796
25;2025-08-26;19;502
25;2025-08-26;20;339
25;2025-08-26;21;199
25;2025-08-26;22;84
25;2025-08-26;23;4
25;2025-08-27;5;3
25;2025-08-27;6;104
25;2025-08-27;7;385
25;2025-08-27;8;542
25;2025-08-27;9;317
25;2025-08-27;10;265
25;2025-08-27;11;297
25;2025-08-27;12;360
25;2025-08-27;13;322
25;2025-08-27;14;324
25;2025-08-27;15;393
25;2025-08-27;16;448
25;2025-08-27;17;536
25;2025-08-27;18;670
25;2025-08-27;19;524
25;2025-08-27;20;270
25;2025-08-27;21;190
25;2025-08-27;22;102
25;2025-08-27;23;2
25;2025-08-28;5;3
25;2025-08-28;6;113
25;2025-08-28;7;436
25;2025-08-28;8;596
25;2025-08-28;9;419
25;2025-08-28;10;363
25;2025-08-28;11;325
25;2025-08-28;12;374
25;2025-08-28;13;292
25;2025-08-28;14;373
25;2025-08-28;15;429
25;2025-08-28;16;529
25;2025-08-28;17;493
25;2025-08-28;18;731
25;2025-08-28;19;504
25;2025-08-28;20;287
25;2025-08-28;21;187
25;2025-08-28;22;121
25;2025-08-28;23;6
25;2025-08-29;5;4
25;2025-08-29;6;115
25;2025-08-29;7;442
25;2025-08-29;8;546
25;2025-08-29;9;430
25;2025-08-29;10;248
25;2025-08-29;11;244
25;2025-08-29;12;294
25;2025-08-29;13;292
25;2025-08-29;14;368
25;2025-08-29;15;478
25;2025-08-29;16;403
25;2025-08-29;17;505
25;2025-08-29;18;544
25;2025-08-29;19;507
25;2025-08-29;20;283
25;2025-08-29;21;217
25;2025-08-29;22;142
25;2025-08-29;23;2
25;2025-08-30;6;47
25;2025-08-30;7;121
25;2025-08-30;8;234
25;2025-08-30;9;233
25;2025-08-30;10;222
25;2025-08-30;11;354
25;2025-08-30;12;453
25;2025-08-30;13;494
25;2025-08-30;14;589
25;2025-08-30;15;672
25;2025-08-30;16;642
25;2025-08-30;17;528
25;2025-08-30;18;580
25;2025-08-30;19;384
25;2025-08-30;20;343
25;2025-08-30;21;233
25;2025-08-30;22;175
25;2025-08-30;23;58
25;2025-08-31;0;25
25;2025-08-31;5;2
25;2025-08-31;6;37
25;2025-08-31;7;127
25;2025-08-31;8;163
25;2025-08-31;9;191
25;2025-08-31;10;228
25;2025-08-31;11;314
25;2025-08-31;12;460
25;2025-08-31;13;400
25;2025-08-31;14;498
25;2025-08-31;15;589
25;2025-08-31;16;506
25;2025-08-31;17;520
25;2025-08-31;18;516
25;2025-08-31;19;452
25;2025-08-31;20;382
25;2025-08-31;21;263
25;2025-08-31;22;108
25;2025-08-31;23;44
26;2025-01-01;6;41
26;2025-01-01;7;104
26;2025-01-01;8;75
26;2025-01-01;9;57
26;2025-01-01;10;108
26;2025-01-01;11;206
26;2025-01-01;12;260
26;2025-01-01;13;299
26;2025-01-01;14;356
26;2025-01-01;15;383
26;2025-01-01;16;359
26;2025-01-01;17;422
26;2025-01-01;18;374
26;2025-01-01;19;322
26;2025-01-01;20;260
26;2025-01-01;21;162
26;2025-01-01;22;112
26;2025-01-01;23;87
26;2025-01-02;0;42
26;2025-01-02;1;3
26;2025-01-02;5;20
26;2025-01-02;6;166
26;2025-01-02;7;136
26;2025-01-02;8;200
26;2025-01-02;9;261
26;2025-01-02;10;272
26;2025-01-02;11;387
26;2025-01-02;12;421
26;2025-01-02;13;575
26;2025-01-02;14;603
26;2025-01-02;15;550
26;2025-01-02;16;529
26;2025-01-02;17;493
26;2025-01-02;18;511
26;2025-01-02;19;406
26;2025-01-02;20;279
26;2025-01-02;21;188
26;2025-01-02;22;143
26;2025-01-02;23;78
26;2025-01-03;0;28
26;2025-01-03;4;1
26;2025-01-03;5;33
26;2025-01-03;6;196
26;2025-01-03;7;212
26;2025-01-03;8;248
26;2025-01-03;9;329
26;2025-01-03;10;362
26;2025-01-03;11;524
26;2025-01-03;12;540
26;2025-01-03;13;607
26;2025-01-03;14;628
26;2025-01-03;15;643
26;2025-01-03;16;679
26;2025-01-03;17;657
26;2025-01-03;18;710
26;2025-01-03;19;553
26;2025-01-03;20;410
26;2025-01-03;21;321
26;2025-01-03;22;208
26;2025-01-03;23;111
26;2025-01-04;0;44
26;2025-01-04;1;4
26;2025-01-04;2;1
26;2025-01-04;4;1
26;2025-01-04;5;24
26;2025-01-04;6;222
26;2025-01-04;7;168
26;2025-01-04;8;293
26;2025-01-04;9;410
26;2025-01-04;10;426
26;2025-01-04;11;576
26;2025-01-04;12;661
26;2025-01-04;13;709
26;2025-01-04;14;683
26;2025-01-04;15;646
26;2025-01-04;16;694
26;2025-01-04;17;560
26;2025-01-04;18;583
26;2025-01-04;19;630
26;2025-01-04;20;363
26;2025-01-04;21;233
26;2025-01-04;22;181
26;2025-01-04;23;123
26;2025-01-05;0;36
26;2025-01-05;1;7
26;2025-01-05;4;2
26;2025-01-05;5;29
26;2025-01-05;6;162
26;2025-01-05;7;216
26;2025-01-05;8;281
26;2025-01-05;9;391
26;2025-01-05;10;419
26;2025-01-05;11;634
26;2025-01-05;12;640
26;2025-01-05;13;638
26;2025-01-05;14;682
26;2025-01-05;15;678
26;2025-01-05;16;657
26;2025-01-05;17;674
26;2025-01-05;18;620
26;2025-01-05;19;472
26;2025-01-05;20;290
26;2025-01-05;21;235
26;2025-01-05;22;152
26;2025-01-05;23;111
26;2025-01-06;0;47
26;2025-01-06;1;3
26;2025-01-06;5;40
26;2025-01-06;6;212
26;2025-01-06;7;219
26;2025-01-06;8;260
26;2025-01-06;9;272
26;2025-01-06;10;441
26;2025-01-06;11;566
26;2025-01-06;12;631
26;2025-01-06;13;665
26;2025-01-06;14;662
26;2025-01-06;15;643
26;2025-01-06;16;648
26;2025-01-06;17;650
26;2025-01-06;18;603
26;2025-01-06;19;648
26;2025-01-06;20;342
26;2025-01-06;21;231
26;2025-01-06;22;201
26;2025-01-06;23;108
26;2025-01-07;0;36
26;2025-01-07;1;29
26;2025-01-07;2;28
26;2025-01-07;3;2
26;2025-01-07;4;3
26;2025-01-07;5;32
26;2025-01-07;6;203
26;2025-01-07;7;186
26;2025-01-07;8;252
26;2025-01-07;9;305
26;2025-01-07;10;327
26;2025-01-07;11;510
26;2025-01-07;12;526
26;2025-01-07;13;606
26;2025-01-07;14;594
26;2025-01-07;15;588
26;2025-01-07;16;547
26;2025-01-07;17;568
26;2025-01-07;18;542
26;2025-01-07;19;589
26;2025-01-07;20;435
26;2025-01-07;21;257
26;2025-01-07;22;173
26;2025-01-07;23;117
26;2025-01-08;0;29
26;2025-01-08;1;4
26;2025-01-08;4;1
26;2025-01-08;5;35
26;2025-01-08;6;201
26;2025-01-08;7;223
26;2025-01-08;8;322
26;2025-01-08;9;442
26;2025-01-08;10;478
26;2025-01-08;11;552
26;2025-01-08;12;701
26;2025-01-08;13;682
26;2025-01-08;14;714
26;2025-01-08;15;661
26;2025-01-08;16;600
26;2025-01-08;17;595
26;2025-01-08;18;575
26;2025-01-08;19;603
26;2025-01-08;20;314
26;2025-01-08;21;240
26;2025-01-08;22;151
26;2025-01-08;23;91
26;2025-01-09;0;16
26;2025-01-09;1;1
26;2025-01-09;5;84
26;2025-01-09;6;441
26;2025-01-09;7;790
26;2025-01-09;8;1753
26;2025-01-09;9;1252
26;2025-01-09;10;964
26;2025-01-09;11;894
26;2025-01-09;12;953
26;2025-01-09;13;1040
26;2025-01-09;14;969
26;2025-01-09;15;1172
26;2025-01-09;16;1346
26;2025-01-09;17;1319
26;2025-01-09;18;1549
26;2025-01-09;19;1019
26;2025-01-09;20;697
26;2025-01-09;21;293
26;2025-01-09;22;115
26;2025-01-09;23;84
26;2025-01-10;0;32
26;2025-01-10;1;2
26;2025-01-10;4;2
26;2025-01-10;5;76
26;2025-01-10;6;416
26;2025-01-10;7;868
26;2025-01-10;8;1635
26;2025-01-10;9;1364
26;2025-01-10;10;969
26;2025-01-10;11;853
26;2025-01-10;12;975
26;2025-01-10;13;1093
26;2025-01-10;14;968
26;2025-01-10;15;1113
26;2025-01-10;16;1370
26;2025-01-10;17;1370
26;2025-01-10;18;1173
26;2025-01-10;19;887
26;2025-01-10;20;607
26;2025-01-10;21;395
26;2025-01-10;22;170
26;2025-01-10;23;108
26;2025-01-11;0;43
26;2025-01-11;1;4
26;2025-01-11;4;2
26;2025-01-11;5;42
26;2025-01-11;6;199
26;2025-01-11;7;275
26;2025-01-11;8;362
26;2025-01-11;9;487
26;2025-01-11;10;581
26;2025-01-11;11;714
26;2025-01-11;12;850
26;2025-01-11;13;839
26;2025-01-11;14;877
26;2025-01-11;15;877
26;2025-01-11;16;780
26;2025-01-11;17;731
26;2025-01-11;18;628
26;2025-01-11;19;680
26;2025-01-11;20;429
26;2025-01-11;21;292
26;2025-01-11;22;159
26;2025-01-11;23;110
26;2025-01-12;0;41
26;2025-01-12;1;1
26;2025-01-12;4;1
26;2025-01-12;5;18
26;2025-01-12;6;157
26;2025-01-12;7;185
26;2025-01-12;8;342
26;2025-01-12;9;477
26;2025-01-12;10;452
26;2025-01-12;11;662
26;2025-01-12;12;795
26;2025-01-12;13;810
26;2025-01-12;14;874
26;2025-01-12;15;755
26;2025-01-12;16;773
26;2025-01-12;17;716
26;2025-01-12;18;543
26;2025-01-12;19;456
26;2025-01-12;20;332
26;2025-01-12;21;291
26;2025-01-12;22;180
26;2025-01-12;23;82
26;2025-01-13;0;35
26;2025-01-13;1;4
26;2025-01-13;4;8
26;2025-01-13;5;70
26;2025-01-13;6;457
26;2025-01-13;7;993
26;2025-01-13;8;1973
26;2025-01-13;9;1334
26;2025-01-13;10;1126
26;2025-01-13;11;929
26;2025-01-13;12;1025
26;2025-01-13;13;1119
26;2025-01-13;14;945
26;2025-01-13;15;1279
26;2025-01-13;16;1329
26;2025-01-13;17;1520
26;2025-01-13;18;1602
26;2025-01-13;19;1111
26;2025-01-13;20;735
26;2025-01-13;21;403
26;2025-01-13;22;166
26;2025-01-13;23;94
26;2025-01-14;0;28
26;2025-01-14;1;2
26;2025-01-14;5;88
26;2025-01-14;6;475
26;2025-01-14;7;958
26;2025-01-14;8;1839
26;2025-01-14;9;1521
26;2025-01-14;10;1031
26;2025-01-14;11;998
26;2025-01-14;12;1022
26;2025-01-14;13;989
26;2025-01-14;14;957
26;2025-01-14;15;1225
26;2025-01-14;16;1457
26;2025-01-14;17;1383
26;2025-01-14;18;1502
26;2025-01-14;19;1210
26;2025-01-14;20;675
26;2025-01-14;21;435
26;2025-01-14;22;171
26;2025-01-14;23;100
26;2025-01-15;0;21
26;2025-01-15;1;1
26;2025-01-15;4;3
26;2025-01-15;5;76
26;2025-01-15;6;476
26;2025-01-15;7;1045
26;2025-01-15;8;1862
26;2025-01-15;9;1350
26;2025-01-15;10;1146
26;2025-01-15;11;1027
26;2025-01-15;12;1114
26;2025-01-15;13;1064
26;2025-01-15;14;1163
26;2025-01-15;15;1191
26;2025-01-15;16;1384
26;2025-01-15;17;1543
26;2025-01-15;18;1717
26;2025-01-15;19;1198
26;2025-01-15;20;671
26;2025-01-15;21;428
26;2025-01-15;22;217
26;2025-01-15;23;113
26;2025-01-16;0;34
26;2025-01-16;1;2
26;2025-01-16;5;92
26;2025-01-16;6;443
26;2025-01-16;7;970
26;2025-01-16;8;1847
26;2025-01-16;9;1479
26;2025-01-16;10;1037
26;2025-01-16;11;1079
26;2025-01-16;12;1055
26;2025-01-16;13;1091
26;2025-01-16;14;1128
26;2025-01-16;15;1250
26;2025-01-16;16;1422
26;2025-01-16;17;1530
26;2025-01-16;18;1607
26;2025-01-16;19;1198
26;2025-01-16;20;726
26;2025-01-16;21;410
26;2025-01-16;22;188
26;2025-01-16;23;117
26;2025-01-17;0;37
26;2025-01-17;1;1
26;2025-01-17;4;1
26;2025-01-17;5;88
26;2025-01-17;6;516
26;2025-01-17;7;975
26;2025-01-17;8;1698
26;2025-01-17;9;1339
26;2025-01-17;10;1067
26;2025-01-17;11;1003
26;2025-01-17;12;1058
26;2025-01-17;13;1094
26;2025-01-17;14;1006
26;2025-01-17;15;1333
26;2025-01-17;16;1576
26;2025-01-17;17;1656
26;2025-01-17;18;1360
26;2025-01-17;19;1117
26;2025-01-17;20;806
26;2025-01-17;21;391
26;2025-01-17;22;210
26;2025-01-17;23;166
26;2025-01-18;0;25
26;2025-01-18;1;1
26;2025-01-18;4;1
26;2025-01-18;5;42
26;2025-01-18;6;284
26;2025-01-18;7;321
26;2025-01-18;8;514
26;2025-01-18;9;721
26;2025-01-18;10;621
26;2025-01-18;11;1108
26;2025-01-18;12;1077
26;2025-01-18;13;1013
26;2025-01-18;14;1068
26;2025-01-18;15;888
26;2025-01-18;16;796
26;2025-01-18;17;878
26;2025-01-18;18;756
26;2025-01-18;19;758
26;2025-01-18;20;520
26;2025-01-18;21;326
26;2025-01-18;22;200
26;2025-01-18;23;131
26;2025-01-19;0;42
26;2025-01-19;1;10
26;2025-01-19;4;2
26;2025-01-19;5;30
26;2025-01-19;6;199
26;2025-01-19;7;222
26;2025-01-19;8;348
26;2025-01-19;9;557
26;2025-01-19;10;589
26;2025-01-19;11;930
26;2025-01-19;12;964
26;2025-01-19;13;1063
26;2025-01-19;14;1008
26;2025-01-19;15;950
26;2025-01-19;16;837
26;2025-01-19;17;903
26;2025-01-19;18;657
26;2025-01-19;19;540
26;2025-01-19;20;336
26;2025-01-19;21;197
26;2025-01-19;22;183
26;2025-01-19;23;119
26;2025-01-20;0;25
26;2025-01-20;1;1
26;2025-01-20;5;96
26;2025-01-20;6;499
26;2025-01-20;7;1027
26;2025-01-20;8;1782
26;2025-01-20;9;1443
26;2025-01-20;10;1113
26;2025-01-20;11;1060
26;2025-01-20;12;1096
26;2025-01-20;13;1275
26;2025-01-20;14;1015
26;2025-01-20;15;1158
26;2025-01-20;16;1247
26;2025-01-20;17;1459
26;2025-01-20;18;1688
26;2025-01-20;19;1143
26;2025-01-20;20;763
26;2025-01-20;21;323
26;2025-01-20;22;173
26;2025-01-20;23;80
26;2025-01-21;0;28
26;2025-01-21;4;2
26;2025-01-21;5;85
26;2025-01-21;6;510
26;2025-01-21;7;1080
26;2025-01-21;8;1848
26;2025-01-21;9;1471
26;2025-01-21;10;977
26;2025-01-21;11;1041
26;2025-01-21;12;1120
26;2025-01-21;13;1077
26;2025-01-21;14;1091
26;2025-01-21;15;1296
26;2025-01-21;16;1334
26;2025-01-21;17;1527
26;2025-01-21;18;1809
26;2025-01-21;19;1165
26;2025-01-21;20;790
26;2025-01-21;21;451
26;2025-01-21;22;189
26;2025-01-21;23;87
26;2025-01-22;0;30
26;2025-01-22;1;4
26;2025-01-22;5;68
26;2025-01-22;6;435
26;2025-01-22;7;831
26;2025-01-22;8;1577
26;2025-01-22;9;1228
26;2025-01-22;10;973
26;2025-01-22;11;914
26;2025-01-22;12;815
26;2025-01-22;13;942
26;2025-01-22;14;910
26;2025-01-22;15;960
26;2025-01-22;16;1086
26;2025-01-22;17;1290
26;2025-01-22;18;1441
26;2025-01-22;19;979
26;2025-01-22;20;588
26;2025-01-22;21;392
26;2025-01-22;22;176
26;2025-01-22;23;109
26;2025-01-23;0;22
26;2025-01-23;1;5
26;2025-01-23;4;1
26;2025-01-23;5;92
26;2025-01-23;6;561
26;2025-01-23;7;1073
26;2025-01-23;8;1837
26;2025-01-23;9;1454
26;2025-01-23;10;1057
26;2025-01-23;11;1011
26;2025-01-23;12;1019
26;2025-01-23;13;1110
26;2025-01-23;14;975
26;2025-01-23;15;1265
26;2025-01-23;16;1162
26;2025-01-23;17;1575
26;2025-01-23;18;1732
26;2025-01-23;19;1382
26;2025-01-23;20;670
26;2025-01-23;21;413
26;2025-01-23;22;217
26;2025-01-23;23;63
26;2025-01-24;0;35
26;2025-01-24;1;3
26;2025-01-24;5;93
26;2025-01-24;6;525
26;2025-01-24;7;1009
26;2025-01-24;8;1873
26;2025-01-24;9;1660
26;2025-01-24;10;1037
26;2025-01-24;11;1083
26;2025-01-24;12;1294
26;2025-01-24;13;1178
26;2025-01-24;14;1199
26;2025-01-24;15;1464
26;2025-01-24;16;1432
26;2025-01-24;17;1622
26;2025-01-24;18;1268
26;2025-01-24;19;1040
26;2025-01-24;20;761
26;2025-01-24;21;412
26;2025-01-24;22;213
26;2025-01-24;23;149
26;2025-01-25;0;31
26;2025-01-25;1;5
26;2025-01-25;4;2
26;2025-01-25;5;46
26;2025-01-25;6;253
26;2025-01-25;7;291
26;2025-01-25;8;393
26;2025-01-25;9;549
26;2025-01-25;10;690
26;2025-01-25;11;801
26;2025-01-25;12;886
26;2025-01-25;13;1006
26;2025-01-25;14;1064
26;2025-01-25;15;924
26;2025-01-25;16;1084
26;2025-01-25;17;915
26;2025-01-25;18;853
26;2025-01-25;19;701
26;2025-01-25;20;532
26;2025-01-25;21;405
26;2025-01-25;22;264
26;2025-01-25;23;159
26;2025-01-26;0;54
26;2025-01-26;1;5
26;2025-01-26;4;3
26;2025-01-26;5;24
26;2025-01-26;6;115
26;2025-01-26;7;180
26;2025-01-26;8;319
26;2025-01-26;9;418
26;2025-01-26;10;477
26;2025-01-26;11;703
26;2025-01-26;12;690
26;2025-01-26;13;818
26;2025-01-26;14;692
26;2025-01-26;15;792
26;2025-01-26;16;740
26;2025-01-26;17;698
26;2025-01-26;18;627
26;2025-01-26;19;454
26;2025-01-26;20;364
26;2025-01-26;21;295
26;2025-01-26;22;158
26;2025-01-26;23;91
26;2025-01-27;0;31
26;2025-01-27;1;3
26;2025-01-27;5;91
26;2025-01-27;6;472
26;2025-01-27;7;1052
26;2025-01-27;8;1678
26;2025-01-27;9;1275
26;2025-01-27;10;1032
26;2025-01-27;11;895
26;2025-01-27;12;861
26;2025-01-27;13;1022
26;2025-01-27;14;996
26;2025-01-27;15;1082
26;2025-01-27;16;1293
26;2025-01-27;17;1545
26;2025-01-27;18;1663
26;2025-01-27;19;1059
26;2025-01-27;20;693
26;2025-01-27;21;365
26;2025-01-27;22;211
26;2025-01-27;23;91
26;2025-01-28;0;26
26;2025-01-28;5;80
26;2025-01-28;6;481
26;2025-01-28;7;966
26;2025-01-28;8;1571
26;2025-01-28;9;1329
26;2025-01-28;10;994
26;2025-01-28;11;1041
26;2025-01-28;12;942
26;2025-01-28;13;1002
26;2025-01-28;14;969
26;2025-01-28;15;1136
26;2025-01-28;16;1286
26;2025-01-28;17;1505
26;2025-01-28;18;1637
26;2025-01-28;19;1106
26;2025-01-28;20;791
26;2025-01-28;21;382
26;2025-01-28;22;202
26;2025-01-28;23;94
26;2025-01-29;0;22
26;2025-01-29;1;1
26;2025-01-29;5;91
26;2025-01-29;6;522
26;2025-01-29;7;1023
26;2025-01-29;8;1728
26;2025-01-29;9;1268
26;2025-01-29;10;961
26;2025-01-29;11;893
26;2025-01-29;12;832
26;2025-01-29;13;952
26;2025-01-29;14;966
26;2025-01-29;15;1123
26;2025-01-29;16;1181
26;2025-01-29;17;1498
26;2025-01-29;18;1588
26;2025-01-29;19;1153
26;2025-01-29;20;640
26;2025-01-29;21;426
26;2025-01-29;22;188
26;2025-01-29;23;105
26;2025-01-30;0;36
26;2025-01-30;1;3
26;2025-01-30;4;6
26;2025-01-30;5;78
26;2025-01-30;6;491
26;2025-01-30;7;1038
26;2025-01-30;8;1769
26;2025-01-30;9;1116
26;2025-01-30;10;1085
26;2025-01-30;11;798
26;2025-01-30;12;997
26;2025-01-30;13;1172
26;2025-01-30;14;1039
26;2025-01-30;15;1122
26;2025-01-30;16;1279
26;2025-01-30;17;1602
26;2025-01-30;18;1675
26;2025-01-30;19;1180
26;2025-01-30;20;648
26;2025-01-30;21;403
26;2025-01-30;22;221
26;2025-01-30;23;96
26;2025-01-31;0;20
26;2025-01-31;5;90
26;2025-01-31;6;478
26;2025-01-31;7;986
26;2025-01-31;8;1727
26;2025-01-31;9;1293
26;2025-01-31;10;1030
26;2025-01-31;11;888
26;2025-01-31;12;993
26;2025-01-31;13;1131
26;2025-01-31;14;1049
26;2025-01-31;15;1314
26;2025-01-31;16;1502
26;2025-01-31;17;1530
26;2025-01-31;18;1429
26;2025-01-31;19;977
26;2025-01-31;20;673
26;2025-01-31;21;424
26;2025-01-31;22;204
26;2025-01-31;23;104
26;2025-02-01;0;42
26;2025-02-01;1;6
26;2025-02-01;4;2
26;2025-02-01;5;22
26;2025-02-01;6;207
26;2025-02-01;7;261
26;2025-02-01;8;376
26;2025-02-01;9;553
26;2025-02-01;10;632
26;2025-02-01;11;751
26;2025-02-01;12;779
26;2025-02-01;13;834
26;2025-02-01;14;815
26;2025-02-01;15;814
26;2025-02-01;16;864
26;2025-02-01;17;725
26;2025-02-01;18;722
26;2025-02-01;19;690
26;2025-02-01;20;464
26;2025-02-01;21;304
26;2025-02-01;22;196
26;2025-02-01;23;105
26;2025-02-02;0;51
26;2025-02-02;1;1
26;2025-02-02;4;1
26;2025-02-02;5;24
26;2025-02-02;6;166
26;2025-02-02;7;220
26;2025-02-02;8;338
26;2025-02-02;9;431
26;2025-02-02;10;476
26;2025-02-02;11;651
26;2025-02-02;12;768
26;2025-02-02;13;892
26;2025-02-02;14;782
26;2025-02-02;15;710
26;2025-02-02;16;658
26;2025-02-02;17;703
26;2025-02-02;18;636
26;2025-02-02;19;480
26;2025-02-02;20;386
26;2025-02-02;21;258
26;2025-02-02;22;192
26;2025-02-02;23;82
26;2025-02-03;0;25
26;2025-02-03;1;1
26;2025-02-03;4;1
26;2025-02-03;5;86
26;2025-02-03;6;508
26;2025-02-03;7;978
26;2025-02-03;8;1681
26;2025-02-03;9;1259
26;2025-02-03;10;943
26;2025-02-03;11;875
26;2025-02-03;12;918
26;2025-02-03;13;1135
26;2025-02-03;14;907
26;2025-02-03;15;1102
26;2025-02-03;16;1231
26;2025-02-03;17;1474
26;2025-02-03;18;1727
26;2025-02-03;19;1104
26;2025-02-03;20;708
26;2025-02-03;21;345
26;2025-02-03;22;180
26;2025-02-03;23;114
26;2025-02-04;0;21
26;2025-02-04;1;1
26;2025-02-04;5;81
26;2025-02-04;6;370
26;2025-02-04;7;993
26;2025-02-04;8;1767
26;2025-02-04;9;1243
26;2025-02-04;10;1072
26;2025-02-04;11;950
26;2025-02-04;12;950
26;2025-02-04;13;1036
26;2025-02-04;14;949
26;2025-02-04;15;1132
26;2025-02-04;16;1293
26;2025-02-04;17;1582
26;2025-02-04;18;1540
26;2025-02-04;19;1154
26;2025-02-04;20;672
26;2025-02-04;21;406
26;2025-02-04;22;204
26;2025-02-04;23;113
26;2025-02-05;0;20
26;2025-02-05;1;2
26;2025-02-05;4;3
26;2025-02-05;5;104
26;2025-02-05;6;460
26;2025-02-05;7;996
26;2025-02-05;8;1750
26;2025-02-05;9;1311
26;2025-02-05;10;980
26;2025-02-05;11;919
26;2025-02-05;12;963
26;2025-02-05;13;1083
26;2025-02-05;14;1002
26;2025-02-05;15;1242
26;2025-02-05;16;1227
26;2025-02-05;17;1527
26;2025-02-05;18;1606
26;2025-02-05;19;1188
26;2025-02-05;20;639
26;2025-02-05;21;400
26;2025-02-05;22;223
26;2025-02-05;23;79
26;2025-02-06;0;37
26;2025-02-06;1;1
26;2025-02-06;4;2
26;2025-02-06;5;115
26;2025-02-06;6;450
26;2025-02-06;7;969
26;2025-02-06;8;1801
26;2025-02-06;9;1291
26;2025-02-06;10;1078
26;2025-02-06;11;967
26;2025-02-06;12;994
26;2025-02-06;13;1083
26;2025-02-06;14;1008
26;2025-02-06;15;1259
26;2025-02-06;16;1226
26;2025-02-06;17;1584
26;2025-02-06;18;1828
26;2025-02-06;19;1096
26;2025-02-06;20;774
26;2025-02-06;21;434
26;2025-02-06;22;251
26;2025-02-06;23;138
26;2025-02-07;0;28
26;2025-02-07;1;5
26;2025-02-07;4;1
26;2025-02-07;5;93
26;2025-02-07;6;477
26;2025-02-07;7;918
26;2025-02-07;8;1943
26;2025-02-07;9;1318
26;2025-02-07;10;1184
26;2025-02-07;11;1003
26;2025-02-07;12;1004
26;2025-02-07;13;1096
26;2025-02-07;14;1126
26;2025-02-07;15;1401
26;2025-02-07;16;1478
26;2025-02-07;17;1746
26;2025-02-07;18;1581
26;2025-02-07;19;1144
26;2025-02-07;20;766
26;2025-02-07;21;445
26;2025-02-07;22;216
26;2025-02-07;23;126
26;2025-02-08;0;46
26;2025-02-08;1;2
26;2025-02-08;4;2
26;2025-02-08;5;28
26;2025-02-08;6;219
26;2025-02-08;7;326
26;2025-02-08;8;461
26;2025-02-08;9;628
26;2025-02-08;10;676
26;2025-02-08;11;878
26;2025-02-08;12;922
26;2025-02-08;13;966
26;2025-02-08;14;942
26;2025-02-08;15;863
26;2025-02-08;16;867
26;2025-02-08;17;844
26;2025-02-08;18;832
26;2025-02-08;19;691
26;2025-02-08;20;458
26;2025-02-08;21;365
26;2025-02-08;22;169
26;2025-02-08;23;125
26;2025-02-09;0;32
26;2025-02-09;1;3
26;2025-02-09;4;1
26;2025-02-09;5;40
26;2025-02-09;6;110
26;2025-02-09;7;199
26;2025-02-09;8;343
26;2025-02-09;9;518
26;2025-02-09;10;533
26;2025-02-09;11;711
26;2025-02-09;12;829
26;2025-02-09;13;826
26;2025-02-09;14;890
26;2025-02-09;15;671
26;2025-02-09;16;684
26;2025-02-09;17;736
26;2025-02-09;18;755
26;2025-02-09;19;521
26;2025-02-09;20;358
26;2025-02-09;21;279
26;2025-02-09;22;208
26;2025-02-09;23;134
26;2025-02-10;0;18
26;2025-02-10;1;4
26;2025-02-10;4;2
26;2025-02-10;5;99
26;2025-02-10;6;500
26;2025-02-10;7;990
26;2025-02-10;8;2041
26;2025-02-10;9;1448
26;2025-02-10;10;1177
26;2025-02-10;11;1047
26;2025-02-10;12;1068
26;2025-02-10;13;1149
26;2025-02-10;14;1208
26;2025-02-10;15;1151
26;2025-02-10;16;1457
26;2025-02-10;17;1739
26;2025-02-10;18;1881
26;2025-02-10;19;1291
26;2025-02-10;20;756
26;2025-02-10;21;364
26;2025-02-10;22;209
26;2025-02-10;23;77
26;2025-02-11;0;31
26;2025-02-11;1;1
26;2025-02-11;4;2
26;2025-02-11;5;78
26;2025-02-11;6;518
26;2025-02-11;7;1042
26;2025-02-11;8;2246
26;2025-02-11;9;1457
26;2025-02-11;10;1250
26;2025-02-11;11;1025
26;2025-02-11;12;1177
26;2025-02-11;13;1183
26;2025-02-11;14;1163
26;2025-02-11;15;1463
26;2025-02-11;16;1485
26;2025-02-11;17;1582
26;2025-02-11;18;1922
26;2025-02-11;19;1404
26;2025-02-11;20;842
26;2025-02-11;21;446
26;2025-02-11;22;217
26;2025-02-11;23;102
26;2025-02-12;0;27
26;2025-02-12;1;3
26;2025-02-12;4;2
26;2025-02-12;5;90
26;2025-02-12;6;488
26;2025-02-12;7;1111
26;2025-02-12;8;2159
26;2025-02-12;9;1426
26;2025-02-12;10;1293
26;2025-02-12;11;1173
26;2025-02-12;12;1197
26;2025-02-12;13;1265
26;2025-02-12;14;1269
26;2025-02-12;15;1376
26;2025-02-12;16;1362
26;2025-02-12;17;1543
26;2025-02-12;18;1731
26;2025-02-12;19;1186
26;2025-02-12;20;684
26;2025-02-12;21;458
26;2025-02-12;22;236
26;2025-02-12;23;115
26;2025-02-13;0;42
26;2025-02-13;1;6
26;2025-02-13;4;1
26;2025-02-13;5;83
26;2025-02-13;6;485
26;2025-02-13;7;1129
26;2025-02-13;8;2072
26;2025-02-13;9;1381
26;2025-02-13;10;1288
26;2025-02-13;11;1108
26;2025-02-13;12;1103
26;2025-02-13;13;1008
26;2025-02-13;14;1190
26;2025-02-13;15;1304
26;2025-02-13;16;1532
26;2025-02-13;17;1677
26;2025-02-13;18;1899
26;2025-02-13;19;1313
26;2025-02-13;20;819
26;2025-02-13;21;446
26;2025-02-13;22;225
26;2025-02-13;23;132
26;2025-02-14;0;24
26;2025-02-14;4;2
26;2025-02-14;5;82
26;2025-02-14;6;481
26;2025-02-14;7;992
26;2025-02-14;8;1848
26;2025-02-14;9;1310
26;2025-02-14;10;1143
26;2025-02-14;11;1045
26;2025-02-14;12;1094
26;2025-02-14;13;1173
26;2025-02-14;14;1075
26;2025-02-14;15;1346
26;2025-02-14;16;1647
26;2025-02-14;17;1651
26;2025-02-14;18;1401
26;2025-02-14;19;1126
26;2025-02-14;20;674
26;2025-02-14;21;386
26;2025-02-14;22;220
26;2025-02-14;23;152
26;2025-02-15;0;56
26;2025-02-15;1;2
26;2025-02-15;4;2
26;2025-02-15;5;51
26;2025-02-15;6;247
26;2025-02-15;7;370
26;2025-02-15;8;661
26;2025-02-15;9;656
26;2025-02-15;10;847
26;2025-02-15;11;992
26;2025-02-15;12;1045
26;2025-02-15;13;897
26;2025-02-15;14;932
26;2025-02-15;15;937
26;2025-02-15;16;803
26;2025-02-15;17;824
26;2025-02-15;18;868
26;2025-02-15;19;659
26;2025-02-15;20;508
26;2025-02-15;21;321
26;2025-02-15;22;188
26;2025-02-15;23;112
26;2025-02-16;0;47
26;2025-02-16;1;6
26;2025-02-16;4;1
26;2025-02-16;5;32
26;2025-02-16;6;135
26;2025-02-16;7;218
26;2025-02-16;8;357
26;2025-02-16;9;499
26;2025-02-16;10;551
26;2025-02-16;11;704
26;2025-02-16;12;760
26;2025-02-16;13;767
26;2025-02-16;14;675
26;2025-02-16;15;676
26;2025-02-16;16;708
26;2025-02-16;17;768
26;2025-02-16;18;665
26;2025-02-16;19;549
26;2025-02-16;20;364
26;2025-02-16;21;244
26;2025-02-16;22;202
26;2025-02-16;23;84
26;2025-02-17;0;37
26;2025-02-17;1;1
26;2025-02-17;4;2
26;2025-02-17;5;90
26;2025-02-17;6;473
26;2025-02-17;7;1065
26;2025-02-17;8;2007
26;2025-02-17;9;1550
26;2025-02-17;10;1270
26;2025-02-17;11;1094
26;2025-02-17;12;1234
26;2025-02-17;13;1074
26;2025-02-17;14;1188
26;2025-02-17;15;1170
26;2025-02-17;16;1592
26;2025-02-17;17;1664
26;2025-02-17;18;2080
26;2025-02-17;19;1539
26;2025-02-17;20;841
26;2025-02-17;21;406
26;2025-02-17;22;199
26;2025-02-17;23;108
26;2025-02-18;0;42
26;2025-02-18;1;2
26;2025-02-18;4;2
26;2025-02-18;5;82
26;2025-02-18;6;481
26;2025-02-18;7;1027
26;2025-02-18;8;2035
26;2025-02-18;9;1552
26;2025-02-18;10;1143
26;2025-02-18;11;1218
26;2025-02-18;12;1086
26;2025-02-18;13;1265
26;2025-02-18;14;1166
26;2025-02-18;15;1240
26;2025-02-18;16;1531
26;2025-02-18;17;1781
26;2025-02-18;18;1967
26;2025-02-18;19;1383
26;2025-02-18;20;789
26;2025-02-18;21;443
26;2025-02-18;22;270
26;2025-02-18;23;106
26;2025-02-19;0;42
26;2025-02-19;1;2
26;2025-02-19;4;1
26;2025-02-19;5;96
26;2025-02-19;6;507
26;2025-02-19;7;1037
26;2025-02-19;8;2124
26;2025-02-19;9;1537
26;2025-02-19;10;1214
26;2025-02-19;11;1085
26;2025-02-19;12;1134
26;2025-02-19;13;1207
26;2025-02-19;14;1158
26;2025-02-19;15;1218
26;2025-02-19;16;1519
26;2025-02-19;17;1630
26;2025-02-19;18;1897
26;2025-02-19;19;1327
26;2025-02-19;20;748
26;2025-02-19;21;491
26;2025-02-19;22;266
26;2025-02-19;23;128
26;2025-02-20;0;36
26;2025-02-20;1;1
26;2025-02-20;4;1
26;2025-02-20;5;99
26;2025-02-20;6;504
26;2025-02-20;7;985
26;2025-02-20;8;2119
26;2025-02-20;9;1503
26;2025-02-20;10;1292
26;2025-02-20;11;1177
26;2025-02-20;12;1203
26;2025-02-20;13;1128
26;2025-02-20;14;1201
26;2025-02-20;15;1300
26;2025-02-20;16;1473
26;2025-02-20;17;1690
26;2025-02-20;18;2023
26;2025-02-20;19;1319
26;2025-02-20;20;713
26;2025-02-20;21;505
26;2025-02-20;22;241
26;2025-02-20;23;113
26;2025-02-21;0;30
26;2025-02-21;1;2
26;2025-02-21;4;1
26;2025-02-21;5;106
26;2025-02-21;6;470
26;2025-02-21;7;991
26;2025-02-21;8;1904
26;2025-02-21;9;1359
26;2025-02-21;10;1216
26;2025-02-21;11;1168
26;2025-02-21;12;1154
26;2025-02-21;13;1139
26;2025-02-21;14;1193
26;2025-02-21;15;1444
26;2025-02-21;16;1736
26;2025-02-21;17;1666
26;2025-02-21;18;1547
26;2025-02-21;19;1169
26;2025-02-21;20;757
26;2025-02-21;21;426
26;2025-02-21;22;246
26;2025-02-21;23;135
26;2025-02-22;0;26
26;2025-02-22;1;2
26;2025-02-22;4;2
26;2025-02-22;5;44
26;2025-02-22;6;270
26;2025-02-22;7;355
26;2025-02-22;8;564
26;2025-02-22;9;730
26;2025-02-22;10;806
26;2025-02-22;11;1011
26;2025-02-22;12;1162
26;2025-02-22;13;1030
26;2025-02-22;14;1138
26;2025-02-22;15;927
26;2025-02-22;16;990
26;2025-02-22;17;935
26;2025-02-22;18;875
26;2025-02-22;19;724
26;2025-02-22;20;555
26;2025-02-22;21;358
26;2025-02-22;22;234
26;2025-02-22;23;129
26;2025-02-23;0;44
26;2025-02-23;1;3
26;2025-02-23;4;2
26;2025-02-23;5;33
26;2025-02-23;6;138
26;2025-02-23;7;221
26;2025-02-23;8;342
26;2025-02-23;9;378
26;2025-02-23;10;558
26;2025-02-23;11;645
26;2025-02-23;12;772
26;2025-02-23;13;749
26;2025-02-23;14;718
26;2025-02-23;15;723
26;2025-02-23;16;742
26;2025-02-23;17;781
26;2025-02-23;18;682
26;2025-02-23;19;560
26;2025-02-23;20;398
26;2025-02-23;21;279
26;2025-02-23;22;182
26;2025-02-23;23;92
26;2025-02-24;0;38
26;2025-02-24;1;2
26;2025-02-24;5;80
26;2025-02-24;6;482
26;2025-02-24;7;1084
26;2025-02-24;8;2131
26;2025-02-24;9;1417
26;2025-02-24;10;1188
26;2025-02-24;11;1009
26;2025-02-24;12;1068
26;2025-02-24;13;1160
26;2025-02-24;14;1075
26;2025-02-24;15;1199
26;2025-02-24;16;1504
26;2025-02-24;17;1682
26;2025-02-24;18;1955
26;2025-02-24;19;1408
26;2025-02-24;20;761
26;2025-02-24;21;436
26;2025-02-24;22;164
26;2025-02-24;23;120
26;2025-02-25;0;22
26;2025-02-25;4;1
26;2025-02-25;5;85
26;2025-02-25;6;562
26;2025-02-25;7;1118
26;2025-02-25;8;2313
26;2025-02-25;9;1404
26;2025-02-25;10;1324
26;2025-02-25;11;1125
26;2025-02-25;12;1145
26;2025-02-25;13;1280
26;2025-02-25;14;1221
26;2025-02-25;15;1428
26;2025-02-25;16;1524
26;2025-02-25;17;1676
26;2025-02-25;18;2049
26;2025-02-25;19;1432
26;2025-02-25;20;834
26;2025-02-25;21;441
26;2025-02-25;22;240
26;2025-02-25;23;115
26;2025-02-26;0;27
26;2025-02-26;1;1
26;2025-02-26;4;1
26;2025-02-26;5;93
26;2025-02-26;6;526
26;2025-02-26;7;1144
26;2025-02-26;8;2204
26;2025-02-26;9;1603
26;2025-02-26;10;1346
26;2025-02-26;11;1171
26;2025-02-26;12;1311
26;2025-02-26;13;1164
26;2025-02-26;14;1284
26;2025-02-26;15;1410
26;2025-02-26;16;1512
26;2025-02-26;17;1822
26;2025-02-26;18;1841
26;2025-02-26;19;1291
26;2025-02-26;20;709
26;2025-02-26;21;487
26;2025-02-26;22;239
26;2025-02-26;23;113
26;2025-02-27;0;21
26;2025-02-27;1;3
26;2025-02-27;4;1
26;2025-02-27;5;91
26;2025-02-27;6;508
26;2025-02-27;7;1174
26;2025-02-27;8;2291
26;2025-02-27;9;1483
26;2025-02-27;10;1273
26;2025-02-27;11;1237
26;2025-02-27;12;1196
26;2025-02-27;13;1320
26;2025-02-27;14;1273
26;2025-02-27;15;1352
26;2025-02-27;16;1640
26;2025-02-27;17;1687
26;2025-02-27;18;2049
26;2025-02-27;19;1361
26;2025-02-27;20;806
26;2025-02-27;21;470
26;2025-02-27;22;208
26;2025-02-27;23;141
26;2025-02-28;0;34
26;2025-02-28;1;2
26;2025-02-28;4;1
26;2025-02-28;5;88
26;2025-02-28;6;538
26;2025-02-28;7;1079
26;2025-02-28;8;2143
26;2025-02-28;9;1447
26;2025-02-28;10;1223
26;2025-02-28;11;1074
26;2025-02-28;12;1226
26;2025-02-28;13;1235
26;2025-02-28;14;1166
26;2025-02-28;15;1490
26;2025-02-28;16;1593
26;2025-02-28;17;1839
26;2025-02-28;18;1534
26;2025-02-28;19;1275
26;2025-02-28;20;796
26;2025-02-28;21;454
26;2025-02-28;22;207
26;2025-02-28;23;146
26;2025-03-01;0;27
26;2025-03-01;1;5
26;2025-03-01;4;3
26;2025-03-01;5;43
26;2025-03-01;6;253
26;2025-03-01;7;481
26;2025-03-01;8;777
26;2025-03-01;9;782
26;2025-03-01;10;889
26;2025-03-01;11;1016
26;2025-03-01;12;1178
26;2025-03-01;13;1228
26;2025-03-01;14;1250
26;2025-03-01;15;1200
26;2025-03-01;16;1232
26;2025-03-01;17;1160
26;2025-03-01;18;1124
26;2025-03-01;19;950
26;2025-03-01;20;644
26;2025-03-01;21;419
26;2025-03-01;22;156
26;2025-03-01;23;192
26;2025-03-02;0;66
26;2025-03-02;1;11
26;2025-03-02;4;1
26;2025-03-02;5;27
26;2025-03-02;6;136
26;2025-03-02;7;252
26;2025-03-02;8;448
26;2025-03-02;9;624
26;2025-03-02;10;669
26;2025-03-02;11;922
26;2025-03-02;12;859
26;2025-03-02;13;995
26;2025-03-02;14;873
26;2025-03-02;15;917
26;2025-03-02;16;887
26;2025-03-02;17;868
26;2025-03-02;18;894
26;2025-03-02;19;665
26;2025-03-02;20;467
26;2025-03-02;21;378
26;2025-03-02;22;254
26;2025-03-02;23;128
26;2025-03-03;0;42
26;2025-03-03;1;3
26;2025-03-03;5;86
26;2025-03-03;6;492
26;2025-03-03;7;1104
26;2025-03-03;8;2170
26;2025-03-03;9;1479
26;2025-03-03;10;1177
26;2025-03-03;11;1020
26;2025-03-03;12;1185
26;2025-03-03;13;1088
26;2025-03-03;14;1076
26;2025-03-03;15;1354
26;2025-03-03;16;1444
26;2025-03-03;17;1729
26;2025-03-03;18;1883
26;2025-03-03;19;1356
26;2025-03-03;20;861
26;2025-03-03;21;442
26;2025-03-03;22;190
26;2025-03-03;23;92
26;2025-03-04;0;31
26;2025-03-04;5;88
26;2025-03-04;6;498
26;2025-03-04;7;1192
26;2025-03-04;8;2255
26;2025-03-04;9;1456
26;2025-03-04;10;1408
26;2025-03-04;11;1156
26;2025-03-04;12;1148
26;2025-03-04;13;1058
26;2025-03-04;14;1128
26;2025-03-04;15;1164
26;2025-03-04;16;1502
26;2025-03-04;17;1658
26;2025-03-04;18;1804
26;2025-03-04;19;1156
26;2025-03-04;20;716
26;2025-03-04;21;456
26;2025-03-04;22;236
26;2025-03-04;23;83
26;2025-03-05;0;24
26;2025-03-05;1;1
26;2025-03-05;4;2
26;2025-03-05;5;87
26;2025-03-05;6;521
26;2025-03-05;7;1142
26;2025-03-05;8;2294
26;2025-03-05;9;1509
26;2025-03-05;10;1268
26;2025-03-05;11;1147
26;2025-03-05;12;1149
26;2025-03-05;13;1182
26;2025-03-05;14;1329
26;2025-03-05;15;1353
26;2025-03-05;16;1592
26;2025-03-05;17;1635
26;2025-03-05;18;1964
26;2025-03-05;19;1431
26;2025-03-05;20;811
26;2025-03-05;21;445
26;2025-03-05;22;248
26;2025-03-05;23;105
26;2025-03-06;0;18
26;2025-03-06;1;1
26;2025-03-06;4;1
26;2025-03-06;5;78
26;2025-03-06;6;529
26;2025-03-06;7;1079
26;2025-03-06;8;2245
26;2025-03-06;9;1513
26;2025-03-06;10;1342
26;2025-03-06;11;1140
26;2025-03-06;12;1253
26;2025-03-06;13;1264
26;2025-03-06;14;1181
26;2025-03-06;15;1318
26;2025-03-06;16;1593
26;2025-03-06;17;1565
26;2025-03-06;18;1800
26;2025-03-06;19;1310
26;2025-03-06;20;883
26;2025-03-06;21;436
26;2025-03-06;22;188
26;2025-03-06;23;119
26;2025-03-07;0;44
26;2025-03-07;1;1
26;2025-03-07;4;1
26;2025-03-07;5;102
26;2025-03-07;6;467
26;2025-03-07;7;1190
26;2025-03-07;8;2039
26;2025-03-07;9;1417
26;2025-03-07;10;1303
26;2025-03-07;11;1096
26;2025-03-07;12;1148
26;2025-03-07;13;1287
26;2025-03-07;14;1380
26;2025-03-07;15;1651
26;2025-03-07;16;1795
26;2025-03-07;17;1554
26;2025-03-07;18;1403
26;2025-03-07;19;1057
26;2025-03-07;20;734
26;2025-03-07;21;413
26;2025-03-07;22;184
26;2025-03-07;23;145
26;2025-03-08;0;42
26;2025-03-08;1;5
26;2025-03-08;4;5
26;2025-03-08;5;32
26;2025-03-08;6;221
26;2025-03-08;7;344
26;2025-03-08;8;376
26;2025-03-08;9;495
26;2025-03-08;10;527
26;2025-03-08;11;752
26;2025-03-08;12;862
26;2025-03-08;13;917
26;2025-03-08;14;891
26;2025-03-08;15;881
26;2025-03-08;16;970
26;2025-03-08;17;1003
26;2025-03-08;18;939
26;2025-03-08;19;833
26;2025-03-08;20;569
26;2025-03-08;21;299
26;2025-03-08;22;270
26;2025-03-08;23;128
26;2025-03-09;0;44
26;2025-03-09;1;4
26;2025-03-09;4;1
26;2025-03-09;5;42
26;2025-03-09;6;156
26;2025-03-09;7;271
26;2025-03-09;8;344
26;2025-03-09;9;499
26;2025-03-09;10;559
26;2025-03-09;11;812
26;2025-03-09;12;883
26;2025-03-09;13;901
26;2025-03-09;14;939
26;2025-03-09;15;892
26;2025-03-09;16;895
26;2025-03-09;17;763
26;2025-03-09;18;864
26;2025-03-09;19;535
26;2025-03-09;20;409
26;2025-03-09;21;284
26;2025-03-09;22;214
26;2025-03-09;23;85
26;2025-03-10;0;26
26;2025-03-10;1;4
26;2025-03-10;4;1
26;2025-03-10;5;83
26;2025-03-10;6;553
26;2025-03-10;7;1139
26;2025-03-10;8;2218
26;2025-03-10;9;1437
26;2025-03-10;10;1223
26;2025-03-10;11;1129
26;2025-03-10;12;1209
26;2025-03-10;13;1328
26;2025-03-10;14;1340
26;2025-03-10;15;1302
26;2025-03-10;16;1682
26;2025-03-10;17;1699
26;2025-03-10;18;2137
26;2025-03-10;19;1285
26;2025-03-10;20;662
26;2025-03-10;21;400
26;2025-03-10;22;155
26;2025-03-10;23;84
26;2025-03-11;0;20
26;2025-03-11;4;3
26;2025-03-11;5;97
26;2025-03-11;6;503
26;2025-03-11;7;1169
26;2025-03-11;8;2243
26;2025-03-11;9;1459
26;2025-03-11;10;1094
26;2025-03-11;11;1020
26;2025-03-11;12;1124
26;2025-03-11;13;1167
26;2025-03-11;14;1182
26;2025-03-11;15;1279
26;2025-03-11;16;1424
26;2025-03-11;17;1730
26;2025-03-11;18;1903
26;2025-03-11;19;1322
26;2025-03-11;20;757
26;2025-03-11;21;499
26;2025-03-11;22;184
26;2025-03-11;23;71
26;2025-03-12;0;22
26;2025-03-12;1;1
26;2025-03-12;4;3
26;2025-03-12;5;91
26;2025-03-12;6;536
26;2025-03-12;7;1104
26;2025-03-12;8;2340
26;2025-03-12;9;1495
26;2025-03-12;10;1226
26;2025-03-12;11;1163
26;2025-03-12;12;1114
26;2025-03-12;13;1315
26;2025-03-12;14;1316
26;2025-03-12;15;1338
26;2025-03-12;16;1628
26;2025-03-12;17;1832
26;2025-03-12;18;2129
26;2025-03-12;19;1397
26;2025-03-12;20;726
26;2025-03-12;21;489
26;2025-03-12;22;260
26;2025-03-12;23;101
26;2025-03-13;0;24
26;2025-03-13;5;95
26;2025-03-13;6;619
26;2025-03-13;7;1084
26;2025-03-13;8;2326
26;2025-03-13;9;1523
26;2025-03-13;10;1221
26;2025-03-13;11;1209
26;2025-03-13;12;1236
26;2025-03-13;13;1164
26;2025-03-13;14;1233
26;2025-03-13;15;1307
26;2025-03-13;16;1649
26;2025-03-13;17;1780
26;2025-03-13;18;2098
26;2025-03-13;19;1352
26;2025-03-13;20;726
26;2025-03-13;21;466
26;2025-03-13;22;231
26;2025-03-13;23;138
26;2025-03-14;0;15
26;2025-03-14;1;6
26;2025-03-14;4;2
26;2025-03-14;5;86
26;2025-03-14;6;550
26;2025-03-14;7;1057
26;2025-03-14;8;2174
26;2025-03-14;9;1377
26;2025-03-14;10;1155
26;2025-03-14;11;1062
26;2025-03-14;12;1120
26;2025-03-14;13;1100
26;2025-03-14;14;1025
26;2025-03-14;15;1232
26;2025-03-14;16;1781
26;2025-03-14;17;1629
26;2025-03-14;18;1077
26;2025-03-14;19;964
26;2025-03-14;20;424
26;2025-03-14;21;273
26;2025-03-14;22;139
26;2025-03-14;23;137
26;2025-03-15;0;17
26;2025-03-15;1;5
26;2025-03-15;4;2
26;2025-03-15;5;30
26;2025-03-15;6;292
26;2025-03-15;7;417
26;2025-03-15;8;669
26;2025-03-15;9;768
26;2025-03-15;10;915
26;2025-03-15;11;1087
26;2025-03-15;12;1074
26;2025-03-15;13;1140
26;2025-03-15;14;1070
26;2025-03-15;15;978
26;2025-03-15;16;1080
26;2025-03-15;17;983
26;2025-03-15;18;950
26;2025-03-15;19;810
26;2025-03-15;20;528
26;2025-03-15;21;355
26;2025-03-15;22;207
26;2025-03-15;23;148
26;2025-03-16;0;62
26;2025-03-16;1;1
26;2025-03-16;4;3
26;2025-03-16;5;31
26;2025-03-16;6;155
26;2025-03-16;7;270
26;2025-03-16;8;418
26;2025-03-16;9;558
26;2025-03-16;10;608
26;2025-03-16;11;915
26;2025-03-16;12;976
26;2025-03-16;13;940
26;2025-03-16;14;951
26;2025-03-16;15;884
26;2025-03-16;16;944
26;2025-03-16;17;900
26;2025-03-16;18;830
26;2025-03-16;19;653
26;2025-03-16;20;412
26;2025-03-16;21;366
26;2025-03-16;22;232
26;2025-03-16;23;121
26;2025-03-17;0;31
26;2025-03-17;1;1
26;2025-03-17;5;87
26;2025-03-17;6;571
26;2025-03-17;7;1116
26;2025-03-17;8;2300
26;2025-03-17;9;1430
26;2025-03-17;10;1110
26;2025-03-17;11;1134
26;2025-03-17;12;1013
26;2025-03-17;13;1129
26;2025-03-17;14;1109
26;2025-03-17;15;1356
26;2025-03-17;16;1621
26;2025-03-17;17;1627
26;2025-03-17;18;2017
26;2025-03-17;19;1230
26;2025-03-17;20;755
26;2025-03-17;21;488
26;2025-03-17;22;227
26;2025-03-17;23;81
26;2025-03-18;0;20
26;2025-03-18;1;3
26;2025-03-18;5;81
26;2025-03-18;6;543
26;2025-03-18;7;1179
26;2025-03-18;8;2429
26;2025-03-18;9;1428
26;2025-03-18;10;1276
26;2025-03-18;11;1014
26;2025-03-18;12;1131
26;2025-03-18;13;1209
26;2025-03-18;14;1262
26;2025-03-18;15;1352
26;2025-03-18;16;1710
26;2025-03-18;17;1907
26;2025-03-18;18;1951
26;2025-03-18;19;1435
26;2025-03-18;20;878
26;2025-03-18;21;474
26;2025-03-18;22;300
26;2025-03-18;23;128
26;2025-03-19;0;24
26;2025-03-19;5;85
26;2025-03-19;6;624
26;2025-03-19;7;1172
26;2025-03-19;8;2282
26;2025-03-19;9;1486
26;2025-03-19;10;1248
26;2025-03-19;11;1211
26;2025-03-19;12;1092
26;2025-03-19;13;1151
26;2025-03-19;14;1245
26;2025-03-19;15;1305
26;2025-03-19;16;1673
26;2025-03-19;17;1759
26;2025-03-19;18;2127
26;2025-03-19;19;1328
26;2025-03-19;20;803
26;2025-03-19;21;499
26;2025-03-19;22;251
26;2025-03-19;23;119
26;2025-03-20;0;27
26;2025-03-20;1;1
26;2025-03-20;5;71
26;2025-03-20;6;667
26;2025-03-20;7;1276
26;2025-03-20;8;2439
26;2025-03-20;9;1459
26;2025-03-20;10;1355
26;2025-03-20;11;1334
26;2025-03-20;12;1274
26;2025-03-20;13;1361
26;2025-03-20;14;1348
26;2025-03-20;15;1498
26;2025-03-20;16;1878
26;2025-03-20;17;1859
26;2025-03-20;18;2156
26;2025-03-20;19;1352
26;2025-03-20;20;903
26;2025-03-20;21;590
26;2025-03-20;22;288
26;2025-03-20;23;161
26;2025-03-21;0;26
26;2025-03-21;1;2
26;2025-03-21;4;1
26;2025-03-21;5;75
26;2025-03-21;6;567
26;2025-03-21;7;1116
26;2025-03-21;8;2213
26;2025-03-21;9;1648
26;2025-03-21;10;1242
26;2025-03-21;11;1240
26;2025-03-21;12;1112
26;2025-03-21;13;1299
26;2025-03-21;14;1138
26;2025-03-21;15;1468
26;2025-03-21;16;1735
26;2025-03-21;17;1739
26;2025-03-21;18;1622
26;2025-03-21;19;1100
26;2025-03-21;20;965
26;2025-03-21;21;471
26;2025-03-21;22;261
26;2025-03-21;23;121
26;2025-03-22;0;46
26;2025-03-22;1;2
26;2025-03-22;4;3
26;2025-03-22;5;42
26;2025-03-22;6;351
26;2025-03-22;7;400
26;2025-03-22;8;597
26;2025-03-22;9;689
26;2025-03-22;10;859
26;2025-03-22;11;1031
26;2025-03-22;12;1122
26;2025-03-22;13;1057
26;2025-03-22;14;1118
26;2025-03-22;15;1032
26;2025-03-22;16;992
26;2025-03-22;17;942
26;2025-03-22;18;943
26;2025-03-22;19;822
26;2025-03-22;20;532
26;2025-03-22;21;365
26;2025-03-22;22;242
26;2025-03-22;23;149
26;2025-03-23;0;44
26;2025-03-23;1;2
26;2025-03-23;4;1
26;2025-03-23;5;25
26;2025-03-23;6;215
26;2025-03-23;7;245
26;2025-03-23;8;406
26;2025-03-23;9;572
26;2025-03-23;10;631
26;2025-03-23;11;862
26;2025-03-23;12;767
26;2025-03-23;13;914
26;2025-03-23;14;888
26;2025-03-23;15;864
26;2025-03-23;16;875
26;2025-03-23;17;886
26;2025-03-23;18;791
26;2025-03-23;19;625
26;2025-03-23;20;417
26;2025-03-23;21;282
26;2025-03-23;22;241
26;2025-03-23;23;104
26;2025-03-24;0;23
26;2025-03-24;4;1
26;2025-03-24;5;92
26;2025-03-24;6;583
26;2025-03-24;7;1167
26;2025-03-24;8;2259
26;2025-03-24;9;1547
26;2025-03-24;10;1251
26;2025-03-24;11;1059
26;2025-03-24;12;1159
26;2025-03-24;13;1362
26;2025-03-24;14;1288
26;2025-03-24;15;1359
26;2025-03-24;16;1544
26;2025-03-24;17;1788
26;2025-03-24;18;2085
26;2025-03-24;19;1492
26;2025-03-24;20;904
26;2025-03-24;21;456
26;2025-03-24;22;239
26;2025-03-24;23;82
26;2025-03-25;0;20
26;2025-03-25;1;2
26;2025-03-25;5;86
26;2025-03-25;6;586
26;2025-03-25;7;1150
26;2025-03-25;8;2315
26;2025-03-25;9;1562
26;2025-03-25;10;1213
26;2025-03-25;11;1084
26;2025-03-25;12;1114
26;2025-03-25;13;1242
26;2025-03-25;14;1117
26;2025-03-25;15;1395
26;2025-03-25;16;1512
26;2025-03-25;17;1779
26;2025-03-25;18;1972
26;2025-03-25;19;1169
26;2025-03-25;20;846
26;2025-03-25;21;430
26;2025-03-25;22;225
26;2025-03-25;23;92
26;2025-03-26;0;25
26;2025-03-26;1;2
26;2025-03-26;4;1
26;2025-03-26;5;86
26;2025-03-26;6;616
26;2025-03-26;7;1163
26;2025-03-26;8;2248
26;2025-03-26;9;1545
26;2025-03-26;10;1274
26;2025-03-26;11;1079
26;2025-03-26;12;1236
26;2025-03-26;13;1210
26;2025-03-26;14;1248
26;2025-03-26;15;1354
26;2025-03-26;16;1468
26;2025-03-26;17;1853
26;2025-03-26;18;2133
26;2025-03-26;19;1485
26;2025-03-26;20;859
26;2025-03-26;21;520
26;2025-03-26;22;266
26;2025-03-26;23;114
26;2025-03-27;0;28
26;2025-03-27;4;2
26;2025-03-27;5;90
26;2025-03-27;6;626
26;2025-03-27;7;1149
26;2025-03-27;8;2189
26;2025-03-27;9;1512
26;2025-03-27;10;1202
26;2025-03-27;11;1180
26;2025-03-27;12;1113
26;2025-03-27;13;1188
26;2025-03-27;14;1159
26;2025-03-27;15;1408
26;2025-03-27;16;1629
26;2025-03-27;17;1934
26;2025-03-27;18;2040
26;2025-03-27;19;1432
26;2025-03-27;20;848
26;2025-03-27;21;509
26;2025-03-27;22;282
26;2025-03-27;23;144
26;2025-03-28;0;39
26;2025-03-28;1;4
26;2025-03-28;4;2
26;2025-03-28;5;78
26;2025-03-28;6;633
26;2025-03-28;7;1150
26;2025-03-28;8;2050
26;2025-03-28;9;1483
26;2025-03-28;10;1328
26;2025-03-28;11;1191
26;2025-03-28;12;1166
26;2025-03-28;13;1273
26;2025-03-28;14;1228
26;2025-03-28;15;1474
26;2025-03-28;16;1701
26;2025-03-28;17;1805
26;2025-03-28;18;1598
26;2025-03-28;19;1103
26;2025-03-28;20;776
26;2025-03-28;21;594
26;2025-03-28;22;237
26;2025-03-28;23;162
26;2025-03-29;0;40
26;2025-03-29;1;3
26;2025-03-29;5;32
26;2025-03-29;6;365
26;2025-03-29;7;371
26;2025-03-29;8;665
26;2025-03-29;9;726
26;2025-03-29;10;956
26;2025-03-29;11;1126
26;2025-03-29;12;1135
26;2025-03-29;13;1220
26;2025-03-29;14;1072
26;2025-03-29;15;1060
26;2025-03-29;16;1167
26;2025-03-29;17;974
26;2025-03-29;18;919
26;2025-03-29;19;721
26;2025-03-29;20;510
26;2025-03-29;21;361
26;2025-03-29;22;281
26;2025-03-29;23;145
26;2025-03-30;0;37
26;2025-03-30;1;7
26;2025-03-30;4;1
26;2025-03-30;5;108
26;2025-03-30;6;161
26;2025-03-30;7;207
26;2025-03-30;8;417
26;2025-03-30;9;690
26;2025-03-30;10;742
26;2025-03-30;11;1041
26;2025-03-30;12;979
26;2025-03-30;13;1048
26;2025-03-30;14;1064
26;2025-03-30;15;850
26;2025-03-30;16;817
26;2025-03-30;17;784
26;2025-03-30;18;774
26;2025-03-30;19;640
26;2025-03-30;20;480
26;2025-03-30;21;309
26;2025-03-30;22;197
26;2025-03-30;23;116
26;2025-03-31;0;27
26;2025-03-31;4;7
26;2025-03-31;5;72
26;2025-03-31;6;652
26;2025-03-31;7;1470
26;2025-03-31;8;3131
26;2025-03-31;9;2089
26;2025-03-31;10;1645
26;2025-03-31;11;1523
26;2025-03-31;12;1871
26;2025-03-31;13;1717
26;2025-03-31;14;1670
26;2025-03-31;15;1848
26;2025-03-31;16;1887
26;2025-03-31;17;2042
26;2025-03-31;18;2534
26;2025-03-31;19;1642
26;2025-03-31;20;1101
26;2025-03-31;21;675
26;2025-03-31;22;381
26;2025-03-31;23;137
26;2025-04-01;0;55
26;2025-04-01;1;2
26;2025-04-01;2;1
26;2025-04-01;4;6
26;2025-04-01;5;116
26;2025-04-01;6;596
26;2025-04-01;7;1810
26;2025-04-01;8;3656
26;2025-04-01;9;2516
26;2025-04-01;10;1718
26;2025-04-01;11;1766
26;2025-04-01;12;1632
26;2025-04-01;13;1637
26;2025-04-01;14;1893
26;2025-04-01;15;1559
26;2025-04-01;16;2070
26;2025-04-01;17;2539
26;2025-04-01;18;2760
26;2025-04-01;19;2445
26;2025-04-01;20;1014
26;2025-04-01;21;756
26;2025-04-01;22;376
26;2025-04-01;23;208
26;2025-04-02;0;30
26;2025-04-02;1;8
26;2025-04-02;2;1
26;2025-04-02;5;84
26;2025-04-02;6;553
26;2025-04-02;7;1758
26;2025-04-02;8;2825
26;2025-04-02;9;2366
26;2025-04-02;10;2237
26;2025-04-02;11;1880
26;2025-04-02;12;1907
26;2025-04-02;13;2051
26;2025-04-02;14;1967
26;2025-04-02;15;1985
26;2025-04-02;16;1976
26;2025-04-02;17;2434
26;2025-04-02;18;3123
26;2025-04-02;19;2193
26;2025-04-02;20;1303
26;2025-04-02;21;820
26;2025-04-02;22;498
26;2025-04-02;23;206
26;2025-04-03;0;68
26;2025-04-03;1;2
26;2025-04-03;5;56
26;2025-04-03;6;466
26;2025-04-03;7;1896
26;2025-04-03;8;2618
26;2025-04-03;9;2040
26;2025-04-03;10;1373
26;2025-04-03;11;1514
26;2025-04-03;12;1518
26;2025-04-03;13;1321
26;2025-04-03;14;1626
26;2025-04-03;15;1770
26;2025-04-03;16;2072
26;2025-04-03;17;2278
26;2025-04-03;18;2976
26;2025-04-03;19;1953
26;2025-04-03;20;1187
26;2025-04-03;21;761
26;2025-04-03;22;425
26;2025-04-03;23;252
26;2025-04-04;0;54
26;2025-04-04;1;3
26;2025-04-04;2;1
26;2025-04-04;4;1
26;2025-04-04;5;41
26;2025-04-04;6;651
26;2025-04-04;7;1703
26;2025-04-04;8;2813
26;2025-04-04;9;2110
26;2025-04-04;10;1770
26;2025-04-04;11;1578
26;2025-04-04;12;1994
26;2025-04-04;13;2014
26;2025-04-04;14;2074
26;2025-04-04;15;1954
26;2025-04-04;16;2698
26;2025-04-04;17;2523
26;2025-04-04;18;1898
26;2025-04-04;19;1529
26;2025-04-04;20;1051
26;2025-04-04;21;774
26;2025-04-04;22;469
26;2025-04-04;23;276
26;2025-04-05;0;64
26;2025-04-05;1;1
26;2025-04-05;4;3
26;2025-04-05;5;51
26;2025-04-05;6;340
26;2025-04-05;7;597
26;2025-04-05;8;977
26;2025-04-05;9;1246
26;2025-04-05;10;1372
26;2025-04-05;11;1671
26;2025-04-05;12;1786
26;2025-04-05;13;1774
26;2025-04-05;14;1454
26;2025-04-05;15;1281
26;2025-04-05;16;1493
26;2025-04-05;17;1359
26;2025-04-05;18;1297
26;2025-04-05;19;1034
26;2025-04-05;20;840
26;2025-04-05;21;586
26;2025-04-05;22;315
26;2025-04-05;23;207
26;2025-04-06;0;60
26;2025-04-06;1;10
26;2025-04-06;4;3
26;2025-04-06;5;53
26;2025-04-06;6;274
26;2025-04-06;7;457
26;2025-04-06;8;622
26;2025-04-06;9;705
26;2025-04-06;10;808
26;2025-04-06;11;784
26;2025-04-06;12;971
26;2025-04-06;13;764
26;2025-04-06;14;936
26;2025-04-06;15;768
26;2025-04-06;16;992
26;2025-04-06;17;656
26;2025-04-06;18;615
26;2025-04-06;19;605
26;2025-04-06;20;345
26;2025-04-06;21;282
26;2025-04-06;22;144
26;2025-04-06;23;101
26;2025-04-07;0;23
26;2025-04-07;1;1
26;2025-04-07;4;2
26;2025-04-07;5;66
26;2025-04-07;6;771
26;2025-04-07;7;1302
26;2025-04-07;8;2704
26;2025-04-07;9;1756
26;2025-04-07;10;1544
26;2025-04-07;11;1201
26;2025-04-07;12;1246
26;2025-04-07;13;1396
26;2025-04-07;14;1313
26;2025-04-07;15;1294
26;2025-04-07;16;1340
26;2025-04-07;17;1568
26;2025-04-07;18;1980
26;2025-04-07;19;1396
26;2025-04-07;20;772
26;2025-04-07;21;459
26;2025-04-07;22;327
26;2025-04-07;23;136
26;2025-04-08;0;37
26;2025-04-08;2;13
26;2025-04-08;3;127
26;2025-04-08;4;58
26;2025-04-08;5;160
26;2025-04-08;6;667
26;2025-04-08;7;1121
26;2025-04-08;8;2423
26;2025-04-08;9;1589
26;2025-04-08;10;1353
26;2025-04-08;11;1237
26;2025-04-08;12;1222
26;2025-04-08;13;1136
26;2025-04-08;14;1244
26;2025-04-08;15;1361
26;2025-04-08;16;1563
26;2025-04-08;17;1772
26;2025-04-08;18;2038
26;2025-04-08;19;1537
26;2025-04-08;20;754
26;2025-04-08;21;395
26;2025-04-08;22;220
26;2025-04-08;23;162
26;2025-04-09;0;26
26;2025-04-09;5;64
26;2025-04-09;6;615
26;2025-04-09;7;1199
26;2025-04-09;8;2498
26;2025-04-09;9;1762
26;2025-04-09;10;1549
26;2025-04-09;11;1154
26;2025-04-09;12;1413
26;2025-04-09;13;1419
26;2025-04-09;14;1264
26;2025-04-09;15;1311
26;2025-04-09;16;1503
26;2025-04-09;17;1612
26;2025-04-09;18;1958
26;2025-04-09;19;1282
26;2025-04-09;20;888
26;2025-04-09;21;451
26;2025-04-09;22;226
26;2025-04-09;23;138
26;2025-04-10;0;33
26;2025-04-10;4;1
26;2025-04-10;5;82
26;2025-04-10;6;508
26;2025-04-10;7;1150
26;2025-04-10;8;2449
26;2025-04-10;9;1611
26;2025-04-10;10;1249
26;2025-04-10;11;1296
26;2025-04-10;12;1163
26;2025-04-10;13;1185
26;2025-04-10;14;1244
26;2025-04-10;15;1362
26;2025-04-10;16;1622
26;2025-04-10;17;1905
26;2025-04-10;18;2124
26;2025-04-10;19;1465
26;2025-04-10;20;783
26;2025-04-10;21;491
26;2025-04-10;22;234
26;2025-04-10;23;132
26;2025-04-11;0;31
26;2025-04-11;1;3
26;2025-04-11;4;2
26;2025-04-11;5;71
26;2025-04-11;6;610
26;2025-04-11;7;1007
26;2025-04-11;8;2157
26;2025-04-11;9;1562
26;2025-04-11;10;1308
26;2025-04-11;11;1184
26;2025-04-11;12;1219
26;2025-04-11;13;1166
26;2025-04-11;14;1219
26;2025-04-11;15;1413
26;2025-04-11;16;1692
26;2025-04-11;17;1834
26;2025-04-11;18;1529
26;2025-04-11;19;1232
26;2025-04-11;20;857
26;2025-04-11;21;523
26;2025-04-11;22;357
26;2025-04-11;23;177
26;2025-04-12;0;41
26;2025-04-12;1;7
26;2025-04-12;4;2
26;2025-04-12;5;48
26;2025-04-12;6;272
26;2025-04-12;7;383
26;2025-04-12;8;611
26;2025-04-12;9;709
26;2025-04-12;10;792
26;2025-04-12;11;1106
26;2025-04-12;12;1157
26;2025-04-12;13;1025
26;2025-04-12;14;1059
26;2025-04-12;15;1080
26;2025-04-12;16;1020
26;2025-04-12;17;1107
26;2025-04-12;18;956
26;2025-04-12;19;863
26;2025-04-12;20;554
26;2025-04-12;21;379
26;2025-04-12;22;267
26;2025-04-12;23;120
26;2025-04-13;0;35
26;2025-04-13;1;4
26;2025-04-13;4;3
26;2025-04-13;5;40
26;2025-04-13;6;129
26;2025-04-13;7;280
26;2025-04-13;8;428
26;2025-04-13;9;635
26;2025-04-13;10;681
26;2025-04-13;11;852
26;2025-04-13;12;891
26;2025-04-13;13;991
26;2025-04-13;14;973
26;2025-04-13;15;866
26;2025-04-13;16;907
26;2025-04-13;17;860
26;2025-04-13;18;793
26;2025-04-13;19;681
26;2025-04-13;20;455
26;2025-04-13;21;277
26;2025-04-13;22;217
26;2025-04-13;23;110
26;2025-04-14;0;29
26;2025-04-14;1;4
26;2025-04-14;4;2
26;2025-04-14;5;72
26;2025-04-14;6;647
26;2025-04-14;7;1162
26;2025-04-14;8;2266
26;2025-04-14;9;1414
26;2025-04-14;10;1423
26;2025-04-14;11;1161
26;2025-04-14;12;1296
26;2025-04-14;13;1349
26;2025-04-14;14;1134
26;2025-04-14;15;1492
26;2025-04-14;16;1573
26;2025-04-14;17;1824
26;2025-04-14;18;2093
26;2025-04-14;19;1352
26;2025-04-14;20;835
26;2025-04-14;21;512
26;2025-04-14;22;317
26;2025-04-14;23;96
26;2025-04-15;0;30
26;2025-04-15;1;1
26;2025-04-15;4;2
26;2025-04-15;5;65
26;2025-04-15;6;627
26;2025-04-15;7;1271
26;2025-04-15;8;2303
26;2025-04-15;9;1596
26;2025-04-15;10;1461
26;2025-04-15;11;1319
26;2025-04-15;12;1285
26;2025-04-15;13;1359
26;2025-04-15;14;1329
26;2025-04-15;15;1511
26;2025-04-15;16;1617
26;2025-04-15;17;1830
26;2025-04-15;18;1876
26;2025-04-15;19;1472
26;2025-04-15;20;930
26;2025-04-15;21;604
26;2025-04-15;22;340
26;2025-04-15;23;156
26;2025-04-16;0;41
26;2025-04-16;4;161
26;2025-04-16;5;92
26;2025-04-16;6;595
26;2025-04-16;7;1121
26;2025-04-16;8;2277
26;2025-04-16;9;1782
26;2025-04-16;10;1440
26;2025-04-16;11;1110
26;2025-04-16;12;1055
26;2025-04-16;13;1163
26;2025-04-16;14;1242
26;2025-04-16;15;1323
26;2025-04-16;16;1595
26;2025-04-16;17;1469
26;2025-04-16;18;1506
26;2025-04-16;19;1144
26;2025-04-16;20;813
26;2025-04-16;21;535
26;2025-04-16;22;221
26;2025-04-16;23;126
26;2025-04-17;0;30
26;2025-04-17;1;3
26;2025-04-17;5;98
26;2025-04-17;6;698
26;2025-04-17;7;1257
26;2025-04-17;8;2265
26;2025-04-17;9;1727
26;2025-04-17;10;1329
26;2025-04-17;11;1243
26;2025-04-17;12;1337
26;2025-04-17;13;1128
26;2025-04-17;14;1150
26;2025-04-17;15;1352
26;2025-04-17;16;1492
26;2025-04-17;17;1777
26;2025-04-17;18;1985
26;2025-04-17;19;1256
26;2025-04-17;20;831
26;2025-04-17;21;615
26;2025-04-17;22;341
26;2025-04-17;23;141
26;2025-04-18;0;42
26;2025-04-18;1;2
26;2025-04-18;4;1
26;2025-04-18;5;78
26;2025-04-18;6;591
26;2025-04-18;7;1228
26;2025-04-18;8;2255
26;2025-04-18;9;1644
26;2025-04-18;10;1378
26;2025-04-18;11;1241
26;2025-04-18;12;1221
26;2025-04-18;13;1456
26;2025-04-18;14;1301
26;2025-04-18;15;1528
26;2025-04-18;16;1862
26;2025-04-18;17;1822
26;2025-04-18;18;1638
26;2025-04-18;19;1212
26;2025-04-18;20;996
26;2025-04-18;21;570
26;2025-04-18;22;345
26;2025-04-18;23;179
26;2025-04-19;0;59
26;2025-04-19;1;2
26;2025-04-19;4;1
26;2025-04-19;5;30
26;2025-04-19;6;332
26;2025-04-19;7;363
26;2025-04-19;8;679
26;2025-04-19;9;828
26;2025-04-19;10;1109
26;2025-04-19;11;1366
26;2025-04-19;12;1577
26;2025-04-19;13;1129
26;2025-04-19;14;1678
26;2025-04-19;15;1286
26;2025-04-19;16;1176
26;2025-04-19;17;1055
26;2025-04-19;18;919
26;2025-04-19;19;859
26;2025-04-19;20;564
26;2025-04-19;21;404
26;2025-04-19;22;294
26;2025-04-19;23;204
26;2025-04-20;0;86
26;2025-04-20;1;15
26;2025-04-20;2;39
26;2025-04-20;3;38
26;2025-04-20;4;1
26;2025-04-20;5;58
26;2025-04-20;6;154
26;2025-04-20;7;196
26;2025-04-20;8;368
26;2025-04-20;9;555
26;2025-04-20;10;698
26;2025-04-20;11;831
26;2025-04-20;12;873
26;2025-04-20;13;898
26;2025-04-20;14;957
26;2025-04-20;15;823
26;2025-04-20;16;825
26;2025-04-20;17;835
26;2025-04-20;18;698
26;2025-04-20;19;636
26;2025-04-20;20;501
26;2025-04-20;21;371
26;2025-04-20;22;257
26;2025-04-20;23;83
26;2025-04-21;0;22
26;2025-04-21;1;6
26;2025-04-21;4;2
26;2025-04-21;5;82
26;2025-04-21;6;573
26;2025-04-21;7;1099
26;2025-04-21;8;1959
26;2025-04-21;9;1505
26;2025-04-21;10;1412
26;2025-04-21;11;1130
26;2025-04-21;12;1271
26;2025-04-21;13;1215
26;2025-04-21;14;1183
26;2025-04-21;15;1248
26;2025-04-21;16;1439
26;2025-04-21;17;1672
26;2025-04-21;18;1846
26;2025-04-21;19;1367
26;2025-04-21;20;780
26;2025-04-21;21;504
26;2025-04-21;22;227
26;2025-04-21;23;98
26;2025-04-22;0;16
26;2025-04-22;1;1
26;2025-04-22;4;3
26;2025-04-22;5;81
26;2025-04-22;6;561
26;2025-04-22;7;1206
26;2025-04-22;8;2181
26;2025-04-22;9;1608
26;2025-04-22;10;1420
26;2025-04-22;11;1126
26;2025-04-22;12;1326
26;2025-04-22;13;1501
26;2025-04-22;14;1314
26;2025-04-22;15;1388
26;2025-04-22;16;1621
26;2025-04-22;17;1780
26;2025-04-22;18;1723
26;2025-04-22;19;1097
26;2025-04-22;20;909
26;2025-04-22;21;534
26;2025-04-22;22;281
26;2025-04-22;23;151
26;2025-04-23;0;31
26;2025-04-23;1;1
26;2025-04-23;4;10
26;2025-04-23;5;75
26;2025-04-23;6;581
26;2025-04-23;7;1044
26;2025-04-23;8;2116
26;2025-04-23;9;1464
26;2025-04-23;10;1311
26;2025-04-23;11;1109
26;2025-04-23;12;1477
26;2025-04-23;13;1168
26;2025-04-23;14;1254
26;2025-04-23;15;1333
26;2025-04-23;16;1611
26;2025-04-23;17;1690
26;2025-04-23;18;1807
26;2025-04-23;19;1187
26;2025-04-23;20;785
26;2025-04-23;21;490
26;2025-04-23;22;294
26;2025-04-23;23;150
26;2025-04-24;0;47
26;2025-04-24;4;12
26;2025-04-24;5;72
26;2025-04-24;6;485
26;2025-04-24;7;926
26;2025-04-24;8;1907
26;2025-04-24;9;1369
26;2025-04-24;10;1258
26;2025-04-24;11;1172
26;2025-04-24;12;1219
26;2025-04-24;13;1331
26;2025-04-24;14;1161
26;2025-04-24;15;1397
26;2025-04-24;16;1591
26;2025-04-24;17;1503
26;2025-04-24;18;1538
26;2025-04-24;19;1254
26;2025-04-24;20;720
26;2025-04-24;21;472
26;2025-04-24;22;241
26;2025-04-24;23;120
26;2025-04-25;0;31
26;2025-04-25;1;2
26;2025-04-25;4;5
26;2025-04-25;5;69
26;2025-04-25;6;507
26;2025-04-25;7;1036
26;2025-04-25;8;2045
26;2025-04-25;9;1367
26;2025-04-25;10;1190
26;2025-04-25;11;1147
26;2025-04-25;12;1198
26;2025-04-25;13;1335
26;2025-04-25;14;1246
26;2025-04-25;15;1432
26;2025-04-25;16;1543
26;2025-04-25;17;1538
26;2025-04-25;18;938
26;2025-04-25;19;871
26;2025-04-25;20;687
26;2025-04-25;21;337
26;2025-04-25;22;323
26;2025-04-25;23;169
26;2025-04-26;0;26
26;2025-04-26;4;3
26;2025-04-26;5;43
26;2025-04-26;6;291
26;2025-04-26;7;349
26;2025-04-26;8;638
26;2025-04-26;9;732
26;2025-04-26;10;955
26;2025-04-26;11;950
26;2025-04-26;12;960
26;2025-04-26;13;1005
26;2025-04-26;14;942
26;2025-04-26;15;855
26;2025-04-26;16;846
26;2025-04-26;17;748
26;2025-04-26;18;797
26;2025-04-26;19;767
26;2025-04-26;20;504
26;2025-04-26;21;346
26;2025-04-26;22;230
26;2025-04-26;23;147
26;2025-04-27;0;34
26;2025-04-27;1;5
26;2025-04-27;5;22
26;2025-04-27;6;154
26;2025-04-27;7;253
26;2025-04-27;8;421
26;2025-04-27;9;650
26;2025-04-27;10;688
26;2025-04-27;11;820
26;2025-04-27;12;815
26;2025-04-27;13;888
26;2025-04-27;14;822
26;2025-04-27;15;765
26;2025-04-27;16;660
26;2025-04-27;17;688
26;2025-04-27;18;599
26;2025-04-27;19;516
26;2025-04-27;20;411
26;2025-04-27;21;268
26;2025-04-27;22;151
26;2025-04-27;23;86
26;2025-04-28;0;20
26;2025-04-28;1;2
26;2025-04-28;4;9
26;2025-04-28;5;90
26;2025-04-28;6;563
26;2025-04-28;7;1112
26;2025-04-28;8;2061
26;2025-04-28;9;1449
26;2025-04-28;10;1301
26;2025-04-28;11;1159
26;2025-04-28;12;1029
26;2025-04-28;13;1129
26;2025-04-28;14;1246
26;2025-04-28;15;1352
26;2025-04-28;16;1616
26;2025-04-28;17;1557
26;2025-04-28;18;1899
26;2025-04-28;19;1243
26;2025-04-28;20;748
26;2025-04-28;21;382
26;2025-04-28;22;251
26;2025-04-28;23;95
26;2025-04-29;0;26
26;2025-04-29;4;10
26;2025-04-29;5;87
26;2025-04-29;6;599
26;2025-04-29;7;1102
26;2025-04-29;8;2175
26;2025-04-29;9;1729
26;2025-04-29;10;1366
26;2025-04-29;11;1296
26;2025-04-29;12;1437
26;2025-04-29;13;1239
26;2025-04-29;14;1373
26;2025-04-29;15;1354
26;2025-04-29;16;1585
26;2025-04-29;17;1553
26;2025-04-29;18;1625
26;2025-04-29;19;1072
26;2025-04-29;20;1021
26;2025-04-29;21;339
26;2025-04-29;22;238
26;2025-04-29;23;112
26;2025-04-30;0;41
26;2025-04-30;1;1
26;2025-04-30;4;10
26;2025-04-30;5;68
26;2025-04-30;6;561
26;2025-04-30;7;1029
26;2025-04-30;8;2178
26;2025-04-30;9;1392
26;2025-04-30;10;1272
26;2025-04-30;11;982
26;2025-04-30;12;1341
26;2025-04-30;13;1125
26;2025-04-30;14;1365
26;2025-04-30;15;1485
26;2025-04-30;16;1498
26;2025-04-30;17;1705
26;2025-04-30;18;1365
26;2025-04-30;19;1144
26;2025-04-30;20;827
26;2025-04-30;21;500
26;2025-04-30;22;243
26;2025-04-30;23;137
26;2025-05-01;0;52
26;2025-05-01;1;3
26;2025-05-01;4;3
26;2025-05-01;5;48
26;2025-05-01;6;258
26;2025-05-01;7;278
26;2025-05-01;8;344
26;2025-05-01;9;385
26;2025-05-01;10;432
26;2025-05-01;11;504
26;2025-05-01;12;518
26;2025-05-01;13;551
26;2025-05-01;14;556
26;2025-05-01;15;521
26;2025-05-01;16;491
26;2025-05-01;17;473
26;2025-05-01;18;518
26;2025-05-01;19;585
26;2025-05-01;20;334
26;2025-05-01;21;224
26;2025-05-01;22;170
26;2025-05-01;23;87
26;2025-05-02;0;26
26;2025-05-02;1;6
26;2025-05-02;4;4
26;2025-05-02;5;62
26;2025-05-02;6;279
26;2025-05-02;7;304
26;2025-05-02;8;384
26;2025-05-02;9;434
26;2025-05-02;10;451
26;2025-05-02;11;589
26;2025-05-02;12;601
26;2025-05-02;13;643
26;2025-05-02;14;677
26;2025-05-02;15;623
26;2025-05-02;16;643
26;2025-05-02;17;649
26;2025-05-02;18;595
26;2025-05-02;19;654
26;2025-05-02;20;490
26;2025-05-02;21;367
26;2025-05-02;22;213
26;2025-05-02;23;106
26;2025-05-03;0;35
26;2025-05-03;1;1
26;2025-05-03;4;4
26;2025-05-03;5;58
26;2025-05-03;6;283
26;2025-05-03;7;334
26;2025-05-03;8;416
26;2025-05-03;9;506
26;2025-05-03;10;613
26;2025-05-03;11;724
26;2025-05-03;12;749
26;2025-05-03;13;724
26;2025-05-03;14;776
26;2025-05-03;15;595
26;2025-05-03;16;581
26;2025-05-03;17;660
26;2025-05-03;18;505
26;2025-05-03;19;634
26;2025-05-03;20;542
26;2025-05-03;21;309
26;2025-05-03;22;194
26;2025-05-03;23;133
26;2025-05-04;0;48
26;2025-05-04;1;2
26;2025-05-04;2;2
26;2025-05-04;4;3
26;2025-05-04;5;49
26;2025-05-04;6;201
26;2025-05-04;7;265
26;2025-05-04;8;392
26;2025-05-04;9;507
26;2025-05-04;10;539
26;2025-05-04;11;835
26;2025-05-04;12;791
26;2025-05-04;13;867
26;2025-05-04;14;846
26;2025-05-04;15;800
26;2025-05-04;16;560
26;2025-05-04;17;649
26;2025-05-04;18;516
26;2025-05-04;19;437
26;2025-05-04;20;293
26;2025-05-04;21;269
26;2025-05-04;22;181
26;2025-05-04;23;82
26;2025-05-05;0;16
26;2025-05-05;1;7
26;2025-05-05;2;1
26;2025-05-05;4;9
26;2025-05-05;5;82
26;2025-05-05;6;567
26;2025-05-05;7;959
26;2025-05-05;8;1794
26;2025-05-05;9;1231
26;2025-05-05;10;1063
26;2025-05-05;11;1145
26;2025-05-05;12;1074
26;2025-05-05;13;1049
26;2025-05-05;14;1057
26;2025-05-05;15;1085
26;2025-05-05;16;1221
26;2025-05-05;17;1345
26;2025-05-05;18;1760
26;2025-05-05;19;1198
26;2025-05-05;20;694
26;2025-05-05;21;370
26;2025-05-05;22;174
26;2025-05-05;23;91
26;2025-05-06;0;27
26;2025-05-06;1;2
26;2025-05-06;4;11
26;2025-05-06;5;102
26;2025-05-06;6;571
26;2025-05-06;7;986
26;2025-05-06;8;1974
26;2025-05-06;9;1275
26;2025-05-06;10;1240
26;2025-05-06;11;1040
26;2025-05-06;12;1137
26;2025-05-06;13;1200
26;2025-05-06;14;1153
26;2025-05-06;15;1045
26;2025-05-06;16;1315
26;2025-05-06;17;1441
26;2025-05-06;18;1647
26;2025-05-06;19;1322
26;2025-05-06;20;716
26;2025-05-06;21;461
26;2025-05-06;22;214
26;2025-05-06;23;94
26;2025-05-07;0;27
26;2025-05-07;1;2
26;2025-05-07;3;1
26;2025-05-07;4;12
26;2025-05-07;5;95
26;2025-05-07;6;397
26;2025-05-07;7;903
26;2025-05-07;8;1923
26;2025-05-07;9;1518
26;2025-05-07;10;1135
26;2025-05-07;11;1151
26;2025-05-07;12;1105
26;2025-05-07;13;1156
26;2025-05-07;14;1267
26;2025-05-07;15;1193
26;2025-05-07;16;1295
26;2025-05-07;17;1383
26;2025-05-07;18;1367
26;2025-05-07;19;1030
26;2025-05-07;20;747
26;2025-05-07;21;476
26;2025-05-07;22;246
26;2025-05-07;23;116
26;2025-05-08;0;51
26;2025-05-08;4;6
26;2025-05-08;5;60
26;2025-05-08;6;258
26;2025-05-08;7;347
26;2025-05-08;8;385
26;2025-05-08;9;480
26;2025-05-08;10;628
26;2025-05-08;11;747
26;2025-05-08;12;767
26;2025-05-08;13;760
26;2025-05-08;14;783
26;2025-05-08;15;722
26;2025-05-08;16;722
26;2025-05-08;17;696
26;2025-05-08;18;754
26;2025-05-08;19;793
26;2025-05-08;20;552
26;2025-05-08;21;329
26;2025-05-08;22;221
26;2025-05-08;23;101
26;2025-05-09;0;23
26;2025-05-09;1;2
26;2025-05-09;4;3
26;2025-05-09;5;38
26;2025-05-09;6;171
26;2025-05-09;7;258
26;2025-05-09;8;279
26;2025-05-09;9;374
26;2025-05-09;10;376
26;2025-05-09;11;426
26;2025-05-09;12;549
26;2025-05-09;13;699
26;2025-05-09;14;673
26;2025-05-09;15;526
26;2025-05-09;16;532
26;2025-05-09;17;557
26;2025-05-09;18;520
26;2025-05-09;19;548
26;2025-05-09;20;511
26;2025-05-09;21;460
26;2025-05-09;22;358
26;2025-05-09;23;256
26;2025-05-10;0;30
26;2025-05-10;1;2
26;2025-05-10;4;3
26;2025-05-10;5;47
26;2025-05-10;6;272
26;2025-05-10;7;264
26;2025-05-10;8;389
26;2025-05-10;9;492
26;2025-05-10;10;590
26;2025-05-10;11;639
26;2025-05-10;12;766
26;2025-05-10;13;876
26;2025-05-10;14;789
26;2025-05-10;15;686
26;2025-05-10;16;637
26;2025-05-10;17;642
26;2025-05-10;18;627
26;2025-05-10;19;885
26;2025-05-10;20;446
26;2025-05-10;21;308
26;2025-05-10;22;129
26;2025-05-10;23;32
26;2025-05-11;0;20
26;2025-05-11;1;2
26;2025-05-11;5;13
26;2025-05-11;6;59
26;2025-05-11;7;134
26;2025-05-11;8;270
26;2025-05-11;9;298
26;2025-05-11;10;312
26;2025-05-11;11;451
26;2025-05-11;12;422
26;2025-05-11;13;392
26;2025-05-11;14;448
26;2025-05-11;15;462
26;2025-05-11;16;416
26;2025-05-11;17;442
26;2025-05-11;18;453
26;2025-05-11;19;367
26;2025-05-11;20;392
26;2025-05-11;21;232
26;2025-05-11;22;198
26;2025-05-11;23;87
26;2025-05-12;0;33
26;2025-05-12;1;4
26;2025-05-12;4;1
26;2025-05-12;5;28
26;2025-05-12;6;265
26;2025-05-12;7;766
26;2025-05-12;8;1947
26;2025-05-12;9;1375
26;2025-05-12;10;1159
26;2025-05-12;11;926
26;2025-05-12;12;1020
26;2025-05-12;13;990
26;2025-05-12;14;1051
26;2025-05-12;15;1218
26;2025-05-12;16;1334
26;2025-05-12;17;1522
26;2025-05-12;18;962
26;2025-05-12;19;1105
26;2025-05-12;20;649
26;2025-05-12;21;467
26;2025-05-12;22;245
26;2025-05-12;23;86
26;2025-05-13;0;25
26;2025-05-13;1;1
26;2025-05-13;4;14
26;2025-05-13;5;82
26;2025-05-13;6;512
26;2025-05-13;7;1058
26;2025-05-13;8;1424
26;2025-05-13;9;1355
26;2025-05-13;10;1129
26;2025-05-13;11;897
26;2025-05-13;12;1173
26;2025-05-13;13;1077
26;2025-05-13;14;1096
26;2025-05-13;15;1247
26;2025-05-13;16;1400
26;2025-05-13;17;1669
26;2025-05-13;18;1709
26;2025-05-13;19;1136
26;2025-05-13;20;705
26;2025-05-13;21;485
26;2025-05-13;22;276
26;2025-05-13;23;109
26;2025-05-14;0;38
26;2025-05-14;1;2
26;2025-05-14;4;12
26;2025-05-14;5;102
26;2025-05-14;6;518
26;2025-05-14;7;1021
26;2025-05-14;8;1905
26;2025-05-14;9;1421
26;2025-05-14;10;1182
26;2025-05-14;11;1137
26;2025-05-14;12;1163
26;2025-05-14;13;1128
26;2025-05-14;14;1253
26;2025-05-14;15;1205
26;2025-05-14;16;1549
26;2025-05-14;17;1612
26;2025-05-14;18;1791
26;2025-05-14;19;1221
26;2025-05-14;20;756
26;2025-05-14;21;544
26;2025-05-14;22;240
26;2025-05-14;23;123
26;2025-05-15;0;39
26;2025-05-15;4;11
26;2025-05-15;5;81
26;2025-05-15;6;511
26;2025-05-15;7;1044
26;2025-05-15;8;2066
26;2025-05-15;9;1254
26;2025-05-15;10;1148
26;2025-05-15;11;1055
26;2025-05-15;12;1092
26;2025-05-15;13;1015
26;2025-05-15;14;1145
26;2025-05-15;15;1131
26;2025-05-15;16;1450
26;2025-05-15;17;1654
26;2025-05-15;18;1798
26;2025-05-15;19;1258
26;2025-05-15;20;885
26;2025-05-15;21;549
26;2025-05-15;22;281
26;2025-05-15;23;157
26;2025-05-16;0;45
26;2025-05-16;1;2
26;2025-05-16;4;8
26;2025-05-16;5;65
26;2025-05-16;6;460
26;2025-05-16;7;1047
26;2025-05-16;8;1916
26;2025-05-16;9;1264
26;2025-05-16;10;1097
26;2025-05-16;11;1132
26;2025-05-16;12;1222
26;2025-05-16;13;1178
26;2025-05-16;14;1257
26;2025-05-16;15;1331
26;2025-05-16;16;1612
26;2025-05-16;17;1758
26;2025-05-16;18;1420
26;2025-05-16;19;1149
26;2025-05-16;20;805
26;2025-05-16;21;423
26;2025-05-16;22;317
26;2025-05-16;23;179
26;2025-05-17;0;61
26;2025-05-17;1;1
26;2025-05-17;4;4
26;2025-05-17;5;70
26;2025-05-17;6;253
26;2025-05-17;7;320
26;2025-05-17;8;494
26;2025-05-17;9;673
26;2025-05-17;10;926
26;2025-05-17;11;974
26;2025-05-17;12;1105
26;2025-05-17;13;1021
26;2025-05-17;14;984
26;2025-05-17;15;818
26;2025-05-17;16;977
26;2025-05-17;17;874
26;2025-05-17;18;956
26;2025-05-17;19;805
26;2025-05-17;20;596
26;2025-05-17;21;401
26;2025-05-17;22;267
26;2025-05-17;23;161
26;2025-05-18;0;72
26;2025-05-18;1;11
26;2025-05-18;2;1
26;2025-05-18;4;7
26;2025-05-18;5;38
26;2025-05-18;6;164
26;2025-05-18;7;256
26;2025-05-18;8;319
26;2025-05-18;9;523
26;2025-05-18;10;563
26;2025-05-18;11;741
26;2025-05-18;12;797
26;2025-05-18;13;822
26;2025-05-18;14;726
26;2025-05-18;15;686
26;2025-05-18;16;642
26;2025-05-18;17;702
26;2025-05-18;18;671
26;2025-05-18;19;545
26;2025-05-18;20;398
26;2025-05-18;21;286
26;2025-05-18;22;211
26;2025-05-18;23;101
26;2025-05-19;0;27
26;2025-05-19;1;4
26;2025-05-19;4;10
26;2025-05-19;5;105
26;2025-05-19;6;507
26;2025-05-19;7;993
26;2025-05-19;8;1923
26;2025-05-19;9;1417
26;2025-05-19;10;1088
26;2025-05-19;11;1054
26;2025-05-19;12;1013
26;2025-05-19;13;1068
26;2025-05-19;14;1103
26;2025-05-19;15;1150
26;2025-05-19;16;1405
26;2025-05-19;17;1642
26;2025-05-19;18;1756
26;2025-05-19;19;1274
26;2025-05-19;20;820
26;2025-05-19;21;494
26;2025-05-19;22;247
26;2025-05-19;23;101
26;2025-05-20;0;29
26;2025-05-20;1;4
26;2025-05-20;4;7
26;2025-05-20;5;88
26;2025-05-20;6;525
26;2025-05-20;7;1035
26;2025-05-20;8;2078
26;2025-05-20;9;1347
26;2025-05-20;10;983
26;2025-05-20;11;964
26;2025-05-20;12;1007
26;2025-05-20;13;1104
26;2025-05-20;14;1177
26;2025-05-20;15;1154
26;2025-05-20;16;1459
26;2025-05-20;17;1716
26;2025-05-20;18;1800
26;2025-05-20;19;1401
26;2025-05-20;20;772
26;2025-05-20;21;516
26;2025-05-20;22;258
26;2025-05-20;23;157
26;2025-05-21;0;33
26;2025-05-21;1;5
26;2025-05-21;4;13
26;2025-05-21;5;91
26;2025-05-21;6;523
26;2025-05-21;7;1032
26;2025-05-21;8;1828
26;2025-05-21;9;1475
26;2025-05-21;10;1185
26;2025-05-21;11;1176
26;2025-05-21;12;1089
26;2025-05-21;13;1131
26;2025-05-21;14;1148
26;2025-05-21;15;1034
26;2025-05-21;16;1268
26;2025-05-21;17;1576
26;2025-05-21;18;1722
26;2025-05-21;19;1348
26;2025-05-21;20;877
26;2025-05-21;21;577
26;2025-05-21;22;351
26;2025-05-21;23;135
26;2025-05-22;0;33
26;2025-05-22;1;6
26;2025-05-22;4;8
26;2025-05-22;5;93
26;2025-05-22;6;563
26;2025-05-22;7;1111
26;2025-05-22;8;1999
26;2025-05-22;9;1502
26;2025-05-22;10;1306
26;2025-05-22;11;1199
26;2025-05-22;12;1232
26;2025-05-22;13;1227
26;2025-05-22;14;1222
26;2025-05-22;15;1196
26;2025-05-22;16;1485
26;2025-05-22;17;1771
26;2025-05-22;18;1774
26;2025-05-22;19;1329
26;2025-05-22;20;780
26;2025-05-22;21;583
26;2025-05-22;22;338
26;2025-05-22;23;156
26;2025-05-23;0;57
26;2025-05-23;1;1
26;2025-05-23;4;13
26;2025-05-23;5;90
26;2025-05-23;6;501
26;2025-05-23;7;688
26;2025-05-23;8;1674
26;2025-05-23;9;1146
26;2025-05-23;10;1019
26;2025-05-23;11;800
26;2025-05-23;12;1023
26;2025-05-23;13;1228
26;2025-05-23;14;1197
26;2025-05-23;15;1297
26;2025-05-23;16;1556
26;2025-05-23;17;1620
26;2025-05-23;18;1544
26;2025-05-23;19;1224
26;2025-05-23;20;851
26;2025-05-23;21;585
26;2025-05-23;22;356
26;2025-05-23;23;191
26;2025-05-24;0;72
26;2025-05-24;1;1
26;2025-05-24;4;6
26;2025-05-24;5;47
26;2025-05-24;6;298
26;2025-05-24;7;337
26;2025-05-24;8;522
26;2025-05-24;9;694
26;2025-05-24;10;730
26;2025-05-24;11;945
26;2025-05-24;12;929
26;2025-05-24;13;966
26;2025-05-24;14;938
26;2025-05-24;15;896
26;2025-05-24;16;817
26;2025-05-24;17;858
26;2025-05-24;18;797
26;2025-05-24;19;856
26;2025-05-24;20;703
26;2025-05-24;21;447
26;2025-05-24;22;312
26;2025-05-24;23;158
26;2025-05-25;0;38
26;2025-05-25;1;8
26;2025-05-25;4;6
26;2025-05-25;5;26
26;2025-05-25;6;117
26;2025-05-25;7;259
26;2025-05-25;8;417
26;2025-05-25;9;467
26;2025-05-25;10;630
26;2025-05-25;11;744
26;2025-05-25;12;817
26;2025-05-25;13;858
26;2025-05-25;14;769
26;2025-05-25;15;725
26;2025-05-25;16;815
26;2025-05-25;17;747
26;2025-05-25;18;761
26;2025-05-25;19;698
26;2025-05-25;20;559
26;2025-05-25;21;398
26;2025-05-25;22;269
26;2025-05-25;23;134
26;2025-05-26;0;52
26;2025-05-26;1;9
26;2025-05-26;4;10
26;2025-05-26;5;93
26;2025-05-26;6;558
26;2025-05-26;7;938
26;2025-05-26;8;1840
26;2025-05-26;9;1485
26;2025-05-26;10;1130
26;2025-05-26;11;1053
26;2025-05-26;12;1135
26;2025-05-26;13;1239
26;2025-05-26;14;1070
26;2025-05-26;15;1173
26;2025-05-26;16;1452
26;2025-05-26;17;1622
26;2025-05-26;18;1713
26;2025-05-26;19;1374
26;2025-05-26;20;1052
26;2025-05-26;21;556
26;2025-05-26;22;349
26;2025-05-26;23;133
26;2025-05-27;0;51
26;2025-05-27;1;5
26;2025-05-27;4;10
26;2025-05-27;5;93
26;2025-05-27;6;541
26;2025-05-27;7;982
26;2025-05-27;8;1870
26;2025-05-27;9;1514
26;2025-05-27;10;990
26;2025-05-27;11;847
26;2025-05-27;12;1137
26;2025-05-27;13;1209
26;2025-05-27;14;1192
26;2025-05-27;15;1193
26;2025-05-27;16;1477
26;2025-05-27;17;1611
26;2025-05-27;18;1802
26;2025-05-27;19;1263
26;2025-05-27;20;869
26;2025-05-27;21;544
26;2025-05-27;22;322
26;2025-05-27;23;142
26;2025-05-28;0;35
26;2025-05-28;1;4
26;2025-05-28;4;8
26;2025-05-28;5;92
26;2025-05-28;6;485
26;2025-05-28;7;872
26;2025-05-28;8;1790
26;2025-05-28;9;1586
26;2025-05-28;10;1101
26;2025-05-28;11;1045
26;2025-05-28;12;1154
26;2025-05-28;13;1205
26;2025-05-28;14;1319
26;2025-05-28;15;1189
26;2025-05-28;16;1382
26;2025-05-28;17;1534
26;2025-05-28;18;1730
26;2025-05-28;19;1205
26;2025-05-28;20;904
26;2025-05-28;21;519
26;2025-05-28;22;325
26;2025-05-28;23;199
26;2025-05-29;0;46
26;2025-05-29;1;4
26;2025-05-29;4;11
26;2025-05-29;5;100
26;2025-05-29;6;630
26;2025-05-29;7;990
26;2025-05-29;8;1961
26;2025-05-29;9;1482
26;2025-05-29;10;1126
26;2025-05-29;11;1193
26;2025-05-29;12;1051
26;2025-05-29;13;1099
26;2025-05-29;14;1108
26;2025-05-29;15;1172
26;2025-05-29;16;1330
26;2025-05-29;17;1463
26;2025-05-29;18;1729
26;2025-05-29;19;1171
26;2025-05-29;20;830
26;2025-05-29;21;642
26;2025-05-29;22;336
26;2025-05-29;23;177
26;2025-05-30;0;47
26;2025-05-30;1;3
26;2025-05-30;4;9
26;2025-05-30;5;92
26;2025-05-30;6;586
26;2025-05-30;7;868
26;2025-05-30;8;1767
26;2025-05-30;9;1321
26;2025-05-30;10;1120
26;2025-05-30;11;917
26;2025-05-30;12;1116
26;2025-05-30;13;1083
26;2025-05-30;14;1058
26;2025-05-30;15;1262
26;2025-05-30;16;1555
26;2025-05-30;17;1532
26;2025-05-30;18;1258
26;2025-05-30;19;994
26;2025-05-30;20;772
26;2025-05-30;21;483
26;2025-05-30;22;319
26;2025-05-30;23;186
26;2025-05-31;0;47
26;2025-05-31;1;2
26;2025-05-31;4;4
26;2025-05-31;5;48
26;2025-05-31;6;306
26;2025-05-31;7;409
26;2025-05-31;8;600
26;2025-05-31;9;840
26;2025-05-31;10;910
26;2025-05-31;11;1085
26;2025-05-31;12;990
26;2025-05-31;13;992
26;2025-05-31;14;960
26;2025-05-31;15;951
26;2025-05-31;16;947
26;2025-05-31;17;866
26;2025-05-31;18;1055
26;2025-05-31;19;950
26;2025-05-31;20;738
26;2025-05-31;21;628
26;2025-05-31;22;400
26;2025-05-31;23;221
26;2025-06-01;0;121
26;2025-06-01;1;15
26;2025-06-01;4;2
26;2025-06-01;5;58
26;2025-06-01;6;189
26;2025-06-01;7;332
26;2025-06-01;8;464
26;2025-06-01;9;633
26;2025-06-01;10;633
26;2025-06-01;11;754
26;2025-06-01;12;853
26;2025-06-01;13;799
26;2025-06-01;14;745
26;2025-06-01;15;730
26;2025-06-01;16;803
26;2025-06-01;17;931
26;2025-06-01;18;804
26;2025-06-01;19;767
26;2025-06-01;20;646
26;2025-06-01;21;536
26;2025-06-01;22;320
26;2025-06-01;23;215
26;2025-06-02;0;58
26;2025-06-02;1;9
26;2025-06-02;4;5
26;2025-06-02;5;94
26;2025-06-02;6;568
26;2025-06-02;7;809
26;2025-06-02;8;1831
26;2025-06-02;9;1373
26;2025-06-02;10;1268
26;2025-06-02;11;1002
26;2025-06-02;12;1023
26;2025-06-02;13;1154
26;2025-06-02;14;1000
26;2025-06-02;15;989
26;2025-06-02;16;1219
26;2025-06-02;17;1455
26;2025-06-02;18;1766
26;2025-06-02;19;1179
26;2025-06-02;20;726
26;2025-06-02;21;506
26;2025-06-02;22;247
26;2025-06-02;23;138
26;2025-06-03;0;28
26;2025-06-03;1;7
26;2025-06-03;4;4
26;2025-06-03;5;84
26;2025-06-03;6;556
26;2025-06-03;7;979
26;2025-06-03;8;1766
26;2025-06-03;9;1393
26;2025-06-03;10;1194
26;2025-06-03;11;1053
26;2025-06-03;12;1029
26;2025-06-03;13;1146
26;2025-06-03;14;1112
26;2025-06-03;15;1140
26;2025-06-03;16;1290
26;2025-06-03;17;1488
26;2025-06-03;18;1799
26;2025-06-03;19;1160
26;2025-06-03;20;825
26;2025-06-03;21;525
26;2025-06-03;22;281
26;2025-06-03;23;133
26;2025-06-04;0;31
26;2025-06-04;4;6
26;2025-06-04;5;76
26;2025-06-04;6;494
26;2025-06-04;7;907
26;2025-06-04;8;1665
26;2025-06-04;9;1342
26;2025-06-04;10;989
26;2025-06-04;11;1031
26;2025-06-04;12;987
26;2025-06-04;13;1038
26;2025-06-04;14;1044
26;2025-06-04;15;1089
26;2025-06-04;16;1183
26;2025-06-04;17;1386
26;2025-06-04;18;1517
26;2025-06-04;19;1206
26;2025-06-04;20;814
26;2025-06-04;21;539
26;2025-06-04;22;333
26;2025-06-04;23;144
26;2025-06-05;0;31
26;2025-06-05;1;1
26;2025-06-05;4;7
26;2025-06-05;5;90
26;2025-06-05;6;533
26;2025-06-05;7;850
26;2025-06-05;8;1622
26;2025-06-05;9;1337
26;2025-06-05;10;1159
26;2025-06-05;11;1047
26;2025-06-05;12;1062
26;2025-06-05;13;1061
26;2025-06-05;14;1158
26;2025-06-05;15;1036
26;2025-06-05;16;1149
26;2025-06-05;17;1558
26;2025-06-05;18;1422
26;2025-06-05;19;1089
26;2025-06-05;20;884
26;2025-06-05;21;563
26;2025-06-05;22;295
26;2025-06-05;23;163
26;2025-06-06;0;38
26;2025-06-06;1;1
26;2025-06-06;4;3
26;2025-06-06;5;139
26;2025-06-06;6;539
26;2025-06-06;7;755
26;2025-06-06;8;1520
26;2025-06-06;9;1410
26;2025-06-06;10;1132
26;2025-06-06;11;1013
26;2025-06-06;12;1225
26;2025-06-06;13;1186
26;2025-06-06;14;1162
26;2025-06-06;15;1151
26;2025-06-06;16;1509
26;2025-06-06;17;1701
26;2025-06-06;18;1278
26;2025-06-06;19;931
26;2025-06-06;20;692
26;2025-06-06;21;480
26;2025-06-06;22;315
26;2025-06-06;23;241
26;2025-06-07;0;45
26;2025-06-07;1;6
26;2025-06-07;4;4
26;2025-06-07;5;60
26;2025-06-07;6;275
26;2025-06-07;7;380
26;2025-06-07;8;711
26;2025-06-07;9;773
26;2025-06-07;10;845
26;2025-06-07;11;947
26;2025-06-07;12;826
26;2025-06-07;13;978
26;2025-06-07;14;729
26;2025-06-07;15;665
26;2025-06-07;16;736
26;2025-06-07;17;762
26;2025-06-07;18;722
26;2025-06-07;19;811
26;2025-06-07;20;612
26;2025-06-07;21;460
26;2025-06-07;22;318
26;2025-06-07;23;184
26;2025-06-08;0;67
26;2025-06-08;1;13
26;2025-06-08;4;3
26;2025-06-08;5;53
26;2025-06-08;6;227
26;2025-06-08;7;308
26;2025-06-08;8;502
26;2025-06-08;9;525
26;2025-06-08;10;493
26;2025-06-08;11;649
26;2025-06-08;12;710
26;2025-06-08;13;643
26;2025-06-08;14;471
26;2025-06-08;15;573
26;2025-06-08;16;608
26;2025-06-08;17;809
26;2025-06-08;18;604
26;2025-06-08;19;462
26;2025-06-08;20;326
26;2025-06-08;21;265
26;2025-06-08;22;186
26;2025-06-08;23;117
26;2025-06-09;0;27
26;2025-06-09;1;5
26;2025-06-09;4;3
26;2025-06-09;5;62
26;2025-06-09;6;498
26;2025-06-09;7;897
26;2025-06-09;8;1626
26;2025-06-09;9;1382
26;2025-06-09;10;1067
26;2025-06-09;11;933
26;2025-06-09;12;995
26;2025-06-09;13;1036
26;2025-06-09;14;874
26;2025-06-09;15;1121
26;2025-06-09;16;1118
26;2025-06-09;17;1260
26;2025-06-09;18;1574
26;2025-06-09;19;1147
26;2025-06-09;20;826
26;2025-06-09;21;597
26;2025-06-09;22;317
26;2025-06-09;23;154
26;2025-06-10;0;36
26;2025-06-10;1;6
26;2025-06-10;4;5
26;2025-06-10;5;94
26;2025-06-10;6;552
26;2025-06-10;7;923
26;2025-06-10;8;1579
26;2025-06-10;9;1377
26;2025-06-10;10;1077
26;2025-06-10;11;1014
26;2025-06-10;12;962
26;2025-06-10;13;975
26;2025-06-10;14;941
26;2025-06-10;15;1028
26;2025-06-10;16;1190
26;2025-06-10;17;1451
26;2025-06-10;18;1604
26;2025-06-10;19;1255
26;2025-06-10;20;977
26;2025-06-10;21;470
26;2025-06-10;22;269
26;2025-06-10;23;158
26;2025-06-11;0;49
26;2025-06-11;4;8
26;2025-06-11;5;86
26;2025-06-11;6;538
26;2025-06-11;7;833
26;2025-06-11;8;1408
26;2025-06-11;9;1399
26;2025-06-11;10;1054
26;2025-06-11;11;1010
26;2025-06-11;12;1184
26;2025-06-11;13;1194
26;2025-06-11;14;1128
26;2025-06-11;15;1274
26;2025-06-11;16;1380
26;2025-06-11;17;1561
26;2025-06-11;18;1332
26;2025-06-11;19;1120
26;2025-06-11;20;843
26;2025-06-11;21;503
26;2025-06-11;22;375
26;2025-06-11;23;178
26;2025-06-12;0;83
26;2025-06-12;1;5
26;2025-06-12;5;39
26;2025-06-12;6;235
26;2025-06-12;7;294
26;2025-06-12;8;348
26;2025-06-12;9;410
26;2025-06-12;10;505
26;2025-06-12;11;582
26;2025-06-12;12;585
26;2025-06-12;13;623
26;2025-06-12;14;635
26;2025-06-12;15;586
26;2025-06-12;16;554
26;2025-06-12;17;632
26;2025-06-12;18;637
26;2025-06-12;19;703
26;2025-06-12;20;485
26;2025-06-12;21;373
26;2025-06-12;22;247
26;2025-06-12;23;163
26;2025-06-13;0;44
26;2025-06-13;1;10
26;2025-06-13;4;2
26;2025-06-13;5;35
26;2025-06-13;6;243
26;2025-06-13;7;354
26;2025-06-13;8;392
26;2025-06-13;9;576
26;2025-06-13;10;491
26;2025-06-13;11;592
26;2025-06-13;12;638
26;2025-06-13;13;654
26;2025-06-13;14;617
26;2025-06-13;15;530
26;2025-06-13;16;506
26;2025-06-13;17;518
26;2025-06-13;18;585
26;2025-06-13;19;584
26;2025-06-13;20;387
26;2025-06-13;21;296
26;2025-06-13;22;181
26;2025-06-13;23;109
26;2025-06-14;0;18
26;2025-06-14;1;7
26;2025-06-14;4;1
26;2025-06-14;5;39
26;2025-06-14;6;281
26;2025-06-14;7;309
26;2025-06-14;8;402
26;2025-06-14;9;476
26;2025-06-14;10;488
26;2025-06-14;11;495
26;2025-06-14;12;440
26;2025-06-14;13;488
26;2025-06-14;14;517
26;2025-06-14;15;513
26;2025-06-14;16;601
26;2025-06-14;17;529
26;2025-06-14;18;556
26;2025-06-14;19;656
26;2025-06-14;20;430
26;2025-06-14;21;288
26;2025-06-14;22;197
26;2025-06-14;23;139
26;2025-06-15;0;43
26;2025-06-15;1;4
26;2025-06-15;4;5
26;2025-06-15;5;32
26;2025-06-15;6;161
26;2025-06-15;7;234
26;2025-06-15;8;307
26;2025-06-15;9;396
26;2025-06-15;10;464
26;2025-06-15;11;591
26;2025-06-15;12;589
26;2025-06-15;13;581
26;2025-06-15;14;577
26;2025-06-15;15;629
26;2025-06-15;16;624
26;2025-06-15;17;636
26;2025-06-15;18;627
26;2025-06-15;19;539
26;2025-06-15;20;470
26;2025-06-15;21;266
26;2025-06-15;22;245
26;2025-06-15;23;108
26;2025-06-16;0;46
26;2025-06-16;1;6
26;2025-06-16;4;6
26;2025-06-16;5;72
26;2025-06-16;6;553
26;2025-06-16;7;834
26;2025-06-16;8;1573
26;2025-06-16;9;1236
26;2025-06-16;10;1066
26;2025-06-16;11;912
26;2025-06-16;12;1009
26;2025-06-16;13;1097
26;2025-06-16;14;1051
26;2025-06-16;15;1071
26;2025-06-16;16;1182
26;2025-06-16;17;1418
26;2025-06-16;18;1562
26;2025-06-16;19;1098
26;2025-06-16;20;750
26;2025-06-16;21;479
26;2025-06-16;22;255
26;2025-06-16;23;146
26;2025-06-17;0;36
26;2025-06-17;1;1
26;2025-06-17;4;10
26;2025-06-17;5;73
26;2025-06-17;6;532
26;2025-06-17;7;903
26;2025-06-17;8;1599
26;2025-06-17;9;1354
26;2025-06-17;10;1080
26;2025-06-17;11;1037
26;2025-06-17;12;992
26;2025-06-17;13;987
26;2025-06-17;14;904
26;2025-06-17;15;979
26;2025-06-17;16;989
26;2025-06-17;17;1258
26;2025-06-17;18;1448
26;2025-06-17;19;1074
26;2025-06-17;20;683
26;2025-06-17;21;526
26;2025-06-17;22;237
26;2025-06-17;23;125
26;2025-06-18;0;47
26;2025-06-18;1;1
26;2025-06-18;4;9
26;2025-06-18;5;67
26;2025-06-18;6;498
26;2025-06-18;7;806
26;2025-06-18;8;1523
26;2025-06-18;9;1156
26;2025-06-18;10;910
26;2025-06-18;11;756
26;2025-06-18;12;800
26;2025-06-18;13;882
26;2025-06-18;14;901
26;2025-06-18;15;914
26;2025-06-18;16;1006
26;2025-06-18;17;1345
26;2025-06-18;18;1453
26;2025-06-18;19;1036
26;2025-06-18;20;623
26;2025-06-18;21;386
26;2025-06-18;22;251
26;2025-06-18;23;130
26;2025-06-19;0;44
26;2025-06-19;1;1
26;2025-06-19;4;6
26;2025-06-19;5;73
26;2025-06-19;6;485
26;2025-06-19;7;858
26;2025-06-19;8;1525
26;2025-06-19;9;1268
26;2025-06-19;10;1043
26;2025-06-19;11;905
26;2025-06-19;12;958
26;2025-06-19;13;929
26;2025-06-19;14;920
26;2025-06-19;15;870
26;2025-06-19;16;1018
26;2025-06-19;17;1288
26;2025-06-19;18;1618
26;2025-06-19;19;1087
26;2025-06-19;20;697
26;2025-06-19;21;486
26;2025-06-19;22;262
26;2025-06-19;23;146
26;2025-06-20;0;36
26;2025-06-20;4;6
26;2025-06-20;5;69
26;2025-06-20;6;525
26;2025-06-20;7;787
26;2025-06-20;8;1452
26;2025-06-20;9;1261
26;2025-06-20;10;925
26;2025-06-20;11;804
26;2025-06-20;12;866
26;2025-06-20;13;801
26;2025-06-20;14;903
26;2025-06-20;15;938
26;2025-06-20;16;1117
26;2025-06-20;17;1413
26;2025-06-20;18;1199
26;2025-06-20;19;882
26;2025-06-20;20;594
26;2025-06-20;21;360
26;2025-06-20;22;262
26;2025-06-20;23;130
26;2025-06-21;0;46
26;2025-06-21;1;3
26;2025-06-21;4;4
26;2025-06-21;5;38
26;2025-06-21;6;304
26;2025-06-21;7;319
26;2025-06-21;8;435
26;2025-06-21;9;533
26;2025-06-21;10;625
26;2025-06-21;11;756
26;2025-06-21;12;805
26;2025-06-21;13;822
26;2025-06-21;14;758
26;2025-06-21;15;796
26;2025-06-21;16;780
26;2025-06-21;17;685
26;2025-06-21;18;733
26;2025-06-21;19;787
26;2025-06-21;20;621
26;2025-06-21;21;416
26;2025-06-21;22;288
26;2025-06-21;23;166
26;2025-06-22;0;54
26;2025-06-22;1;11
26;2025-06-22;4;3
26;2025-06-22;5;30
26;2025-06-22;6;205
26;2025-06-22;7;273
26;2025-06-22;8;384
26;2025-06-22;9;438
26;2025-06-22;10;450
26;2025-06-22;11;599
26;2025-06-22;12;591
26;2025-06-22;13;651
26;2025-06-22;14;541
26;2025-06-22;15;604
26;2025-06-22;16;568
26;2025-06-22;17;679
26;2025-06-22;18;665
26;2025-06-22;19;660
26;2025-06-22;20;402
26;2025-06-22;21;339
26;2025-06-22;22;219
26;2025-06-22;23;119
26;2025-06-23;0;40
26;2025-06-23;1;3
26;2025-06-23;4;7
26;2025-06-23;5;84
26;2025-06-23;6;584
26;2025-06-23;7;833
26;2025-06-23;8;1610
26;2025-06-23;9;1185
26;2025-06-23;10;995
26;2025-06-23;11;858
26;2025-06-23;12;937
26;2025-06-23;13;984
26;2025-06-23;14;980
26;2025-06-23;15;1002
26;2025-06-23;16;1072
26;2025-06-23;17;1277
26;2025-06-23;18;1541
26;2025-06-23;19;1154
26;2025-06-23;20;684
26;2025-06-23;21;478
26;2025-06-23;22;232
26;2025-06-23;23;151
26;2025-06-24;0;36
26;2025-06-24;4;8
26;2025-06-24;5;76
26;2025-06-24;6;559
26;2025-06-24;7;917
26;2025-06-24;8;1446
26;2025-06-24;9;1321
26;2025-06-24;10;1101
26;2025-06-24;11;950
26;2025-06-24;12;990
26;2025-06-24;13;995
26;2025-06-24;14;968
26;2025-06-24;15;923
26;2025-06-24;16;965
26;2025-06-24;17;1059
26;2025-06-24;18;1709
26;2025-06-24;19;1136
26;2025-06-24;20;769
26;2025-06-24;21;340
26;2025-06-24;22;228
26;2025-06-24;23;135
26;2025-06-25;0;34
26;2025-06-25;1;4
26;2025-06-25;4;2
26;2025-06-25;5;65
26;2025-06-25;6;510
26;2025-06-25;7;879
26;2025-06-25;8;1380
26;2025-06-25;9;1336
26;2025-06-25;10;1062
26;2025-06-25;11;931
26;2025-06-25;12;1005
26;2025-06-25;13;948
26;2025-06-25;14;868
26;2025-06-25;15;803
26;2025-06-25;16;995
26;2025-06-25;17;1394
26;2025-06-25;18;1479
26;2025-06-25;19;1158
26;2025-06-25;20;801
26;2025-06-25;21;408
26;2025-06-25;22;238
26;2025-06-25;23;159
26;2025-06-26;0;31
26;2025-06-26;1;4
26;2025-06-26;4;8
26;2025-06-26;5;80
26;2025-06-26;6;516
26;2025-06-26;7;868
26;2025-06-26;8;1495
26;2025-06-26;9;1304
26;2025-06-26;10;1136
26;2025-06-26;11;962
26;2025-06-26;12;891
26;2025-06-26;13;1005
26;2025-06-26;14;911
26;2025-06-26;15;946
26;2025-06-26;16;1110
26;2025-06-26;17;1418
26;2025-06-26;18;1703
26;2025-06-26;19;1237
26;2025-06-26;20;800
26;2025-06-26;21;462
26;2025-06-26;22;270
26;2025-06-26;23;147
26;2025-06-27;0;45
26;2025-06-27;1;6
26;2025-06-27;5;39
26;2025-06-27;6;461
26;2025-06-27;7;1092
26;2025-06-27;8;1404
26;2025-06-27;9;1171
26;2025-06-27;10;977
26;2025-06-27;11;847
26;2025-06-27;12;1017
26;2025-06-27;13;910
26;2025-06-27;14;926
26;2025-06-27;15;965
26;2025-06-27;16;1168
26;2025-06-27;17;1234
26;2025-06-27;18;1168
26;2025-06-27;19;1025
26;2025-06-27;20;700
26;2025-06-27;21;461
26;2025-06-27;22;256
26;2025-06-27;23;168
26;2025-06-28;0;60
26;2025-06-28;1;2
26;2025-06-28;4;2
26;2025-06-28;5;47
26;2025-06-28;6;322
26;2025-06-28;7;362
26;2025-06-28;8;457
26;2025-06-28;9;577
26;2025-06-28;10;582
26;2025-06-28;11;731
26;2025-06-28;12;747
26;2025-06-28;13;755
26;2025-06-28;14;778
26;2025-06-28;15;709
26;2025-06-28;16;689
26;2025-06-28;17;754
26;2025-06-28;18;738
26;2025-06-28;19;725
26;2025-06-28;20;559
26;2025-06-28;21;393
26;2025-06-28;22;269
26;2025-06-28;23;158
26;2025-06-29;0;66
26;2025-06-29;1;11
26;2025-06-29;4;3
26;2025-06-29;5;45
26;2025-06-29;6;127
26;2025-06-29;7;271
26;2025-06-29;8;376
26;2025-06-29;9;530
26;2025-06-29;10;454
26;2025-06-29;11;627
26;2025-06-29;12;721
26;2025-06-29;13;643
26;2025-06-29;14;632
26;2025-06-29;15;593
26;2025-06-29;16;595
26;2025-06-29;17;556
26;2025-06-29;18;569
26;2025-06-29;19;506
26;2025-06-29;20;346
26;2025-06-29;21;283
26;2025-06-29;22;194
26;2025-06-29;23;97
26;2025-06-30;0;22
26;2025-06-30;1;3
26;2025-06-30;4;10
26;2025-06-30;5;60
26;2025-06-30;6;484
26;2025-06-30;7;824
26;2025-06-30;8;1490
26;2025-06-30;9;1207
26;2025-06-30;10;958
26;2025-06-30;11;798
26;2025-06-30;12;809
26;2025-06-30;13;792
26;2025-06-30;14;744
26;2025-06-30;15;803
26;2025-06-30;16;969
26;2025-06-30;17;1400
26;2025-06-30;18;1582
26;2025-06-30;19;1072
26;2025-06-30;20;636
26;2025-06-30;21;409
26;2025-06-30;22;234
26;2025-06-30;23;126
26;2025-07-01;0;30
26;2025-07-01;1;1
26;2025-07-01;4;8
26;2025-07-01;5;81
26;2025-07-01;6;472
26;2025-07-01;7;854
26;2025-07-01;8;1451
26;2025-07-01;9;1200
26;2025-07-01;10;857
26;2025-07-01;11;808
26;2025-07-01;12;844
26;2025-07-01;13;848
26;2025-07-01;14;884
26;2025-07-01;15;872
26;2025-07-01;16;1108
26;2025-07-01;17;1306
26;2025-07-01;18;1688
26;2025-07-01;19;1046
26;2025-07-01;20;682
26;2025-07-01;21;407
26;2025-07-01;22;282
26;2025-07-01;23;114
26;2025-07-02;0;49
26;2025-07-02;1;6
26;2025-07-02;4;10
26;2025-07-02;5;62
26;2025-07-02;6;386
26;2025-07-02;7;773
26;2025-07-02;8;1375
26;2025-07-02;9;960
26;2025-07-02;10;880
26;2025-07-02;11;818
26;2025-07-02;12;758
26;2025-07-02;13;766
26;2025-07-02;14;781
26;2025-07-02;15;775
26;2025-07-02;16;819
26;2025-07-02;17;1157
26;2025-07-02;18;1372
26;2025-07-02;19;1063
26;2025-07-02;20;705
26;2025-07-02;21;357
26;2025-07-02;22;202
26;2025-07-02;23;104
26;2025-07-03;0;29
26;2025-07-03;1;4
26;2025-07-03;4;10
26;2025-07-03;5;67
26;2025-07-03;6;495
26;2025-07-03;7;933
26;2025-07-03;8;1324
26;2025-07-03;9;1131
26;2025-07-03;10;1012
26;2025-07-03;11;952
26;2025-07-03;12;837
26;2025-07-03;13;780
26;2025-07-03;14;876
26;2025-07-03;15;976
26;2025-07-03;16;1159
26;2025-07-03;17;1314
26;2025-07-03;18;1661
26;2025-07-03;19;1127
26;2025-07-03;20;731
26;2025-07-03;21;531
26;2025-07-03;22;308
26;2025-07-03;23;170
26;2025-07-04;0;48
26;2025-07-04;1;1
26;2025-07-04;4;8
26;2025-07-04;5;68
26;2025-07-04;6;449
26;2025-07-04;7;769
26;2025-07-04;8;1340
26;2025-07-04;9;1107
26;2025-07-04;10;873
26;2025-07-04;11;673
26;2025-07-04;12;814
26;2025-07-04;13;834
26;2025-07-04;14;724
26;2025-07-04;15;783
26;2025-07-04;16;1125
26;2025-07-04;17;1206
26;2025-07-04;18;1161
26;2025-07-04;19;856
26;2025-07-04;20;638
26;2025-07-04;21;381
26;2025-07-04;22;220
26;2025-07-04;23;158
26;2025-07-05;0;58
26;2025-07-05;1;3
26;2025-07-05;4;9
26;2025-07-05;5;42
26;2025-07-05;6;254
26;2025-07-05;7;384
26;2025-07-05;8;427
26;2025-07-05;9;576
26;2025-07-05;10;711
26;2025-07-05;11;805
26;2025-07-05;12;706
26;2025-07-05;13;806
26;2025-07-05;14;686
26;2025-07-05;15;860
26;2025-07-05;16;816
26;2025-07-05;17;728
26;2025-07-05;18;987
26;2025-07-05;19;974
26;2025-07-05;20;560
26;2025-07-05;21;401
26;2025-07-05;22;240
26;2025-07-05;23;138
26;2025-07-06;0;55
26;2025-07-06;1;13
26;2025-07-06;4;6
26;2025-07-06;5;31
26;2025-07-06;6;173
26;2025-07-06;7;247
26;2025-07-06;8;324
26;2025-07-06;9;424
26;2025-07-06;10;483
26;2025-07-06;11;607
26;2025-07-06;12;649
26;2025-07-06;13;691
26;2025-07-06;14;630
26;2025-07-06;15;707
26;2025-07-06;16;639
26;2025-07-06;17;643
26;2025-07-06;18;681
26;2025-07-06;19;555
26;2025-07-06;20;456
26;2025-07-06;21;355
26;2025-07-06;22;207
26;2025-07-06;23;125
26;2025-07-07;0;39
26;2025-07-07;1;3
26;2025-07-07;4;8
26;2025-07-07;5;70
26;2025-07-07;6;465
26;2025-07-07;7;869
26;2025-07-07;8;1306
26;2025-07-07;9;1184
26;2025-07-07;10;870
26;2025-07-07;11;861
26;2025-07-07;12;811
26;2025-07-07;13;838
26;2025-07-07;14;791
26;2025-07-07;15;885
26;2025-07-07;16;920
26;2025-07-07;17;1161
26;2025-07-07;18;1599
26;2025-07-07;19;1103
26;2025-07-07;20;695
26;2025-07-07;21;454
26;2025-07-07;22;284
26;2025-07-07;23;125
26;2025-07-08;0;41
26;2025-07-08;4;8
26;2025-07-08;5;82
26;2025-07-08;6;524
26;2025-07-08;7;813
26;2025-07-08;8;1417
26;2025-07-08;9;1129
26;2025-07-08;10;941
26;2025-07-08;11;843
26;2025-07-08;12;801
26;2025-07-08;13;878
26;2025-07-08;14;724
26;2025-07-08;15;835
26;2025-07-08;16;767
26;2025-07-08;17;978
26;2025-07-08;18;1401
26;2025-07-08;19;950
26;2025-07-08;20;704
26;2025-07-08;21;319
26;2025-07-08;22;207
26;2025-07-08;23;121
26;2025-07-09;0;57
26;2025-07-09;1;4
26;2025-07-09;4;12
26;2025-07-09;5;81
26;2025-07-09;6;483
26;2025-07-09;7;821
26;2025-07-09;8;1412
26;2025-07-09;9;1013
26;2025-07-09;10;772
26;2025-07-09;11;776
26;2025-07-09;12;706
26;2025-07-09;13;832
26;2025-07-09;14;734
26;2025-07-09;15;796
26;2025-07-09;16;887
26;2025-07-09;17;1157
26;2025-07-09;18;1420
26;2025-07-09;19;1079
26;2025-07-09;20;711
26;2025-07-09;21;455
26;2025-07-09;22;313
26;2025-07-09;23;160
26;2025-07-10;0;41
26;2025-07-10;1;2
26;2025-07-10;4;11
26;2025-07-10;5;81
26;2025-07-10;6;515
26;2025-07-10;7;815
26;2025-07-10;8;1373
26;2025-07-10;9;1159
26;2025-07-10;10;901
26;2025-07-10;11;746
26;2025-07-10;12;777
26;2025-07-10;13;690
26;2025-07-10;14;726
26;2025-07-10;15;768
26;2025-07-10;16;873
26;2025-07-10;17;1210
26;2025-07-10;18;1200
26;2025-07-10;19;1048
26;2025-07-10;20;633
26;2025-07-10;21;460
26;2025-07-10;22;258
26;2025-07-10;23;143
26;2025-07-11;0;55
26;2025-07-11;4;9
26;2025-07-11;5;98
26;2025-07-11;6;484
26;2025-07-11;7;816
26;2025-07-11;8;1305
26;2025-07-11;9;1007
26;2025-07-11;10;832
26;2025-07-11;11;717
26;2025-07-11;12;723
26;2025-07-11;13;689
26;2025-07-11;14;728
26;2025-07-11;15;743
26;2025-07-11;16;1012
26;2025-07-11;17;1138
26;2025-07-11;18;1058
26;2025-07-11;19;898
26;2025-07-11;20;663
26;2025-07-11;21;457
26;2025-07-11;22;226
26;2025-07-11;23;161
26;2025-07-12;0;50
26;2025-07-12;1;1
26;2025-07-12;4;1
26;2025-07-12;5;39
26;2025-07-12;6;254
26;2025-07-12;7;351
26;2025-07-12;8;455
26;2025-07-12;9;543
26;2025-07-12;10;595
26;2025-07-12;11;663
26;2025-07-12;12;526
26;2025-07-12;13;537
26;2025-07-12;14;575
26;2025-07-12;15;544
26;2025-07-12;16;502
26;2025-07-12;17;562
26;2025-07-12;18;555
26;2025-07-12;19;636
26;2025-07-12;20;414
26;2025-07-12;21;239
26;2025-07-12;22;156
26;2025-07-12;23;93
26;2025-07-13;0;41
26;2025-07-13;1;10
26;2025-07-13;4;3
26;2025-07-13;5;17
26;2025-07-13;6;123
26;2025-07-13;7;232
26;2025-07-13;8;365
26;2025-07-13;9;380
26;2025-07-13;10;493
26;2025-07-13;11;568
26;2025-07-13;12;620
26;2025-07-13;13;614
26;2025-07-13;14;559
26;2025-07-13;15;614
26;2025-07-13;16;560
26;2025-07-13;17;553
26;2025-07-13;18;591
26;2025-07-13;19;518
26;2025-07-13;20;439
26;2025-07-13;21;296
26;2025-07-13;22;235
26;2025-07-13;23;130
26;2025-07-14;0;26
26;2025-07-14;1;12
26;2025-07-14;4;16
26;2025-07-14;5;74
26;2025-07-14;6;506
26;2025-07-14;7;830
26;2025-07-14;8;1303
26;2025-07-14;9;1170
26;2025-07-14;10;896
26;2025-07-14;11;813
26;2025-07-14;12;790
26;2025-07-14;13;669
26;2025-07-14;14;604
26;2025-07-14;15;779
26;2025-07-14;16;823
26;2025-07-14;17;1280
26;2025-07-14;18;1291
26;2025-07-14;19;794
26;2025-07-14;20;566
26;2025-07-14;21;424
26;2025-07-14;22;218
26;2025-07-14;23;131
26;2025-07-15;0;39
26;2025-07-15;1;4
26;2025-07-15;4;10
26;2025-07-15;5;79
26;2025-07-15;6;498
26;2025-07-15;7;860
26;2025-07-15;8;1504
26;2025-07-15;9;1064
26;2025-07-15;10;956
26;2025-07-15;11;673
26;2025-07-15;12;275
26;2025-07-15;13;158
26;2025-07-15;14;331
26;2025-07-15;15;432
26;2025-07-15;16;762
26;2025-07-15;17;1085
26;2025-07-15;18;1438
26;2025-07-15;19;1172
26;2025-07-15;20;755
26;2025-07-15;21;500
26;2025-07-15;22;264
26;2025-07-15;23;109
26;2025-07-16;0;42
26;2025-07-16;1;3
26;2025-07-16;4;8
26;2025-07-16;5;86
26;2025-07-16;6;487
26;2025-07-16;7;840
26;2025-07-16;8;1433
26;2025-07-16;9;1179
26;2025-07-16;10;1010
26;2025-07-16;11;854
26;2025-07-16;12;872
26;2025-07-16;13;890
26;2025-07-16;14;772
26;2025-07-16;15;761
26;2025-07-16;16;929
26;2025-07-16;17;1033
26;2025-07-16;18;1490
26;2025-07-16;19;1013
26;2025-07-16;20;666
26;2025-07-16;21;434
26;2025-07-16;22;259
26;2025-07-16;23;116
26;2025-07-17;0;58
26;2025-07-17;1;5
26;2025-07-17;4;7
26;2025-07-17;5;71
26;2025-07-17;6;523
26;2025-07-17;7;805
26;2025-07-17;8;1351
26;2025-07-17;9;1112
26;2025-07-17;10;835
26;2025-07-17;11;753
26;2025-07-17;12;841
26;2025-07-17;13;797
26;2025-07-17;14;694
26;2025-07-17;15;903
26;2025-07-17;16;778
26;2025-07-17;17;1194
26;2025-07-17;18;1459
26;2025-07-17;19;1049
26;2025-07-17;20;718
26;2025-07-17;21;489
26;2025-07-17;22;302
26;2025-07-17;23;146
26;2025-07-18;0;36
26;2025-07-18;1;4
26;2025-07-18;4;12
26;2025-07-18;5;60
26;2025-07-18;6;487
26;2025-07-18;7;778
26;2025-07-18;8;1324
26;2025-07-18;9;1014
26;2025-07-18;10;902
26;2025-07-18;11;792
26;2025-07-18;12;855
26;2025-07-18;13;851
26;2025-07-18;14;835
26;2025-07-18;15;883
26;2025-07-18;16;1025
26;2025-07-18;17;1238
26;2025-07-18;18;1149
26;2025-07-18;19;886
26;2025-07-18;20;615
26;2025-07-18;21;420
26;2025-07-18;22;269
26;2025-07-18;23;162
26;2025-07-19;0;56
26;2025-07-19;1;3
26;2025-07-19;4;2
26;2025-07-19;5;51
26;2025-07-19;6;247
26;2025-07-19;7;344
26;2025-07-19;8;403
26;2025-07-19;9;527
26;2025-07-19;10;561
26;2025-07-19;11;656
26;2025-07-19;12;744
26;2025-07-19;13;748
26;2025-07-19;14;613
26;2025-07-19;15;667
26;2025-07-19;16;666
26;2025-07-19;17;670
26;2025-07-19;18;616
26;2025-07-19;19;669
26;2025-07-19;20;459
26;2025-07-19;21;283
26;2025-07-19;22;229
26;2025-07-19;23;131
26;2025-07-20;0;56
26;2025-07-20;1;7
26;2025-07-20;4;1
26;2025-07-20;5;26
26;2025-07-20;6;158
26;2025-07-20;7;233
26;2025-07-20;8;362
26;2025-07-20;9;418
26;2025-07-20;10;403
26;2025-07-20;11;515
26;2025-07-20;12;526
26;2025-07-20;13;553
26;2025-07-20;14;642
26;2025-07-20;15;550
26;2025-07-20;16;589
26;2025-07-20;17;543
26;2025-07-20;18;555
26;2025-07-20;19;525
26;2025-07-20;20;458
26;2025-07-20;21;276
26;2025-07-20;22;193
26;2025-07-20;23;139
26;2025-07-21;0;40
26;2025-07-21;1;8
26;2025-07-21;4;8
26;2025-07-21;5;71
26;2025-07-21;6;366
26;2025-07-21;7;531
26;2025-07-21;8;963
26;2025-07-21;9;767
26;2025-07-21;10;726
26;2025-07-21;11;322
26;2025-07-21;12;342
26;2025-07-21;13;414
26;2025-07-21;14;461
26;2025-07-21;15;328
26;2025-07-21;16;827
26;2025-07-21;17;954
26;2025-07-21;18;1398
26;2025-07-21;19;989
26;2025-07-21;20;620
26;2025-07-21;21;366
26;2025-07-21;22;234
26;2025-07-21;23;116
26;2025-07-22;0;47
26;2025-07-22;1;1
26;2025-07-22;4;2
26;2025-07-22;5;76
26;2025-07-22;6;436
26;2025-07-22;7;788
26;2025-07-22;8;1310
26;2025-07-22;9;1078
26;2025-07-22;10;762
26;2025-07-22;11;808
26;2025-07-22;12;823
26;2025-07-22;13;800
26;2025-07-22;14;763
26;2025-07-22;15;767
26;2025-07-22;16;839
26;2025-07-22;17;1291
26;2025-07-22;18;1547
26;2025-07-22;19;904
26;2025-07-22;20;724
26;2025-07-22;21;361
26;2025-07-22;22;199
26;2025-07-22;23;77
26;2025-07-23;0;29
26;2025-07-23;4;10
26;2025-07-23;5;79
26;2025-07-23;6;503
26;2025-07-23;7;742
26;2025-07-23;8;994
26;2025-07-23;9;928
26;2025-07-23;10;862
26;2025-07-23;11;812
26;2025-07-23;12;760
26;2025-07-23;13;827
26;2025-07-23;14;762
26;2025-07-23;15;807
26;2025-07-23;16;891
26;2025-07-23;17;1271
26;2025-07-23;18;1466
26;2025-07-23;19;1111
26;2025-07-23;20;721
26;2025-07-23;21;506
26;2025-07-23;22;280
26;2025-07-23;23;198
26;2025-07-24;0;59
26;2025-07-24;1;4
26;2025-07-24;4;11
26;2025-07-24;5;91
26;2025-07-24;6;484
26;2025-07-24;7;697
26;2025-07-24;8;1332
26;2025-07-24;9;1061
26;2025-07-24;10;926
26;2025-07-24;11;768
26;2025-07-24;12;807
26;2025-07-24;13;726
26;2025-07-24;14;742
26;2025-07-24;15;764
26;2025-07-24;16;836
26;2025-07-24;17;1166
26;2025-07-24;18;1607
26;2025-07-24;19;1106
26;2025-07-24;20;783
26;2025-07-24;21;515
26;2025-07-24;22;282
26;2025-07-24;23;164
26;2025-07-25;0;53
26;2025-07-25;1;1
26;2025-07-25;4;12
26;2025-07-25;5;84
26;2025-07-25;6;506
26;2025-07-25;7;723
26;2025-07-25;8;1320
26;2025-07-25;9;1048
26;2025-07-25;10;790
26;2025-07-25;11;822
26;2025-07-25;12;826
26;2025-07-25;13;776
26;2025-07-25;14;804
26;2025-07-25;15;829
26;2025-07-25;16;1205
26;2025-07-25;17;1258
26;2025-07-25;18;1235
26;2025-07-25;19;959
26;2025-07-25;20;600
26;2025-07-25;21;511
26;2025-07-25;22;279
26;2025-07-25;23;182
26;2025-07-26;0;57
26;2025-07-26;1;5
26;2025-07-26;4;4
26;2025-07-26;5;64
26;2025-07-26;6;232
26;2025-07-26;7;348
26;2025-07-26;8;465
26;2025-07-26;9;499
26;2025-07-26;10;642
26;2025-07-26;11;689
26;2025-07-26;12;599
26;2025-07-26;13;685
26;2025-07-26;14;640
26;2025-07-26;15;613
26;2025-07-26;16;612
26;2025-07-26;17;660
26;2025-07-26;18;610
26;2025-07-26;19;650
26;2025-07-26;20;481
26;2025-07-26;21;378
26;2025-07-26;22;217
26;2025-07-26;23;149
26;2025-07-27;0;47
26;2025-07-27;1;3
26;2025-07-27;4;3
26;2025-07-27;5;26
26;2025-07-27;6;122
26;2025-07-27;7;279
26;2025-07-27;8;334
26;2025-07-27;9;454
26;2025-07-27;10;487
26;2025-07-27;11;626
26;2025-07-27;12;609
26;2025-07-27;13;604
26;2025-07-27;14;587
26;2025-07-27;15;578
26;2025-07-27;16;558
26;2025-07-27;17;634
26;2025-07-27;18;655
26;2025-07-27;19;527
26;2025-07-27;20;489
26;2025-07-27;21;354
26;2025-07-27;22;234
26;2025-07-27;23;126
26;2025-07-28;0;34
26;2025-07-28;1;3
26;2025-07-28;4;5
26;2025-07-28;5;62
26;2025-07-28;6;490
26;2025-07-28;7;720
26;2025-07-28;8;1221
26;2025-07-28;9;986
26;2025-07-28;10;791
26;2025-07-28;11;758
26;2025-07-28;12;702
26;2025-07-28;13;676
26;2025-07-28;14;726
26;2025-07-28;15;783
26;2025-07-28;16;965
26;2025-07-28;17;1274
26;2025-07-28;18;1443
26;2025-07-28;19;1075
26;2025-07-28;20;652
26;2025-07-28;21;406
26;2025-07-28;22;223
26;2025-07-28;23;102
26;2025-07-29;0;31
26;2025-07-29;1;2
26;2025-07-29;4;9
26;2025-07-29;5;82
26;2025-07-29;6;581
26;2025-07-29;7;792
26;2025-07-29;8;1443
26;2025-07-29;9;1138
26;2025-07-29;10;937
26;2025-07-29;11;822
26;2025-07-29;12;780
26;2025-07-29;13;725
26;2025-07-29;14;738
26;2025-07-29;15;766
26;2025-07-29;16;837
26;2025-07-29;17;1196
26;2025-07-29;18;1441
26;2025-07-29;19;929
26;2025-07-29;20;644
26;2025-07-29;21;455
26;2025-07-29;22;243
26;2025-07-29;23;144
26;2025-07-30;0;37
26;2025-07-30;1;1
26;2025-07-30;4;8
26;2025-07-30;5;72
26;2025-07-30;6;498
26;2025-07-30;7;815
26;2025-07-30;8;1356
26;2025-07-30;9;1065
26;2025-07-30;10;872
26;2025-07-30;11;775
26;2025-07-30;12;728
26;2025-07-30;13;763
26;2025-07-30;14;745
26;2025-07-30;15;802
26;2025-07-30;16;1011
26;2025-07-30;17;1290
26;2025-07-30;18;1626
26;2025-07-30;19;1062
26;2025-07-30;20;830
26;2025-07-30;21;590
26;2025-07-30;22;318
26;2025-07-30;23;228
26;2025-07-31;0;48
26;2025-07-31;1;5
26;2025-07-31;4;8
26;2025-07-31;5;65
26;2025-07-31;6;464
26;2025-07-31;7;871
26;2025-07-31;8;1263
26;2025-07-31;9;1032
26;2025-07-31;10;882
26;2025-07-31;11;707
26;2025-07-31;12;723
26;2025-07-31;13;667
26;2025-07-31;14;688
26;2025-07-31;15;721
26;2025-07-31;16;842
26;2025-07-31;17;1131
26;2025-07-31;18;1403
26;2025-07-31;19;1046
26;2025-07-31;20;664
26;2025-07-31;21;398
26;2025-07-31;22;259
26;2025-07-31;23;132
26;2025-08-01;0;54
26;2025-08-01;1;2
26;2025-08-01;4;8
26;2025-08-01;5;72
26;2025-08-01;6;485
26;2025-08-01;7;790
26;2025-08-01;8;1220
26;2025-08-01;9;1041
26;2025-08-01;10;762
26;2025-08-01;11;639
26;2025-08-01;12;678
26;2025-08-01;13;652
26;2025-08-01;14;716
26;2025-08-01;15;743
26;2025-08-01;16;1056
26;2025-08-01;17;995
26;2025-08-01;18;665
26;2025-08-01;19;873
26;2025-08-01;20;525
26;2025-08-01;21;344
26;2025-08-01;22;182
26;2025-08-01;23;111
26;2025-08-02;0;59
26;2025-08-02;4;3
26;2025-08-02;5;70
26;2025-08-02;6;239
26;2025-08-02;7;336
26;2025-08-02;8;415
26;2025-08-02;9;450
26;2025-08-02;10;501
26;2025-08-02;11;769
26;2025-08-02;12;630
26;2025-08-02;13;813
26;2025-08-02;14;703
26;2025-08-02;15;696
26;2025-08-02;16;629
26;2025-08-02;17;739
26;2025-08-02;18;757
26;2025-08-02;19;692
26;2025-08-02;20;545
26;2025-08-02;21;433
26;2025-08-02;22;311
26;2025-08-02;23;162
26;2025-08-03;0;53
26;2025-08-03;1;7
26;2025-08-03;4;2
26;2025-08-03;5;20
26;2025-08-03;6;155
26;2025-08-03;7;232
26;2025-08-03;8;377
26;2025-08-03;9;440
26;2025-08-03;10;466
26;2025-08-03;11;642
26;2025-08-03;12;652
26;2025-08-03;13;596
26;2025-08-03;14;588
26;2025-08-03;15;603
26;2025-08-03;16;571
26;2025-08-03;17;637
26;2025-08-03;18;596
26;2025-08-03;19;543
26;2025-08-03;20;450
26;2025-08-03;21;335
26;2025-08-03;22;228
26;2025-08-03;23;95
26;2025-08-04;0;30
26;2025-08-04;1;4
26;2025-08-04;3;7
26;2025-08-04;4;18
26;2025-08-04;5;75
26;2025-08-04;6;466
26;2025-08-04;7;726
26;2025-08-04;8;1313
26;2025-08-04;9;965
26;2025-08-04;10;864
26;2025-08-04;11;626
26;2025-08-04;12;655
26;2025-08-04;13;622
26;2025-08-04;14;499
26;2025-08-04;15;508
26;2025-08-04;16;612
26;2025-08-04;17;1066
26;2025-08-04;18;1436
26;2025-08-04;19;868
26;2025-08-04;20;544
26;2025-08-04;21;279
26;2025-08-04;22;165
26;2025-08-04;23;86
26;2025-08-05;0;28
26;2025-08-05;1;1
26;2025-08-05;4;5
26;2025-08-05;5;71
26;2025-08-05;6;466
26;2025-08-05;7;816
26;2025-08-05;8;1424
26;2025-08-05;9;1198
26;2025-08-05;10;876
26;2025-08-05;11;745
26;2025-08-05;12;684
26;2025-08-05;13;733
26;2025-08-05;14;760
26;2025-08-05;15;791
26;2025-08-05;16;986
26;2025-08-05;17;1116
26;2025-08-05;18;1504
26;2025-08-05;19;956
26;2025-08-05;20;680
26;2025-08-05;21;424
26;2025-08-05;22;234
26;2025-08-05;23;131
26;2025-08-06;0;36
26;2025-08-06;1;3
26;2025-08-06;4;6
26;2025-08-06;5;79
26;2025-08-06;6;436
26;2025-08-06;7;746
26;2025-08-06;8;1366
26;2025-08-06;9;1090
26;2025-08-06;10;867
26;2025-08-06;11;723
26;2025-08-06;12;760
26;2025-08-06;13;611
26;2025-08-06;14;553
26;2025-08-06;15;644
26;2025-08-06;16;722
26;2025-08-06;17;1078
26;2025-08-06;18;1263
26;2025-08-06;19;867
26;2025-08-06;20;529
26;2025-08-06;21;354
26;2025-08-06;22;194
26;2025-08-06;23;107
26;2025-08-07;0;40
26;2025-08-07;1;7
26;2025-08-07;4;9
26;2025-08-07;5;62
26;2025-08-07;6;487
26;2025-08-07;7;806
26;2025-08-07;8;1447
26;2025-08-07;9;1110
26;2025-08-07;10;801
26;2025-08-07;11;710
26;2025-08-07;12;670
26;2025-08-07;13;583
26;2025-08-07;14;785
26;2025-08-07;15;776
26;2025-08-07;16;941
26;2025-08-07;17;1145
26;2025-08-07;18;1300
26;2025-08-07;19;909
26;2025-08-07;20;693
26;2025-08-07;21;429
26;2025-08-07;22;273
26;2025-08-07;23;123
26;2025-08-08;0;31
26;2025-08-08;1;2
26;2025-08-08;4;7
26;2025-08-08;5;73
26;2025-08-08;6;441
26;2025-08-08;7;727
26;2025-08-08;8;1233
26;2025-08-08;9;940
26;2025-08-08;10;813
26;2025-08-08;11;733
26;2025-08-08;12;828
26;2025-08-08;13;737
26;2025-08-08;14;767
26;2025-08-08;15;828
26;2025-08-08;16;1132
26;2025-08-08;17;1204
26;2025-08-08;18;1108
26;2025-08-08;19;831
26;2025-08-08;20;611
26;2025-08-08;21;419
26;2025-08-08;22;221
26;2025-08-08;23;120
26;2025-08-09;0;53
26;2025-08-09;1;2
26;2025-08-09;4;3
26;2025-08-09;5;62
26;2025-08-09;6;237
26;2025-08-09;7;286
26;2025-08-09;8;354
26;2025-08-09;9;438
26;2025-08-09;10;490
26;2025-08-09;11;644
26;2025-08-09;12;644
26;2025-08-09;13;630
26;2025-08-09;14;676
26;2025-08-09;15;514
26;2025-08-09;16;584
26;2025-08-09;17;651
26;2025-08-09;18;602
26;2025-08-09;19;625
26;2025-08-09;20;458
26;2025-08-09;21;324
26;2025-08-09;22;225
26;2025-08-09;23;114
26;2025-08-10;0;35
26;2025-08-10;1;7
26;2025-08-10;4;7
26;2025-08-10;5;25
26;2025-08-10;6;120
26;2025-08-10;7;253
26;2025-08-10;8;315
26;2025-08-10;9;452
26;2025-08-10;10;522
26;2025-08-10;11;665
26;2025-08-10;12;694
26;2025-08-10;13;674
26;2025-08-10;14;726
26;2025-08-10;15;705
26;2025-08-10;16;640
26;2025-08-10;17;674
26;2025-08-10;18;617
26;2025-08-10;19;564
26;2025-08-10;20;393
26;2025-08-10;21;320
26;2025-08-10;22;250
26;2025-08-10;23;86
26;2025-08-11;0;31
26;2025-08-11;1;1
26;2025-08-11;4;8
26;2025-08-11;5;74
26;2025-08-11;6;472
26;2025-08-11;7;764
26;2025-08-11;8;1343
26;2025-08-11;9;959
26;2025-08-11;10;790
26;2025-08-11;11;724
26;2025-08-11;12;652
26;2025-08-11;13;697
26;2025-08-11;14;747
26;2025-08-11;15;838
26;2025-08-11;16;935
26;2025-08-11;17;1110
26;2025-08-11;18;1432
26;2025-08-11;19;1001
26;2025-08-11;20;582
26;2025-08-11;21;321
26;2025-08-11;22;159
26;2025-08-11;23;106
26;2025-08-12;0;23
26;2025-08-12;1;1
26;2025-08-12;4;6
26;2025-08-12;5;66
26;2025-08-12;6;479
26;2025-08-12;7;810
26;2025-08-12;8;1395
26;2025-08-12;9;1042
26;2025-08-12;10;807
26;2025-08-12;11;749
26;2025-08-12;12;853
26;2025-08-12;13;718
26;2025-08-12;14;803
26;2025-08-12;15;826
26;2025-08-12;16;877
26;2025-08-12;17;1267
26;2025-08-12;18;1250
26;2025-08-12;19;968
26;2025-08-12;20;638
26;2025-08-12;21;363
26;2025-08-12;22;152
26;2025-08-12;23;85
26;2025-08-13;0;26
26;2025-08-13;1;4
26;2025-08-13;4;8
26;2025-08-13;5;70
26;2025-08-13;6;459
26;2025-08-13;7;758
26;2025-08-13;8;1277
26;2025-08-13;9;1191
26;2025-08-13;10;912
26;2025-08-13;11;798
26;2025-08-13;12;812
26;2025-08-13;13;863
26;2025-08-13;14;837
26;2025-08-13;15;806
26;2025-08-13;16;851
26;2025-08-13;17;1208
26;2025-08-13;18;1474
26;2025-08-13;19;967
26;2025-08-13;20;656
26;2025-08-13;21;459
26;2025-08-13;22;230
26;2025-08-13;23;152
26;2025-08-14;0;31
26;2025-08-14;1;1
26;2025-08-14;4;8
26;2025-08-14;5;80
26;2025-08-14;6;487
26;2025-08-14;7;859
26;2025-08-14;8;1424
26;2025-08-14;9;1242
26;2025-08-14;10;1040
26;2025-08-14;11;853
26;2025-08-14;12;834
26;2025-08-14;13;898
26;2025-08-14;14;868
26;2025-08-14;15;882
26;2025-08-14;16;949
26;2025-08-14;17;1291
26;2025-08-14;18;1543
26;2025-08-14;19;1082
26;2025-08-14;20;754
26;2025-08-14;21;458
26;2025-08-14;22;266
26;2025-08-14;23;110
26;2025-08-15;0;45
26;2025-08-15;1;1
26;2025-08-15;4;4
26;2025-08-15;5;76
26;2025-08-15;6;465
26;2025-08-15;7;742
26;2025-08-15;8;1470
26;2025-08-15;9;1052
26;2025-08-15;10;872
26;2025-08-15;11;805
26;2025-08-15;12;716
26;2025-08-15;13;767
26;2025-08-15;14;799
26;2025-08-15;15;788
26;2025-08-15;16;974
26;2025-08-15;17;1064
26;2025-08-15;18;874
26;2025-08-15;19;734
26;2025-08-15;20;472
26;2025-08-15;21;372
26;2025-08-15;22;214
26;2025-08-15;23;105
26;2025-08-16;0;40
26;2025-08-16;1;3
26;2025-08-16;4;7
26;2025-08-16;5;50
26;2025-08-16;6;231
26;2025-08-16;7;288
26;2025-08-16;8;419
26;2025-08-16;9;495
26;2025-08-16;10;528
26;2025-08-16;11;682
26;2025-08-16;12;670
26;2025-08-16;13;740
26;2025-08-16;14;739
26;2025-08-16;15;692
26;2025-08-16;16;636
26;2025-08-16;17;690
26;2025-08-16;18;665
26;2025-08-16;19;742
26;2025-08-16;20;554
26;2025-08-16;21;271
26;2025-08-16;22;213
26;2025-08-16;23;108
26;2025-08-17;0;45
26;2025-08-17;1;5
26;2025-08-17;2;1
26;2025-08-17;4;2
26;2025-08-17;5;21
26;2025-08-17;6;154
26;2025-08-17;7;265
26;2025-08-17;8;353
26;2025-08-17;9;433
26;2025-08-17;10;479
26;2025-08-17;11;624
26;2025-08-17;12;640
26;2025-08-17;13;636
26;2025-08-17;14;669
26;2025-08-17;15;672
26;2025-08-17;16;670
26;2025-08-17;17;643
26;2025-08-17;18;691
26;2025-08-17;19;524
26;2025-08-17;20;476
26;2025-08-17;21;286
26;2025-08-17;22;198
26;2025-08-17;23;92
26;2025-08-18;0;36
26;2025-08-18;4;8
26;2025-08-18;5;57
26;2025-08-18;6;443
26;2025-08-18;7;835
26;2025-08-18;8;1478
26;2025-08-18;9;1127
26;2025-08-18;10;903
26;2025-08-18;11;780
26;2025-08-18;12;831
26;2025-08-18;13;885
26;2025-08-18;14;828
26;2025-08-18;15;803
26;2025-08-18;16;968
26;2025-08-18;17;1145
26;2025-08-18;18;1371
26;2025-08-18;19;1028
26;2025-08-18;20;689
26;2025-08-18;21;337
26;2025-08-18;22;190
26;2025-08-18;23;103
26;2025-08-19;0;29
26;2025-08-19;1;4
26;2025-08-19;4;6
26;2025-08-19;5;83
26;2025-08-19;6;472
26;2025-08-19;7;866
26;2025-08-19;8;1307
26;2025-08-19;9;1084
26;2025-08-19;10;882
26;2025-08-19;11;849
26;2025-08-19;12;775
26;2025-08-19;13;715
26;2025-08-19;14;820
26;2025-08-19;15;880
26;2025-08-19;16;1083
26;2025-08-19;17;1279
26;2025-08-19;18;1397
26;2025-08-19;19;1179
26;2025-08-19;20;734
26;2025-08-19;21;367
26;2025-08-19;22;218
26;2025-08-19;23;106
26;2025-08-20;0;38
26;2025-08-20;4;2
26;2025-08-20;5;65
26;2025-08-20;6;450
26;2025-08-20;7;781
26;2025-08-20;8;1242
26;2025-08-20;9;1121
26;2025-08-20;10;931
26;2025-08-20;11;835
26;2025-08-20;12;795
26;2025-08-20;13;829
26;2025-08-20;14;808
26;2025-08-20;15;808
26;2025-08-20;16;922
26;2025-08-20;17;1085
26;2025-08-20;18;1497
26;2025-08-20;19;1098
26;2025-08-20;20;626
26;2025-08-20;21;397
26;2025-08-20;22;191
26;2025-08-20;23;91
26;2025-08-21;0;31
26;2025-08-21;5;61
26;2025-08-21;6;435
26;2025-08-21;7;779
26;2025-08-21;8;1298
26;2025-08-21;9;1219
26;2025-08-21;10;823
26;2025-08-21;11;814
26;2025-08-21;12;766
26;2025-08-21;13;794
26;2025-08-21;14;812
26;2025-08-21;15;818
26;2025-08-21;16;941
26;2025-08-21;17;1136
26;2025-08-21;18;1520
26;2025-08-21;19;986
26;2025-08-21;20;736
26;2025-08-21;21;404
26;2025-08-21;22;224
26;2025-08-21;23;126
26;2025-08-22;0;38
26;2025-08-22;5;71
26;2025-08-22;6;462
26;2025-08-22;7;680
26;2025-08-22;8;1199
26;2025-08-22;9;857
26;2025-08-22;10;828
26;2025-08-22;11;802
26;2025-08-22;12;706
26;2025-08-22;13;783
26;2025-08-22;14;807
26;2025-08-22;15;849
26;2025-08-22;16;943
26;2025-08-22;17;1100
26;2025-08-22;18;1090
26;2025-08-22;19;839
26;2025-08-22;20;634
26;2025-08-22;21;369
26;2025-08-22;22;237
26;2025-08-22;23;115
26;2025-08-23;0;35
26;2025-08-23;1;1
26;2025-08-23;4;1
26;2025-08-23;5;42
26;2025-08-23;6;237
26;2025-08-23;7;366
26;2025-08-23;8;397
26;2025-08-23;9;484
26;2025-08-23;10;520
26;2025-08-23;11;639
26;2025-08-23;12;576
26;2025-08-23;13;645
26;2025-08-23;14;737
26;2025-08-23;15;590
26;2025-08-23;16;620
26;2025-08-23;17;698
26;2025-08-23;18;610
26;2025-08-23;19;657
26;2025-08-23;20;521
26;2025-08-23;21;216
26;2025-08-23;22;166
26;2025-08-23;23;140
26;2025-08-24;0;32
26;2025-08-24;1;7
26;2025-08-24;4;3
26;2025-08-24;5;32
26;2025-08-24;6;152
26;2025-08-24;7;296
26;2025-08-24;8;387
26;2025-08-24;9;424
26;2025-08-24;10;541
26;2025-08-24;11;710
26;2025-08-24;12;725
26;2025-08-24;13;690
26;2025-08-24;14;709
26;2025-08-24;15;638
26;2025-08-24;16;691
26;2025-08-24;17;680
26;2025-08-24;18;663
26;2025-08-24;19;554
26;2025-08-24;20;446
26;2025-08-24;21;283
26;2025-08-24;22;194
26;2025-08-24;23;100
26;2025-08-25;0;32
26;2025-08-25;1;2
26;2025-08-25;4;3
26;2025-08-25;5;67
26;2025-08-25;6;486
26;2025-08-25;7;802
26;2025-08-25;8;1409
26;2025-08-25;9;1002
26;2025-08-25;10;921
26;2025-08-25;11;801
26;2025-08-25;12;852
26;2025-08-25;13;877
26;2025-08-25;14;747
26;2025-08-25;15;880
26;2025-08-25;16;938
26;2025-08-25;17;1278
26;2025-08-25;18;1473
26;2025-08-25;19;1057
26;2025-08-25;20;748
26;2025-08-25;21;378
26;2025-08-25;22;214
26;2025-08-25;23;124
26;2025-08-26;0;24
26;2025-08-26;1;1
26;2025-08-26;4;2
26;2025-08-26;5;71
26;2025-08-26;6;543
26;2025-08-26;7;819
26;2025-08-26;8;1387
26;2025-08-26;9;1160
26;2025-08-26;10;825
26;2025-08-26;11;785
26;2025-08-26;12;886
26;2025-08-26;13;835
26;2025-08-26;14;822
26;2025-08-26;15;949
26;2025-08-26;16;976
26;2025-08-26;17;1230
26;2025-08-26;18;1505
26;2025-08-26;19;1056
26;2025-08-26;20;687
26;2025-08-26;21;403
26;2025-08-26;22;209
26;2025-08-26;23;132
26;2025-08-27;0;32
26;2025-08-27;1;1
26;2025-08-27;5;81
26;2025-08-27;6;456
26;2025-08-27;7;837
26;2025-08-27;8;1457
26;2025-08-27;9;1189
26;2025-08-27;10;930
26;2025-08-27;11;842
26;2025-08-27;12;827
26;2025-08-27;13;930
26;2025-08-27;14;866
26;2025-08-27;15;795
26;2025-08-27;16;1013
26;2025-08-27;17;1182
26;2025-08-27;18;1521
26;2025-08-27;19;1053
26;2025-08-27;20;819
26;2025-08-27;21;489
26;2025-08-27;22;224
26;2025-08-27;23;118
26;2025-08-28;0;39
26;2025-08-28;1;2
26;2025-08-28;4;3
26;2025-08-28;5;86
26;2025-08-28;6;564
26;2025-08-28;7;894
26;2025-08-28;8;1684
26;2025-08-28;9;1254
26;2025-08-28;10;1028
26;2025-08-28;11;979
26;2025-08-28;12;1247
26;2025-08-28;13;1039
26;2025-08-28;14;1129
26;2025-08-28;15;1064
26;2025-08-28;16;1266
26;2025-08-28;17;1377
26;2025-08-28;18;1726
26;2025-08-28;19;1204
26;2025-08-28;20;801
26;2025-08-28;21;502
26;2025-08-28;22;266
26;2025-08-28;23;108
26;2025-08-29;0;46
26;2025-08-29;4;1
26;2025-08-29;5;62
26;2025-08-29;6;457
26;2025-08-29;7;796
26;2025-08-29;8;1344
26;2025-08-29;9;1131
26;2025-08-29;10;850
26;2025-08-29;11;859
26;2025-08-29;12;857
26;2025-08-29;13;952
26;2025-08-29;14;928
26;2025-08-29;15;958
26;2025-08-29;16;1216
26;2025-08-29;17;1340
26;2025-08-29;18;1251
26;2025-08-29;19;886
26;2025-08-29;20;650
26;2025-08-29;21;403
26;2025-08-29;22;218
26;2025-08-29;23;127
26;2025-08-30;0;54
26;2025-08-30;4;1
26;2025-08-30;5;40
26;2025-08-30;6;259
26;2025-08-30;7;309
26;2025-08-30;8;391
26;2025-08-30;9;565
26;2025-08-30;10;658
26;2025-08-30;11;799
26;2025-08-30;12;811
26;2025-08-30;13;866
26;2025-08-30;14;932
26;2025-08-30;15;891
26;2025-08-30;16;790
26;2025-08-30;17;909
26;2025-08-30;18;980
26;2025-08-30;19;787
26;2025-08-30;20;594
26;2025-08-30;21;509
26;2025-08-30;22;261
26;2025-08-30;23;192
26;2025-08-31;0;67
26;2025-08-31;1;10
26;2025-08-31;4;1
26;2025-08-31;5;13
26;2025-08-31;6;151
26;2025-08-31;7;303
26;2025-08-31;8;367
26;2025-08-31;9;498
26;2025-08-31;10;579
26;2025-08-31;11;726
26;2025-08-31;12;891
26;2025-08-31;13;777
26;2025-08-31;14;712
26;2025-08-31;15;709
26;2025-08-31;16;747
26;2025-08-31;17;755
26;2025-08-31;18;776
26;2025-08-31;19;655
26;2025-08-31;20;622
26;2025-08-31;21;468
26;2025-08-31;22;231
26;2025-08-31;23;161
28;2025-01-01;6;21
28;2025-01-01;7;39
28;2025-01-01;8;45
28;2025-01-01;9;45
28;2025-01-01;10;54
28;2025-01-01;11;108
28;2025-01-01;12;151
28;2025-01-01;13;180
28;2025-01-01;14;249
28;2025-01-01;15;249
28;2025-01-01;16;246
28;2025-01-01;17;227
28;2025-01-01;18;262
28;2025-01-01;19;176
28;2025-01-01;20;159
28;2025-01-01;21;141
28;2025-01-01;22;53
28;2025-01-01;23;8
28;2025-01-02;0;9
28;2025-01-02;1;2
28;2025-01-02;5;19
28;2025-01-02;6;61
28;2025-01-02;7;73
28;2025-01-02;8;131
28;2025-01-02;9;149
28;2025-01-02;10;198
28;2025-01-02;11;240
28;2025-01-02;12;275
28;2025-01-02;13;298
28;2025-01-02;14;290
28;2025-01-02;15;336
28;2025-01-02;16;222
28;2025-01-02;17;312
28;2025-01-02;18;278
28;2025-01-02;19;178
28;2025-01-02;20;194
28;2025-01-02;21;194
28;2025-01-02;22;109
28;2025-01-02;23;3
28;2025-01-03;5;26
28;2025-01-03;6;57
28;2025-01-03;7;95
28;2025-01-03;8;183
28;2025-01-03;9;221
28;2025-01-03;10;210
28;2025-01-03;11;285
28;2025-01-03;12;401
28;2025-01-03;13;354
28;2025-01-03;14;427
28;2025-01-03;15;411
28;2025-01-03;16;426
28;2025-01-03;17;399
28;2025-01-03;18;351
28;2025-01-03;19;351
28;2025-01-03;20;260
28;2025-01-03;21;185
28;2025-01-03;22;107
28;2025-01-03;23;11
28;2025-01-04;0;3
28;2025-01-04;5;26
28;2025-01-04;6;76
28;2025-01-04;7;106
28;2025-01-04;8;197
28;2025-01-04;9;214
28;2025-01-04;10;258
28;2025-01-04;11;266
28;2025-01-04;12;350
28;2025-01-04;13;383
28;2025-01-04;14;447
28;2025-01-04;15;540
28;2025-01-04;16;362
28;2025-01-04;17;373
28;2025-01-04;18;348
28;2025-01-04;19;345
28;2025-01-04;20;317
28;2025-01-04;21;222
28;2025-01-04;22;95
28;2025-01-04;23;38
28;2025-01-05;0;11
28;2025-01-05;1;8
28;2025-01-05;5;24
28;2025-01-05;6;69
28;2025-01-05;7;103
28;2025-01-05;8;195
28;2025-01-05;9;270
28;2025-01-05;10;311
28;2025-01-05;11;413
28;2025-01-05;12;402
28;2025-01-05;13;509
28;2025-01-05;14;574
28;2025-01-05;15;507
28;2025-01-05;16;462
28;2025-01-05;17;407
28;2025-01-05;18;403
28;2025-01-05;19;353
28;2025-01-05;20;320
28;2025-01-05;21;232
28;2025-01-05;22;111
28;2025-01-05;23;43
28;2025-01-06;0;12
28;2025-01-06;5;24
28;2025-01-06;6;58
28;2025-01-06;7;153
28;2025-01-06;8;232
28;2025-01-06;9;318
28;2025-01-06;10;290
28;2025-01-06;11;317
28;2025-01-06;12;346
28;2025-01-06;13;481
28;2025-01-06;14;562
28;2025-01-06;15;535
28;2025-01-06;16;518
28;2025-01-06;17;469
28;2025-01-06;18;343
28;2025-01-06;19;268
28;2025-01-06;20;249
28;2025-01-06;21;230
28;2025-01-06;22;112
28;2025-01-06;23;82
28;2025-01-07;0;38
28;2025-01-07;1;29
28;2025-01-07;2;43
28;2025-01-07;3;3
28;2025-01-07;5;19
28;2025-01-07;6;60
28;2025-01-07;7;143
28;2025-01-07;8;219
28;2025-01-07;9;258
28;2025-01-07;10;287
28;2025-01-07;11;307
28;2025-01-07;12;419
28;2025-01-07;13;441
28;2025-01-07;14;454
28;2025-01-07;15;402
28;2025-01-07;16;413
28;2025-01-07;17;464
28;2025-01-07;18;388
28;2025-01-07;19;330
28;2025-01-07;20;337
28;2025-01-07;21;253
28;2025-01-07;22;90
28;2025-01-07;23;21
28;2025-01-08;0;22
28;2025-01-08;1;2
28;2025-01-08;5;27
28;2025-01-08;6;63
28;2025-01-08;7;157
28;2025-01-08;8;176
28;2025-01-08;9;252
28;2025-01-08;10;268
28;2025-01-08;11;365
28;2025-01-08;12;381
28;2025-01-08;13;415
28;2025-01-08;14;402
28;2025-01-08;15;405
28;2025-01-08;16;370
28;2025-01-08;17;369
28;2025-01-08;18;247
28;2025-01-08;19;300
28;2025-01-08;20;209
28;2025-01-08;21;119
28;2025-01-08;22;53
28;2025-01-08;23;10
28;2025-01-09;4;1
28;2025-01-09;5;70
28;2025-01-09;6;257
28;2025-01-09;7;844
28;2025-01-09;8;1062
28;2025-01-09;9;755
28;2025-01-09;10;401
28;2025-01-09;11;455
28;2025-01-09;12;565
28;2025-01-09;13;544
28;2025-01-09;14;447
28;2025-01-09;15;536
28;2025-01-09;16;675
28;2025-01-09;17;696
28;2025-01-09;18;788
28;2025-01-09;19;515
28;2025-01-09;20;344
28;2025-01-09;21;255
28;2025-01-09;22;100
28;2025-01-09;23;13
28;2025-01-10;4;2
28;2025-01-10;5;69
28;2025-01-10;6;251
28;2025-01-10;7;646
28;2025-01-10;8;1063
28;2025-01-10;9;758
28;2025-01-10;10;494
28;2025-01-10;11;491
28;2025-01-10;12;506
28;2025-01-10;13;551
28;2025-01-10;14;532
28;2025-01-10;15;531
28;2025-01-10;16;694
28;2025-01-10;17;736
28;2025-01-10;18;741
28;2025-01-10;19;463
28;2025-01-10;20;424
28;2025-01-10;21;251
28;2025-01-10;22;147
28;2025-01-10;23;21
28;2025-01-11;5;25
28;2025-01-11;6;77
28;2025-01-11;7;213
28;2025-01-11;8;300
28;2025-01-11;9;418
28;2025-01-11;10;392
28;2025-01-11;11;437
28;2025-01-11;12;449
28;2025-01-11;13;595
28;2025-01-11;14;554
28;2025-01-11;15;529
28;2025-01-11;16;469
28;2025-01-11;17;453
28;2025-01-11;18;334
28;2025-01-11;19;264
28;2025-01-11;20;231
28;2025-01-11;21;214
28;2025-01-11;22;91
28;2025-01-11;23;14
28;2025-01-12;0;1
28;2025-01-12;5;23
28;2025-01-12;6;54
28;2025-01-12;7;108
28;2025-01-12;8;193
28;2025-01-12;9;284
28;2025-01-12;10;299
28;2025-01-12;11;347
28;2025-01-12;12;411
28;2025-01-12;13;375
28;2025-01-12;14;431
28;2025-01-12;15;378
28;2025-01-12;16;429
28;2025-01-12;17;362
28;2025-01-12;18;395
28;2025-01-12;19;265
28;2025-01-12;20;254
28;2025-01-12;21;232
28;2025-01-12;22;81
28;2025-01-12;23;4
28;2025-01-13;5;75
28;2025-01-13;6;271
28;2025-01-13;7;924
28;2025-01-13;8;1296
28;2025-01-13;9;887
28;2025-01-13;10;633
28;2025-01-13;11;531
28;2025-01-13;12;725
28;2025-01-13;13;564
28;2025-01-13;14;597
28;2025-01-13;15;749
28;2025-01-13;16;798
28;2025-01-13;17;1026
28;2025-01-13;18;946
28;2025-01-13;19;835
28;2025-01-13;20;522
28;2025-01-13;21;276
28;2025-01-13;22;132
28;2025-01-13;23;26
28;2025-01-14;0;2
28;2025-01-14;1;1
28;2025-01-14;4;4
28;2025-01-14;5;69
28;2025-01-14;6;238
28;2025-01-14;7;742
28;2025-01-14;8;1285
28;2025-01-14;9;938
28;2025-01-14;10;673
28;2025-01-14;11;511
28;2025-01-14;12;663
28;2025-01-14;13;717
28;2025-01-14;14;641
28;2025-01-14;15;689
28;2025-01-14;16;889
28;2025-01-14;17;1071
28;2025-01-14;18;1035
28;2025-01-14;19;729
28;2025-01-14;20;654
28;2025-01-14;21;340
28;2025-01-14;22;171
28;2025-01-14;23;34
28;2025-01-15;0;23
28;2025-01-15;4;1
28;2025-01-15;5;92
28;2025-01-15;6;325
28;2025-01-15;7;1119
28;2025-01-15;8;1459
28;2025-01-15;9;1041
28;2025-01-15;10;784
28;2025-01-15;11;625
28;2025-01-15;12;673
28;2025-01-15;13;636
28;2025-01-15;14;710
28;2025-01-15;15;769
28;2025-01-15;16;845
28;2025-01-15;17;1065
28;2025-01-15;18;1057
28;2025-01-15;19;715
28;2025-01-15;20;527
28;2025-01-15;21;353
28;2025-01-15;22;158
28;2025-01-15;23;48
28;2025-01-16;0;20
28;2025-01-16;1;2
28;2025-01-16;4;2
28;2025-01-16;5;75
28;2025-01-16;6;268
28;2025-01-16;7;911
28;2025-01-16;8;1160
28;2025-01-16;9;949
28;2025-01-16;10;571
28;2025-01-16;11;445
28;2025-01-16;12;732
28;2025-01-16;13;807
28;2025-01-16;14;573
28;2025-01-16;15;766
28;2025-01-16;16;826
28;2025-01-16;17;900
28;2025-01-16;18;967
28;2025-01-16;19;737
28;2025-01-16;20;448
28;2025-01-16;21;355
28;2025-01-16;22;138
28;2025-01-16;23;26
28;2025-01-17;5;90
28;2025-01-17;6;256
28;2025-01-17;7;835
28;2025-01-17;8;1332
28;2025-01-17;9;859
28;2025-01-17;10;691
28;2025-01-17;11;446
28;2025-01-17;12;571
28;2025-01-17;13;674
28;2025-01-17;14;846
28;2025-01-17;15;820
28;2025-01-17;16;1027
28;2025-01-17;17;988
28;2025-01-17;18;855
28;2025-01-17;19;636
28;2025-01-17;20;439
28;2025-01-17;21;273
28;2025-01-17;22;104
28;2025-01-17;23;22
28;2025-01-18;0;7
28;2025-01-18;1;3
28;2025-01-18;5;27
28;2025-01-18;6;83
28;2025-01-18;7;183
28;2025-01-18;8;311
28;2025-01-18;9;442
28;2025-01-18;10;413
28;2025-01-18;11;416
28;2025-01-18;12;491
28;2025-01-18;13;621
28;2025-01-18;14;641
28;2025-01-18;15;573
28;2025-01-18;16;555
28;2025-01-18;17;493
28;2025-01-18;18;465
28;2025-01-18;19;375
28;2025-01-18;20;275
28;2025-01-18;21;263
28;2025-01-18;22;112
28;2025-01-18;23;39
28;2025-01-19;0;2
28;2025-01-19;4;1
28;2025-01-19;5;23
28;2025-01-19;6;68
28;2025-01-19;7;147
28;2025-01-19;8;253
28;2025-01-19;9;288
28;2025-01-19;10;385
28;2025-01-19;11;389
28;2025-01-19;12;546
28;2025-01-19;13;529
28;2025-01-19;14;547
28;2025-01-19;15;540
28;2025-01-19;16;600
28;2025-01-19;17;545
28;2025-01-19;18;358
28;2025-01-19;19;329
28;2025-01-19;20;231
28;2025-01-19;21;216
28;2025-01-19;22;91
28;2025-01-19;23;6
28;2025-01-20;4;1
28;2025-01-20;5;67
28;2025-01-20;6;234
28;2025-01-20;7;815
28;2025-01-20;8;1169
28;2025-01-20;9;884
28;2025-01-20;10;611
28;2025-01-20;11;396
28;2025-01-20;12;588
28;2025-01-20;13;642
28;2025-01-20;14;538
28;2025-01-20;15;734
28;2025-01-20;16;935
28;2025-01-20;17;920
28;2025-01-20;18;883
28;2025-01-20;19;603
28;2025-01-20;20;421
28;2025-01-20;21;254
28;2025-01-20;22;121
28;2025-01-20;23;4
28;2025-01-21;0;1
28;2025-01-21;5;75
28;2025-01-21;6;244
28;2025-01-21;7;785
28;2025-01-21;8;1343
28;2025-01-21;9;876
28;2025-01-21;10;621
28;2025-01-21;11;495
28;2025-01-21;12;596
28;2025-01-21;13;640
28;2025-01-21;14;439
28;2025-01-21;15;540
28;2025-01-21;16;645
28;2025-01-21;17;877
28;2025-01-21;18;974
28;2025-01-21;19;723
28;2025-01-21;20;456
28;2025-01-21;21;339
28;2025-01-21;22;173
28;2025-01-21;23;49
28;2025-01-22;0;10
28;2025-01-22;1;1
28;2025-01-22;4;1
28;2025-01-22;5;79
28;2025-01-22;6;234
28;2025-01-22;7;757
28;2025-01-22;8;1202
28;2025-01-22;9;739
28;2025-01-22;10;585
28;2025-01-22;11;540
28;2025-01-22;12;456
28;2025-01-22;13;655
28;2025-01-22;14;670
28;2025-01-22;15;670
28;2025-01-22;16;826
28;2025-01-22;17;855
28;2025-01-22;18;816
28;2025-01-22;19;608
28;2025-01-22;20;451
28;2025-01-22;21;298
28;2025-01-22;22;176
28;2025-01-22;23;10
28;2025-01-23;4;1
28;2025-01-23;5;71
28;2025-01-23;6;233
28;2025-01-23;7;853
28;2025-01-23;8;1321
28;2025-01-23;9;739
28;2025-01-23;10;640
28;2025-01-23;11;574
28;2025-01-23;12;665
28;2025-01-23;13;714
28;2025-01-23;14;825
28;2025-01-23;15;805
28;2025-01-23;16;818
28;2025-01-23;17;916
28;2025-01-23;18;1114
28;2025-01-23;19;827
28;2025-01-23;20;641
28;2025-01-23;21;312
28;2025-01-23;22;160
28;2025-01-23;23;34
28;2025-01-24;4;3
28;2025-01-24;5;69
28;2025-01-24;6;235
28;2025-01-24;7;823
28;2025-01-24;8;1037
28;2025-01-24;9;585
28;2025-01-24;10;516
28;2025-01-24;11;534
28;2025-01-24;12;569
28;2025-01-24;13;708
28;2025-01-24;14;541
28;2025-01-24;15;646
28;2025-01-24;16;998
28;2025-01-24;17;907
28;2025-01-24;18;691
28;2025-01-24;19;494
28;2025-01-24;20;432
28;2025-01-24;21;249
28;2025-01-24;22;127
28;2025-01-24;23;25
28;2025-01-25;5;28
28;2025-01-25;6;80
28;2025-01-25;7;184
28;2025-01-25;8;284
28;2025-01-25;9;438
28;2025-01-25;10;423
28;2025-01-25;11;506
28;2025-01-25;12;572
28;2025-01-25;13;502
28;2025-01-25;14;633
28;2025-01-25;15;501
28;2025-01-25;16;618
28;2025-01-25;17;551
28;2025-01-25;18;446
28;2025-01-25;19;332
28;2025-01-25;20;238
28;2025-01-25;21;246
28;2025-01-25;22;107
28;2025-01-25;23;6
28;2025-01-26;5;23
28;2025-01-26;6;83
28;2025-01-26;7;106
28;2025-01-26;8;195
28;2025-01-26;9;271
28;2025-01-26;10;343
28;2025-01-26;11;359
28;2025-01-26;12;362
28;2025-01-26;13;509
28;2025-01-26;14;381
28;2025-01-26;15;530
28;2025-01-26;16;447
28;2025-01-26;17;479
28;2025-01-26;18;392
28;2025-01-26;19;351
28;2025-01-26;20;253
28;2025-01-26;21;184
28;2025-01-26;22;108
28;2025-01-26;23;6
28;2025-01-27;4;2
28;2025-01-27;5;92
28;2025-01-27;6;301
28;2025-01-27;7;896
28;2025-01-27;8;1184
28;2025-01-27;9;903
28;2025-01-27;10;708
28;2025-01-27;11;640
28;2025-01-27;12;611
28;2025-01-27;13;774
28;2025-01-27;14;618
28;2025-01-27;15;706
28;2025-01-27;16;931
28;2025-01-27;17;1114
28;2025-01-27;18;1164
28;2025-01-27;19;754
28;2025-01-27;20;472
28;2025-01-27;21;247
28;2025-01-27;22;167
28;2025-01-27;23;71
28;2025-01-28;0;10
28;2025-01-28;2;1
28;2025-01-28;4;2
28;2025-01-28;5;79
28;2025-01-28;6;208
28;2025-01-28;7;831
28;2025-01-28;8;1029
28;2025-01-28;9;825
28;2025-01-28;10;647
28;2025-01-28;11;599
28;2025-01-28;12;551
28;2025-01-28;13;741
28;2025-01-28;14;695
28;2025-01-28;15;689
28;2025-01-28;16;944
28;2025-01-28;17;1143
28;2025-01-28;18;912
28;2025-01-28;19;789
28;2025-01-28;20;550
28;2025-01-28;21;307
28;2025-01-28;22;164
28;2025-01-28;23;23
28;2025-01-29;4;2
28;2025-01-29;5;76
28;2025-01-29;6;207
28;2025-01-29;7;842
28;2025-01-29;8;1204
28;2025-01-29;9;854
28;2025-01-29;10;710
28;2025-01-29;11;625
28;2025-01-29;12;522
28;2025-01-29;13;568
28;2025-01-29;14;592
28;2025-01-29;15;694
28;2025-01-29;16;674
28;2025-01-29;17;768
28;2025-01-29;18;778
28;2025-01-29;19;696
28;2025-01-29;20;503
28;2025-01-29;21;290
28;2025-01-29;22;119
28;2025-01-29;23;20
28;2025-01-30;5;96
28;2025-01-30;6;261
28;2025-01-30;7;967
28;2025-01-30;8;1382
28;2025-01-30;9;895
28;2025-01-30;10;660
28;2025-01-30;11;531
28;2025-01-30;12;681
28;2025-01-30;13;766
28;2025-01-30;14;671
28;2025-01-30;15;704
28;2025-01-30;16;886
28;2025-01-30;17;1149
28;2025-01-30;18;1043
28;2025-01-30;19;766
28;2025-01-30;20;576
28;2025-01-30;21;343
28;2025-01-30;22;197
28;2025-01-30;23;80
28;2025-01-31;0;13
28;2025-01-31;1;1
28;2025-01-31;4;2
28;2025-01-31;5;83
28;2025-01-31;6;224
28;2025-01-31;7;655
28;2025-01-31;8;1096
28;2025-01-31;9;726
28;2025-01-31;10;552
28;2025-01-31;11;539
28;2025-01-31;12;547
28;2025-01-31;13;549
28;2025-01-31;14;685
28;2025-01-31;15;774
28;2025-01-31;16;1009
28;2025-01-31;17;948
28;2025-01-31;18;824
28;2025-01-31;19;657
28;2025-01-31;20;521
28;2025-01-31;21;330
28;2025-01-31;22;187
28;2025-01-31;23;28
28;2025-02-01;4;2
28;2025-02-01;5;41
28;2025-02-01;6;93
28;2025-02-01;7;196
28;2025-02-01;8;352
28;2025-02-01;9;396
28;2025-02-01;10;443
28;2025-02-01;11;427
28;2025-02-01;12;471
28;2025-02-01;13;555
28;2025-02-01;14;484
28;2025-02-01;15;444
28;2025-02-01;16;507
28;2025-02-01;17;505
28;2025-02-01;18;497
28;2025-02-01;19;390
28;2025-02-01;20;324
28;2025-02-01;21;265
28;2025-02-01;22;130
28;2025-02-01;23;13
28;2025-02-02;4;1
28;2025-02-02;5;33
28;2025-02-02;6;79
28;2025-02-02;7;128
28;2025-02-02;8;247
28;2025-02-02;9;264
28;2025-02-02;10;301
28;2025-02-02;11;346
28;2025-02-02;12;382
28;2025-02-02;13;517
28;2025-02-02;14;484
28;2025-02-02;15;477
28;2025-02-02;16;453
28;2025-02-02;17;502
28;2025-02-02;18;401
28;2025-02-02;19;304
28;2025-02-02;20;263
28;2025-02-02;21;233
28;2025-02-02;22;81
28;2025-02-02;23;13
28;2025-02-03;4;6
28;2025-02-03;5;88
28;2025-02-03;6;279
28;2025-02-03;7;855
28;2025-02-03;8;1050
28;2025-02-03;9;940
28;2025-02-03;10;529
28;2025-02-03;11;475
28;2025-02-03;12;621
28;2025-02-03;13;635
28;2025-02-03;14;646
28;2025-02-03;15;612
28;2025-02-03;16;879
28;2025-02-03;17;908
28;2025-02-03;18;1086
28;2025-02-03;19;796
28;2025-02-03;20;465
28;2025-02-03;21;344
28;2025-02-03;22;129
28;2025-02-03;23;16
28;2025-02-04;4;2
28;2025-02-04;5;81
28;2025-02-04;6;278
28;2025-02-04;7;988
28;2025-02-04;8;1346
28;2025-02-04;9;943
28;2025-02-04;10;648
28;2025-02-04;11;500
28;2025-02-04;12;697
28;2025-02-04;13;759
28;2025-02-04;14;767
28;2025-02-04;15;657
28;2025-02-04;16;836
28;2025-02-04;17;942
28;2025-02-04;18;966
28;2025-02-04;19;827
28;2025-02-04;20;552
28;2025-02-04;21;311
28;2025-02-04;22;121
28;2025-02-04;23;36
28;2025-02-05;4;5
28;2025-02-05;5;85
28;2025-02-05;6;284
28;2025-02-05;7;698
28;2025-02-05;8;1244
28;2025-02-05;9;818
28;2025-02-05;10;619
28;2025-02-05;11;574
28;2025-02-05;12;518
28;2025-02-05;13;712
28;2025-02-05;14;619
28;2025-02-05;15;670
28;2025-02-05;16;816
28;2025-02-05;17;990
28;2025-02-05;18;1026
28;2025-02-05;19;726
28;2025-02-05;20;476
28;2025-02-05;21;357
28;2025-02-05;22;122
28;2025-02-05;23;34
28;2025-02-06;0;4
28;2025-02-06;5;75
28;2025-02-06;6;249
28;2025-02-06;7;712
28;2025-02-06;8;921
28;2025-02-06;9;836
28;2025-02-06;10;518
28;2025-02-06;11;520
28;2025-02-06;12;603
28;2025-02-06;13;565
28;2025-02-06;14;528
28;2025-02-06;15;576
28;2025-02-06;16;799
28;2025-02-06;17;882
28;2025-02-06;18;1008
28;2025-02-06;19;586
28;2025-02-06;20;575
28;2025-02-06;21;287
28;2025-02-06;22;142
28;2025-02-06;23;14
28;2025-02-07;5;74
28;2025-02-07;6;260
28;2025-02-07;7;838
28;2025-02-07;8;1097
28;2025-02-07;9;872
28;2025-02-07;10;482
28;2025-02-07;11;453
28;2025-02-07;12;552
28;2025-02-07;13;607
28;2025-02-07;14;577
28;2025-02-07;15;645
28;2025-02-07;16;875
28;2025-02-07;17;829
28;2025-02-07;18;633
28;2025-02-07;19;424
28;2025-02-07;20;424
28;2025-02-07;21;231
28;2025-02-07;22;136
28;2025-02-07;23;9
28;2025-02-08;4;3
28;2025-02-08;5;26
28;2025-02-08;6;112
28;2025-02-08;7;203
28;2025-02-08;8;277
28;2025-02-08;9;447
28;2025-02-08;10;461
28;2025-02-08;11;426
28;2025-02-08;12;489
28;2025-02-08;13;573
28;2025-02-08;14;574
28;2025-02-08;15;453
28;2025-02-08;16;472
28;2025-02-08;17;514
28;2025-02-08;18;414
28;2025-02-08;19;403
28;2025-02-08;20;263
28;2025-02-08;21;279
28;2025-02-08;22;135
28;2025-02-08;23;13
28;2025-02-09;0;5
28;2025-02-09;4;2
28;2025-02-09;5;24
28;2025-02-09;6;77
28;2025-02-09;7;74
28;2025-02-09;8;191
28;2025-02-09;9;299
28;2025-02-09;10;333
28;2025-02-09;11;348
28;2025-02-09;12;423
28;2025-02-09;13;437
28;2025-02-09;14;461
28;2025-02-09;15;481
28;2025-02-09;16;453
28;2025-02-09;17;505
28;2025-02-09;18;401
28;2025-02-09;19;306
28;2025-02-09;20;306
28;2025-02-09;21;224
28;2025-02-09;22;74
28;2025-02-09;23;15
28;2025-02-10;0;2
28;2025-02-10;4;1
28;2025-02-10;5;78
28;2025-02-10;6;228
28;2025-02-10;7;730
28;2025-02-10;8;1179
28;2025-02-10;9;960
28;2025-02-10;10;630
28;2025-02-10;11;523
28;2025-02-10;12;587
28;2025-02-10;13;741
28;2025-02-10;14;708
28;2025-02-10;15;722
28;2025-02-10;16;971
28;2025-02-10;17;1087
28;2025-02-10;18;1166
28;2025-02-10;19;764
28;2025-02-10;20;571
28;2025-02-10;21;312
28;2025-02-10;22;165
28;2025-02-10;23;30
28;2025-02-11;0;4
28;2025-02-11;1;1
28;2025-02-11;4;2
28;2025-02-11;5;89
28;2025-02-11;6;237
28;2025-02-11;7;792
28;2025-02-11;8;1312
28;2025-02-11;9;865
28;2025-02-11;10;670
28;2025-02-11;11;554
28;2025-02-11;12;571
28;2025-02-11;13;753
28;2025-02-11;14;637
28;2025-02-11;15;621
28;2025-02-11;16;802
28;2025-02-11;17;977
28;2025-02-11;18;859
28;2025-02-11;19;737
28;2025-02-11;20;633
28;2025-02-11;21;302
28;2025-02-11;22;181
28;2025-02-11;23;24
28;2025-02-12;0;4
28;2025-02-12;4;3
28;2025-02-12;5;123
28;2025-02-12;6;327
28;2025-02-12;7;984
28;2025-02-12;8;1613
28;2025-02-12;9;1071
28;2025-02-12;10;645
28;2025-02-12;11;517
28;2025-02-12;12;723
28;2025-02-12;13;727
28;2025-02-12;14;646
28;2025-02-12;15;758
28;2025-02-12;16;835
28;2025-02-12;17;847
28;2025-02-12;18;979
28;2025-02-12;19;741
28;2025-02-12;20;465
28;2025-02-12;21;290
28;2025-02-12;22;134
28;2025-02-12;23;27
28;2025-02-13;4;3
28;2025-02-13;5;58
28;2025-02-13;6;297
28;2025-02-13;7;865
28;2025-02-13;8;1372
28;2025-02-13;9;962
28;2025-02-13;10;580
28;2025-02-13;11;505
28;2025-02-13;12;709
28;2025-02-13;13;805
28;2025-02-13;14;606
28;2025-02-13;15;786
28;2025-02-13;16;902
28;2025-02-13;17;1007
28;2025-02-13;18;1005
28;2025-02-13;19;807
28;2025-02-13;20;529
28;2025-02-13;21;320
28;2025-02-13;22;140
28;2025-02-13;23;22
28;2025-02-14;5;71
28;2025-02-14;6;242
28;2025-02-14;7;703
28;2025-02-14;8;1083
28;2025-02-14;9;874
28;2025-02-14;10;697
28;2025-02-14;11;546
28;2025-02-14;12;762
28;2025-02-14;13;855
28;2025-02-14;14;817
28;2025-02-14;15;751
28;2025-02-14;16;851
28;2025-02-14;17;1006
28;2025-02-14;18;848
28;2025-02-14;19;571
28;2025-02-14;20;541
28;2025-02-14;21;321
28;2025-02-14;22;130
28;2025-02-14;23;10
28;2025-02-15;4;1
28;2025-02-15;5;29
28;2025-02-15;6;108
28;2025-02-15;7;219
28;2025-02-15;8;359
28;2025-02-15;9;489
28;2025-02-15;10;562
28;2025-02-15;11;432
28;2025-02-15;12;549
28;2025-02-15;13;672
28;2025-02-15;14;684
28;2025-02-15;15;567
28;2025-02-15;16;578
28;2025-02-15;17;537
28;2025-02-15;18;504
28;2025-02-15;19;448
28;2025-02-15;20;271
28;2025-02-15;21;249
28;2025-02-15;22;123
28;2025-02-15;23;7
28;2025-02-16;5;27
28;2025-02-16;6;99
28;2025-02-16;7;178
28;2025-02-16;8;285
28;2025-02-16;9;368
28;2025-02-16;10;393
28;2025-02-16;11;367
28;2025-02-16;12;466
28;2025-02-16;13;521
28;2025-02-16;14;466
28;2025-02-16;15;419
28;2025-02-16;16;404
28;2025-02-16;17;431
28;2025-02-16;18;450
28;2025-02-16;19;402
28;2025-02-16;20;287
28;2025-02-16;21;210
28;2025-02-16;22;115
28;2025-02-16;23;17
28;2025-02-17;5;102
28;2025-02-17;6;275
28;2025-02-17;7;836
28;2025-02-17;8;1109
28;2025-02-17;9;829
28;2025-02-17;10;605
28;2025-02-17;11;603
28;2025-02-17;12;800
28;2025-02-17;13;658
28;2025-02-17;14;606
28;2025-02-17;15;548
28;2025-02-17;16;794
28;2025-02-17;17;1046
28;2025-02-17;18;1128
28;2025-02-17;19;806
28;2025-02-17;20;553
28;2025-02-17;21;324
28;2025-02-17;22;151
28;2025-02-17;23;18
28;2025-02-18;4;1
28;2025-02-18;5;67
28;2025-02-18;6;263
28;2025-02-18;7;736
28;2025-02-18;8;1124
28;2025-02-18;9;857
28;2025-02-18;10;689
28;2025-02-18;11;539
28;2025-02-18;12;709
28;2025-02-18;13;647
28;2025-02-18;14;470
28;2025-02-18;15;577
28;2025-02-18;16;667
28;2025-02-18;17;784
28;2025-02-18;18;726
28;2025-02-18;19;495
28;2025-02-18;20;353
28;2025-02-18;21;224
28;2025-02-18;22;85
28;2025-02-18;23;13
28;2025-02-19;4;3
28;2025-02-19;5;82
28;2025-02-19;6;247
28;2025-02-19;7;716
28;2025-02-19;8;1125
28;2025-02-19;9;677
28;2025-02-19;10;628
28;2025-02-19;11;695
28;2025-02-19;12;681
28;2025-02-19;13;574
28;2025-02-19;14;557
28;2025-02-19;15;559
28;2025-02-19;16;725
28;2025-02-19;17;992
28;2025-02-19;18;1066
28;2025-02-19;19;673
28;2025-02-19;20;555
28;2025-02-19;21;397
28;2025-02-19;22;188
28;2025-02-19;23;52
28;2025-02-20;0;7
28;2025-02-20;1;4
28;2025-02-20;4;3
28;2025-02-20;5;60
28;2025-02-20;6;266
28;2025-02-20;7;754
28;2025-02-20;8;1110
28;2025-02-20;9;774
28;2025-02-20;10;696
28;2025-02-20;11;654
28;2025-02-20;12;816
28;2025-02-20;13;716
28;2025-02-20;14;651
28;2025-02-20;15;501
28;2025-02-20;16;723
28;2025-02-20;17;1064
28;2025-02-20;18;1086
28;2025-02-20;19;802
28;2025-02-20;20;554
28;2025-02-20;21;310
28;2025-02-20;22;161
28;2025-02-20;23;20
28;2025-02-21;4;3
28;2025-02-21;5;64
28;2025-02-21;6;212
28;2025-02-21;7;714
28;2025-02-21;8;934
28;2025-02-21;9;762
28;2025-02-21;10;686
28;2025-02-21;11;494
28;2025-02-21;12;641
28;2025-02-21;13;784
28;2025-02-21;14;679
28;2025-02-21;15;666
28;2025-02-21;16;988
28;2025-02-21;17;942
28;2025-02-21;18;814
28;2025-02-21;19;611
28;2025-02-21;20;545
28;2025-02-21;21;306
28;2025-02-21;22;146
28;2025-02-21;23;23
28;2025-02-22;4;1
28;2025-02-22;5;28
28;2025-02-22;6;78
28;2025-02-22;7;192
28;2025-02-22;8;311
28;2025-02-22;9;496
28;2025-02-22;10;497
28;2025-02-22;11;425
28;2025-02-22;12;622
28;2025-02-22;13;732
28;2025-02-22;14;728
28;2025-02-22;15;639
28;2025-02-22;16;679
28;2025-02-22;17;658
28;2025-02-22;18;630
28;2025-02-22;19;466
28;2025-02-22;20;359
28;2025-02-22;21;314
28;2025-02-22;22;149
28;2025-02-22;23;26
28;2025-02-23;0;11
28;2025-02-23;1;1
28;2025-02-23;5;27
28;2025-02-23;6;66
28;2025-02-23;7;126
28;2025-02-23;8;227
28;2025-02-23;9;263
28;2025-02-23;10;327
28;2025-02-23;11;371
28;2025-02-23;12;423
28;2025-02-23;13;553
28;2025-02-23;14;484
28;2025-02-23;15;630
28;2025-02-23;16;435
28;2025-02-23;17;449
28;2025-02-23;18;455
28;2025-02-23;19;272
28;2025-02-23;20;324
28;2025-02-23;21;261
28;2025-02-23;22;106
28;2025-02-23;23;6
28;2025-02-24;4;3
28;2025-02-24;5;60
28;2025-02-24;6;276
28;2025-02-24;7;763
28;2025-02-24;8;1073
28;2025-02-24;9;751
28;2025-02-24;10;743
28;2025-02-24;11;503
28;2025-02-24;12;803
28;2025-02-24;13;597
28;2025-02-24;14;566
28;2025-02-24;15;709
28;2025-02-24;16;872
28;2025-02-24;17;902
28;2025-02-24;18;970
28;2025-02-24;19;623
28;2025-02-24;20;453
28;2025-02-24;21;298
28;2025-02-24;22;128
28;2025-02-24;23;21
28;2025-02-25;4;3
28;2025-02-25;5;44
28;2025-02-25;6;243
28;2025-02-25;7;726
28;2025-02-25;8;1218
28;2025-02-25;9;878
28;2025-02-25;10;674
28;2025-02-25;11;486
28;2025-02-25;12;669
28;2025-02-25;13;700
28;2025-02-25;14;647
28;2025-02-25;15;684
28;2025-02-25;16;924
28;2025-02-25;17;958
28;2025-02-25;18;915
28;2025-02-25;19;775
28;2025-02-25;20;568
28;2025-02-25;21;334
28;2025-02-25;22;138
28;2025-02-25;23;16
28;2025-02-26;4;1
28;2025-02-26;5;88
28;2025-02-26;6;320
28;2025-02-26;7;782
28;2025-02-26;8;1176
28;2025-02-26;9;746
28;2025-02-26;10;641
28;2025-02-26;11;545
28;2025-02-26;12;617
28;2025-02-26;13;725
28;2025-02-26;14;693
28;2025-02-26;15;669
28;2025-02-26;16;884
28;2025-02-26;17;832
28;2025-02-26;18;1058
28;2025-02-26;19;788
28;2025-02-26;20;432
28;2025-02-26;21;262
28;2025-02-26;22;132
28;2025-02-26;23;18
28;2025-02-27;4;1
28;2025-02-27;5;67
28;2025-02-27;6;278
28;2025-02-27;7;806
28;2025-02-27;8;1149
28;2025-02-27;9;908
28;2025-02-27;10;692
28;2025-02-27;11;520
28;2025-02-27;12;585
28;2025-02-27;13;630
28;2025-02-27;14;585
28;2025-02-27;15;551
28;2025-02-27;16;756
28;2025-02-27;17;970
28;2025-02-27;18;880
28;2025-02-27;19;655
28;2025-02-27;20;444
28;2025-02-27;21;287
28;2025-02-27;22;145
28;2025-02-27;23;21
28;2025-02-28;5;64
28;2025-02-28;6;237
28;2025-02-28;7;763
28;2025-02-28;8;1336
28;2025-02-28;9;795
28;2025-02-28;10;654
28;2025-02-28;11;590
28;2025-02-28;12;637
28;2025-02-28;13;823
28;2025-02-28;14;694
28;2025-02-28;15;636
28;2025-02-28;16;1105
28;2025-02-28;17;975
28;2025-02-28;18;803
28;2025-02-28;19;630
28;2025-02-28;20;409
28;2025-02-28;21;252
28;2025-02-28;22;131
28;2025-02-28;23;27
28;2025-03-01;4;2
28;2025-03-01;5;38
28;2025-03-01;6;66
28;2025-03-01;7;198
28;2025-03-01;8;334
28;2025-03-01;9;418
28;2025-03-01;10;465
28;2025-03-01;11;513
28;2025-03-01;12;618
28;2025-03-01;13;614
28;2025-03-01;14;682
28;2025-03-01;15;731
28;2025-03-01;16;597
28;2025-03-01;17;571
28;2025-03-01;18;484
28;2025-03-01;19;350
28;2025-03-01;20;234
28;2025-03-01;21;238
28;2025-03-01;22;113
28;2025-03-01;23;8
28;2025-03-02;5;35
28;2025-03-02;6;74
28;2025-03-02;7;94
28;2025-03-02;8;223
28;2025-03-02;9;287
28;2025-03-02;10;299
28;2025-03-02;11;299
28;2025-03-02;12;332
28;2025-03-02;13;469
28;2025-03-02;14;398
28;2025-03-02;15;440
28;2025-03-02;16;379
28;2025-03-02;17;414
28;2025-03-02;18;333
28;2025-03-02;19;280
28;2025-03-02;20;265
28;2025-03-02;21;182
28;2025-03-02;22;90
28;2025-03-02;23;2
28;2025-03-03;5;72
28;2025-03-03;6;284
28;2025-03-03;7;623
28;2025-03-03;8;1147
28;2025-03-03;9;763
28;2025-03-03;10;550
28;2025-03-03;11;443
28;2025-03-03;12;618
28;2025-03-03;13;623
28;2025-03-03;14;623
28;2025-03-03;15;651
28;2025-03-03;16;862
28;2025-03-03;17;811
28;2025-03-03;18;904
28;2025-03-03;19;677
28;2025-03-03;20;466
28;2025-03-03;21;249
28;2025-03-03;22;117
28;2025-03-03;23;12
28;2025-03-04;4;2
28;2025-03-04;5;71
28;2025-03-04;6;304
28;2025-03-04;7;721
28;2025-03-04;8;1268
28;2025-03-04;9;946
28;2025-03-04;10;742
28;2025-03-04;11;513
28;2025-03-04;12;531
28;2025-03-04;13;601
28;2025-03-04;14;488
28;2025-03-04;15;448
28;2025-03-04;16;660
28;2025-03-04;17;936
28;2025-03-04;18;784
28;2025-03-04;19;591
28;2025-03-04;20;468
28;2025-03-04;21;284
28;2025-03-04;22;141
28;2025-03-04;23;32
28;2025-03-05;0;15
28;2025-03-05;4;2
28;2025-03-05;5;78
28;2025-03-05;6;298
28;2025-03-05;7;856
28;2025-03-05;8;1115
28;2025-03-05;9;771
28;2025-03-05;10;580
28;2025-03-05;11;677
28;2025-03-05;12;593
28;2025-03-05;13;799
28;2025-03-05;14;702
28;2025-03-05;15;737
28;2025-03-05;16;875
28;2025-03-05;17;984
28;2025-03-05;18;900
28;2025-03-05;19;720
28;2025-03-05;20;464
28;2025-03-05;21;339
28;2025-03-05;22;151
28;2025-03-05;23;17
28;2025-03-06;4;1
28;2025-03-06;5;83
28;2025-03-06;6;272
28;2025-03-06;7;749
28;2025-03-06;8;1347
28;2025-03-06;9;764
28;2025-03-06;10;693
28;2025-03-06;11;502
28;2025-03-06;12;685
28;2025-03-06;13;761
28;2025-03-06;14;668
28;2025-03-06;15;719
28;2025-03-06;16;904
28;2025-03-06;17;937
28;2025-03-06;18;844
28;2025-03-06;19;753
28;2025-03-06;20;524
28;2025-03-06;21;332
28;2025-03-06;22;176
28;2025-03-06;23;18
28;2025-03-07;0;1
28;2025-03-07;4;1
28;2025-03-07;5;82
28;2025-03-07;6;243
28;2025-03-07;7;856
28;2025-03-07;8;1166
28;2025-03-07;9;821
28;2025-03-07;10;621
28;2025-03-07;11;577
28;2025-03-07;12;864
28;2025-03-07;13;690
28;2025-03-07;14;757
28;2025-03-07;15;795
28;2025-03-07;16;782
28;2025-03-07;17;1186
28;2025-03-07;18;797
28;2025-03-07;19;755
28;2025-03-07;20;494
28;2025-03-07;21;351
28;2025-03-07;22;148
28;2025-03-07;23;35
28;2025-03-08;0;16
28;2025-03-08;1;1
28;2025-03-08;4;2
28;2025-03-08;5;22
28;2025-03-08;6;65
28;2025-03-08;7;171
28;2025-03-08;8;239
28;2025-03-08;9;284
28;2025-03-08;10;424
28;2025-03-08;11;440
28;2025-03-08;12;570
28;2025-03-08;13;640
28;2025-03-08;14;510
28;2025-03-08;15;520
28;2025-03-08;16;553
28;2025-03-08;17;651
28;2025-03-08;18;523
28;2025-03-08;19;344
28;2025-03-08;20;281
28;2025-03-08;21;226
28;2025-03-08;22;154
28;2025-03-08;23;31
28;2025-03-09;0;6
28;2025-03-09;1;1
28;2025-03-09;4;2
28;2025-03-09;5;34
28;2025-03-09;6;76
28;2025-03-09;7;123
28;2025-03-09;8;211
28;2025-03-09;9;252
28;2025-03-09;10;325
28;2025-03-09;11;478
28;2025-03-09;12;502
28;2025-03-09;13;501
28;2025-03-09;14;589
28;2025-03-09;15;494
28;2025-03-09;16;458
28;2025-03-09;17;464
28;2025-03-09;18;473
28;2025-03-09;19;373
28;2025-03-09;20;237
28;2025-03-09;21;228
28;2025-03-09;22;104
28;2025-03-09;23;11
28;2025-03-10;5;75
28;2025-03-10;6;239
28;2025-03-10;7;771
28;2025-03-10;8;1106
28;2025-03-10;9;758
28;2025-03-10;10;487
28;2025-03-10;11;460
28;2025-03-10;12;519
28;2025-03-10;13;567
28;2025-03-10;14;539
28;2025-03-10;15;649
28;2025-03-10;16;828
28;2025-03-10;17;785
28;2025-03-10;18;790
28;2025-03-10;19;554
28;2025-03-10;20;460
28;2025-03-10;21;211
28;2025-03-10;22;119
28;2025-03-10;23;11
28;2025-03-11;4;1
28;2025-03-11;5;82
28;2025-03-11;6;308
28;2025-03-11;7;763
28;2025-03-11;8;916
28;2025-03-11;9;1010
28;2025-03-11;10;573
28;2025-03-11;11;461
28;2025-03-11;12;642
28;2025-03-11;13;809
28;2025-03-11;14;719
28;2025-03-11;15;617
28;2025-03-11;16;837
28;2025-03-11;17;893
28;2025-03-11;18;811
28;2025-03-11;19;730
28;2025-03-11;20;521
28;2025-03-11;21;248
28;2025-03-11;22;111
28;2025-03-11;23;24
28;2025-03-12;4;3
28;2025-03-12;5;80
28;2025-03-12;6;210
28;2025-03-12;7;677
28;2025-03-12;8;1147
28;2025-03-12;9;692
28;2025-03-12;10;504
28;2025-03-12;11;581
28;2025-03-12;12;655
28;2025-03-12;13;563
28;2025-03-12;14;473
28;2025-03-12;15;618
28;2025-03-12;16;784
28;2025-03-12;17;970
28;2025-03-12;18;837
28;2025-03-12;19;719
28;2025-03-12;20;413
28;2025-03-12;21;282
28;2025-03-12;22;114
28;2025-03-12;23;15
28;2025-03-13;4;3
28;2025-03-13;5;89
28;2025-03-13;6;272
28;2025-03-13;7;966
28;2025-03-13;8;1330
28;2025-03-13;9;912
28;2025-03-13;10;643
28;2025-03-13;11;510
28;2025-03-13;12;640
28;2025-03-13;13;634
28;2025-03-13;14;654
28;2025-03-13;15;829
28;2025-03-13;16;882
28;2025-03-13;17;1012
28;2025-03-13;18;937
28;2025-03-13;19;656
28;2025-03-13;20;485
28;2025-03-13;21;322
28;2025-03-13;22;150
28;2025-03-13;23;12
28;2025-03-14;5;70
28;2025-03-14;6;255
28;2025-03-14;7;683
28;2025-03-14;8;1161
28;2025-03-14;9;969
28;2025-03-14;10;661
28;2025-03-14;11;535
28;2025-03-14;12;624
28;2025-03-14;13;701
28;2025-03-14;14;680
28;2025-03-14;15;717
28;2025-03-14;16;969
28;2025-03-14;17;850
28;2025-03-14;18;701
28;2025-03-14;19;513
28;2025-03-14;20;381
28;2025-03-14;21;260
28;2025-03-14;22;162
28;2025-03-14;23;28
28;2025-03-15;5;36
28;2025-03-15;6;90
28;2025-03-15;7;212
28;2025-03-15;8;334
28;2025-03-15;9;442
28;2025-03-15;10;585
28;2025-03-15;11;619
28;2025-03-15;12;632
28;2025-03-15;13;634
28;2025-03-15;14;519
28;2025-03-15;15;571
28;2025-03-15;16;556
28;2025-03-15;17;637
28;2025-03-15;18;517
28;2025-03-15;19;381
28;2025-03-15;20;323
28;2025-03-15;21;263
28;2025-03-15;22;111
28;2025-03-15;23;7
28;2025-03-16;4;2
28;2025-03-16;5;32
28;2025-03-16;6;73
28;2025-03-16;7;143
28;2025-03-16;8;202
28;2025-03-16;9;333
28;2025-03-16;10;382
28;2025-03-16;11;443
28;2025-03-16;12;459
28;2025-03-16;13;553
28;2025-03-16;14;496
28;2025-03-16;15;518
28;2025-03-16;16;495
28;2025-03-16;17;527
28;2025-03-16;18;441
28;2025-03-16;19;379
28;2025-03-16;20;346
28;2025-03-16;21;261
28;2025-03-16;22;147
28;2025-03-16;23;13
28;2025-03-17;4;2
28;2025-03-17;5;66
28;2025-03-17;6;282
28;2025-03-17;7;765
28;2025-03-17;8;1082
28;2025-03-17;9;1004
28;2025-03-17;10;608
28;2025-03-17;11;645
28;2025-03-17;12;728
28;2025-03-17;13;705
28;2025-03-17;14;609
28;2025-03-17;15;624
28;2025-03-17;16;734
28;2025-03-17;17;1078
28;2025-03-17;18;1008
28;2025-03-17;19;653
28;2025-03-17;20;378
28;2025-03-17;21;279
28;2025-03-17;22;110
28;2025-03-17;23;17
28;2025-03-18;5;74
28;2025-03-18;6;264
28;2025-03-18;7;864
28;2025-03-18;8;1142
28;2025-03-18;9;888
28;2025-03-18;10;628
28;2025-03-18;11;610
28;2025-03-18;12;589
28;2025-03-18;13;892
28;2025-03-18;14;674
28;2025-03-18;15;625
28;2025-03-18;16;899
28;2025-03-18;17;1100
28;2025-03-18;18;888
28;2025-03-18;19;670
28;2025-03-18;20;535
28;2025-03-18;21;364
28;2025-03-18;22;157
28;2025-03-18;23;21
28;2025-03-19;4;1
28;2025-03-19;5;90
28;2025-03-19;6;333
28;2025-03-19;7;934
28;2025-03-19;8;1266
28;2025-03-19;9;887
28;2025-03-19;10;566
28;2025-03-19;11;630
28;2025-03-19;12;591
28;2025-03-19;13;567
28;2025-03-19;14;449
28;2025-03-19;15;575
28;2025-03-19;16;676
28;2025-03-19;17;812
28;2025-03-19;18;929
28;2025-03-19;19;670
28;2025-03-19;20;488
28;2025-03-19;21;279
28;2025-03-19;22;144
28;2025-03-19;23;17
28;2025-03-20;4;2
28;2025-03-20;5;69
28;2025-03-20;6;294
28;2025-03-20;7;783
28;2025-03-20;8;1298
28;2025-03-20;9;902
28;2025-03-20;10;656
28;2025-03-20;11;539
28;2025-03-20;12;684
28;2025-03-20;13;690
28;2025-03-20;14;449
28;2025-03-20;15;417
28;2025-03-20;16;381
28;2025-03-20;17;1046
28;2025-03-20;18;887
28;2025-03-20;19;683
28;2025-03-20;20;307
28;2025-03-20;21;177
28;2025-03-20;22;78
28;2025-03-20;23;25
28;2025-03-21;4;2
28;2025-03-21;5;63
28;2025-03-21;6;275
28;2025-03-21;7;770
28;2025-03-21;8;1267
28;2025-03-21;9;793
28;2025-03-21;10;697
28;2025-03-21;11;575
28;2025-03-21;12;675
28;2025-03-21;13;777
28;2025-03-21;14;634
28;2025-03-21;15;599
28;2025-03-21;16;949
28;2025-03-21;17;1061
28;2025-03-21;18;819
28;2025-03-21;19;579
28;2025-03-21;20;482
28;2025-03-21;21;310
28;2025-03-21;22;163
28;2025-03-21;23;31
28;2025-03-22;4;1
28;2025-03-22;5;29
28;2025-03-22;6;83
28;2025-03-22;7;228
28;2025-03-22;8;390
28;2025-03-22;9;573
28;2025-03-22;10;461
28;2025-03-22;11;608
28;2025-03-22;12;577
28;2025-03-22;13;514
28;2025-03-22;14;604
28;2025-03-22;15;573
28;2025-03-22;16;550
28;2025-03-22;17;589
28;2025-03-22;18;518
28;2025-03-22;19;473
28;2025-03-22;20;298
28;2025-03-22;21;278
28;2025-03-22;22;117
28;2025-03-22;23;37
28;2025-03-23;5;17
28;2025-03-23;6;78
28;2025-03-23;7;164
28;2025-03-23;8;261
28;2025-03-23;9;335
28;2025-03-23;10;353
28;2025-03-23;11;487
28;2025-03-23;12;474
28;2025-03-23;13;594
28;2025-03-23;14;565
28;2025-03-23;15;506
28;2025-03-23;16;512
28;2025-03-23;17;509
28;2025-03-23;18;414
28;2025-03-23;19;363
28;2025-03-23;20;274
28;2025-03-23;21;224
28;2025-03-23;22;91
28;2025-03-23;23;18
28;2025-03-24;4;2
28;2025-03-24;5;76
28;2025-03-24;6;267
28;2025-03-24;7;828
28;2025-03-24;8;1280
28;2025-03-24;9;859
28;2025-03-24;10;623
28;2025-03-24;11;646
28;2025-03-24;12;701
28;2025-03-24;13;659
28;2025-03-24;14;619
28;2025-03-24;15;687
28;2025-03-24;16;826
28;2025-03-24;17;772
28;2025-03-24;18;859
28;2025-03-24;19;667
28;2025-03-24;20;533
28;2025-03-24;21;299
28;2025-03-24;22;109
28;2025-03-24;23;12
28;2025-03-25;4;3
28;2025-03-25;5;67
28;2025-03-25;6;258
28;2025-03-25;7;819
28;2025-03-25;8;1397
28;2025-03-25;9;1131
28;2025-03-25;10;686
28;2025-03-25;11;556
28;2025-03-25;12;732
28;2025-03-25;13;653
28;2025-03-25;14;425
28;2025-03-25;15;447
28;2025-03-25;16;836
28;2025-03-25;17;998
28;2025-03-25;18;922
28;2025-03-25;19;800
28;2025-03-25;20;475
28;2025-03-25;21;295
28;2025-03-25;22;99
28;2025-03-25;23;31
28;2025-03-26;4;1
28;2025-03-26;5;74
28;2025-03-26;6;240
28;2025-03-26;7;695
28;2025-03-26;8;1051
28;2025-03-26;9;731
28;2025-03-26;10;653
28;2025-03-26;11;503
28;2025-03-26;12;655
28;2025-03-26;13;697
28;2025-03-26;14;769
28;2025-03-26;15;842
28;2025-03-26;16;793
28;2025-03-26;17;889
28;2025-03-26;18;920
28;2025-03-26;19;670
28;2025-03-26;20;496
28;2025-03-26;21;264
28;2025-03-26;22;168
28;2025-03-26;23;27
28;2025-03-27;5;68
28;2025-03-27;6;280
28;2025-03-27;7;870
28;2025-03-27;8;1399
28;2025-03-27;9;895
28;2025-03-27;10;707
28;2025-03-27;11;613
28;2025-03-27;12;740
28;2025-03-27;13;886
28;2025-03-27;14;676
28;2025-03-27;15;701
28;2025-03-27;16;871
28;2025-03-27;17;1107
28;2025-03-27;18;1150
28;2025-03-27;19;663
28;2025-03-27;20;533
28;2025-03-27;21;362
28;2025-03-27;22;123
28;2025-03-27;23;22
28;2025-03-28;4;2
28;2025-03-28;5;50
28;2025-03-28;6;263
28;2025-03-28;7;785
28;2025-03-28;8;1052
28;2025-03-28;9;808
28;2025-03-28;10;538
28;2025-03-28;11;647
28;2025-03-28;12;759
28;2025-03-28;13;686
28;2025-03-28;14;691
28;2025-03-28;15;753
28;2025-03-28;16;995
28;2025-03-28;17;1145
28;2025-03-28;18;912
28;2025-03-28;19;620
28;2025-03-28;20;508
28;2025-03-28;21;298
28;2025-03-28;22;169
28;2025-03-28;23;17
28;2025-03-29;4;5
28;2025-03-29;5;37
28;2025-03-29;6;91
28;2025-03-29;7;241
28;2025-03-29;8;412
28;2025-03-29;9;452
28;2025-03-29;10;458
28;2025-03-29;11;531
28;2025-03-29;12;709
28;2025-03-29;13;647
28;2025-03-29;14;554
28;2025-03-29;15;615
28;2025-03-29;16;502
28;2025-03-29;17;536
28;2025-03-29;18;554
28;2025-03-29;19;412
28;2025-03-29;20;308
28;2025-03-29;21;278
28;2025-03-29;22;136
28;2025-03-29;23;8
28;2025-03-30;5;37
28;2025-03-30;6;92
28;2025-03-30;7;146
28;2025-03-30;8;239
28;2025-03-30;9;366
28;2025-03-30;10;371
28;2025-03-30;11;433
28;2025-03-30;12;468
28;2025-03-30;13;469
28;2025-03-30;14;476
28;2025-03-30;15;541
28;2025-03-30;16;489
28;2025-03-30;17;497
28;2025-03-30;18;390
28;2025-03-30;19;387
28;2025-03-30;20;283
28;2025-03-30;21;219
28;2025-03-30;22;122
28;2025-03-30;23;9
28;2025-03-31;4;1
28;2025-03-31;5;83
28;2025-03-31;6;341
28;2025-03-31;7;973
28;2025-03-31;8;1277
28;2025-03-31;9;789
28;2025-03-31;10;542
28;2025-03-31;11;600
28;2025-03-31;12;749
28;2025-03-31;13;751
28;2025-03-31;14;738
28;2025-03-31;15;890
28;2025-03-31;16;1110
28;2025-03-31;17;1074
28;2025-03-31;18;1033
28;2025-03-31;19;867
28;2025-03-31;20;588
28;2025-03-31;21;324
28;2025-03-31;22;161
28;2025-03-31;23;25
28;2025-04-01;0;4
28;2025-04-01;4;3
28;2025-04-01;5;135
28;2025-04-01;6;364
28;2025-04-01;7;954
28;2025-04-01;8;1445
28;2025-04-01;9;826
28;2025-04-01;10;919
28;2025-04-01;11;753
28;2025-04-01;12;896
28;2025-04-01;13;847
28;2025-04-01;14;840
28;2025-04-01;15;819
28;2025-04-01;16;1086
28;2025-04-01;17;910
28;2025-04-01;18;1215
28;2025-04-01;19;747
28;2025-04-01;20;521
28;2025-04-01;21;253
28;2025-04-01;22;110
28;2025-04-01;23;20
28;2025-04-02;4;6
28;2025-04-02;5;118
28;2025-04-02;6;355
28;2025-04-02;7;797
28;2025-04-02;8;1744
28;2025-04-02;9;1002
28;2025-04-02;10;922
28;2025-04-02;11;927
28;2025-04-02;12;1012
28;2025-04-02;13;703
28;2025-04-02;14;820
28;2025-04-02;15;781
28;2025-04-02;16;758
28;2025-04-02;17;1035
28;2025-04-02;18;1250
28;2025-04-02;19;955
28;2025-04-02;20;716
28;2025-04-02;21;478
28;2025-04-02;22;159
28;2025-04-02;23;52
28;2025-04-03;0;11
28;2025-04-03;1;4
28;2025-04-03;4;7
28;2025-04-03;5;159
28;2025-04-03;6;410
28;2025-04-03;7;960
28;2025-04-03;8;1470
28;2025-04-03;9;1013
28;2025-04-03;10;803
28;2025-04-03;11;675
28;2025-04-03;12;779
28;2025-04-03;13;780
28;2025-04-03;14;850
28;2025-04-03;15;699
28;2025-04-03;16;1085
28;2025-04-03;17;1335
28;2025-04-03;18;1110
28;2025-04-03;19;1003
28;2025-04-03;20;709
28;2025-04-03;21;429
28;2025-04-03;22;212
28;2025-04-03;23;86
28;2025-04-04;0;17
28;2025-04-04;1;4
28;2025-04-04;4;6
28;2025-04-04;5;114
28;2025-04-04;6;361
28;2025-04-04;7;986
28;2025-04-04;8;1783
28;2025-04-04;9;1139
28;2025-04-04;10;916
28;2025-04-04;11;1038
28;2025-04-04;12;1081
28;2025-04-04;13;724
28;2025-04-04;14;795
28;2025-04-04;15;833
28;2025-04-04;16;1122
28;2025-04-04;17;1442
28;2025-04-04;18;1127
28;2025-04-04;19;935
28;2025-04-04;20;617
28;2025-04-04;21;441
28;2025-04-04;22;188
28;2025-04-04;23;69
28;2025-04-05;0;18
28;2025-04-05;1;6
28;2025-04-05;4;3
28;2025-04-05;5;47
28;2025-04-05;6;231
28;2025-04-05;7;368
28;2025-04-05;8;509
28;2025-04-05;9;574
28;2025-04-05;10;469
28;2025-04-05;11;607
28;2025-04-05;12;733
28;2025-04-05;13;767
28;2025-04-05;14;836
28;2025-04-05;15;754
28;2025-04-05;16;587
28;2025-04-05;17;723
28;2025-04-05;18;447
28;2025-04-05;19;346
28;2025-04-05;20;322
28;2025-04-05;21;260
28;2025-04-05;22;131
28;2025-04-05;23;29
28;2025-04-06;0;15
28;2025-04-06;1;1
28;2025-04-06;4;2
28;2025-04-06;5;46
28;2025-04-06;6;117
28;2025-04-06;7;194
28;2025-04-06;8;262
28;2025-04-06;9;437
28;2025-04-06;10;411
28;2025-04-06;11;443
28;2025-04-06;12;492
28;2025-04-06;13;529
28;2025-04-06;14;481
28;2025-04-06;15;400
28;2025-04-06;16;579
28;2025-04-06;17;285
28;2025-04-06;18;305
28;2025-04-06;19;367
28;2025-04-06;20;268
28;2025-04-06;21;220
28;2025-04-06;22;133
28;2025-04-06;23;23
28;2025-04-07;0;9
28;2025-04-07;5;85
28;2025-04-07;6;284
28;2025-04-07;7;680
28;2025-04-07;8;1228
28;2025-04-07;9;1038
28;2025-04-07;10;619
28;2025-04-07;11;549
28;2025-04-07;12;652
28;2025-04-07;13;617
28;2025-04-07;14;519
28;2025-04-07;15;562
28;2025-04-07;16;749
28;2025-04-07;17;986
28;2025-04-07;18;887
28;2025-04-07;19;821
28;2025-04-07;20;502
28;2025-04-07;21;302
28;2025-04-07;22;138
28;2025-04-07;23;9
28;2025-04-08;4;1
28;2025-04-08;5;85
28;2025-04-08;6;276
28;2025-04-08;7;727
28;2025-04-08;8;1106
28;2025-04-08;9;1057
28;2025-04-08;10;796
28;2025-04-08;11;693
28;2025-04-08;12;976
28;2025-04-08;13;851
28;2025-04-08;14;756
28;2025-04-08;15;706
28;2025-04-08;16;723
28;2025-04-08;17;901
28;2025-04-08;18;806
28;2025-04-08;19;764
28;2025-04-08;20;469
28;2025-04-08;21;293
28;2025-04-08;22;100
28;2025-04-08;23;13
28;2025-04-09;4;3
28;2025-04-09;5;118
28;2025-04-09;6;318
28;2025-04-09;7;716
28;2025-04-09;8;1213
28;2025-04-09;9;1002
28;2025-04-09;10;696
28;2025-04-09;11;767
28;2025-04-09;12;994
28;2025-04-09;13;928
28;2025-04-09;14;693
28;2025-04-09;15;578
28;2025-04-09;16;978
28;2025-04-09;17;994
28;2025-04-09;18;1028
28;2025-04-09;19;661
28;2025-04-09;20;546
28;2025-04-09;21;281
28;2025-04-09;22;140
28;2025-04-09;23;3
28;2025-04-10;4;4
28;2025-04-10;5;73
28;2025-04-10;6;332
28;2025-04-10;7;685
28;2025-04-10;8;1087
28;2025-04-10;9;943
28;2025-04-10;10;681
28;2025-04-10;11;705
28;2025-04-10;12;942
28;2025-04-10;13;877
28;2025-04-10;14;738
28;2025-04-10;15;856
28;2025-04-10;16;794
28;2025-04-10;17;938
28;2025-04-10;18;893
28;2025-04-10;19;719
28;2025-04-10;20;535
28;2025-04-10;21;380
28;2025-04-10;22;148
28;2025-04-10;23;22
28;2025-04-11;4;2
28;2025-04-11;5;64
28;2025-04-11;6;245
28;2025-04-11;7;611
28;2025-04-11;8;893
28;2025-04-11;9;752
28;2025-04-11;10;731
28;2025-04-11;11;495
28;2025-04-11;12;749
28;2025-04-11;13;830
28;2025-04-11;14;589
28;2025-04-11;15;676
28;2025-04-11;16;893
28;2025-04-11;17;1113
28;2025-04-11;18;785
28;2025-04-11;19;656
28;2025-04-11;20;458
28;2025-04-11;21;344
28;2025-04-11;22;159
28;2025-04-11;23;8
28;2025-04-12;5;20
28;2025-04-12;6;96
28;2025-04-12;7;159
28;2025-04-12;8;304
28;2025-04-12;9;455
28;2025-04-12;10;498
28;2025-04-12;11;522
28;2025-04-12;12;602
28;2025-04-12;13;618
28;2025-04-12;14;616
28;2025-04-12;15;595
28;2025-04-12;16;496
28;2025-04-12;17;507
28;2025-04-12;18;448
28;2025-04-12;19;408
28;2025-04-12;20;306
28;2025-04-12;21;229
28;2025-04-12;22;164
28;2025-04-12;23;6
28;2025-04-13;5;25
28;2025-04-13;6;86
28;2025-04-13;7;159
28;2025-04-13;8;246
28;2025-04-13;9;371
28;2025-04-13;10;384
28;2025-04-13;11;447
28;2025-04-13;12;524
28;2025-04-13;13;612
28;2025-04-13;14;513
28;2025-04-13;15;475
28;2025-04-13;16;414
28;2025-04-13;17;434
28;2025-04-13;18;406
28;2025-04-13;19;293
28;2025-04-13;20;311
28;2025-04-13;21;267
28;2025-04-13;22;112
28;2025-04-13;23;7
28;2025-04-14;4;2
28;2025-04-14;5;78
28;2025-04-14;6;281
28;2025-04-14;7;771
28;2025-04-14;8;1204
28;2025-04-14;9;866
28;2025-04-14;10;604
28;2025-04-14;11;402
28;2025-04-14;12;546
28;2025-04-14;13;782
28;2025-04-14;14;681
28;2025-04-14;15;668
28;2025-04-14;16;944
28;2025-04-14;17;950
28;2025-04-14;18;875
28;2025-04-14;19;713
28;2025-04-14;20;535
28;2025-04-14;21;264
28;2025-04-14;22;90
28;2025-04-14;23;4
28;2025-04-15;5;68
28;2025-04-15;6;257
28;2025-04-15;7;691
28;2025-04-15;8;1116
28;2025-04-15;9;833
28;2025-04-15;10;661
28;2025-04-15;11;535
28;2025-04-15;12;622
28;2025-04-15;13;759
28;2025-04-15;14;849
28;2025-04-15;15;760
28;2025-04-15;16;693
28;2025-04-15;17;761
28;2025-04-15;18;999
28;2025-04-15;19;696
28;2025-04-15;20;512
28;2025-04-15;21;257
28;2025-04-15;22;153
28;2025-04-15;23;14
28;2025-04-16;4;2
28;2025-04-16;5;73
28;2025-04-16;6;239
28;2025-04-16;7;728
28;2025-04-16;8;1338
28;2025-04-16;9;901
28;2025-04-16;10;675
28;2025-04-16;11;675
28;2025-04-16;12;809
28;2025-04-16;13;808
28;2025-04-16;14;701
28;2025-04-16;15;758
28;2025-04-16;16;1039
28;2025-04-16;17;962
28;2025-04-16;18;1148
28;2025-04-16;19;802
28;2025-04-16;20;545
28;2025-04-16;21;381
28;2025-04-16;22;146
28;2025-04-16;23;17
28;2025-04-17;0;5
28;2025-04-17;1;1
28;2025-04-17;4;1
28;2025-04-17;5;87
28;2025-04-17;6;275
28;2025-04-17;7;629
28;2025-04-17;8;1062
28;2025-04-17;9;865
28;2025-04-17;10;643
28;2025-04-17;11;491
28;2025-04-17;12;722
28;2025-04-17;13;673
28;2025-04-17;14;645
28;2025-04-17;15;680
28;2025-04-17;16;794
28;2025-04-17;17;928
28;2025-04-17;18;954
28;2025-04-17;19;742
28;2025-04-17;20;613
28;2025-04-17;21;360
28;2025-04-17;22;149
28;2025-04-17;23;1
28;2025-04-18;4;1
28;2025-04-18;5;76
28;2025-04-18;6;292
28;2025-04-18;7;868
28;2025-04-18;8;1086
28;2025-04-18;9;918
28;2025-04-18;10;597
28;2025-04-18;11;630
28;2025-04-18;12;705
28;2025-04-18;13;690
28;2025-04-18;14;668
28;2025-04-18;15;805
28;2025-04-18;16;853
28;2025-04-18;17;1021
28;2025-04-18;18;789
28;2025-04-18;19;725
28;2025-04-18;20;593
28;2025-04-18;21;298
28;2025-04-18;22;164
28;2025-04-18;23;12
28;2025-04-19;5;44
28;2025-04-19;6;104
28;2025-04-19;7;272
28;2025-04-19;8;448
28;2025-04-19;9;455
28;2025-04-19;10;488
28;2025-04-19;11;577
28;2025-04-19;12;555
28;2025-04-19;13;672
28;2025-04-19;14;593
28;2025-04-19;15;638
28;2025-04-19;16;632
28;2025-04-19;17;642
28;2025-04-19;18;505
28;2025-04-19;19;485
28;2025-04-19;20;375
28;2025-04-19;21;307
28;2025-04-19;22;249
28;2025-04-19;23;125
28;2025-04-20;0;64
28;2025-04-20;1;73
28;2025-04-20;2;34
28;2025-04-20;3;50
28;2025-04-20;4;1
28;2025-04-20;5;22
28;2025-04-20;6;78
28;2025-04-20;7;131
28;2025-04-20;8;246
28;2025-04-20;9;346
28;2025-04-20;10;391
28;2025-04-20;11;382
28;2025-04-20;12;516
28;2025-04-20;13;488
28;2025-04-20;14;452
28;2025-04-20;15;442
28;2025-04-20;16;531
28;2025-04-20;17;441
28;2025-04-20;18;406
28;2025-04-20;19;339
28;2025-04-20;20;315
28;2025-04-20;21;274
28;2025-04-20;22;122
28;2025-04-20;23;7
28;2025-04-21;0;3
28;2025-04-21;4;5
28;2025-04-21;5;94
28;2025-04-21;6;316
28;2025-04-21;7;921
28;2025-04-21;8;1248
28;2025-04-21;9;808
28;2025-04-21;10;595
28;2025-04-21;11;579
28;2025-04-21;12;786
28;2025-04-21;13;771
28;2025-04-21;14;628
28;2025-04-21;15;624
28;2025-04-21;16;892
28;2025-04-21;17;990
28;2025-04-21;18;934
28;2025-04-21;19;873
28;2025-04-21;20;514
28;2025-04-21;21;385
28;2025-04-21;22;124
28;2025-04-21;23;5
28;2025-04-22;4;2
28;2025-04-22;5;85
28;2025-04-22;6;317
28;2025-04-22;7;782
28;2025-04-22;8;1033
28;2025-04-22;9;781
28;2025-04-22;10;691
28;2025-04-22;11;605
28;2025-04-22;12;655
28;2025-04-22;13;647
28;2025-04-22;14;678
28;2025-04-22;15;627
28;2025-04-22;16;866
28;2025-04-22;17;895
28;2025-04-22;18;895
28;2025-04-22;19;731
28;2025-04-22;20;564
28;2025-04-22;21;278
28;2025-04-22;22;121
28;2025-04-22;23;8
28;2025-04-23;5;86
28;2025-04-23;6;294
28;2025-04-23;7;770
28;2025-04-23;8;1198
28;2025-04-23;9;992
28;2025-04-23;10;642
28;2025-04-23;11;570
28;2025-04-23;12;637
28;2025-04-23;13;721
28;2025-04-23;14;575
28;2025-04-23;15;720
28;2025-04-23;16;895
28;2025-04-23;17;990
28;2025-04-23;18;829
28;2025-04-23;19;676
28;2025-04-23;20;465
28;2025-04-23;21;353
28;2025-04-23;22;145
28;2025-04-23;23;4
28;2025-04-24;4;2
28;2025-04-24;5;95
28;2025-04-24;6;304
28;2025-04-24;7;841
28;2025-04-24;8;1354
28;2025-04-24;9;850
28;2025-04-24;10;726
28;2025-04-24;11;626
28;2025-04-24;12;842
28;2025-04-24;13;772
28;2025-04-24;14;721
28;2025-04-24;15;714
28;2025-04-24;16;834
28;2025-04-24;17;898
28;2025-04-24;18;1105
28;2025-04-24;19;713
28;2025-04-24;20;595
28;2025-04-24;21;369
28;2025-04-24;22;180
28;2025-04-24;23;18
28;2025-04-25;4;4
28;2025-04-25;5;71
28;2025-04-25;6;232
28;2025-04-25;7;719
28;2025-04-25;8;1226
28;2025-04-25;9;824
28;2025-04-25;10;567
28;2025-04-25;11;436
28;2025-04-25;12;604
28;2025-04-25;13;572
28;2025-04-25;14;766
28;2025-04-25;15;631
28;2025-04-25;16;753
28;2025-04-25;17;763
28;2025-04-25;18;878
28;2025-04-25;19;614
28;2025-04-25;20;412
28;2025-04-25;21;291
28;2025-04-25;22;112
28;2025-04-25;23;11
28;2025-04-26;4;1
28;2025-04-26;5;41
28;2025-04-26;6;117
28;2025-04-26;7;169
28;2025-04-26;8;422
28;2025-04-26;9;525
28;2025-04-26;10;519
28;2025-04-26;11;512
28;2025-04-26;12;479
28;2025-04-26;13;568
28;2025-04-26;14;581
28;2025-04-26;15;559
28;2025-04-26;16;539
28;2025-04-26;17;714
28;2025-04-26;18;493
28;2025-04-26;19;406
28;2025-04-26;20;329
28;2025-04-26;21;334
28;2025-04-26;22;187
28;2025-04-26;23;29
28;2025-04-27;0;5
28;2025-04-27;5;40
28;2025-04-27;6;70
28;2025-04-27;7;153
28;2025-04-27;8;203
28;2025-04-27;9;302
28;2025-04-27;10;378
28;2025-04-27;11;327
28;2025-04-27;12;412
28;2025-04-27;13;434
28;2025-04-27;14;432
28;2025-04-27;15;427
28;2025-04-27;16;382
28;2025-04-27;17;320
28;2025-04-27;18;372
28;2025-04-27;19;326
28;2025-04-27;20;337
28;2025-04-27;21;298
28;2025-04-27;22;136
28;2025-04-27;23;50
28;2025-04-28;0;3
28;2025-04-28;1;1
28;2025-04-28;4;4
28;2025-04-28;5;60
28;2025-04-28;6;345
28;2025-04-28;7;804
28;2025-04-28;8;1369
28;2025-04-28;9;794
28;2025-04-28;10;546
28;2025-04-28;11;635
28;2025-04-28;12;670
28;2025-04-28;13;761
28;2025-04-28;14;617
28;2025-04-28;15;666
28;2025-04-28;16;871
28;2025-04-28;17;889
28;2025-04-28;18;934
28;2025-04-28;19;683
28;2025-04-28;20;566
28;2025-04-28;21;325
28;2025-04-28;22;102
28;2025-04-28;23;4
28;2025-04-29;4;8
28;2025-04-29;5;70
28;2025-04-29;6;329
28;2025-04-29;7;863
28;2025-04-29;8;1232
28;2025-04-29;9;935
28;2025-04-29;10;749
28;2025-04-29;11;623
28;2025-04-29;12;801
28;2025-04-29;13;788
28;2025-04-29;14;589
28;2025-04-29;15;685
28;2025-04-29;16;853
28;2025-04-29;17;1002
28;2025-04-29;18;920
28;2025-04-29;19;687
28;2025-04-29;20;551
28;2025-04-29;21;347
28;2025-04-29;22;123
28;2025-04-29;23;18
28;2025-04-30;4;4
28;2025-04-30;5;95
28;2025-04-30;6;274
28;2025-04-30;7;793
28;2025-04-30;8;1122
28;2025-04-30;9;689
28;2025-04-30;10;551
28;2025-04-30;11;623
28;2025-04-30;12;713
28;2025-04-30;13;942
28;2025-04-30;14;719
28;2025-04-30;15;1033
28;2025-04-30;16;991
28;2025-04-30;17;965
28;2025-04-30;18;707
28;2025-04-30;19;590
28;2025-04-30;20;387
28;2025-04-30;21;421
28;2025-04-30;22;227
28;2025-04-30;23;16
28;2025-05-01;5;33
28;2025-05-01;6;81
28;2025-05-01;7;145
28;2025-05-01;8;197
28;2025-05-01;9;249
28;2025-05-01;10;266
28;2025-05-01;11;199
28;2025-05-01;12;282
28;2025-05-01;13;324
28;2025-05-01;14;304
28;2025-05-01;15;359
28;2025-05-01;16;279
28;2025-05-01;17;298
28;2025-05-01;18;295
28;2025-05-01;19;238
28;2025-05-01;20;204
28;2025-05-01;21;178
28;2025-05-01;22;112
28;2025-05-01;23;8
28;2025-05-02;5;32
28;2025-05-02;6;88
28;2025-05-02;7;201
28;2025-05-02;8;222
28;2025-05-02;9;275
28;2025-05-02;10;366
28;2025-05-02;11;341
28;2025-05-02;12;411
28;2025-05-02;13;500
28;2025-05-02;14;433
28;2025-05-02;15;335
28;2025-05-02;16;381
28;2025-05-02;17;375
28;2025-05-02;18;305
28;2025-05-02;19;273
28;2025-05-02;20;297
28;2025-05-02;21;231
28;2025-05-02;22;101
28;2025-05-02;23;23
28;2025-05-03;0;8
28;2025-05-03;1;1
28;2025-05-03;5;25
28;2025-05-03;6;99
28;2025-05-03;7;146
28;2025-05-03;8;266
28;2025-05-03;9;356
28;2025-05-03;10;404
28;2025-05-03;11;430
28;2025-05-03;12;546
28;2025-05-03;13;315
28;2025-05-03;14;437
28;2025-05-03;15;487
28;2025-05-03;16;418
28;2025-05-03;17;447
28;2025-05-03;18;486
28;2025-05-03;19;459
28;2025-05-03;20;353
28;2025-05-03;21;319
28;2025-05-03;22;160
28;2025-05-03;23;57
28;2025-05-04;0;12
28;2025-05-04;1;3
28;2025-05-04;4;1
28;2025-05-04;5;31
28;2025-05-04;6;90
28;2025-05-04;7;115
28;2025-05-04;8;181
28;2025-05-04;9;313
28;2025-05-04;10;222
28;2025-05-04;11;276
28;2025-05-04;12;342
28;2025-05-04;13;314
28;2025-05-04;14;445
28;2025-05-04;15;408
28;2025-05-04;16;362
28;2025-05-04;17;326
28;2025-05-04;18;319
28;2025-05-04;19;242
28;2025-05-04;20;242
28;2025-05-04;21;193
28;2025-05-04;22;91
28;2025-05-04;23;12
28;2025-05-05;0;5
28;2025-05-05;4;4
28;2025-05-05;5;77
28;2025-05-05;6;290
28;2025-05-05;7;734
28;2025-05-05;8;1070
28;2025-05-05;9;671
28;2025-05-05;10;384
28;2025-05-05;11;455
28;2025-05-05;12;539
28;2025-05-05;13;586
28;2025-05-05;14;568
28;2025-05-05;15;568
28;2025-05-05;16;691
28;2025-05-05;17;739
28;2025-05-05;18;793
28;2025-05-05;19;597
28;2025-05-05;20;418
28;2025-05-05;21;268
28;2025-05-05;22;134
28;2025-05-05;23;34
28;2025-05-06;0;2
28;2025-05-06;1;1
28;2025-05-06;4;2
28;2025-05-06;5;68
28;2025-05-06;6;228
28;2025-05-06;7;688
28;2025-05-06;8;932
28;2025-05-06;9;740
28;2025-05-06;10;564
28;2025-05-06;11;516
28;2025-05-06;12;650
28;2025-05-06;13;687
28;2025-05-06;14;732
28;2025-05-06;15;666
28;2025-05-06;16;784
28;2025-05-06;17;845
28;2025-05-06;18;753
28;2025-05-06;19;646
28;2025-05-06;20;523
28;2025-05-06;21;347
28;2025-05-06;22;94
28;2025-05-06;23;8
28;2025-05-07;4;5
28;2025-05-07;5;84
28;2025-05-07;6;279
28;2025-05-07;7;686
28;2025-05-07;8;867
28;2025-05-07;9;815
28;2025-05-07;10;563
28;2025-05-07;11;491
28;2025-05-07;12;685
28;2025-05-07;13;750
28;2025-05-07;14;647
28;2025-05-07;15;649
28;2025-05-07;16;704
28;2025-05-07;17;685
28;2025-05-07;18;676
28;2025-05-07;19;544
28;2025-05-07;20;489
28;2025-05-07;21;312
28;2025-05-07;22;148
28;2025-05-07;23;11
28;2025-05-08;4;2
28;2025-05-08;5;45
28;2025-05-08;6;137
28;2025-05-08;7;176
28;2025-05-08;8;267
28;2025-05-08;9;328
28;2025-05-08;10;362
28;2025-05-08;11;355
28;2025-05-08;12;424
28;2025-05-08;13;426
28;2025-05-08;14;377
28;2025-05-08;15;398
28;2025-05-08;16;399
28;2025-05-08;17;442
28;2025-05-08;18;402
28;2025-05-08;19;368
28;2025-05-08;20;299
28;2025-05-08;21;232
28;2025-05-08;22;119
28;2025-05-08;23;10
28;2025-05-09;5;27
28;2025-05-09;6;88
28;2025-05-09;7;157
28;2025-05-09;8;184
28;2025-05-09;9;283
28;2025-05-09;10;204
28;2025-05-09;11;200
28;2025-05-09;12;360
28;2025-05-09;13;309
28;2025-05-09;14;311
28;2025-05-09;15;307
28;2025-05-09;16;340
28;2025-05-09;17;362
28;2025-05-09;18;270
28;2025-05-09;19;335
28;2025-05-09;20;313
28;2025-05-09;21;299
28;2025-05-09;22;184
28;2025-05-09;23;46
28;2025-05-10;5;37
28;2025-05-10;6;73
28;2025-05-10;7;173
28;2025-05-10;8;285
28;2025-05-10;9;334
28;2025-05-10;10;283
28;2025-05-10;11;350
28;2025-05-10;12;376
28;2025-05-10;13;333
28;2025-05-10;14;403
28;2025-05-10;15;431
28;2025-05-10;16;453
28;2025-05-10;17;487
28;2025-05-10;18;428
28;2025-05-10;19;405
28;2025-05-10;20;285
28;2025-05-10;21;263
28;2025-05-10;22;122
28;2025-05-10;23;9
28;2025-05-11;4;2
28;2025-05-11;5;24
28;2025-05-11;6;92
28;2025-05-11;7;137
28;2025-05-11;8;199
28;2025-05-11;9;280
28;2025-05-11;10;271
28;2025-05-11;11;321
28;2025-05-11;12;329
28;2025-05-11;13;394
28;2025-05-11;14;407
28;2025-05-11;15;423
28;2025-05-11;16;440
28;2025-05-11;17;441
28;2025-05-11;18;344
28;2025-05-11;19;280
28;2025-05-11;20;267
28;2025-05-11;21;224
28;2025-05-11;22;75
28;2025-05-11;23;4
28;2025-05-12;4;2
28;2025-05-12;5;95
28;2025-05-12;6;206
28;2025-05-12;7;693
28;2025-05-12;8;1164
28;2025-05-12;9;858
28;2025-05-12;10;575
28;2025-05-12;11;460
28;2025-05-12;12;535
28;2025-05-12;13;705
28;2025-05-12;14;593
28;2025-05-12;15;649
28;2025-05-12;16;708
28;2025-05-12;17;852
28;2025-05-12;18;822
28;2025-05-12;19;721
28;2025-05-12;20;461
28;2025-05-12;21;309
28;2025-05-12;22;103
28;2025-05-12;23;7
28;2025-05-13;4;3
28;2025-05-13;5;76
28;2025-05-13;6;266
28;2025-05-13;7;902
28;2025-05-13;8;1154
28;2025-05-13;9;932
28;2025-05-13;10;724
28;2025-05-13;11;591
28;2025-05-13;12;824
28;2025-05-13;13;790
28;2025-05-13;14;812
28;2025-05-13;15;820
28;2025-05-13;16;818
28;2025-05-13;17;888
28;2025-05-13;18;918
28;2025-05-13;19;808
28;2025-05-13;20;551
28;2025-05-13;21;357
28;2025-05-13;22;104
28;2025-05-13;23;46
28;2025-05-14;0;5
28;2025-05-14;4;1
28;2025-05-14;5;88
28;2025-05-14;6;290
28;2025-05-14;7;768
28;2025-05-14;8;924
28;2025-05-14;9;751
28;2025-05-14;10;527
28;2025-05-14;11;581
28;2025-05-14;12;674
28;2025-05-14;13;755
28;2025-05-14;14;603
28;2025-05-14;15;649
28;2025-05-14;16;860
28;2025-05-14;17;1039
28;2025-05-14;18;935
28;2025-05-14;19;724
28;2025-05-14;20;419
28;2025-05-14;21;364
28;2025-05-14;22;188
28;2025-05-14;23;23
28;2025-05-15;4;3
28;2025-05-15;5;71
28;2025-05-15;6;281
28;2025-05-15;7;827
28;2025-05-15;8;1220
28;2025-05-15;9;972
28;2025-05-15;10;728
28;2025-05-15;11;730
28;2025-05-15;12;737
28;2025-05-15;13;870
28;2025-05-15;14;754
28;2025-05-15;15;867
28;2025-05-15;16;1055
28;2025-05-15;17;1189
28;2025-05-15;18;1296
28;2025-05-15;19;989
28;2025-05-15;20;653
28;2025-05-15;21;513
28;2025-05-15;22;204
28;2025-05-15;23;67
28;2025-05-16;0;22
28;2025-05-16;1;2
28;2025-05-16;4;3
28;2025-05-16;5;86
28;2025-05-16;6;240
28;2025-05-16;7;499
28;2025-05-16;8;997
28;2025-05-16;9;764
28;2025-05-16;10;486
28;2025-05-16;11;468
28;2025-05-16;12;553
28;2025-05-16;13;612
28;2025-05-16;14;617
28;2025-05-16;15;653
28;2025-05-16;16;707
28;2025-05-16;17;711
28;2025-05-16;18;701
28;2025-05-16;19;532
28;2025-05-16;20;419
28;2025-05-16;21;291
28;2025-05-16;22;126
28;2025-05-16;23;7
28;2025-05-17;4;2
28;2025-05-17;5;46
28;2025-05-17;6;98
28;2025-05-17;7;194
28;2025-05-17;8;398
28;2025-05-17;9;527
28;2025-05-17;10;462
28;2025-05-17;11;500
28;2025-05-17;12;642
28;2025-05-17;13;811
28;2025-05-17;14;747
28;2025-05-17;15;614
28;2025-05-17;16;547
28;2025-05-17;17;605
28;2025-05-17;18;571
28;2025-05-17;19;584
28;2025-05-17;20;491
28;2025-05-17;21;444
28;2025-05-17;22;192
28;2025-05-17;23;75
28;2025-05-18;0;18
28;2025-05-18;1;19
28;2025-05-18;4;1
28;2025-05-18;5;35
28;2025-05-18;6;74
28;2025-05-18;7;156
28;2025-05-18;8;267
28;2025-05-18;9;367
28;2025-05-18;10;438
28;2025-05-18;11;553
28;2025-05-18;12;543
28;2025-05-18;13;587
28;2025-05-18;14;571
28;2025-05-18;15;522
28;2025-05-18;16;485
28;2025-05-18;17;478
28;2025-05-18;18;483
28;2025-05-18;19;417
28;2025-05-18;20;353
28;2025-05-18;21;343
28;2025-05-18;22;122
28;2025-05-18;23;29
28;2025-05-19;0;2
28;2025-05-19;1;5
28;2025-05-19;4;3
28;2025-05-19;5;79
28;2025-05-19;6;256
28;2025-05-19;7;736
28;2025-05-19;8;1230
28;2025-05-19;9;812
28;2025-05-19;10;645
28;2025-05-19;11;646
28;2025-05-19;12;795
28;2025-05-19;13;939
28;2025-05-19;14;660
28;2025-05-19;15;742
28;2025-05-19;16;916
28;2025-05-19;17;951
28;2025-05-19;18;959
28;2025-05-19;19;754
28;2025-05-19;20;502
28;2025-05-19;21;325
28;2025-05-19;22;122
28;2025-05-19;23;17
28;2025-05-20;4;7
28;2025-05-20;5;61
28;2025-05-20;6;212
28;2025-05-20;7;623
28;2025-05-20;8;1136
28;2025-05-20;9;747
28;2025-05-20;10;679
28;2025-05-20;11;466
28;2025-05-20;12;484
28;2025-05-20;13;722
28;2025-05-20;14;621
28;2025-05-20;15;647
28;2025-05-20;16;759
28;2025-05-20;17;964
28;2025-05-20;18;825
28;2025-05-20;19;733
28;2025-05-20;20;564
28;2025-05-20;21;382
28;2025-05-20;22;181
28;2025-05-20;23;23
28;2025-05-21;4;3
28;2025-05-21;5;80
28;2025-05-21;6;277
28;2025-05-21;7;910
28;2025-05-21;8;1376
28;2025-05-21;9;948
28;2025-05-21;10;731
28;2025-05-21;11;769
28;2025-05-21;12;865
28;2025-05-21;13;927
28;2025-05-21;14;878
28;2025-05-21;15;819
28;2025-05-21;16;800
28;2025-05-21;17;1002
28;2025-05-21;18;1078
28;2025-05-21;19;820
28;2025-05-21;20;683
28;2025-05-21;21;407
28;2025-05-21;22;178
28;2025-05-21;23;38
28;2025-05-22;4;3
28;2025-05-22;5;72
28;2025-05-22;6;220
28;2025-05-22;7;691
28;2025-05-22;8;1049
28;2025-05-22;9;811
28;2025-05-22;10;533
28;2025-05-22;11;707
28;2025-05-22;12;843
28;2025-05-22;13;680
28;2025-05-22;14;788
28;2025-05-22;15;572
28;2025-05-22;16;795
28;2025-05-22;17;706
28;2025-05-22;18;768
28;2025-05-22;19;725
28;2025-05-22;20;516
28;2025-05-22;21;332
28;2025-05-22;22;136
28;2025-05-22;23;14
28;2025-05-23;0;1
28;2025-05-23;4;2
28;2025-05-23;5;91
28;2025-05-23;6;295
28;2025-05-23;7;923
28;2025-05-23;8;1314
28;2025-05-23;9;985
28;2025-05-23;10;695
28;2025-05-23;11;870
28;2025-05-23;12;847
28;2025-05-23;13;810
28;2025-05-23;14;1095
28;2025-05-23;15;841
28;2025-05-23;16;1009
28;2025-05-23;17;1090
28;2025-05-23;18;812
28;2025-05-23;19;671
28;2025-05-23;20;551
28;2025-05-23;21;379
28;2025-05-23;22;160
28;2025-05-23;23;13
28;2025-05-24;4;2
28;2025-05-24;5;38
28;2025-05-24;6;86
28;2025-05-24;7;204
28;2025-05-24;8;348
28;2025-05-24;9;409
28;2025-05-24;10;425
28;2025-05-24;11;463
28;2025-05-24;12;510
28;2025-05-24;13;555
28;2025-05-24;14;582
28;2025-05-24;15;531
28;2025-05-24;16;510
28;2025-05-24;17;494
28;2025-05-24;18;456
28;2025-05-24;19;463
28;2025-05-24;20;356
28;2025-05-24;21;356
28;2025-05-24;22;166
28;2025-05-24;23;42
28;2025-05-25;0;32
28;2025-05-25;4;1
28;2025-05-25;5;36
28;2025-05-25;6;96
28;2025-05-25;7;171
28;2025-05-25;8;293
28;2025-05-25;9;397
28;2025-05-25;10;466
28;2025-05-25;11;457
28;2025-05-25;12;459
28;2025-05-25;13;558
28;2025-05-25;14;605
28;2025-05-25;15;665
28;2025-05-25;16;607
28;2025-05-25;17;527
28;2025-05-25;18;470
28;2025-05-25;19;478
28;2025-05-25;20;402
28;2025-05-25;21;306
28;2025-05-25;22;196
28;2025-05-25;23;41
28;2025-05-26;5;96
28;2025-05-26;6;316
28;2025-05-26;7;709
28;2025-05-26;8;974
28;2025-05-26;9;853
28;2025-05-26;10;673
28;2025-05-26;11;598
28;2025-05-26;12;644
28;2025-05-26;13;745
28;2025-05-26;14;582
28;2025-05-26;15;423
28;2025-05-26;16;628
28;2025-05-26;17;903
28;2025-05-26;18;912
28;2025-05-26;19;667
28;2025-05-26;20;464
28;2025-05-26;21;307
28;2025-05-26;22;147
28;2025-05-26;23;7
28;2025-05-27;4;7
28;2025-05-27;5;71
28;2025-05-27;6;258
28;2025-05-27;7;700
28;2025-05-27;8;1169
28;2025-05-27;9;976
28;2025-05-27;10;544
28;2025-05-27;11;687
28;2025-05-27;12;816
28;2025-05-27;13;868
28;2025-05-27;14;619
28;2025-05-27;15;790
28;2025-05-27;16;829
28;2025-05-27;17;1024
28;2025-05-27;18;1033
28;2025-05-27;19;664
28;2025-05-27;20;514
28;2025-05-27;21;483
28;2025-05-27;22;175
28;2025-05-27;23;5
28;2025-05-28;4;3
28;2025-05-28;5;92
28;2025-05-28;6;258
28;2025-05-28;7;691
28;2025-05-28;8;1219
28;2025-05-28;9;996
28;2025-05-28;10;781
28;2025-05-28;11;607
28;2025-05-28;12;725
28;2025-05-28;13;739
28;2025-05-28;14;642
28;2025-05-28;15;739
28;2025-05-28;16;890
28;2025-05-28;17;926
28;2025-05-28;18;717
28;2025-05-28;19;754
28;2025-05-28;20;635
28;2025-05-28;21;355
28;2025-05-28;22;161
28;2025-05-28;23;11
28;2025-05-29;4;1
28;2025-05-29;5;80
28;2025-05-29;6;298
28;2025-05-29;7;626
28;2025-05-29;8;994
28;2025-05-29;9;1117
28;2025-05-29;10;569
28;2025-05-29;11;605
28;2025-05-29;12;637
28;2025-05-29;13;683
28;2025-05-29;14;625
28;2025-05-29;15;581
28;2025-05-29;16;779
28;2025-05-29;17;746
28;2025-05-29;18;662
28;2025-05-29;19;551
28;2025-05-29;20;557
28;2025-05-29;21;342
28;2025-05-29;22;152
28;2025-05-29;23;9
28;2025-05-30;4;2
28;2025-05-30;5;82
28;2025-05-30;6;290
28;2025-05-30;7;670
28;2025-05-30;8;943
28;2025-05-30;9;841
28;2025-05-30;10;533
28;2025-05-30;11;603
28;2025-05-30;12;576
28;2025-05-30;13;692
28;2025-05-30;14;609
28;2025-05-30;15;748
28;2025-05-30;16;952
28;2025-05-30;17;1042
28;2025-05-30;18;908
28;2025-05-30;19;703
28;2025-05-30;20;520
28;2025-05-30;21;346
28;2025-05-30;22;182
28;2025-05-30;23;22
28;2025-05-31;4;3
28;2025-05-31;5;45
28;2025-05-31;6;104
28;2025-05-31;7;257
28;2025-05-31;8;389
28;2025-05-31;9;435
28;2025-05-31;10;595
28;2025-05-31;11;455
28;2025-05-31;12;536
28;2025-05-31;13;507
28;2025-05-31;14;510
28;2025-05-31;15;489
28;2025-05-31;16;503
28;2025-05-31;17;485
28;2025-05-31;18;441
28;2025-05-31;19;365
28;2025-05-31;20;357
28;2025-05-31;21;278
28;2025-05-31;22;172
28;2025-05-31;23;32
28;2025-06-01;4;4
28;2025-06-01;5;45
28;2025-06-01;6;92
28;2025-06-01;7;159
28;2025-06-01;8;211
28;2025-06-01;9;371
28;2025-06-01;10;408
28;2025-06-01;11;368
28;2025-06-01;12;483
28;2025-06-01;13;494
28;2025-06-01;14;487
28;2025-06-01;15;573
28;2025-06-01;16;488
28;2025-06-01;17;519
28;2025-06-01;18;586
28;2025-06-01;19;479
28;2025-06-01;20;431
28;2025-06-01;21;329
28;2025-06-01;22;122
28;2025-06-01;23;59
28;2025-06-02;0;13
28;2025-06-02;1;4
28;2025-06-02;4;3
28;2025-06-02;5;88
28;2025-06-02;6;243
28;2025-06-02;7;540
28;2025-06-02;8;954
28;2025-06-02;9;845
28;2025-06-02;10;717
28;2025-06-02;11;626
28;2025-06-02;12;776
28;2025-06-02;13;819
28;2025-06-02;14;719
28;2025-06-02;15;748
28;2025-06-02;16;774
28;2025-06-02;17;832
28;2025-06-02;18;888
28;2025-06-02;19;750
28;2025-06-02;20;465
28;2025-06-02;21;209
28;2025-06-02;22;144
28;2025-06-02;23;13
28;2025-06-03;4;6
28;2025-06-03;5;111
28;2025-06-03;6;271
28;2025-06-03;7;814
28;2025-06-03;8;1352
28;2025-06-03;9;862
28;2025-06-03;10;537
28;2025-06-03;11;544
28;2025-06-03;12;580
28;2025-06-03;13;577
28;2025-06-03;14;666
28;2025-06-03;15;577
28;2025-06-03;16;662
28;2025-06-03;17;765
28;2025-06-03;18;922
28;2025-06-03;19;725
28;2025-06-03;20;524
28;2025-06-03;21;331
28;2025-06-03;22;150
28;2025-06-03;23;8
28;2025-06-04;4;4
28;2025-06-04;5;88
28;2025-06-04;6;281
28;2025-06-04;7;754
28;2025-06-04;8;1150
28;2025-06-04;9;1002
28;2025-06-04;10;570
28;2025-06-04;11;855
28;2025-06-04;12;885
28;2025-06-04;13;826
28;2025-06-04;14;762
28;2025-06-04;15;815
28;2025-06-04;16;993
28;2025-06-04;17;1066
28;2025-06-04;18;1237
28;2025-06-04;19;948
28;2025-06-04;20;599
28;2025-06-04;21;527
28;2025-06-04;22;263
28;2025-06-04;23;55
28;2025-06-05;0;7
28;2025-06-05;4;4
28;2025-06-05;5;89
28;2025-06-05;6;279
28;2025-06-05;7;713
28;2025-06-05;8;923
28;2025-06-05;9;855
28;2025-06-05;10;477
28;2025-06-05;11;470
28;2025-06-05;12;704
28;2025-06-05;13;667
28;2025-06-05;14;551
28;2025-06-05;15;621
28;2025-06-05;16;683
28;2025-06-05;17;800
28;2025-06-05;18;871
28;2025-06-05;19;657
28;2025-06-05;20;501
28;2025-06-05;21;365
28;2025-06-05;22;187
28;2025-06-05;23;5
28;2025-06-06;4;3
28;2025-06-06;5;74
28;2025-06-06;6;247
28;2025-06-06;7;438
28;2025-06-06;8;744
28;2025-06-06;9;673
28;2025-06-06;10;597
28;2025-06-06;11;606
28;2025-06-06;12;841
28;2025-06-06;13;753
28;2025-06-06;14;703
28;2025-06-06;15;661
28;2025-06-06;16;873
28;2025-06-06;17;897
28;2025-06-06;18;817
28;2025-06-06;19;659
28;2025-06-06;20;476
28;2025-06-06;21;379
28;2025-06-06;22;201
28;2025-06-06;23;7
28;2025-06-07;4;1
28;2025-06-07;5;51
28;2025-06-07;6;125
28;2025-06-07;7;236
28;2025-06-07;8;333
28;2025-06-07;9;499
28;2025-06-07;10;434
28;2025-06-07;11;360
28;2025-06-07;12;491
28;2025-06-07;13;555
28;2025-06-07;14;574
28;2025-06-07;15;491
28;2025-06-07;16;490
28;2025-06-07;17;438
28;2025-06-07;18;409
28;2025-06-07;19;333
28;2025-06-07;20;294
28;2025-06-07;21;325
28;2025-06-07;22;130
28;2025-06-07;23;2
28;2025-06-08;5;29
28;2025-06-08;6;81
28;2025-06-08;7;136
28;2025-06-08;8;226
28;2025-06-08;9;302
28;2025-06-08;10;338
28;2025-06-08;11;348
28;2025-06-08;12;359
28;2025-06-08;13;398
28;2025-06-08;14;310
28;2025-06-08;15;436
28;2025-06-08;16;441
28;2025-06-08;17;388
28;2025-06-08;18;324
28;2025-06-08;19;380
28;2025-06-08;20;239
28;2025-06-08;21;286
28;2025-06-08;22;102
28;2025-06-08;23;11
28;2025-06-09;4;5
28;2025-06-09;5;73
28;2025-06-09;6;216
28;2025-06-09;7;520
28;2025-06-09;8;1011
28;2025-06-09;9;807
28;2025-06-09;10;628
28;2025-06-09;11;547
28;2025-06-09;12;717
28;2025-06-09;13;711
28;2025-06-09;14;687
28;2025-06-09;15;609
28;2025-06-09;16;774
28;2025-06-09;17;771
28;2025-06-09;18;831
28;2025-06-09;19;687
28;2025-06-09;20;528
28;2025-06-09;21;321
28;2025-06-09;22;181
28;2025-06-09;23;16
28;2025-06-10;4;4
28;2025-06-10;5;84
28;2025-06-10;6;291
28;2025-06-10;7;610
28;2025-06-10;8;972
28;2025-06-10;9;757
28;2025-06-10;10;545
28;2025-06-10;11;541
28;2025-06-10;12;579
28;2025-06-10;13;500
28;2025-06-10;14;431
28;2025-06-10;15;341
28;2025-06-10;16;537
28;2025-06-10;17;640
28;2025-06-10;18;790
28;2025-06-10;19;630
28;2025-06-10;20;380
28;2025-06-10;21;224
28;2025-06-10;22;94
28;2025-06-11;4;3
28;2025-06-11;5;72
28;2025-06-11;6;226
28;2025-06-11;7;559
28;2025-06-11;8;753
28;2025-06-11;9;581
28;2025-06-11;10;470
28;2025-06-11;11;477
28;2025-06-11;12;589
28;2025-06-11;13;588
28;2025-06-11;14;445
28;2025-06-11;15;567
28;2025-06-11;16;754
28;2025-06-11;17;688
28;2025-06-11;18;640
28;2025-06-11;19;544
28;2025-06-11;20;417
28;2025-06-11;21;304
28;2025-06-11;22;152
28;2025-06-11;23;17
28;2025-06-12;4;1
28;2025-06-12;5;35
28;2025-06-12;6;83
28;2025-06-12;7;177
28;2025-06-12;8;255
28;2025-06-12;9;358
28;2025-06-12;10;323
28;2025-06-12;11;336
28;2025-06-12;12;416
28;2025-06-12;13;458
28;2025-06-12;14;453
28;2025-06-12;15;441
28;2025-06-12;16;407
28;2025-06-12;17;425
28;2025-06-12;18;377
28;2025-06-12;19;360
28;2025-06-12;20;265
28;2025-06-12;21;240
28;2025-06-12;22;68
28;2025-06-12;23;5
28;2025-06-13;4;2
28;2025-06-13;5;41
28;2025-06-13;6;77
28;2025-06-13;7;168
28;2025-06-13;8;246
28;2025-06-13;9;274
28;2025-06-13;10;259
28;2025-06-13;11;289
28;2025-06-13;12;337
28;2025-06-13;13;307
28;2025-06-13;14;320
28;2025-06-13;15;269
28;2025-06-13;16;262
28;2025-06-13;17;288
28;2025-06-13;18;300
28;2025-06-13;19;222
28;2025-06-13;20;230
28;2025-06-13;21;220
28;2025-06-13;22;81
28;2025-06-13;23;2
28;2025-06-14;4;1
28;2025-06-14;5;23
28;2025-06-14;6;72
28;2025-06-14;7;214
28;2025-06-14;8;256
28;2025-06-14;9;331
28;2025-06-14;10;308
28;2025-06-14;11;213
28;2025-06-14;12;263
28;2025-06-14;13;280
28;2025-06-14;14;440
28;2025-06-14;15;356
28;2025-06-14;16;305
28;2025-06-14;17;324
28;2025-06-14;18;383
28;2025-06-14;19;321
28;2025-06-14;20;256
28;2025-06-14;21;265
28;2025-06-14;22;149
28;2025-06-14;23;7
28;2025-06-15;5;22
28;2025-06-15;6;86
28;2025-06-15;7;119
28;2025-06-15;8;242
28;2025-06-15;9;230
28;2025-06-15;10;269
28;2025-06-15;11;287
28;2025-06-15;12;312
28;2025-06-15;13;316
28;2025-06-15;14;390
28;2025-06-15;15;403
28;2025-06-15;16;317
28;2025-06-15;17;377
28;2025-06-15;18;480
28;2025-06-15;19;320
28;2025-06-15;20;311
28;2025-06-15;21;255
28;2025-06-15;22;122
28;2025-06-15;23;5
28;2025-06-16;4;3
28;2025-06-16;5;75
28;2025-06-16;6;199
28;2025-06-16;7;594
28;2025-06-16;8;974
28;2025-06-16;9;668
28;2025-06-16;10;488
28;2025-06-16;11;498
28;2025-06-16;12;641
28;2025-06-16;13;597
28;2025-06-16;14;483
28;2025-06-16;15;572
28;2025-06-16;16;726
28;2025-06-16;17;798
28;2025-06-16;18;966
28;2025-06-16;19;653
28;2025-06-16;20;527
28;2025-06-16;21;357
28;2025-06-16;22;147
28;2025-06-16;23;18
28;2025-06-17;4;4
28;2025-06-17;5;81
28;2025-06-17;6;238
28;2025-06-17;7;541
28;2025-06-17;8;963
28;2025-06-17;9;715
28;2025-06-17;10;498
28;2025-06-17;11;559
28;2025-06-17;12;554
28;2025-06-17;13;636
28;2025-06-17;14;610
28;2025-06-17;15;541
28;2025-06-17;16;718
28;2025-06-17;17;766
28;2025-06-17;18;915
28;2025-06-17;19;675
28;2025-06-17;20;455
28;2025-06-17;21;276
28;2025-06-17;22;149
28;2025-06-17;23;7
28;2025-06-18;4;3
28;2025-06-18;5;69
28;2025-06-18;6;266
28;2025-06-18;7;590
28;2025-06-18;8;995
28;2025-06-18;9;653
28;2025-06-18;10;467
28;2025-06-18;11;471
28;2025-06-18;12;553
28;2025-06-18;13;519
28;2025-06-18;14;501
28;2025-06-18;15;495
28;2025-06-18;16;689
28;2025-06-18;17;804
28;2025-06-18;18;807
28;2025-06-18;19;598
28;2025-06-18;20;516
28;2025-06-18;21;270
28;2025-06-18;22;172
28;2025-06-18;23;11
28;2025-06-19;5;58
28;2025-06-19;6;281
28;2025-06-19;7;603
28;2025-06-19;8;776
28;2025-06-19;9;660
28;2025-06-19;10;420
28;2025-06-19;11;429
28;2025-06-19;12;529
28;2025-06-19;13;547
28;2025-06-19;14;468
28;2025-06-19;15;472
28;2025-06-19;16;658
28;2025-06-19;17;789
28;2025-06-19;18;872
28;2025-06-19;19;575
28;2025-06-19;20;539
28;2025-06-19;21;383
28;2025-06-19;22;166
28;2025-06-19;23;7
28;2025-06-20;4;2
28;2025-06-20;5;71
28;2025-06-20;6;214
28;2025-06-20;7;523
28;2025-06-20;8;871
28;2025-06-20;9;687
28;2025-06-20;10;484
28;2025-06-20;11;423
28;2025-06-20;12;507
28;2025-06-20;13;453
28;2025-06-20;14;400
28;2025-06-20;15;563
28;2025-06-20;16;678
28;2025-06-20;17;797
28;2025-06-20;18;651
28;2025-06-20;19;501
28;2025-06-20;20;393
28;2025-06-20;21;300
28;2025-06-20;22;81
28;2025-06-20;23;4
28;2025-06-21;4;2
28;2025-06-21;5;39
28;2025-06-21;6;81
28;2025-06-21;7;186
28;2025-06-21;8;283
28;2025-06-21;9;322
28;2025-06-21;10;328
28;2025-06-21;11;360
28;2025-06-21;12;373
28;2025-06-21;13;458
28;2025-06-21;14;388
28;2025-06-21;15;455
28;2025-06-21;16;390
28;2025-06-21;17;313
28;2025-06-21;18;350
28;2025-06-21;19;426
28;2025-06-21;20;385
28;2025-06-21;21;309
28;2025-06-21;22;132
28;2025-06-21;23;50
28;2025-06-22;0;14
28;2025-06-22;1;6
28;2025-06-22;5;39
28;2025-06-22;6;80
28;2025-06-22;7;128
28;2025-06-22;8;223
28;2025-06-22;9;266
28;2025-06-22;10;262
28;2025-06-22;11;255
28;2025-06-22;12;378
28;2025-06-22;13;389
28;2025-06-22;14;379
28;2025-06-22;15;351
28;2025-06-22;16;411
28;2025-06-22;17;419
28;2025-06-22;18;375
28;2025-06-22;19;351
28;2025-06-22;20;330
28;2025-06-22;21;255
28;2025-06-22;22;136
28;2025-06-22;23;15
28;2025-06-23;4;2
28;2025-06-23;5;75
28;2025-06-23;6;232
28;2025-06-23;7;565
28;2025-06-23;8;887
28;2025-06-23;9;799
28;2025-06-23;10;523
28;2025-06-23;11;499
28;2025-06-23;12;563
28;2025-06-23;13;634
28;2025-06-23;14;605
28;2025-06-23;15;483
28;2025-06-23;16;669
28;2025-06-23;17;716
28;2025-06-23;18;860
28;2025-06-23;19;643
28;2025-06-23;20;439
28;2025-06-23;21;388
28;2025-06-23;22;118
28;2025-06-23;23;3
28;2025-06-24;4;2
28;2025-06-24;5;79
28;2025-06-24;6;195
28;2025-06-24;7;556
28;2025-06-24;8;769
28;2025-06-24;9;681
28;2025-06-24;10;547
28;2025-06-24;11;505
28;2025-06-24;12;619
28;2025-06-24;13;628
28;2025-06-24;14;463
28;2025-06-24;15;500
28;2025-06-24;16;724
28;2025-06-24;17;770
28;2025-06-24;18;691
28;2025-06-24;19;683
28;2025-06-24;20;415
28;2025-06-24;21;284
28;2025-06-24;22;114
28;2025-06-24;23;11
28;2025-06-25;4;1
28;2025-06-25;5;92
28;2025-06-25;6;246
28;2025-06-25;7;595
28;2025-06-25;8;916
28;2025-06-25;9;721
28;2025-06-25;10;557
28;2025-06-25;11;535
28;2025-06-25;12;510
28;2025-06-25;13;468
28;2025-06-25;14;456
28;2025-06-25;15;571
28;2025-06-25;16;655
28;2025-06-25;17;835
28;2025-06-25;18;823
28;2025-06-25;19;762
28;2025-06-25;20;416
28;2025-06-25;21;318
28;2025-06-25;22;126
28;2025-06-25;23;28
28;2025-06-26;0;31
28;2025-06-26;4;4
28;2025-06-26;5;97
28;2025-06-26;6;211
28;2025-06-26;7;654
28;2025-06-26;8;908
28;2025-06-26;9;861
28;2025-06-26;10;479
28;2025-06-26;11;483
28;2025-06-26;12;496
28;2025-06-26;13;569
28;2025-06-26;14;536
28;2025-06-26;15;515
28;2025-06-26;16;623
28;2025-06-26;17;871
28;2025-06-26;18;903
28;2025-06-26;19;683
28;2025-06-26;20;549
28;2025-06-26;21;351
28;2025-06-26;22;150
28;2025-06-26;23;10
28;2025-06-27;4;8
28;2025-06-27;5;138
28;2025-06-27;6;272
28;2025-06-27;7;722
28;2025-06-27;8;875
28;2025-06-27;9;743
28;2025-06-27;10;554
28;2025-06-27;11;537
28;2025-06-27;12;583
28;2025-06-27;13;608
28;2025-06-27;14;538
28;2025-06-27;15;663
28;2025-06-27;16;866
28;2025-06-27;17;705
28;2025-06-27;18;724
28;2025-06-27;19;697
28;2025-06-27;20;475
28;2025-06-27;21;380
28;2025-06-27;22;191
28;2025-06-27;23;8
28;2025-06-28;4;2
28;2025-06-28;5;46
28;2025-06-28;6;96
28;2025-06-28;7;225
28;2025-06-28;8;305
28;2025-06-28;9;467
28;2025-06-28;10;478
28;2025-06-28;11;421
28;2025-06-28;12;513
28;2025-06-28;13;585
28;2025-06-28;14;454
28;2025-06-28;15;555
28;2025-06-28;16;524
28;2025-06-28;17;474
28;2025-06-28;18;354
28;2025-06-28;19;360
28;2025-06-28;20;325
28;2025-06-28;21;333
28;2025-06-28;22;177
28;2025-06-28;23;38
28;2025-06-29;0;14
28;2025-06-29;1;6
28;2025-06-29;4;3
28;2025-06-29;5;44
28;2025-06-29;6;91
28;2025-06-29;7;148
28;2025-06-29;8;212
28;2025-06-29;9;263
28;2025-06-29;10;301
28;2025-06-29;11;283
28;2025-06-29;12;279
28;2025-06-29;13;394
28;2025-06-29;14;390
28;2025-06-29;15;349
28;2025-06-29;16;366
28;2025-06-29;17;323
28;2025-06-29;18;344
28;2025-06-29;19;276
28;2025-06-29;20;245
28;2025-06-29;21;234
28;2025-06-29;22;127
28;2025-06-29;23;9
28;2025-06-30;5;98
28;2025-06-30;6;256
28;2025-06-30;7;724
28;2025-06-30;8;1007
28;2025-06-30;9;875
28;2025-06-30;10;501
28;2025-06-30;11;739
28;2025-06-30;12;688
28;2025-06-30;13;657
28;2025-06-30;14;605
28;2025-06-30;15;573
28;2025-06-30;16;762
28;2025-06-30;17;1088
28;2025-06-30;18;972
28;2025-06-30;19;770
28;2025-06-30;20;480
28;2025-06-30;21;391
28;2025-06-30;22;158
28;2025-06-30;23;3
28;2025-07-01;4;2
28;2025-07-01;5;77
28;2025-07-01;6;274
28;2025-07-01;7;571
28;2025-07-01;8;951
28;2025-07-01;9;749
28;2025-07-01;10;605
28;2025-07-01;11;511
28;2025-07-01;12;638
28;2025-07-01;13;595
28;2025-07-01;14;562
28;2025-07-01;15;582
28;2025-07-01;16;793
28;2025-07-01;17;987
28;2025-07-01;18;973
28;2025-07-01;19;781
28;2025-07-01;20;502
28;2025-07-01;21;409
28;2025-07-01;22;221
28;2025-07-01;23;16
28;2025-07-02;4;4
28;2025-07-02;5;83
28;2025-07-02;6;222
28;2025-07-02;7;573
28;2025-07-02;8;837
28;2025-07-02;9;678
28;2025-07-02;10;434
28;2025-07-02;11;482
28;2025-07-02;12;436
28;2025-07-02;13;565
28;2025-07-02;14;412
28;2025-07-02;15;434
28;2025-07-02;16;623
28;2025-07-02;17;759
28;2025-07-02;18;891
28;2025-07-02;19;702
28;2025-07-02;20;527
28;2025-07-02;21;368
28;2025-07-02;22;160
28;2025-07-02;23;17
28;2025-07-03;0;19
28;2025-07-03;1;2
28;2025-07-03;4;2
28;2025-07-03;5;102
28;2025-07-03;6;254
28;2025-07-03;7;575
28;2025-07-03;8;826
28;2025-07-03;9;809
28;2025-07-03;10;545
28;2025-07-03;11;595
28;2025-07-03;12;519
28;2025-07-03;13;546
28;2025-07-03;14;528
28;2025-07-03;15;558
28;2025-07-03;16;733
28;2025-07-03;17;837
28;2025-07-03;18;743
28;2025-07-03;19;682
28;2025-07-03;20;521
28;2025-07-03;21;386
28;2025-07-03;22;170
28;2025-07-03;23;55
28;2025-07-04;0;10
28;2025-07-04;1;2
28;2025-07-04;4;2
28;2025-07-04;5;80
28;2025-07-04;6;223
28;2025-07-04;7;527
28;2025-07-04;8;823
28;2025-07-04;9;655
28;2025-07-04;10;529
28;2025-07-04;11;532
28;2025-07-04;12;569
28;2025-07-04;13;512
28;2025-07-04;14;442
28;2025-07-04;15;562
28;2025-07-04;16;698
28;2025-07-04;17;644
28;2025-07-04;18;645
28;2025-07-04;19;637
28;2025-07-04;20;404
28;2025-07-04;21;370
28;2025-07-04;22;192
28;2025-07-04;23;4
28;2025-07-05;4;1
28;2025-07-05;5;37
28;2025-07-05;6;105
28;2025-07-05;7;166
28;2025-07-05;8;261
28;2025-07-05;9;324
28;2025-07-05;10;386
28;2025-07-05;11;436
28;2025-07-05;12;504
28;2025-07-05;13;463
28;2025-07-05;14;434
28;2025-07-05;15;442
28;2025-07-05;16;307
28;2025-07-05;17;363
28;2025-07-05;18;353
28;2025-07-05;19;403
28;2025-07-05;20;301
28;2025-07-05;21;326
28;2025-07-05;22;145
28;2025-07-05;23;5
28;2025-07-06;5;40
28;2025-07-06;6;75
28;2025-07-06;7;146
28;2025-07-06;8;223
28;2025-07-06;9;261
28;2025-07-06;10;264
28;2025-07-06;11;316
28;2025-07-06;12;306
28;2025-07-06;13;434
28;2025-07-06;14;383
28;2025-07-06;15;396
28;2025-07-06;16;413
28;2025-07-06;17;431
28;2025-07-06;18;391
28;2025-07-06;19;404
28;2025-07-06;20;319
28;2025-07-06;21;216
28;2025-07-06;22;131
28;2025-07-06;23;9
28;2025-07-07;4;5
28;2025-07-07;5;96
28;2025-07-07;6;231
28;2025-07-07;7;502
28;2025-07-07;8;689
28;2025-07-07;9;562
28;2025-07-07;10;464
28;2025-07-07;11;382
28;2025-07-07;12;442
28;2025-07-07;13;386
28;2025-07-07;14;370
28;2025-07-07;15;358
28;2025-07-07;16;564
28;2025-07-07;17;664
28;2025-07-07;18;793
28;2025-07-07;19;704
28;2025-07-07;20;452
28;2025-07-07;21;294
28;2025-07-07;22;107
28;2025-07-08;4;1
28;2025-07-08;5;53
28;2025-07-08;6;161
28;2025-07-08;7;642
28;2025-07-08;8;840
28;2025-07-08;9;648
28;2025-07-08;10;464
28;2025-07-08;11;548
28;2025-07-08;12;625
28;2025-07-08;13;593
28;2025-07-08;14;500
28;2025-07-08;15;607
28;2025-07-08;16;636
28;2025-07-08;17;768
28;2025-07-08;18;612
28;2025-07-08;19;638
28;2025-07-08;20;479
28;2025-07-08;21;322
28;2025-07-08;22;211
28;2025-07-08;23;9
28;2025-07-09;5;82
28;2025-07-09;6;281
28;2025-07-09;7;509
28;2025-07-09;8;787
28;2025-07-09;9;636
28;2025-07-09;10;410
28;2025-07-09;11;373
28;2025-07-09;12;376
28;2025-07-09;13;438
28;2025-07-09;14;499
28;2025-07-09;15;456
28;2025-07-09;16;519
28;2025-07-09;17;654
28;2025-07-09;18;691
28;2025-07-09;19;616
28;2025-07-09;20;477
28;2025-07-09;21;305
28;2025-07-09;22;193
28;2025-07-09;23;11
28;2025-07-10;4;1
28;2025-07-10;5;70
28;2025-07-10;6;221
28;2025-07-10;7;581
28;2025-07-10;8;894
28;2025-07-10;9;642
28;2025-07-10;10;482
28;2025-07-10;11;457
28;2025-07-10;12;430
28;2025-07-10;13;353
28;2025-07-10;14;286
28;2025-07-10;15;431
28;2025-07-10;16;392
28;2025-07-10;17;560
28;2025-07-10;18;587
28;2025-07-10;19;412
28;2025-07-10;20;416
28;2025-07-10;21;223
28;2025-07-10;22;119
28;2025-07-10;23;7
28;2025-07-11;4;2
28;2025-07-11;5;68
28;2025-07-11;6;226
28;2025-07-11;7;499
28;2025-07-11;8;827
28;2025-07-11;9;581
28;2025-07-11;10;413
28;2025-07-11;11;457
28;2025-07-11;12;379
28;2025-07-11;13;446
28;2025-07-11;14;292
28;2025-07-11;15;268
28;2025-07-11;16;453
28;2025-07-11;17;670
28;2025-07-11;18;686
28;2025-07-11;19;601
28;2025-07-11;20;558
28;2025-07-11;21;331
28;2025-07-11;22;162
28;2025-07-11;23;11
28;2025-07-12;4;2
28;2025-07-12;5;49
28;2025-07-12;6;117
28;2025-07-12;7;205
28;2025-07-12;8;314
28;2025-07-12;9;449
28;2025-07-12;10;430
28;2025-07-12;11;442
28;2025-07-12;12;505
28;2025-07-12;13;431
28;2025-07-12;14;440
28;2025-07-12;15;456
28;2025-07-12;16;489
28;2025-07-12;17;361
28;2025-07-12;18;365
28;2025-07-12;19;392
28;2025-07-12;20;307
28;2025-07-12;21;297
28;2025-07-12;22;126
28;2025-07-12;23;1
28;2025-07-13;5;37
28;2025-07-13;6;100
28;2025-07-13;7;116
28;2025-07-13;8;194
28;2025-07-13;9;309
28;2025-07-13;10;276
28;2025-07-13;11;240
28;2025-07-13;12;276
28;2025-07-13;13;390
28;2025-07-13;14;348
28;2025-07-13;15;319
28;2025-07-13;16;313
28;2025-07-13;17;333
28;2025-07-13;18;404
28;2025-07-13;19;421
28;2025-07-13;20;343
28;2025-07-13;21;281
28;2025-07-13;22;121
28;2025-07-13;23;15
28;2025-07-14;4;3
28;2025-07-14;5;95
28;2025-07-14;6;225
28;2025-07-14;7;515
28;2025-07-14;8;952
28;2025-07-14;9;679
28;2025-07-14;10;496
28;2025-07-14;11;428
28;2025-07-14;12;500
28;2025-07-14;13;507
28;2025-07-14;14;452
28;2025-07-14;15;418
28;2025-07-14;16;507
28;2025-07-14;17;639
28;2025-07-14;18;267
28;2025-07-14;19;301
28;2025-07-14;20;146
28;2025-07-14;21;231
28;2025-07-14;22;119
28;2025-07-14;23;2
28;2025-07-15;4;2
28;2025-07-15;5;63
28;2025-07-15;6;208
28;2025-07-15;7;562
28;2025-07-15;8;977
28;2025-07-15;9;897
28;2025-07-15;10;569
28;2025-07-15;11;561
28;2025-07-15;12;426
28;2025-07-15;13;392
28;2025-07-15;14;268
28;2025-07-15;15;386
28;2025-07-15;16;551
28;2025-07-15;17;596
28;2025-07-15;18;740
28;2025-07-15;19;597
28;2025-07-15;20;448
28;2025-07-15;21;316
28;2025-07-15;22;142
28;2025-07-15;23;6
28;2025-07-16;5;76
28;2025-07-16;6;213
28;2025-07-16;7;451
28;2025-07-16;8;760
28;2025-07-16;9;546
28;2025-07-16;10;407
28;2025-07-16;11;358
28;2025-07-16;12;445
28;2025-07-16;13;421
28;2025-07-16;14;346
28;2025-07-16;15;378
28;2025-07-16;16;516
28;2025-07-16;17;660
28;2025-07-16;18;765
28;2025-07-16;19;500
28;2025-07-16;20;426
28;2025-07-16;21;274
28;2025-07-16;22;129
28;2025-07-16;23;7
28;2025-07-17;4;2
28;2025-07-17;5;85
28;2025-07-17;6;239
28;2025-07-17;7;467
28;2025-07-17;8;836
28;2025-07-17;9;634
28;2025-07-17;10;567
28;2025-07-17;11;535
28;2025-07-17;12;687
28;2025-07-17;13;612
28;2025-07-17;14;530
28;2025-07-17;15;416
28;2025-07-17;16;581
28;2025-07-17;17;662
28;2025-07-17;18;683
28;2025-07-17;19;549
28;2025-07-17;20;467
28;2025-07-17;21;360
28;2025-07-17;22;170
28;2025-07-17;23;13
28;2025-07-18;5;71
28;2025-07-18;6;232
28;2025-07-18;7;520
28;2025-07-18;8;843
28;2025-07-18;9;617
28;2025-07-18;10;454
28;2025-07-18;11;630
28;2025-07-18;12;524
28;2025-07-18;13;644
28;2025-07-18;14;478
28;2025-07-18;15;512
28;2025-07-18;16;661
28;2025-07-18;17;578
28;2025-07-18;18;560
28;2025-07-18;19;566
28;2025-07-18;20;436
28;2025-07-18;21;333
28;2025-07-18;22;184
28;2025-07-18;23;27
28;2025-07-19;0;34
28;2025-07-19;1;3
28;2025-07-19;4;2
28;2025-07-19;5;46
28;2025-07-19;6;111
28;2025-07-19;7;179
28;2025-07-19;8;273
28;2025-07-19;9;391
28;2025-07-19;10;320
28;2025-07-19;11;335
28;2025-07-19;12;365
28;2025-07-19;13;403
28;2025-07-19;14;386
28;2025-07-19;15;384
28;2025-07-19;16;395
28;2025-07-19;17;435
28;2025-07-19;18;389
28;2025-07-19;19;373
28;2025-07-19;20;256
28;2025-07-19;21;259
28;2025-07-19;22;131
28;2025-07-19;23;7
28;2025-07-20;5;39
28;2025-07-20;6;84
28;2025-07-20;7;115
28;2025-07-20;8;198
28;2025-07-20;9;260
28;2025-07-20;10;255
28;2025-07-20;11;302
28;2025-07-20;12;382
28;2025-07-20;13;409
28;2025-07-20;14;358
28;2025-07-20;15;357
28;2025-07-20;16;352
28;2025-07-20;17;400
28;2025-07-20;18;291
28;2025-07-20;19;293
28;2025-07-20;20;240
28;2025-07-20;21;252
28;2025-07-20;22;106
28;2025-07-20;23;20
28;2025-07-21;0;9
28;2025-07-21;4;1
28;2025-07-21;5;70
28;2025-07-21;6;202
28;2025-07-21;7;429
28;2025-07-21;8;582
28;2025-07-21;9;530
28;2025-07-21;10;385
28;2025-07-21;11;319
28;2025-07-21;12;327
28;2025-07-21;13;275
28;2025-07-21;14;258
28;2025-07-21;15;242
28;2025-07-21;16;378
28;2025-07-21;17;494
28;2025-07-21;18;504
28;2025-07-21;19;477
28;2025-07-21;20;361
28;2025-07-21;21;220
28;2025-07-21;22;106
28;2025-07-21;23;7
28;2025-07-22;4;3
28;2025-07-22;5;72
28;2025-07-22;6;211
28;2025-07-22;7;455
28;2025-07-22;8;789
28;2025-07-22;9;611
28;2025-07-22;10;396
28;2025-07-22;11;460
28;2025-07-22;12;419
28;2025-07-22;13;348
28;2025-07-22;14;272
28;2025-07-22;15;269
28;2025-07-22;16;400
28;2025-07-22;17;697
28;2025-07-22;18;533
28;2025-07-22;19;625
28;2025-07-22;20;403
28;2025-07-22;21;256
28;2025-07-22;22;160
28;2025-07-22;23;24
28;2025-07-23;0;7
28;2025-07-23;1;3
28;2025-07-23;4;1
28;2025-07-23;5;62
28;2025-07-23;6;214
28;2025-07-23;7;490
28;2025-07-23;8;664
28;2025-07-23;9;513
28;2025-07-23;10;350
28;2025-07-23;11;380
28;2025-07-23;12;414
28;2025-07-23;13;564
28;2025-07-23;14;438
28;2025-07-23;15;426
28;2025-07-23;16;491
28;2025-07-23;17;556
28;2025-07-23;18;702
28;2025-07-23;19;536
28;2025-07-23;20;431
28;2025-07-23;21;257
28;2025-07-23;22;149
28;2025-07-23;23;7
28;2025-07-24;4;1
28;2025-07-24;5;73
28;2025-07-24;6;220
28;2025-07-24;7;563
28;2025-07-24;8;730
28;2025-07-24;9;633
28;2025-07-24;10;512
28;2025-07-24;11;483
28;2025-07-24;12;422
28;2025-07-24;13;459
28;2025-07-24;14;481
28;2025-07-24;15;401
28;2025-07-24;16;599
28;2025-07-24;17;571
28;2025-07-24;18;729
28;2025-07-24;19;509
28;2025-07-24;20;403
28;2025-07-24;21;255
28;2025-07-24;22;110
28;2025-07-24;23;6
28;2025-07-25;5;71
28;2025-07-25;6;212
28;2025-07-25;7;447
28;2025-07-25;8;659
28;2025-07-25;9;573
28;2025-07-25;10;354
28;2025-07-25;11;344
28;2025-07-25;12;361
28;2025-07-25;13;390
28;2025-07-25;14;368
28;2025-07-25;15;427
28;2025-07-25;16;502
28;2025-07-25;17;572
28;2025-07-25;18;523
28;2025-07-25;19;468
28;2025-07-25;20;391
28;2025-07-25;21;256
28;2025-07-25;22;132
28;2025-07-25;23;11
28;2025-07-26;4;2
28;2025-07-26;5;42
28;2025-07-26;6;100
28;2025-07-26;7;178
28;2025-07-26;8;264
28;2025-07-26;9;367
28;2025-07-26;10;375
28;2025-07-26;11;388
28;2025-07-26;12;417
28;2025-07-26;13;413
28;2025-07-26;14;412
28;2025-07-26;15;342
28;2025-07-26;16;331
28;2025-07-26;17;414
28;2025-07-26;18;451
28;2025-07-26;19;409
28;2025-07-26;20;269
28;2025-07-26;21;284
28;2025-07-26;22;131
28;2025-07-26;23;8
28;2025-07-27;4;3
28;2025-07-27;5;28
28;2025-07-27;6;81
28;2025-07-27;7;132
28;2025-07-27;8;257
28;2025-07-27;9;261
28;2025-07-27;10;273
28;2025-07-27;11;365
28;2025-07-27;12;359
28;2025-07-27;13;420
28;2025-07-27;14;408
28;2025-07-27;15;438
28;2025-07-27;16;408
28;2025-07-27;17;440
28;2025-07-27;18;478
28;2025-07-27;19;416
28;2025-07-27;20;322
28;2025-07-27;21;248
28;2025-07-27;22;114
28;2025-07-27;23;8
28;2025-07-28;4;2
28;2025-07-28;5;67
28;2025-07-28;6;204
28;2025-07-28;7;418
28;2025-07-28;8;740
28;2025-07-28;9;501
28;2025-07-28;10;409
28;2025-07-28;11;406
28;2025-07-28;12;422
28;2025-07-28;13;424
28;2025-07-28;14;437
28;2025-07-28;15;419
28;2025-07-28;16;512
28;2025-07-28;17;750
28;2025-07-28;18;896
28;2025-07-28;19;808
28;2025-07-28;20;402
28;2025-07-28;21;244
28;2025-07-28;22;120
28;2025-07-28;23;5
28;2025-07-29;5;74
28;2025-07-29;6;216
28;2025-07-29;7;569
28;2025-07-29;8;791
28;2025-07-29;9;636
28;2025-07-29;10;368
28;2025-07-29;11;430
28;2025-07-29;12;468
28;2025-07-29;13;522
28;2025-07-29;14;517
28;2025-07-29;15;579
28;2025-07-29;16;754
28;2025-07-29;17;793
28;2025-07-29;18;795
28;2025-07-29;19;679
28;2025-07-29;20;417
28;2025-07-29;21;310
28;2025-07-29;22;135
28;2025-07-29;23;19
28;2025-07-30;4;2
28;2025-07-30;5;84
28;2025-07-30;6;177
28;2025-07-30;7;409
28;2025-07-30;8;802
28;2025-07-30;9;427
28;2025-07-30;10;315
28;2025-07-30;11;453
28;2025-07-30;12;454
28;2025-07-30;13;426
28;2025-07-30;14;320
28;2025-07-30;15;413
28;2025-07-30;16;527
28;2025-07-30;17;655
28;2025-07-30;18;660
28;2025-07-30;19;579
28;2025-07-30;20;381
28;2025-07-30;21;300
28;2025-07-30;22;128
28;2025-07-30;23;9
28;2025-07-31;4;3
28;2025-07-31;5;83
28;2025-07-31;6;183
28;2025-07-31;7;443
28;2025-07-31;8;754
28;2025-07-31;9;552
28;2025-07-31;10;464
28;2025-07-31;11;342
28;2025-07-31;12;364
28;2025-07-31;13;355
28;2025-07-31;14;332
28;2025-07-31;15;350
28;2025-07-31;16;525
28;2025-07-31;17;592
28;2025-07-31;18;758
28;2025-07-31;19;669
28;2025-07-31;20;405
28;2025-07-31;21;323
28;2025-07-31;22;174
28;2025-07-31;23;8
28;2025-08-01;4;4
28;2025-08-01;5;78
28;2025-08-01;6;266
28;2025-08-01;7;543
28;2025-08-01;8;807
28;2025-08-01;9;585
28;2025-08-01;10;379
28;2025-08-01;11;425
28;2025-08-01;12;454
28;2025-08-01;13;478
28;2025-08-01;14;394
28;2025-08-01;15;425
28;2025-08-01;16;612
28;2025-08-01;17;551
28;2025-08-01;18;659
28;2025-08-01;19;605
28;2025-08-01;20;368
28;2025-08-01;21;222
28;2025-08-01;22;122
28;2025-08-01;23;4
28;2025-08-02;4;2
28;2025-08-02;5;50
28;2025-08-02;6;114
28;2025-08-02;7;212
28;2025-08-02;8;220
28;2025-08-02;9;283
28;2025-08-02;10;284
28;2025-08-02;11;320
28;2025-08-02;12;420
28;2025-08-02;13;308
28;2025-08-02;14;349
28;2025-08-02;15;328
28;2025-08-02;16;330
28;2025-08-02;17;309
28;2025-08-02;18;314
28;2025-08-02;19;271
28;2025-08-02;20;249
28;2025-08-02;21;187
28;2025-08-02;22;91
28;2025-08-02;23;4
28;2025-08-03;4;1
28;2025-08-03;5;32
28;2025-08-03;6;94
28;2025-08-03;7;159
28;2025-08-03;8;264
28;2025-08-03;9;271
28;2025-08-03;10;360
28;2025-08-03;11;353
28;2025-08-03;12;428
28;2025-08-03;13;393
28;2025-08-03;14;366
28;2025-08-03;15;369
28;2025-08-03;16;413
28;2025-08-03;17;373
28;2025-08-03;18;312
28;2025-08-03;19;323
28;2025-08-03;20;280
28;2025-08-03;21;168
28;2025-08-03;22;123
28;2025-08-03;23;5
28;2025-08-04;4;2
28;2025-08-04;5;63
28;2025-08-04;6;302
28;2025-08-04;7;481
28;2025-08-04;8;746
28;2025-08-04;9;534
28;2025-08-04;10;475
28;2025-08-04;11;370
28;2025-08-04;12;361
28;2025-08-04;13;373
28;2025-08-04;14;260
28;2025-08-04;15;287
28;2025-08-04;16;407
28;2025-08-04;17;702
28;2025-08-04;18;734
28;2025-08-04;19;666
28;2025-08-04;20;390
28;2025-08-04;21;264
28;2025-08-04;22;126
28;2025-08-04;23;28
28;2025-08-05;0;9
28;2025-08-05;1;1
28;2025-08-05;4;1
28;2025-08-05;5;85
28;2025-08-05;6;247
28;2025-08-05;7;580
28;2025-08-05;8;795
28;2025-08-05;9;653
28;2025-08-05;10;415
28;2025-08-05;11;333
28;2025-08-05;12;461
28;2025-08-05;13;438
28;2025-08-05;14;327
28;2025-08-05;15;432
28;2025-08-05;16;533
28;2025-08-05;17;672
28;2025-08-05;18;648
28;2025-08-05;19;653
28;2025-08-05;20;406
28;2025-08-05;21;295
28;2025-08-05;22;147
28;2025-08-05;23;6
28;2025-08-06;4;2
28;2025-08-06;5;87
28;2025-08-06;6;267
28;2025-08-06;7;611
28;2025-08-06;8;720
28;2025-08-06;9;657
28;2025-08-06;10;453
28;2025-08-06;11;388
28;2025-08-06;12;534
28;2025-08-06;13;597
28;2025-08-06;14;396
28;2025-08-06;15;468
28;2025-08-06;16;552
28;2025-08-06;17;675
28;2025-08-06;18;813
28;2025-08-06;19;682
28;2025-08-06;20;429
28;2025-08-06;21;286
28;2025-08-06;22;146
28;2025-08-06;23;4
28;2025-08-07;4;4
28;2025-08-07;5;77
28;2025-08-07;6;217
28;2025-08-07;7;550
28;2025-08-07;8;700
28;2025-08-07;9;440
28;2025-08-07;10;370
28;2025-08-07;11;409
28;2025-08-07;12;348
28;2025-08-07;13;434
28;2025-08-07;14;385
28;2025-08-07;15;466
28;2025-08-07;16;535
28;2025-08-07;17;760
28;2025-08-07;18;712
28;2025-08-07;19;639
28;2025-08-07;20;390
28;2025-08-07;21;202
28;2025-08-07;22;107
28;2025-08-07;23;4
28;2025-08-08;4;6
28;2025-08-08;5;79
28;2025-08-08;6;216
28;2025-08-08;7;505
28;2025-08-08;8;721
28;2025-08-08;9;547
28;2025-08-08;10;450
28;2025-08-08;11;453
28;2025-08-08;12;498
28;2025-08-08;13;431
28;2025-08-08;14;399
28;2025-08-08;15;381
28;2025-08-08;16;539
28;2025-08-08;17;599
28;2025-08-08;18;540
28;2025-08-08;19;471
28;2025-08-08;20;422
28;2025-08-08;21;238
28;2025-08-08;22;120
28;2025-08-08;23;56
28;2025-08-09;0;10
28;2025-08-09;1;5
28;2025-08-09;4;1
28;2025-08-09;5;45
28;2025-08-09;6;81
28;2025-08-09;7;163
28;2025-08-09;8;227
28;2025-08-09;9;260
28;2025-08-09;10;298
28;2025-08-09;11;246
28;2025-08-09;12;235
28;2025-08-09;13;380
28;2025-08-09;14;328
28;2025-08-09;15;399
28;2025-08-09;16;298
28;2025-08-09;17;352
28;2025-08-09;18;307
28;2025-08-09;19;290
28;2025-08-09;20;215
28;2025-08-09;21;220
28;2025-08-09;22;91
28;2025-08-09;23;27
28;2025-08-10;5;23
28;2025-08-10;6;98
28;2025-08-10;7;135
28;2025-08-10;8;223
28;2025-08-10;9;295
28;2025-08-10;10;225
28;2025-08-10;11;328
28;2025-08-10;12;362
28;2025-08-10;13;458
28;2025-08-10;14;337
28;2025-08-10;15;385
28;2025-08-10;16;354
28;2025-08-10;17;409
28;2025-08-10;18;390
28;2025-08-10;19;331
28;2025-08-10;20;285
28;2025-08-10;21;206
28;2025-08-10;22;107
28;2025-08-10;23;18
28;2025-08-11;4;3
28;2025-08-11;5;71
28;2025-08-11;6;213
28;2025-08-11;7;538
28;2025-08-11;8;618
28;2025-08-11;9;674
28;2025-08-11;10;497
28;2025-08-11;11;418
28;2025-08-11;12;405
28;2025-08-11;13;474
28;2025-08-11;14;391
28;2025-08-11;15;477
28;2025-08-11;16;482
28;2025-08-11;17;587
28;2025-08-11;18;701
28;2025-08-11;19;597
28;2025-08-11;20;384
28;2025-08-11;21;238
28;2025-08-11;22;97
28;2025-08-11;23;4
28;2025-08-12;4;2
28;2025-08-12;5;86
28;2025-08-12;6;175
28;2025-08-12;7;526
28;2025-08-12;8;623
28;2025-08-12;9;538
28;2025-08-12;10;331
28;2025-08-12;11;365
28;2025-08-12;12;422
28;2025-08-12;13;615
28;2025-08-12;14;457
28;2025-08-12;15;332
28;2025-08-12;16;505
28;2025-08-12;17;646
28;2025-08-12;18;648
28;2025-08-12;19;514
28;2025-08-12;20;346
28;2025-08-12;21;201
28;2025-08-12;22;133
28;2025-08-12;23;10
28;2025-08-13;4;2
28;2025-08-13;5;101
28;2025-08-13;6;245
28;2025-08-13;7;492
28;2025-08-13;8;752
28;2025-08-13;9;569
28;2025-08-13;10;342
28;2025-08-13;11;386
28;2025-08-13;12;400
28;2025-08-13;13;499
28;2025-08-13;14;427
28;2025-08-13;15;461
28;2025-08-13;16;519
28;2025-08-13;17;698
28;2025-08-13;18;737
28;2025-08-13;19;542
28;2025-08-13;20;416
28;2025-08-13;21;220
28;2025-08-13;22;138
28;2025-08-13;23;1
28;2025-08-14;5;76
28;2025-08-14;6;208
28;2025-08-14;7;496
28;2025-08-14;8;696
28;2025-08-14;9;545
28;2025-08-14;10;406
28;2025-08-14;11;345
28;2025-08-14;12;385
28;2025-08-14;13;461
28;2025-08-14;14;334
28;2025-08-14;15;392
28;2025-08-14;16;513
28;2025-08-14;17;556
28;2025-08-14;18;559
28;2025-08-14;19;532
28;2025-08-14;20;349
28;2025-08-14;21;223
28;2025-08-14;22;90
28;2025-08-14;23;3
28;2025-08-15;4;3
28;2025-08-15;5;82
28;2025-08-15;6;213
28;2025-08-15;7;570
28;2025-08-15;8;611
28;2025-08-15;9;381
28;2025-08-15;10;416
28;2025-08-15;11;401
28;2025-08-15;12;465
28;2025-08-15;13;579
28;2025-08-15;14;408
28;2025-08-15;15;542
28;2025-08-15;16;654
28;2025-08-15;17;604
28;2025-08-15;18;659
28;2025-08-15;19;496
28;2025-08-15;20;433
28;2025-08-15;21;259
28;2025-08-15;22;116
28;2025-08-15;23;4
28;2025-08-16;4;2
28;2025-08-16;5;41
28;2025-08-16;6;99
28;2025-08-16;7;201
28;2025-08-16;8;252
28;2025-08-16;9;316
28;2025-08-16;10;340
28;2025-08-16;11;372
28;2025-08-16;12;453
28;2025-08-16;13;415
28;2025-08-16;14;437
28;2025-08-16;15;452
28;2025-08-16;16;417
28;2025-08-16;17;425
28;2025-08-16;18;331
28;2025-08-16;19;363
28;2025-08-16;20;335
28;2025-08-16;21;186
28;2025-08-16;22;90
28;2025-08-16;23;29
28;2025-08-17;0;8
28;2025-08-17;1;9
28;2025-08-17;5;24
28;2025-08-17;6;73
28;2025-08-17;7;142
28;2025-08-17;8;272
28;2025-08-17;9;281
28;2025-08-17;10;341
28;2025-08-17;11;305
28;2025-08-17;12;369
28;2025-08-17;13;421
28;2025-08-17;14;446
28;2025-08-17;15;492
28;2025-08-17;16;422
28;2025-08-17;17;406
28;2025-08-17;18;438
28;2025-08-17;19;300
28;2025-08-17;20;313
28;2025-08-17;21;223
28;2025-08-17;22;60
28;2025-08-17;23;16
28;2025-08-18;5;70
28;2025-08-18;6;209
28;2025-08-18;7;520
28;2025-08-18;8;668
28;2025-08-18;9;562
28;2025-08-18;10;415
28;2025-08-18;11;398
28;2025-08-18;12;411
28;2025-08-18;13;484
28;2025-08-18;14;369
28;2025-08-18;15;430
28;2025-08-18;16;499
28;2025-08-18;17;778
28;2025-08-18;18;919
28;2025-08-18;19;704
28;2025-08-18;20;461
28;2025-08-18;21;276
28;2025-08-18;22;78
28;2025-08-18;23;34
28;2025-08-19;0;11
28;2025-08-19;4;4
28;2025-08-19;5;66
28;2025-08-19;6;311
28;2025-08-19;7;598
28;2025-08-19;8;671
28;2025-08-19;9;614
28;2025-08-19;10;373
28;2025-08-19;11;402
28;2025-08-19;12;491
28;2025-08-19;13;517
28;2025-08-19;14;462
28;2025-08-19;15;443
28;2025-08-19;16;511
28;2025-08-19;17;670
28;2025-08-19;18;817
28;2025-08-19;19;623
28;2025-08-19;20;407
28;2025-08-19;21;259
28;2025-08-19;22;116
28;2025-08-19;23;6
28;2025-08-20;4;1
28;2025-08-20;5;85
28;2025-08-20;6;177
28;2025-08-20;7;556
28;2025-08-20;8;810
28;2025-08-20;9;499
28;2025-08-20;10;378
28;2025-08-20;11;412
28;2025-08-20;12;532
28;2025-08-20;13;548
28;2025-08-20;14;415
28;2025-08-20;15;395
28;2025-08-20;16;577
28;2025-08-20;17;601
28;2025-08-20;18;672
28;2025-08-20;19;617
28;2025-08-20;20;288
28;2025-08-20;21;251
28;2025-08-20;22;113
28;2025-08-20;23;4
28;2025-08-21;4;1
28;2025-08-21;5;104
28;2025-08-21;6;238
28;2025-08-21;7;606
28;2025-08-21;8;839
28;2025-08-21;9;657
28;2025-08-21;10;348
28;2025-08-21;11;456
28;2025-08-21;12;459
28;2025-08-21;13;495
28;2025-08-21;14;461
28;2025-08-21;15;486
28;2025-08-21;16;668
28;2025-08-21;17;763
28;2025-08-21;18;778
28;2025-08-21;19;587
28;2025-08-21;20;508
28;2025-08-21;21;324
28;2025-08-21;22;132
28;2025-08-21;23;5
28;2025-08-22;0;1
28;2025-08-22;4;1
28;2025-08-22;5;93
28;2025-08-22;6;222
28;2025-08-22;7;638
28;2025-08-22;8;824
28;2025-08-22;9;648
28;2025-08-22;10;446
28;2025-08-22;11;583
28;2025-08-22;12;517
28;2025-08-22;13;529
28;2025-08-22;14;556
28;2025-08-22;15;597
28;2025-08-22;16;778
28;2025-08-22;17;746
28;2025-08-22;18;713
28;2025-08-22;19;622
28;2025-08-22;20;425
28;2025-08-22;21;315
28;2025-08-22;22;136
28;2025-08-22;23;19
28;2025-08-23;5;28
28;2025-08-23;6;75
28;2025-08-23;7;162
28;2025-08-23;8;255
28;2025-08-23;9;261
28;2025-08-23;10;307
28;2025-08-23;11;319
28;2025-08-23;12;387
28;2025-08-23;13;374
28;2025-08-23;14;367
28;2025-08-23;15;389
28;2025-08-23;16;383
28;2025-08-23;17;380
28;2025-08-23;18;365
28;2025-08-23;19;324
28;2025-08-23;20;239
28;2025-08-23;21;250
28;2025-08-23;22;150
28;2025-08-23;23;13
28;2025-08-24;0;2
28;2025-08-24;4;1
28;2025-08-24;5;34
28;2025-08-24;6;79
28;2025-08-24;7;148
28;2025-08-24;8;235
28;2025-08-24;9;184
28;2025-08-24;10;270
28;2025-08-24;11;259
28;2025-08-24;12;344
28;2025-08-24;13;365
28;2025-08-24;14;378
28;2025-08-24;15;431
28;2025-08-24;16;428
28;2025-08-24;17;285
28;2025-08-24;18;366
28;2025-08-24;19;323
28;2025-08-24;20;231
28;2025-08-24;21;135
28;2025-08-24;22;63
28;2025-08-24;23;10
28;2025-08-25;4;2
28;2025-08-25;5;87
28;2025-08-25;6;211
28;2025-08-25;7;507
28;2025-08-25;8;942
28;2025-08-25;9;598
28;2025-08-25;10;391
28;2025-08-25;11;431
28;2025-08-25;12;462
28;2025-08-25;13;546
28;2025-08-25;14;444
28;2025-08-25;15;515
28;2025-08-25;16;516
28;2025-08-25;17;661
28;2025-08-25;18;745
28;2025-08-25;19;587
28;2025-08-25;20;590
28;2025-08-25;21;292
28;2025-08-25;22;83
28;2025-08-25;23;5
28;2025-08-26;4;1
28;2025-08-26;5;61
28;2025-08-26;6;245
28;2025-08-26;7;502
28;2025-08-26;8;731
28;2025-08-26;9;559
28;2025-08-26;10;393
28;2025-08-26;11;427
28;2025-08-26;12;425
28;2025-08-26;13;524
28;2025-08-26;14;573
28;2025-08-26;15;441
28;2025-08-26;16;753
28;2025-08-26;17;697
28;2025-08-26;18;814
28;2025-08-26;19;741
28;2025-08-26;20;526
28;2025-08-26;21;292
28;2025-08-26;22;151
28;2025-08-26;23;6
28;2025-08-27;4;3
28;2025-08-27;5;89
28;2025-08-27;6;228
28;2025-08-27;7;540
28;2025-08-27;8;796
28;2025-08-27;9;566
28;2025-08-27;10;462
28;2025-08-27;11;450
28;2025-08-27;12;554
28;2025-08-27;13;612
28;2025-08-27;14;495
28;2025-08-27;15;517
28;2025-08-27;16;701
28;2025-08-27;17;805
28;2025-08-27;18;931
28;2025-08-27;19;590
28;2025-08-27;20;495
28;2025-08-27;21;298
28;2025-08-27;22;141
28;2025-08-27;23;2
28;2025-08-28;5;87
28;2025-08-28;6;308
28;2025-08-28;7;579
28;2025-08-28;8;881
28;2025-08-28;9;673
28;2025-08-28;10;603
28;2025-08-28;11;563
28;2025-08-28;12;604
28;2025-08-28;13;690
28;2025-08-28;14;643
28;2025-08-28;15;653
28;2025-08-28;16;772
28;2025-08-28;17;911
28;2025-08-28;18;943
28;2025-08-28;19;694
28;2025-08-28;20;489
28;2025-08-28;21;369
28;2025-08-28;22;158
28;2025-08-28;23;24
28;2025-08-29;4;2
28;2025-08-29;5;77
28;2025-08-29;6;204
28;2025-08-29;7;589
28;2025-08-29;8;812
28;2025-08-29;9;606
28;2025-08-29;10;484
28;2025-08-29;11;538
28;2025-08-29;12;564
28;2025-08-29;13;689
28;2025-08-29;14;635
28;2025-08-29;15;743
28;2025-08-29;16;749
28;2025-08-29;17;742
28;2025-08-29;18;689
28;2025-08-29;19;686
28;2025-08-29;20;484
28;2025-08-29;21;341
28;2025-08-29;22;171
28;2025-08-29;23;16
28;2025-08-30;5;53
28;2025-08-30;6;113
28;2025-08-30;7;223
28;2025-08-30;8;185
28;2025-08-30;9;385
28;2025-08-30;10;441
28;2025-08-30;11;426
28;2025-08-30;12;476
28;2025-08-30;13;592
28;2025-08-30;14;548
28;2025-08-30;15;572
28;2025-08-30;16;561
28;2025-08-30;17;559
28;2025-08-30;18;638
28;2025-08-30;19;425
28;2025-08-30;20;409
28;2025-08-30;21;350
28;2025-08-30;22;180
28;2025-08-30;23;8
28;2025-08-31;4;2
28;2025-08-31;5;31
28;2025-08-31;6;68
28;2025-08-31;7;140
28;2025-08-31;8;202
28;2025-08-31;9;314
28;2025-08-31;10;390
28;2025-08-31;11;432
28;2025-08-31;12;490
28;2025-08-31;13;506
28;2025-08-31;14;675
28;2025-08-31;15;699
28;2025-08-31;16;514
28;2025-08-31;17;521
28;2025-08-31;18;540
28;2025-08-31;19;507
28;2025-08-31;20;482
28;2025-08-31;21;330
28;2025-08-31;22;140
28;2025-08-31;23;8
50;2025-01-01;4;3
50;2025-01-01;5;3
50;2025-01-01;6;29
50;2025-01-01;7;86
50;2025-01-01;8;93
50;2025-01-01;9;79
50;2025-01-01;10;131
50;2025-01-01;11;184
50;2025-01-01;12;221
50;2025-01-01;13;229
50;2025-01-01;14;341
50;2025-01-01;15;322
50;2025-01-01;16;359
50;2025-01-01;17;344
50;2025-01-01;18;323
50;2025-01-01;19;227
50;2025-01-01;20;261
50;2025-01-01;21;128
50;2025-01-01;22;147
50;2025-01-01;23;96
50;2025-01-02;0;45
50;2025-01-02;1;3
50;2025-01-02;4;2
50;2025-01-02;5;21
50;2025-01-02;6;109
50;2025-01-02;7;202
50;2025-01-02;8;283
50;2025-01-02;9;322
50;2025-01-02;10;401
50;2025-01-02;11;537
50;2025-01-02;12;619
50;2025-01-02;13;618
50;2025-01-02;14;621
50;2025-01-02;15;665
50;2025-01-02;16;614
50;2025-01-02;17;591
50;2025-01-02;18;515
50;2025-01-02;19;495
50;2025-01-02;20;318
50;2025-01-02;21;285
50;2025-01-02;22;237
50;2025-01-02;23;148
50;2025-01-03;0;68
50;2025-01-03;1;10
50;2025-01-03;4;1
50;2025-01-03;5;33
50;2025-01-03;6;143
50;2025-01-03;7;276
50;2025-01-03;8;319
50;2025-01-03;9;421
50;2025-01-03;10;438
50;2025-01-03;11;513
50;2025-01-03;12;693
50;2025-01-03;13;743
50;2025-01-03;14;673
50;2025-01-03;15;679
50;2025-01-03;16;550
50;2025-01-03;17;639
50;2025-01-03;18;548
50;2025-01-03;19;419
50;2025-01-03;20;322
50;2025-01-03;21;337
50;2025-01-03;22;176
50;2025-01-03;23;145
50;2025-01-04;0;25
50;2025-01-04;1;10
50;2025-01-04;4;2
50;2025-01-04;5;33
50;2025-01-04;6;200
50;2025-01-04;7;340
50;2025-01-04;8;299
50;2025-01-04;9;459
50;2025-01-04;10;575
50;2025-01-04;11;674
50;2025-01-04;12;934
50;2025-01-04;13;859
50;2025-01-04;14;740
50;2025-01-04;15;778
50;2025-01-04;16;664
50;2025-01-04;17;668
50;2025-01-04;18;656
50;2025-01-04;19;493
50;2025-01-04;20;425
50;2025-01-04;21;256
50;2025-01-04;22;253
50;2025-01-04;23;120
50;2025-01-05;0;43
50;2025-01-05;1;8
50;2025-01-05;4;2
50;2025-01-05;5;34
50;2025-01-05;6;142
50;2025-01-05;7;254
50;2025-01-05;8;299
50;2025-01-05;9;346
50;2025-01-05;10;411
50;2025-01-05;11;655
50;2025-01-05;12;635
50;2025-01-05;13;735
50;2025-01-05;14;642
50;2025-01-05;15;643
50;2025-01-05;16;719
50;2025-01-05;17;570
50;2025-01-05;18;584
50;2025-01-05;19;445
50;2025-01-05;20;318
50;2025-01-05;21;303
50;2025-01-05;22;233
50;2025-01-05;23;61
50;2025-01-06;0;22
50;2025-01-06;1;3
50;2025-01-06;4;2
50;2025-01-06;5;26
50;2025-01-06;6;142
50;2025-01-06;7;242
50;2025-01-06;8;431
50;2025-01-06;9;484
50;2025-01-06;10;464
50;2025-01-06;11;593
50;2025-01-06;12;722
50;2025-01-06;13;747
50;2025-01-06;14;772
50;2025-01-06;15;730
50;2025-01-06;16;654
50;2025-01-06;17;705
50;2025-01-06;18;605
50;2025-01-06;19;585
50;2025-01-06;20;432
50;2025-01-06;21;313
50;2025-01-06;22;311
50;2025-01-06;23;185
50;2025-01-07;0;58
50;2025-01-07;1;43
50;2025-01-07;2;24
50;2025-01-07;3;8
50;2025-01-07;4;6
50;2025-01-07;5;30
50;2025-01-07;6;130
50;2025-01-07;7;187
50;2025-01-07;8;348
50;2025-01-07;9;409
50;2025-01-07;10;381
50;2025-01-07;11;493
50;2025-01-07;12;534
50;2025-01-07;13;523
50;2025-01-07;14;587
50;2025-01-07;15;588
50;2025-01-07;16;606
50;2025-01-07;17;539
50;2025-01-07;18;424
50;2025-01-07;19;530
50;2025-01-07;20;414
50;2025-01-07;21;280
50;2025-01-07;22;213
50;2025-01-07;23;111
50;2025-01-08;0;39
50;2025-01-08;1;7
50;2025-01-08;4;1
50;2025-01-08;5;34
50;2025-01-08;6;109
50;2025-01-08;7;258
50;2025-01-08;8;408
50;2025-01-08;9;436
50;2025-01-08;10;499
50;2025-01-08;11;545
50;2025-01-08;12;688
50;2025-01-08;13;640
50;2025-01-08;14;657
50;2025-01-08;15;604
50;2025-01-08;16;630
50;2025-01-08;17;557
50;2025-01-08;18;416
50;2025-01-08;19;467
50;2025-01-08;20;372
50;2025-01-08;21;243
50;2025-01-08;22;157
50;2025-01-08;23;112
50;2025-01-09;0;31
50;2025-01-09;1;3
50;2025-01-09;4;1
50;2025-01-09;5;79
50;2025-01-09;6;610
50;2025-01-09;7;1645
50;2025-01-09;8;2315
50;2025-01-09;9;1804
50;2025-01-09;10;1214
50;2025-01-09;11;1425
50;2025-01-09;12;1510
50;2025-01-09;13;1565
50;2025-01-09;14;1299
50;2025-01-09;15;1637
50;2025-01-09;16;1674
50;2025-01-09;17;2024
50;2025-01-09;18;2522
50;2025-01-09;19;1353
50;2025-01-09;20;820
50;2025-01-09;21;498
50;2025-01-09;22;217
50;2025-01-09;23;134
50;2025-01-10;0;35
50;2025-01-10;1;1
50;2025-01-10;4;4
50;2025-01-10;5;46
50;2025-01-10;6;506
50;2025-01-10;7;1475
50;2025-01-10;8;2556
50;2025-01-10;9;1822
50;2025-01-10;10;1472
50;2025-01-10;11;1518
50;2025-01-10;12;1523
50;2025-01-10;13;1343
50;2025-01-10;14;1198
50;2025-01-10;15;1553
50;2025-01-10;16;1698
50;2025-01-10;17;2066
50;2025-01-10;18;1709
50;2025-01-10;19;982
50;2025-01-10;20;572
50;2025-01-10;21;412
50;2025-01-10;22;245
50;2025-01-10;23;129
50;2025-01-11;0;54
50;2025-01-11;1;5
50;2025-01-11;4;1
50;2025-01-11;5;37
50;2025-01-11;6;143
50;2025-01-11;7;312
50;2025-01-11;8;490
50;2025-01-11;9;593
50;2025-01-11;10;558
50;2025-01-11;11;761
50;2025-01-11;12;775
50;2025-01-11;13;847
50;2025-01-11;14;876
50;2025-01-11;15;740
50;2025-01-11;16;688
50;2025-01-11;17;573
50;2025-01-11;18;462
50;2025-01-11;19;413
50;2025-01-11;20;381
50;2025-01-11;21;353
50;2025-01-11;22;192
50;2025-01-11;23;122
50;2025-01-12;0;33
50;2025-01-12;1;9
50;2025-01-12;5;29
50;2025-01-12;6;104
50;2025-01-12;7;170
50;2025-01-12;8;272
50;2025-01-12;9;452
50;2025-01-12;10;534
50;2025-01-12;11;703
50;2025-01-12;12;729
50;2025-01-12;13;804
50;2025-01-12;14;824
50;2025-01-12;15;828
50;2025-01-12;16;854
50;2025-01-12;17;688
50;2025-01-12;18;710
50;2025-01-12;19;557
50;2025-01-12;20;467
50;2025-01-12;21;326
50;2025-01-12;22;172
50;2025-01-12;23;106
50;2025-01-13;0;29
50;2025-01-13;1;8
50;2025-01-13;4;5
50;2025-01-13;5;52
50;2025-01-13;6;375
50;2025-01-13;7;1379
50;2025-01-13;8;2122
50;2025-01-13;9;1874
50;2025-01-13;10;1384
50;2025-01-13;11;1216
50;2025-01-13;12;1281
50;2025-01-13;13;926
50;2025-01-13;14;1060
50;2025-01-13;15;1040
50;2025-01-13;16;930
50;2025-01-13;17;1461
50;2025-01-13;18;2215
50;2025-01-13;19;1125
50;2025-01-13;20;467
50;2025-01-13;21;501
50;2025-01-13;22;190
50;2025-01-13;23;103
50;2025-01-14;0;34
50;2025-01-14;1;3
50;2025-01-14;4;3
50;2025-01-14;5;61
50;2025-01-14;6;567
50;2025-01-14;7;1767
50;2025-01-14;8;2692
50;2025-01-14;9;2076
50;2025-01-14;10;1646
50;2025-01-14;11;1658
50;2025-01-14;12;1524
50;2025-01-14;13;1580
50;2025-01-14;14;1466
50;2025-01-14;15;1661
50;2025-01-14;16;1567
50;2025-01-14;17;2580
50;2025-01-14;18;2610
50;2025-01-14;19;1438
50;2025-01-14;20;748
50;2025-01-14;21;540
50;2025-01-14;22;285
50;2025-01-14;23;151
50;2025-01-15;0;42
50;2025-01-15;1;11
50;2025-01-15;4;2
50;2025-01-15;5;53
50;2025-01-15;6;575
50;2025-01-15;7;1401
50;2025-01-15;8;2828
50;2025-01-15;9;2174
50;2025-01-15;10;1749
50;2025-01-15;11;1484
50;2025-01-15;12;1365
50;2025-01-15;13;1435
50;2025-01-15;14;1615
50;2025-01-15;15;1855
50;2025-01-15;16;1774
50;2025-01-15;17;2460
50;2025-01-15;18;2864
50;2025-01-15;19;1453
50;2025-01-15;20;793
50;2025-01-15;21;562
50;2025-01-15;22;272
50;2025-01-15;23;112
50;2025-01-16;0;39
50;2025-01-16;1;8
50;2025-01-16;4;1
50;2025-01-16;5;55
50;2025-01-16;6;640
50;2025-01-16;7;1597
50;2025-01-16;8;2641
50;2025-01-16;9;2075
50;2025-01-16;10;1571
50;2025-01-16;11;1664
50;2025-01-16;12;1399
50;2025-01-16;13;1371
50;2025-01-16;14;1598
50;2025-01-16;15;1388
50;2025-01-16;16;1814
50;2025-01-16;17;2261
50;2025-01-16;18;2469
50;2025-01-16;19;1386
50;2025-01-16;20;938
50;2025-01-16;21;506
50;2025-01-16;22;256
50;2025-01-16;23;118
50;2025-01-17;0;31
50;2025-01-17;1;1
50;2025-01-17;4;6
50;2025-01-17;5;52
50;2025-01-17;6;611
50;2025-01-17;7;1740
50;2025-01-17;8;2693
50;2025-01-17;9;1916
50;2025-01-17;10;1554
50;2025-01-17;11;1386
50;2025-01-17;12;1463
50;2025-01-17;13;1606
50;2025-01-17;14;1428
50;2025-01-17;15;1705
50;2025-01-17;16;1972
50;2025-01-17;17;1923
50;2025-01-17;18;1829
50;2025-01-17;19;1205
50;2025-01-17;20;718
50;2025-01-17;21;526
50;2025-01-17;22;300
50;2025-01-17;23;206
50;2025-01-18;0;46
50;2025-01-18;1;2
50;2025-01-18;4;3
50;2025-01-18;5;29
50;2025-01-18;6;183
50;2025-01-18;7;391
50;2025-01-18;8;591
50;2025-01-18;9;656
50;2025-01-18;10;603
50;2025-01-18;11;833
50;2025-01-18;12;897
50;2025-01-18;13;816
50;2025-01-18;14;1068
50;2025-01-18;15;830
50;2025-01-18;16;823
50;2025-01-18;17;877
50;2025-01-18;18;752
50;2025-01-18;19;630
50;2025-01-18;20;486
50;2025-01-18;21;352
50;2025-01-18;22;221
50;2025-01-18;23;114
50;2025-01-19;0;49
50;2025-01-19;1;12
50;2025-01-19;5;20
50;2025-01-19;6;129
50;2025-01-19;7;203
50;2025-01-19;8;363
50;2025-01-19;9;505
50;2025-01-19;10;538
50;2025-01-19;11;668
50;2025-01-19;12;836
50;2025-01-19;13;831
50;2025-01-19;14;1037
50;2025-01-19;15;782
50;2025-01-19;16;886
50;2025-01-19;17;788
50;2025-01-19;18;736
50;2025-01-19;19;630
50;2025-01-19;20;486
50;2025-01-19;21;304
50;2025-01-19;22;200
50;2025-01-19;23;95
50;2025-01-20;0;26
50;2025-01-20;1;9
50;2025-01-20;4;3
50;2025-01-20;5;71
50;2025-01-20;6;542
50;2025-01-20;7;1929
50;2025-01-20;8;2723
50;2025-01-20;9;2106
50;2025-01-20;10;1485
50;2025-01-20;11;1793
50;2025-01-20;12;1416
50;2025-01-20;13;1448
50;2025-01-20;14;1346
50;2025-01-20;15;1676
50;2025-01-20;16;1616
50;2025-01-20;17;2305
50;2025-01-20;18;2704
50;2025-01-20;19;1468
50;2025-01-20;20;845
50;2025-01-20;21;424
50;2025-01-20;22;216
50;2025-01-20;23;153
50;2025-01-21;0;35
50;2025-01-21;1;3
50;2025-01-21;4;2
50;2025-01-21;5;54
50;2025-01-21;6;545
50;2025-01-21;7;1776
50;2025-01-21;8;3074
50;2025-01-21;9;2015
50;2025-01-21;10;1766
50;2025-01-21;11;1539
50;2025-01-21;12;1722
50;2025-01-21;13;1492
50;2025-01-21;14;1115
50;2025-01-21;15;1624
50;2025-01-21;16;1583
50;2025-01-21;17;2289
50;2025-01-21;18;2784
50;2025-01-21;19;1767
50;2025-01-21;20;910
50;2025-01-21;21;556
50;2025-01-21;22;351
50;2025-01-21;23;100
50;2025-01-22;0;58
50;2025-01-22;1;1
50;2025-01-22;4;1
50;2025-01-22;5;69
50;2025-01-22;6;491
50;2025-01-22;7;1730
50;2025-01-22;8;2876
50;2025-01-22;9;2084
50;2025-01-22;10;1748
50;2025-01-22;11;1542
50;2025-01-22;12;1554
50;2025-01-22;13;1448
50;2025-01-22;14;1295
50;2025-01-22;15;1441
50;2025-01-22;16;1575
50;2025-01-22;17;2400
50;2025-01-22;18;2466
50;2025-01-22;19;1430
50;2025-01-22;20;754
50;2025-01-22;21;604
50;2025-01-22;22;257
50;2025-01-22;23;124
50;2025-01-23;0;41
50;2025-01-23;1;2
50;2025-01-23;4;2
50;2025-01-23;5;46
50;2025-01-23;6;469
50;2025-01-23;7;1874
50;2025-01-23;8;2670
50;2025-01-23;9;2065
50;2025-01-23;10;1676
50;2025-01-23;11;1622
50;2025-01-23;12;1667
50;2025-01-23;13;1582
50;2025-01-23;14;1435
50;2025-01-23;15;1501
50;2025-01-23;16;1842
50;2025-01-23;17;2533
50;2025-01-23;18;2619
50;2025-01-23;19;1448
50;2025-01-23;20;828
50;2025-01-23;21;570
50;2025-01-23;22;365
50;2025-01-23;23;179
50;2025-01-24;0;49
50;2025-01-24;1;5
50;2025-01-24;4;4
50;2025-01-24;5;76
50;2025-01-24;6;580
50;2025-01-24;7;1829
50;2025-01-24;8;2791
50;2025-01-24;9;1815
50;2025-01-24;10;1691
50;2025-01-24;11;1703
50;2025-01-24;12;1697
50;2025-01-24;13;1705
50;2025-01-24;14;1281
50;2025-01-24;15;1905
50;2025-01-24;16;2393
50;2025-01-24;17;2032
50;2025-01-24;18;1979
50;2025-01-24;19;1333
50;2025-01-24;20;932
50;2025-01-24;21;536
50;2025-01-24;22;344
50;2025-01-24;23;173
50;2025-01-25;0;66
50;2025-01-25;1;2
50;2025-01-25;4;1
50;2025-01-25;5;29
50;2025-01-25;6;141
50;2025-01-25;7;359
50;2025-01-25;8;519
50;2025-01-25;9;617
50;2025-01-25;10;610
50;2025-01-25;11;776
50;2025-01-25;12;800
50;2025-01-25;13;899
50;2025-01-25;14;732
50;2025-01-25;15;919
50;2025-01-25;16;809
50;2025-01-25;17;856
50;2025-01-25;18;693
50;2025-01-25;19;541
50;2025-01-25;20;348
50;2025-01-25;21;361
50;2025-01-25;22;267
50;2025-01-25;23;137
50;2025-01-26;0;59
50;2025-01-26;1;4
50;2025-01-26;5;22
50;2025-01-26;6;105
50;2025-01-26;7;205
50;2025-01-26;8;319
50;2025-01-26;9;504
50;2025-01-26;10;501
50;2025-01-26;11;707
50;2025-01-26;12;745
50;2025-01-26;13;783
50;2025-01-26;14;948
50;2025-01-26;15;691
50;2025-01-26;16;883
50;2025-01-26;17;769
50;2025-01-26;18;633
50;2025-01-26;19;468
50;2025-01-26;20;414
50;2025-01-26;21;398
50;2025-01-26;22;266
50;2025-01-26;23;114
50;2025-01-27;0;41
50;2025-01-27;1;6
50;2025-01-27;4;1
50;2025-01-27;5;57
50;2025-01-27;6;591
50;2025-01-27;7;1888
50;2025-01-27;8;2570
50;2025-01-27;9;2128
50;2025-01-27;10;1511
50;2025-01-27;11;1545
50;2025-01-27;12;1258
50;2025-01-27;13;1471
50;2025-01-27;14;1269
50;2025-01-27;15;1481
50;2025-01-27;16;1547
50;2025-01-27;17;2460
50;2025-01-27;18;2563
50;2025-01-27;19;1615
50;2025-01-27;20;828
50;2025-01-27;21;564
50;2025-01-27;22;253
50;2025-01-27;23;121
50;2025-01-28;0;34
50;2025-01-28;1;3
50;2025-01-28;4;2
50;2025-01-28;5;89
50;2025-01-28;6;662
50;2025-01-28;7;2216
50;2025-01-28;8;3106
50;2025-01-28;9;2166
50;2025-01-28;10;2087
50;2025-01-28;11;1592
50;2025-01-28;12;1632
50;2025-01-28;13;1625
50;2025-01-28;14;1462
50;2025-01-28;15;1623
50;2025-01-28;16;1455
50;2025-01-28;17;2270
50;2025-01-28;18;2627
50;2025-01-28;19;1530
50;2025-01-28;20;838
50;2025-01-28;21;579
50;2025-01-28;22;222
50;2025-01-28;23;123
50;2025-01-29;0;36
50;2025-01-29;1;2
50;2025-01-29;4;2
50;2025-01-29;5;81
50;2025-01-29;6;557
50;2025-01-29;7;2000
50;2025-01-29;8;2700
50;2025-01-29;9;2135
50;2025-01-29;10;1688
50;2025-01-29;11;1429
50;2025-01-29;12;1521
50;2025-01-29;13;1292
50;2025-01-29;14;1551
50;2025-01-29;15;1493
50;2025-01-29;16;1713
50;2025-01-29;17;2531
50;2025-01-29;18;2761
50;2025-01-29;19;1409
50;2025-01-29;20;801
50;2025-01-29;21;610
50;2025-01-29;22;271
50;2025-01-29;23;122
50;2025-01-30;0;28
50;2025-01-30;1;1
50;2025-01-30;4;1
50;2025-01-30;5;59
50;2025-01-30;6;542
50;2025-01-30;7;1755
50;2025-01-30;8;2599
50;2025-01-30;9;2031
50;2025-01-30;10;1481
50;2025-01-30;11;1467
50;2025-01-30;12;1448
50;2025-01-30;13;1395
50;2025-01-30;14;1485
50;2025-01-30;15;1565
50;2025-01-30;16;1824
50;2025-01-30;17;2431
50;2025-01-30;18;2885
50;2025-01-30;19;1462
50;2025-01-30;20;951
50;2025-01-30;21;613
50;2025-01-30;22;327
50;2025-01-30;23;157
50;2025-01-31;0;38
50;2025-01-31;1;5
50;2025-01-31;4;1
50;2025-01-31;5;57
50;2025-01-31;6;599
50;2025-01-31;7;1557
50;2025-01-31;8;2576
50;2025-01-31;9;1714
50;2025-01-31;10;1524
50;2025-01-31;11;1694
50;2025-01-31;12;1502
50;2025-01-31;13;1368
50;2025-01-31;14;1345
50;2025-01-31;15;1625
50;2025-01-31;16;1996
50;2025-01-31;17;2270
50;2025-01-31;18;1882
50;2025-01-31;19;1074
50;2025-01-31;20;703
50;2025-01-31;21;502
50;2025-01-31;22;303
50;2025-01-31;23;159
50;2025-02-01;0;53
50;2025-02-01;1;2
50;2025-02-01;4;2
50;2025-02-01;5;38
50;2025-02-01;6;121
50;2025-02-01;7;386
50;2025-02-01;8;495
50;2025-02-01;9;569
50;2025-02-01;10;585
50;2025-02-01;11;804
50;2025-02-01;12;808
50;2025-02-01;13;816
50;2025-02-01;14;812
50;2025-02-01;15;775
50;2025-02-01;16;808
50;2025-02-01;17;895
50;2025-02-01;18;672
50;2025-02-01;19;696
50;2025-02-01;20;459
50;2025-02-01;21;380
50;2025-02-01;22;238
50;2025-02-01;23;162
50;2025-02-02;0;48
50;2025-02-02;1;5
50;2025-02-02;4;2
50;2025-02-02;5;22
50;2025-02-02;6;89
50;2025-02-02;7;266
50;2025-02-02;8;296
50;2025-02-02;9;368
50;2025-02-02;10;432
50;2025-02-02;11;646
50;2025-02-02;12;771
50;2025-02-02;13;729
50;2025-02-02;14;752
50;2025-02-02;15;761
50;2025-02-02;16;820
50;2025-02-02;17;762
50;2025-02-02;18;634
50;2025-02-02;19;515
50;2025-02-02;20;418
50;2025-02-02;21;330
50;2025-02-02;22;218
50;2025-02-02;23;127
50;2025-02-03;0;37
50;2025-02-03;1;7
50;2025-02-03;4;2
50;2025-02-03;5;64
50;2025-02-03;6;633
50;2025-02-03;7;1839
50;2025-02-03;8;2474
50;2025-02-03;9;1963
50;2025-02-03;10;1494
50;2025-02-03;11;1523
50;2025-02-03;12;1350
50;2025-02-03;13;1432
50;2025-02-03;14;1310
50;2025-02-03;15;1539
50;2025-02-03;16;1540
50;2025-02-03;17;2410
50;2025-02-03;18;2630
50;2025-02-03;19;1375
50;2025-02-03;20;952
50;2025-02-03;21;628
50;2025-02-03;22;305
50;2025-02-03;23;115
50;2025-02-04;0;32
50;2025-02-04;1;1
50;2025-02-04;4;3
50;2025-02-04;5;59
50;2025-02-04;6;558
50;2025-02-04;7;1628
50;2025-02-04;8;2488
50;2025-02-04;9;2128
50;2025-02-04;10;1526
50;2025-02-04;11;1428
50;2025-02-04;12;1414
50;2025-02-04;13;1174
50;2025-02-04;14;1403
50;2025-02-04;15;1469
50;2025-02-04;16;1430
50;2025-02-04;17;2263
50;2025-02-04;18;2560
50;2025-02-04;19;1426
50;2025-02-04;20;895
50;2025-02-04;21;512
50;2025-02-04;22;282
50;2025-02-04;23;114
50;2025-02-05;0;38
50;2025-02-05;1;4
50;2025-02-05;4;1
50;2025-02-05;5;43
50;2025-02-05;6;365
50;2025-02-05;7;1526
50;2025-02-05;8;2544
50;2025-02-05;9;1859
50;2025-02-05;10;1686
50;2025-02-05;11;1687
50;2025-02-05;12;1668
50;2025-02-05;13;1578
50;2025-02-05;14;1560
50;2025-02-05;15;1798
50;2025-02-05;16;1913
50;2025-02-05;17;2519
50;2025-02-05;18;2753
50;2025-02-05;19;1646
50;2025-02-05;20;986
50;2025-02-05;21;595
50;2025-02-05;22;290
50;2025-02-05;23;156
50;2025-02-06;0;57
50;2025-02-06;1;2
50;2025-02-06;4;2
50;2025-02-06;5;66
50;2025-02-06;6;529
50;2025-02-06;7;1835
50;2025-02-06;8;2569
50;2025-02-06;9;1895
50;2025-02-06;10;1435
50;2025-02-06;11;1510
50;2025-02-06;12;1259
50;2025-02-06;13;1250
50;2025-02-06;14;1232
50;2025-02-06;15;1457
50;2025-02-06;16;1810
50;2025-02-06;17;2185
50;2025-02-06;18;2320
50;2025-02-06;19;1387
50;2025-02-06;20;816
50;2025-02-06;21;579
50;2025-02-06;22;273
50;2025-02-06;23;123
50;2025-02-07;0;43
50;2025-02-07;1;2
50;2025-02-07;4;1
50;2025-02-07;5;56
50;2025-02-07;6;580
50;2025-02-07;7;1568
50;2025-02-07;8;2636
50;2025-02-07;9;2123
50;2025-02-07;10;1350
50;2025-02-07;11;1511
50;2025-02-07;12;1543
50;2025-02-07;13;1346
50;2025-02-07;14;1317
50;2025-02-07;15;1523
50;2025-02-07;16;1650
50;2025-02-07;17;2259
50;2025-02-07;18;1824
50;2025-02-07;19;1216
50;2025-02-07;20;676
50;2025-02-07;21;642
50;2025-02-07;22;300
50;2025-02-07;23;154
50;2025-02-08;0;53
50;2025-02-08;1;4
50;2025-02-08;4;1
50;2025-02-08;5;29
50;2025-02-08;6;196
50;2025-02-08;7;297
50;2025-02-08;8;580
50;2025-02-08;9;537
50;2025-02-08;10;579
50;2025-02-08;11;711
50;2025-02-08;12;695
50;2025-02-08;13;732
50;2025-02-08;14;810
50;2025-02-08;15;871
50;2025-02-08;16;727
50;2025-02-08;17;791
50;2025-02-08;18;627
50;2025-02-08;19;554
50;2025-02-08;20;402
50;2025-02-08;21;406
50;2025-02-08;22;244
50;2025-02-08;23;107
50;2025-02-09;0;59
50;2025-02-09;1;5
50;2025-02-09;4;2
50;2025-02-09;5;14
50;2025-02-09;6;95
50;2025-02-09;7;188
50;2025-02-09;8;362
50;2025-02-09;9;442
50;2025-02-09;10;466
50;2025-02-09;11;581
50;2025-02-09;12;761
50;2025-02-09;13;737
50;2025-02-09;14;731
50;2025-02-09;15;689
50;2025-02-09;16;774
50;2025-02-09;17;779
50;2025-02-09;18;628
50;2025-02-09;19;544
50;2025-02-09;20;454
50;2025-02-09;21;374
50;2025-02-09;22;234
50;2025-02-09;23;83
50;2025-02-10;0;29
50;2025-02-10;1;1
50;2025-02-10;4;3
50;2025-02-10;5;68
50;2025-02-10;6;515
50;2025-02-10;7;1834
50;2025-02-10;8;2859
50;2025-02-10;9;1976
50;2025-02-10;10;1436
50;2025-02-10;11;1760
50;2025-02-10;12;1343
50;2025-02-10;13;1153
50;2025-02-10;14;1271
50;2025-02-10;15;1520
50;2025-02-10;16;1302
50;2025-02-10;17;2337
50;2025-02-10;18;2235
50;2025-02-10;19;1382
50;2025-02-10;20;710
50;2025-02-10;21;570
50;2025-02-10;22;262
50;2025-02-10;23;92
50;2025-02-11;0;41
50;2025-02-11;1;2
50;2025-02-11;4;2
50;2025-02-11;5;80
50;2025-02-11;6;693
50;2025-02-11;7;2104
50;2025-02-11;8;3061
50;2025-02-11;9;2467
50;2025-02-11;10;1635
50;2025-02-11;11;1820
50;2025-02-11;12;1757
50;2025-02-11;13;1478
50;2025-02-11;14;1677
50;2025-02-11;15;1949
50;2025-02-11;16;1877
50;2025-02-11;17;2812
50;2025-02-11;18;2859
50;2025-02-11;19;1803
50;2025-02-11;20;988
50;2025-02-11;21;607
50;2025-02-11;22;315
50;2025-02-11;23;156
50;2025-02-12;0;35
50;2025-02-12;1;3
50;2025-02-12;4;2
50;2025-02-12;5;53
50;2025-02-12;6;582
50;2025-02-12;7;1921
50;2025-02-12;8;2949
50;2025-02-12;9;2067
50;2025-02-12;10;1618
50;2025-02-12;11;1699
50;2025-02-12;12;1461
50;2025-02-12;13;1459
50;2025-02-12;14;1328
50;2025-02-12;15;1830
50;2025-02-12;16;1734
50;2025-02-12;17;2556
50;2025-02-12;18;2612
50;2025-02-12;19;1706
50;2025-02-12;20;973
50;2025-02-12;21;593
50;2025-02-12;22;262
50;2025-02-12;23;164
50;2025-02-13;0;36
50;2025-02-13;1;3
50;2025-02-13;4;2
50;2025-02-13;5;68
50;2025-02-13;6;522
50;2025-02-13;7;1797
50;2025-02-13;8;2646
50;2025-02-13;9;2121
50;2025-02-13;10;1661
50;2025-02-13;11;1716
50;2025-02-13;12;1475
50;2025-02-13;13;1284
50;2025-02-13;14;1296
50;2025-02-13;15;1850
50;2025-02-13;16;1704
50;2025-02-13;17;2442
50;2025-02-13;18;2484
50;2025-02-13;19;1354
50;2025-02-13;20;957
50;2025-02-13;21;671
50;2025-02-13;22;301
50;2025-02-13;23;178
50;2025-02-14;0;54
50;2025-02-14;1;3
50;2025-02-14;4;3
50;2025-02-14;5;55
50;2025-02-14;6;471
50;2025-02-14;7;1814
50;2025-02-14;8;2893
50;2025-02-14;9;2066
50;2025-02-14;10;1660
50;2025-02-14;11;1601
50;2025-02-14;12;1664
50;2025-02-14;13;1711
50;2025-02-14;14;1395
50;2025-02-14;15;1902
50;2025-02-14;16;2018
50;2025-02-14;17;2173
50;2025-02-14;18;1974
50;2025-02-14;19;1234
50;2025-02-14;20;836
50;2025-02-14;21;662
50;2025-02-14;22;309
50;2025-02-14;23;196
50;2025-02-15;0;65
50;2025-02-15;1;3
50;2025-02-15;4;5
50;2025-02-15;5;38
50;2025-02-15;6;235
50;2025-02-15;7;441
50;2025-02-15;8;669
50;2025-02-15;9;879
50;2025-02-15;10;742
50;2025-02-15;11;936
50;2025-02-15;12;912
50;2025-02-15;13;997
50;2025-02-15;14;875
50;2025-02-15;15;994
50;2025-02-15;16;867
50;2025-02-15;17;768
50;2025-02-15;18;807
50;2025-02-15;19;505
50;2025-02-15;20;511
50;2025-02-15;21;260
50;2025-02-15;22;161
50;2025-02-15;23;149
50;2025-02-16;0;51
50;2025-02-16;1;21
50;2025-02-16;4;1
50;2025-02-16;5;17
50;2025-02-16;6;83
50;2025-02-16;7;200
50;2025-02-16;8;211
50;2025-02-16;9;326
50;2025-02-16;10;345
50;2025-02-16;11;471
50;2025-02-16;12;550
50;2025-02-16;13;634
50;2025-02-16;14;716
50;2025-02-16;15;602
50;2025-02-16;16;590
50;2025-02-16;17;570
50;2025-02-16;18;547
50;2025-02-16;19;494
50;2025-02-16;20;395
50;2025-02-16;21;288
50;2025-02-16;22;176
50;2025-02-16;23;74
50;2025-02-17;0;37
50;2025-02-17;1;6
50;2025-02-17;4;2
50;2025-02-17;5;63
50;2025-02-17;6;579
50;2025-02-17;7;2086
50;2025-02-17;8;2858
50;2025-02-17;9;2216
50;2025-02-17;10;1656
50;2025-02-17;11;1397
50;2025-02-17;12;1393
50;2025-02-17;13;1254
50;2025-02-17;14;1312
50;2025-02-17;15;1885
50;2025-02-17;16;1520
50;2025-02-17;17;2628
50;2025-02-17;18;2874
50;2025-02-17;19;1743
50;2025-02-17;20;971
50;2025-02-17;21;653
50;2025-02-17;22;326
50;2025-02-17;23;158
50;2025-02-18;0;38
50;2025-02-18;4;3
50;2025-02-18;5;91
50;2025-02-18;6;705
50;2025-02-18;7;1793
50;2025-02-18;8;2964
50;2025-02-18;9;2221
50;2025-02-18;10;1640
50;2025-02-18;11;1746
50;2025-02-18;12;1565
50;2025-02-18;13;1655
50;2025-02-18;14;1377
50;2025-02-18;15;1918
50;2025-02-18;16;1739
50;2025-02-18;17;2666
50;2025-02-18;18;2640
50;2025-02-18;19;1794
50;2025-02-18;20;996
50;2025-02-18;21;705
50;2025-02-18;22;320
50;2025-02-18;23;155
50;2025-02-19;0;46
50;2025-02-19;1;1
50;2025-02-19;4;2
50;2025-02-19;5;75
50;2025-02-19;6;552
50;2025-02-19;7;1444
50;2025-02-19;8;2455
50;2025-02-19;9;1807
50;2025-02-19;10;1279
50;2025-02-19;11;1420
50;2025-02-19;12;1429
50;2025-02-19;13;1256
50;2025-02-19;14;1307
50;2025-02-19;15;1734
50;2025-02-19;16;1696
50;2025-02-19;17;2128
50;2025-02-19;18;2499
50;2025-02-19;19;1439
50;2025-02-19;20;788
50;2025-02-19;21;596
50;2025-02-19;22;301
50;2025-02-19;23;124
50;2025-02-20;0;37
50;2025-02-20;1;4
50;2025-02-20;4;3
50;2025-02-20;5;72
50;2025-02-20;6;461
50;2025-02-20;7;1894
50;2025-02-20;8;2657
50;2025-02-20;9;2274
50;2025-02-20;10;1666
50;2025-02-20;11;1633
50;2025-02-20;12;1441
50;2025-02-20;13;1261
50;2025-02-20;14;1260
50;2025-02-20;15;1738
50;2025-02-20;16;1614
50;2025-02-20;17;2252
50;2025-02-20;18;2627
50;2025-02-20;19;1765
50;2025-02-20;20;941
50;2025-02-20;21;618
50;2025-02-20;22;337
50;2025-02-20;23;154
50;2025-02-21;0;41
50;2025-02-21;1;5
50;2025-02-21;4;2
50;2025-02-21;5;57
50;2025-02-21;6;574
50;2025-02-21;7;1727
50;2025-02-21;8;2919
50;2025-02-21;9;2386
50;2025-02-21;10;1841
50;2025-02-21;11;1961
50;2025-02-21;12;1846
50;2025-02-21;13;1639
50;2025-02-21;14;1811
50;2025-02-21;15;2490
50;2025-02-21;16;2420
50;2025-02-21;17;2425
50;2025-02-21;18;2270
50;2025-02-21;19;1442
50;2025-02-21;20;746
50;2025-02-21;21;677
50;2025-02-21;22;374
50;2025-02-21;23;166
50;2025-02-22;0;86
50;2025-02-22;1;2
50;2025-02-22;4;3
50;2025-02-22;5;50
50;2025-02-22;6;175
50;2025-02-22;7;409
50;2025-02-22;8;668
50;2025-02-22;9;714
50;2025-02-22;10;755
50;2025-02-22;11;833
50;2025-02-22;12;919
50;2025-02-22;13;956
50;2025-02-22;14;992
50;2025-02-22;15;976
50;2025-02-22;16;895
50;2025-02-22;17;904
50;2025-02-22;18;784
50;2025-02-22;19;693
50;2025-02-22;20;574
50;2025-02-22;21;377
50;2025-02-22;22;246
50;2025-02-22;23;129
50;2025-02-23;0;66
50;2025-02-23;1;10
50;2025-02-23;5;13
50;2025-02-23;6;101
50;2025-02-23;7;254
50;2025-02-23;8;350
50;2025-02-23;9;529
50;2025-02-23;10;528
50;2025-02-23;11;615
50;2025-02-23;12;675
50;2025-02-23;13;785
50;2025-02-23;14;965
50;2025-02-23;15;820
50;2025-02-23;16;793
50;2025-02-23;17;820
50;2025-02-23;18;705
50;2025-02-23;19;538
50;2025-02-23;20;420
50;2025-02-23;21;308
50;2025-02-23;22;224
50;2025-02-23;23;166
50;2025-02-24;0;29
50;2025-02-24;1;3
50;2025-02-24;4;4
50;2025-02-24;5;62
50;2025-02-24;6;584
50;2025-02-24;7;2004
50;2025-02-24;8;2715
50;2025-02-24;9;2090
50;2025-02-24;10;1627
50;2025-02-24;11;1601
50;2025-02-24;12;1441
50;2025-02-24;13;1229
50;2025-02-24;14;1267
50;2025-02-24;15;1766
50;2025-02-24;16;1502
50;2025-02-24;17;2437
50;2025-02-24;18;2510
50;2025-02-24;19;1563
50;2025-02-24;20;945
50;2025-02-24;21;535
50;2025-02-24;22;336
50;2025-02-24;23;119
50;2025-02-25;0;36
50;2025-02-25;1;5
50;2025-02-25;4;2
50;2025-02-25;5;62
50;2025-02-25;6;554
50;2025-02-25;7;1735
50;2025-02-25;8;2780
50;2025-02-25;9;2298
50;2025-02-25;10;1658
50;2025-02-25;11;1564
50;2025-02-25;12;1426
50;2025-02-25;13;1266
50;2025-02-25;14;1538
50;2025-02-25;15;2059
50;2025-02-25;16;1619
50;2025-02-25;17;2259
50;2025-02-25;18;2712
50;2025-02-25;19;1314
50;2025-02-25;20;769
50;2025-02-25;21;596
50;2025-02-25;22;276
50;2025-02-25;23;95
50;2025-02-26;0;28
50;2025-02-26;1;10
50;2025-02-26;4;3
50;2025-02-26;5;70
50;2025-02-26;6;637
50;2025-02-26;7;2027
50;2025-02-26;8;2893
50;2025-02-26;9;2025
50;2025-02-26;10;1650
50;2025-02-26;11;1644
50;2025-02-26;12;1609
50;2025-02-26;13;1569
50;2025-02-26;14;1998
50;2025-02-26;15;1860
50;2025-02-26;16;1865
50;2025-02-26;17;3020
50;2025-02-26;18;2850
50;2025-02-26;19;1535
50;2025-02-26;20;1021
50;2025-02-26;21;669
50;2025-02-26;22;303
50;2025-02-26;23;85
50;2025-02-27;0;24
50;2025-02-27;1;8
50;2025-02-27;4;3
50;2025-02-27;5;82
50;2025-02-27;6;607
50;2025-02-27;7;2015
50;2025-02-27;8;3174
50;2025-02-27;9;2373
50;2025-02-27;10;1671
50;2025-02-27;11;1939
50;2025-02-27;12;1637
50;2025-02-27;13;1483
50;2025-02-27;14;1593
50;2025-02-27;15;1873
50;2025-02-27;16;2152
50;2025-02-27;17;2788
50;2025-02-27;18;2904
50;2025-02-27;19;1625
50;2025-02-27;20;909
50;2025-02-27;21;777
50;2025-02-27;22;318
50;2025-02-27;23;171
50;2025-02-28;0;50
50;2025-02-28;1;5
50;2025-02-28;2;1
50;2025-02-28;4;1
50;2025-02-28;5;70
50;2025-02-28;6;549
50;2025-02-28;7;1657
50;2025-02-28;8;2504
50;2025-02-28;9;2152
50;2025-02-28;10;1366
50;2025-02-28;11;1639
50;2025-02-28;12;1473
50;2025-02-28;13;1285
50;2025-02-28;14;1448
50;2025-02-28;15;1771
50;2025-02-28;16;1939
50;2025-02-28;17;2129
50;2025-02-28;18;1841
50;2025-02-28;19;1274
50;2025-02-28;20;783
50;2025-02-28;21;709
50;2025-02-28;22;277
50;2025-02-28;23;200
50;2025-03-01;0;68
50;2025-03-01;1;3
50;2025-03-01;5;32
50;2025-03-01;6;166
50;2025-03-01;7;382
50;2025-03-01;8;684
50;2025-03-01;9;773
50;2025-03-01;10;649
50;2025-03-01;11;734
50;2025-03-01;12;898
50;2025-03-01;13;954
50;2025-03-01;14;1109
50;2025-03-01;15;965
50;2025-03-01;16;921
50;2025-03-01;17;821
50;2025-03-01;18;709
50;2025-03-01;19;712
50;2025-03-01;20;451
50;2025-03-01;21;452
50;2025-03-01;22;232
50;2025-03-01;23;139
50;2025-03-02;0;39
50;2025-03-02;1;2
50;2025-03-02;4;2
50;2025-03-02;5;26
50;2025-03-02;6;132
50;2025-03-02;7;201
50;2025-03-02;8;364
50;2025-03-02;9;543
50;2025-03-02;10;569
50;2025-03-02;11;730
50;2025-03-02;12;748
50;2025-03-02;13;800
50;2025-03-02;14;902
50;2025-03-02;15;779
50;2025-03-02;16;703
50;2025-03-02;17;777
50;2025-03-02;18;827
50;2025-03-02;19;597
50;2025-03-02;20;522
50;2025-03-02;21;452
50;2025-03-02;22;196
50;2025-03-02;23;117
50;2025-03-03;0;36
50;2025-03-03;1;6
50;2025-03-03;5;73
50;2025-03-03;6;552
50;2025-03-03;7;1784
50;2025-03-03;8;2784
50;2025-03-03;9;2084
50;2025-03-03;10;1614
50;2025-03-03;11;1634
50;2025-03-03;12;1597
50;2025-03-03;13;1730
50;2025-03-03;14;1408
50;2025-03-03;15;1854
50;2025-03-03;16;1743
50;2025-03-03;17;2393
50;2025-03-03;18;2770
50;2025-03-03;19;1843
50;2025-03-03;20;965
50;2025-03-03;21;600
50;2025-03-03;22;253
50;2025-03-03;23;131
50;2025-03-04;0;49
50;2025-03-04;1;2
50;2025-03-04;5;80
50;2025-03-04;6;641
50;2025-03-04;7;2050
50;2025-03-04;8;2874
50;2025-03-04;9;2038
50;2025-03-04;10;1883
50;2025-03-04;11;1687
50;2025-03-04;12;1529
50;2025-03-04;13;1442
50;2025-03-04;14;1461
50;2025-03-04;15;1869
50;2025-03-04;16;1807
50;2025-03-04;17;2524
50;2025-03-04;18;2845
50;2025-03-04;19;1563
50;2025-03-04;20;789
50;2025-03-04;21;809
50;2025-03-04;22;236
50;2025-03-04;23;115
50;2025-03-05;0;27
50;2025-03-05;1;7
50;2025-03-05;4;1
50;2025-03-05;5;54
50;2025-03-05;6;565
50;2025-03-05;7;1816
50;2025-03-05;8;2523
50;2025-03-05;9;2143
50;2025-03-05;10;1732
50;2025-03-05;11;1713
50;2025-03-05;12;1580
50;2025-03-05;13;1652
50;2025-03-05;14;1700
50;2025-03-05;15;1822
50;2025-03-05;16;1869
50;2025-03-05;17;2651
50;2025-03-05;18;2795
50;2025-03-05;19;1921
50;2025-03-05;20;972
50;2025-03-05;21;720
50;2025-03-05;22;330
50;2025-03-05;23;129
50;2025-03-06;0;36
50;2025-03-06;1;3
50;2025-03-06;4;2
50;2025-03-06;5;76
50;2025-03-06;6;609
50;2025-03-06;7;1784
50;2025-03-06;8;2810
50;2025-03-06;9;2302
50;2025-03-06;10;1729
50;2025-03-06;11;1499
50;2025-03-06;12;1478
50;2025-03-06;13;1715
50;2025-03-06;14;1611
50;2025-03-06;15;1993
50;2025-03-06;16;1958
50;2025-03-06;17;2368
50;2025-03-06;18;2395
50;2025-03-06;19;1484
50;2025-03-06;20;937
50;2025-03-06;21;810
50;2025-03-06;22;269
50;2025-03-06;23;189
50;2025-03-07;0;46
50;2025-03-07;1;1
50;2025-03-07;4;2
50;2025-03-07;5;67
50;2025-03-07;6;445
50;2025-03-07;7;1696
50;2025-03-07;8;2369
50;2025-03-07;9;1961
50;2025-03-07;10;1788
50;2025-03-07;11;1435
50;2025-03-07;12;1624
50;2025-03-07;13;1537
50;2025-03-07;14;1797
50;2025-03-07;15;2379
50;2025-03-07;16;2190
50;2025-03-07;17;2063
50;2025-03-07;18;1557
50;2025-03-07;19;1146
50;2025-03-07;20;859
50;2025-03-07;21;677
50;2025-03-07;22;404
50;2025-03-07;23;239
50;2025-03-08;0;99
50;2025-03-08;1;4
50;2025-03-08;4;1
50;2025-03-08;5;31
50;2025-03-08;6;144
50;2025-03-08;7;316
50;2025-03-08;8;376
50;2025-03-08;9;399
50;2025-03-08;10;288
50;2025-03-08;11;636
50;2025-03-08;12;536
50;2025-03-08;13;669
50;2025-03-08;14;791
50;2025-03-08;15;868
50;2025-03-08;16;880
50;2025-03-08;17;775
50;2025-03-08;18;748
50;2025-03-08;19;673
50;2025-03-08;20;498
50;2025-03-08;21;464
50;2025-03-08;22;199
50;2025-03-08;23;112
50;2025-03-09;0;42
50;2025-03-09;1;6
50;2025-03-09;4;2
50;2025-03-09;5;24
50;2025-03-09;6;96
50;2025-03-09;7;181
50;2025-03-09;8;386
50;2025-03-09;9;543
50;2025-03-09;10;528
50;2025-03-09;11;707
50;2025-03-09;12;817
50;2025-03-09;13;925
50;2025-03-09;14;860
50;2025-03-09;15;672
50;2025-03-09;16;763
50;2025-03-09;17;802
50;2025-03-09;18;617
50;2025-03-09;19;580
50;2025-03-09;20;423
50;2025-03-09;21;415
50;2025-03-09;22;148
50;2025-03-09;23;107
50;2025-03-10;0;29
50;2025-03-10;1;2
50;2025-03-10;4;3
50;2025-03-10;5;61
50;2025-03-10;6;600
50;2025-03-10;7;1657
50;2025-03-10;8;2877
50;2025-03-10;9;1888
50;2025-03-10;10;1803
50;2025-03-10;11;1609
50;2025-03-10;12;1578
50;2025-03-10;13;1590
50;2025-03-10;14;1421
50;2025-03-10;15;1683
50;2025-03-10;16;1651
50;2025-03-10;17;2582
50;2025-03-10;18;2528
50;2025-03-10;19;1742
50;2025-03-10;20;886
50;2025-03-10;21;656
50;2025-03-10;22;238
50;2025-03-10;23;132
50;2025-03-11;0;48
50;2025-03-11;1;3
50;2025-03-11;4;1
50;2025-03-11;5;71
50;2025-03-11;6;636
50;2025-03-11;7;1899
50;2025-03-11;8;2718
50;2025-03-11;9;2404
50;2025-03-11;10;1662
50;2025-03-11;11;1765
50;2025-03-11;12;1683
50;2025-03-11;13;1560
50;2025-03-11;14;1481
50;2025-03-11;15;1900
50;2025-03-11;16;1886
50;2025-03-11;17;2672
50;2025-03-11;18;3038
50;2025-03-11;19;1701
50;2025-03-11;20;972
50;2025-03-11;21;679
50;2025-03-11;22;367
50;2025-03-11;23;118
50;2025-03-12;0;60
50;2025-03-12;1;3
50;2025-03-12;4;3
50;2025-03-12;5;84
50;2025-03-12;6;549
50;2025-03-12;7;1828
50;2025-03-12;8;2625
50;2025-03-12;9;2042
50;2025-03-12;10;1506
50;2025-03-12;11;1471
50;2025-03-12;12;1434
50;2025-03-12;13;1807
50;2025-03-12;14;1469
50;2025-03-12;15;1862
50;2025-03-12;16;1972
50;2025-03-12;17;2820
50;2025-03-12;18;2591
50;2025-03-12;19;1636
50;2025-03-12;20;991
50;2025-03-12;21;743
50;2025-03-12;22;322
50;2025-03-12;23;128
50;2025-03-13;0;42
50;2025-03-13;1;3
50;2025-03-13;4;1
50;2025-03-13;5;95
50;2025-03-13;6;566
50;2025-03-13;7;1697
50;2025-03-13;8;2747
50;2025-03-13;9;1941
50;2025-03-13;10;1705
50;2025-03-13;11;1732
50;2025-03-13;12;1698
50;2025-03-13;13;1420
50;2025-03-13;14;1404
50;2025-03-13;15;1888
50;2025-03-13;16;1824
50;2025-03-13;17;2893
50;2025-03-13;18;2578
50;2025-03-13;19;1557
50;2025-03-13;20;1041
50;2025-03-13;21;772
50;2025-03-13;22;321
50;2025-03-13;23;154
50;2025-03-14;0;42
50;2025-03-14;1;6
50;2025-03-14;4;2
50;2025-03-14;5;68
50;2025-03-14;6;586
50;2025-03-14;7;1607
50;2025-03-14;8;2756
50;2025-03-14;9;2008
50;2025-03-14;10;1612
50;2025-03-14;11;1971
50;2025-03-14;12;1722
50;2025-03-14;13;1393
50;2025-03-14;14;1685
50;2025-03-14;15;2028
50;2025-03-14;16;2014
50;2025-03-14;17;2268
50;2025-03-14;18;1814
50;2025-03-14;19;1128
50;2025-03-14;20;805
50;2025-03-14;21;641
50;2025-03-14;22;327
50;2025-03-14;23;203
50;2025-03-15;0;74
50;2025-03-15;1;7
50;2025-03-15;5;26
50;2025-03-15;6;147
50;2025-03-15;7;429
50;2025-03-15;8;708
50;2025-03-15;9;638
50;2025-03-15;10;766
50;2025-03-15;11;1024
50;2025-03-15;12;953
50;2025-03-15;13;863
50;2025-03-15;14;887
50;2025-03-15;15;816
50;2025-03-15;16;894
50;2025-03-15;17;846
50;2025-03-15;18;730
50;2025-03-15;19;623
50;2025-03-15;20;458
50;2025-03-15;21;475
50;2025-03-15;22;238
50;2025-03-15;23;160
50;2025-03-16;0;57
50;2025-03-16;1;1
50;2025-03-16;5;24
50;2025-03-16;6;138
50;2025-03-16;7;266
50;2025-03-16;8;421
50;2025-03-16;9;473
50;2025-03-16;10;551
50;2025-03-16;11;612
50;2025-03-16;12;756
50;2025-03-16;13;834
50;2025-03-16;14;854
50;2025-03-16;15;712
50;2025-03-16;16;693
50;2025-03-16;17;691
50;2025-03-16;18;698
50;2025-03-16;19;668
50;2025-03-16;20;431
50;2025-03-16;21;315
50;2025-03-16;22;208
50;2025-03-16;23;103
50;2025-03-17;0;54
50;2025-03-17;1;2
50;2025-03-17;4;5
50;2025-03-17;5;74
50;2025-03-17;6;495
50;2025-03-17;7;1861
50;2025-03-17;8;2897
50;2025-03-17;9;2275
50;2025-03-17;10;1811
50;2025-03-17;11;1714
50;2025-03-17;12;1417
50;2025-03-17;13;1371
50;2025-03-17;14;1422
50;2025-03-17;15;1896
50;2025-03-17;16;1632
50;2025-03-17;17;2301
50;2025-03-17;18;2923
50;2025-03-17;19;1621
50;2025-03-17;20;943
50;2025-03-17;21;554
50;2025-03-17;22;305
50;2025-03-17;23;116
50;2025-03-18;0;46
50;2025-03-18;1;4
50;2025-03-18;4;1
50;2025-03-18;5;55
50;2025-03-18;6;664
50;2025-03-18;7;1834
50;2025-03-18;8;2684
50;2025-03-18;9;2244
50;2025-03-18;10;1748
50;2025-03-18;11;1879
50;2025-03-18;12;1575
50;2025-03-18;13;1635
50;2025-03-18;14;1294
50;2025-03-18;15;1767
50;2025-03-18;16;1866
50;2025-03-18;17;2588
50;2025-03-18;18;2675
50;2025-03-18;19;1627
50;2025-03-18;20;941
50;2025-03-18;21;665
50;2025-03-18;22;288
50;2025-03-18;23;151
50;2025-03-19;0;35
50;2025-03-19;1;6
50;2025-03-19;4;2
50;2025-03-19;5;73
50;2025-03-19;6;540
50;2025-03-19;7;1862
50;2025-03-19;8;2647
50;2025-03-19;9;2399
50;2025-03-19;10;1672
50;2025-03-19;11;1647
50;2025-03-19;12;1614
50;2025-03-19;13;1757
50;2025-03-19;14;1734
50;2025-03-19;15;1933
50;2025-03-19;16;1771
50;2025-03-19;17;2747
50;2025-03-19;18;2966
50;2025-03-19;19;1791
50;2025-03-19;20;913
50;2025-03-19;21;678
50;2025-03-19;22;278
50;2025-03-19;23;150
50;2025-03-20;0;61
50;2025-03-20;1;2
50;2025-03-20;4;4
50;2025-03-20;5;87
50;2025-03-20;6;500
50;2025-03-20;7;1871
50;2025-03-20;8;2603
50;2025-03-20;9;2152
50;2025-03-20;10;1649
50;2025-03-20;11;1693
50;2025-03-20;12;1614
50;2025-03-20;13;1550
50;2025-03-20;14;1400
50;2025-03-20;15;1844
50;2025-03-20;16;1809
50;2025-03-20;17;2413
50;2025-03-20;18;2787
50;2025-03-20;19;1731
50;2025-03-20;20;1066
50;2025-03-20;21;763
50;2025-03-20;22;313
50;2025-03-20;23;148
50;2025-03-21;0;45
50;2025-03-21;1;3
50;2025-03-21;4;4
50;2025-03-21;5;66
50;2025-03-21;6;536
50;2025-03-21;7;1872
50;2025-03-21;8;2547
50;2025-03-21;9;2022
50;2025-03-21;10;1706
50;2025-03-21;11;1676
50;2025-03-21;12;1719
50;2025-03-21;13;1836
50;2025-03-21;14;1529
50;2025-03-21;15;1806
50;2025-03-21;16;2223
50;2025-03-21;17;2198
50;2025-03-21;18;2067
50;2025-03-21;19;1458
50;2025-03-21;20;1055
50;2025-03-21;21;601
50;2025-03-21;22;345
50;2025-03-21;23;205
50;2025-03-22;0;73
50;2025-03-22;1;9
50;2025-03-22;4;1
50;2025-03-22;5;23
50;2025-03-22;6;134
50;2025-03-22;7;440
50;2025-03-22;8;629
50;2025-03-22;9;656
50;2025-03-22;10;638
50;2025-03-22;11;983
50;2025-03-22;12;836
50;2025-03-22;13;1161
50;2025-03-22;14;1013
50;2025-03-22;15;885
50;2025-03-22;16;807
50;2025-03-22;17;785
50;2025-03-22;18;706
50;2025-03-22;19;668
50;2025-03-22;20;469
50;2025-03-22;21;343
50;2025-03-22;22;304
50;2025-03-22;23;142
50;2025-03-23;0;52
50;2025-03-23;1;5
50;2025-03-23;4;1
50;2025-03-23;5;30
50;2025-03-23;6;120
50;2025-03-23;7;308
50;2025-03-23;8;383
50;2025-03-23;9;455
50;2025-03-23;10;522
50;2025-03-23;11;613
50;2025-03-23;12;641
50;2025-03-23;13;848
50;2025-03-23;14;767
50;2025-03-23;15;801
50;2025-03-23;16;774
50;2025-03-23;17;759
50;2025-03-23;18;624
50;2025-03-23;19;545
50;2025-03-23;20;505
50;2025-03-23;21;307
50;2025-03-23;22;344
50;2025-03-23;23;117
50;2025-03-24;0;48
50;2025-03-24;1;10
50;2025-03-24;4;2
50;2025-03-24;5;69
50;2025-03-24;6;497
50;2025-03-24;7;1638
50;2025-03-24;8;2647
50;2025-03-24;9;2323
50;2025-03-24;10;1763
50;2025-03-24;11;1604
50;2025-03-24;12;1486
50;2025-03-24;13;1397
50;2025-03-24;14;1429
50;2025-03-24;15;1640
50;2025-03-24;16;1612
50;2025-03-24;17;2598
50;2025-03-24;18;2648
50;2025-03-24;19;1505
50;2025-03-24;20;855
50;2025-03-24;21;588
50;2025-03-24;22;334
50;2025-03-24;23;119
50;2025-03-25;0;49
50;2025-03-25;1;3
50;2025-03-25;4;2
50;2025-03-25;5;59
50;2025-03-25;6;516
50;2025-03-25;7;1872
50;2025-03-25;8;2930
50;2025-03-25;9;2241
50;2025-03-25;10;1710
50;2025-03-25;11;1726
50;2025-03-25;12;1562
50;2025-03-25;13;1604
50;2025-03-25;14;1527
50;2025-03-25;15;2051
50;2025-03-25;16;1511
50;2025-03-25;17;2341
50;2025-03-25;18;3070
50;2025-03-25;19;1648
50;2025-03-25;20;1018
50;2025-03-25;21;626
50;2025-03-25;22;407
50;2025-03-25;23;125
50;2025-03-26;0;34
50;2025-03-26;1;2
50;2025-03-26;4;3
50;2025-03-26;5;71
50;2025-03-26;6;469
50;2025-03-26;7;1757
50;2025-03-26;8;2903
50;2025-03-26;9;2153
50;2025-03-26;10;1663
50;2025-03-26;11;1683
50;2025-03-26;12;1618
50;2025-03-26;13;1490
50;2025-03-26;14;1488
50;2025-03-26;15;1816
50;2025-03-26;16;1629
50;2025-03-26;17;2555
50;2025-03-26;18;2608
50;2025-03-26;19;1492
50;2025-03-26;20;849
50;2025-03-26;21;574
50;2025-03-26;22;355
50;2025-03-26;23;125
50;2025-03-27;0;52
50;2025-03-27;1;8
50;2025-03-27;4;5
50;2025-03-27;5;73
50;2025-03-27;6;565
50;2025-03-27;7;1765
50;2025-03-27;8;2824
50;2025-03-27;9;2394
50;2025-03-27;10;1861
50;2025-03-27;11;1978
50;2025-03-27;12;1686
50;2025-03-27;13;1498
50;2025-03-27;14;1372
50;2025-03-27;15;1759
50;2025-03-27;16;1875
50;2025-03-27;17;2691
50;2025-03-27;18;3016
50;2025-03-27;19;1736
50;2025-03-27;20;1010
50;2025-03-27;21;556
50;2025-03-27;22;446
50;2025-03-27;23;201
50;2025-03-28;0;43
50;2025-03-28;1;3
50;2025-03-28;4;4
50;2025-03-28;5;55
50;2025-03-28;6;594
50;2025-03-28;7;1717
50;2025-03-28;8;2320
50;2025-03-28;9;2027
50;2025-03-28;10;1426
50;2025-03-28;11;1695
50;2025-03-28;12;1399
50;2025-03-28;13;1463
50;2025-03-28;14;1397
50;2025-03-28;15;1810
50;2025-03-28;16;2002
50;2025-03-28;17;2212
50;2025-03-28;18;1813
50;2025-03-28;19;1275
50;2025-03-28;20;860
50;2025-03-28;21;518
50;2025-03-28;22;378
50;2025-03-28;23;152
50;2025-03-29;0;91
50;2025-03-29;1;7
50;2025-03-29;5;21
50;2025-03-29;6;171
50;2025-03-29;7;430
50;2025-03-29;8;642
50;2025-03-29;9;614
50;2025-03-29;10;521
50;2025-03-29;11;665
50;2025-03-29;12;848
50;2025-03-29;13;821
50;2025-03-29;14;885
50;2025-03-29;15;761
50;2025-03-29;16;852
50;2025-03-29;17;790
50;2025-03-29;18;803
50;2025-03-29;19;632
50;2025-03-29;20;508
50;2025-03-29;21;327
50;2025-03-29;22;258
50;2025-03-29;23;147
50;2025-03-30;0;49
50;2025-03-30;1;5
50;2025-03-30;5;45
50;2025-03-30;6;153
50;2025-03-30;7;154
50;2025-03-30;8;296
50;2025-03-30;9;290
50;2025-03-30;10;457
50;2025-03-30;11;504
50;2025-03-30;12;671
50;2025-03-30;13;827
50;2025-03-30;14;753
50;2025-03-30;15;671
50;2025-03-30;16;766
50;2025-03-30;17;665
50;2025-03-30;18;589
50;2025-03-30;19;516
50;2025-03-30;20;429
50;2025-03-30;21;349
50;2025-03-30;22;188
50;2025-03-30;23;121
50;2025-03-31;0;52
50;2025-03-31;1;9
50;2025-03-31;4;2
50;2025-03-31;5;56
50;2025-03-31;6;527
50;2025-03-31;7;1517
50;2025-03-31;8;2972
50;2025-03-31;9;1902
50;2025-03-31;10;1514
50;2025-03-31;11;1465
50;2025-03-31;12;1339
50;2025-03-31;13;1601
50;2025-03-31;14;1197
50;2025-03-31;15;1432
50;2025-03-31;16;1618
50;2025-03-31;17;2013
50;2025-03-31;18;2592
50;2025-03-31;19;1648
50;2025-03-31;20;1093
50;2025-03-31;21;602
50;2025-03-31;22;246
50;2025-03-31;23;142
50;2025-04-01;0;31
50;2025-04-01;1;5
50;2025-04-01;2;1
50;2025-04-01;4;2
50;2025-04-01;5;61
50;2025-04-01;6;892
50;2025-04-01;7;1762
50;2025-04-01;8;1690
50;2025-04-01;9;1650
50;2025-04-01;10;1323
50;2025-04-01;11;1562
50;2025-04-01;12;1457
50;2025-04-01;13;1543
50;2025-04-01;14;1738
50;2025-04-01;15;1876
50;2025-04-01;16;1718
50;2025-04-01;17;2045
50;2025-04-01;18;2777
50;2025-04-01;19;1361
50;2025-04-01;20;1099
50;2025-04-01;21;647
50;2025-04-01;22;372
50;2025-04-01;23;188
50;2025-04-02;0;34
50;2025-04-02;1;5
50;2025-04-02;4;4
50;2025-04-02;5;176
50;2025-04-02;6;831
50;2025-04-02;7;1981
50;2025-04-02;8;2233
50;2025-04-02;9;1919
50;2025-04-02;10;1369
50;2025-04-02;11;1342
50;2025-04-02;12;1414
50;2025-04-02;13;1398
50;2025-04-02;14;1262
50;2025-04-02;15;1453
50;2025-04-02;16;1845
50;2025-04-02;17;1609
50;2025-04-02;18;1833
50;2025-04-02;19;1611
50;2025-04-02;20;787
50;2025-04-02;21;532
50;2025-04-02;22;282
50;2025-04-02;23;150
50;2025-04-03;0;27
50;2025-04-03;4;4
50;2025-04-03;5;177
50;2025-04-03;6;701
50;2025-04-03;7;1731
50;2025-04-03;8;1790
50;2025-04-03;9;1878
50;2025-04-03;10;1369
50;2025-04-03;11;1149
50;2025-04-03;12;1359
50;2025-04-03;13;1172
50;2025-04-03;14;1106
50;2025-04-03;15;1375
50;2025-04-03;16;1728
50;2025-04-03;17;1951
50;2025-04-03;18;2148
50;2025-04-03;19;1312
50;2025-04-03;20;947
50;2025-04-03;21;520
50;2025-04-03;22;281
50;2025-04-03;23;147
50;2025-04-04;0;40
50;2025-04-04;1;3
50;2025-04-04;4;2
50;2025-04-04;5;100
50;2025-04-04;6;775
50;2025-04-04;7;1992
50;2025-04-04;8;2742
50;2025-04-04;9;2056
50;2025-04-04;10;1489
50;2025-04-04;11;1669
50;2025-04-04;12;1559
50;2025-04-04;13;1626
50;2025-04-04;14;1387
50;2025-04-04;15;1798
50;2025-04-04;16;2323
50;2025-04-04;17;1970
50;2025-04-04;18;1621
50;2025-04-04;19;1380
50;2025-04-04;20;727
50;2025-04-04;21;504
50;2025-04-04;22;340
50;2025-04-04;23;243
50;2025-04-05;0;55
50;2025-04-05;1;2
50;2025-04-05;5;37
50;2025-04-05;6;346
50;2025-04-05;7;536
50;2025-04-05;8;562
50;2025-04-05;9;761
50;2025-04-05;10;788
50;2025-04-05;11;1052
50;2025-04-05;12;1187
50;2025-04-05;13;1196
50;2025-04-05;14;1004
50;2025-04-05;15;1141
50;2025-04-05;16;982
50;2025-04-05;17;955
50;2025-04-05;18;998
50;2025-04-05;19;865
50;2025-04-05;20;709
50;2025-04-05;21;327
50;2025-04-05;22;204
50;2025-04-05;23;174
50;2025-04-06;0;30
50;2025-04-06;1;7
50;2025-04-06;5;51
50;2025-04-06;6;266
50;2025-04-06;7;311
50;2025-04-06;8;491
50;2025-04-06;9;506
50;2025-04-06;10;551
50;2025-04-06;11;846
50;2025-04-06;12;951
50;2025-04-06;13;866
50;2025-04-06;14;1054
50;2025-04-06;15;1129
50;2025-04-06;16;828
50;2025-04-06;17;535
50;2025-04-06;18;432
50;2025-04-06;19;419
50;2025-04-06;20;401
50;2025-04-06;21;328
50;2025-04-06;22;192
50;2025-04-06;23;117
50;2025-04-07;0;19
50;2025-04-07;1;2
50;2025-04-07;4;2
50;2025-04-07;5;53
50;2025-04-07;6;550
50;2025-04-07;7;1889
50;2025-04-07;8;2578
50;2025-04-07;9;2442
50;2025-04-07;10;1776
50;2025-04-07;11;1599
50;2025-04-07;12;1367
50;2025-04-07;13;1320
50;2025-04-07;14;1419
50;2025-04-07;15;1662
50;2025-04-07;16;1463
50;2025-04-07;17;2174
50;2025-04-07;18;2472
50;2025-04-07;19;1686
50;2025-04-07;20;848
50;2025-04-07;21;596
50;2025-04-07;22;250
50;2025-04-07;23;153
50;2025-04-08;0;44
50;2025-04-08;1;2
50;2025-04-08;5;41
50;2025-04-08;6;591
50;2025-04-08;7;1921
50;2025-04-08;8;2783
50;2025-04-08;9;2102
50;2025-04-08;10;1609
50;2025-04-08;11;1347
50;2025-04-08;12;1238
50;2025-04-08;13;1440
50;2025-04-08;14;1442
50;2025-04-08;15;1341
50;2025-04-08;16;1519
50;2025-04-08;17;2320
50;2025-04-08;18;2772
50;2025-04-08;19;1642
50;2025-04-08;20;951
50;2025-04-08;21;648
50;2025-04-08;22;310
50;2025-04-08;23;142
50;2025-04-09;0;48
50;2025-04-09;1;12
50;2025-04-09;4;3
50;2025-04-09;5;76
50;2025-04-09;6;558
50;2025-04-09;7;1661
50;2025-04-09;8;2986
50;2025-04-09;9;2402
50;2025-04-09;10;1876
50;2025-04-09;11;1553
50;2025-04-09;12;1470
50;2025-04-09;13;1519
50;2025-04-09;14;1408
50;2025-04-09;15;1677
50;2025-04-09;16;1815
50;2025-04-09;17;2435
50;2025-04-09;18;2597
50;2025-04-09;19;1865
50;2025-04-09;20;1078
50;2025-04-09;21;789
50;2025-04-09;22;323
50;2025-04-09;23;113
50;2025-04-10;0;48
50;2025-04-10;5;98
50;2025-04-10;6;616
50;2025-04-10;7;1989
50;2025-04-10;8;2887
50;2025-04-10;9;2502
50;2025-04-10;10;1886
50;2025-04-10;11;1564
50;2025-04-10;12;1579
50;2025-04-10;13;1716
50;2025-04-10;14;1621
50;2025-04-10;15;1672
50;2025-04-10;16;1842
50;2025-04-10;17;2290
50;2025-04-10;18;2936
50;2025-04-10;19;1541
50;2025-04-10;20;1034
50;2025-04-10;21;695
50;2025-04-10;22;339
50;2025-04-10;23;155
50;2025-04-11;0;39
50;2025-04-11;1;2
50;2025-04-11;4;2
50;2025-04-11;5;77
50;2025-04-11;6;578
50;2025-04-11;7;1652
50;2025-04-11;8;2614
50;2025-04-11;9;2181
50;2025-04-11;10;1908
50;2025-04-11;11;1609
50;2025-04-11;12;1652
50;2025-04-11;13;1372
50;2025-04-11;14;1563
50;2025-04-11;15;2043
50;2025-04-11;16;2211
50;2025-04-11;17;2128
50;2025-04-11;18;2046
50;2025-04-11;19;1151
50;2025-04-11;20;862
50;2025-04-11;21;603
50;2025-04-11;22;335
50;2025-04-11;23;143
50;2025-04-12;0;57
50;2025-04-12;1;1
50;2025-04-12;4;1
50;2025-04-12;5;27
50;2025-04-12;6;221
50;2025-04-12;7;417
50;2025-04-12;8;741
50;2025-04-12;9;780
50;2025-04-12;10;757
50;2025-04-12;11;829
50;2025-04-12;12;857
50;2025-04-12;13;1089
50;2025-04-12;14;845
50;2025-04-12;15;895
50;2025-04-12;16;865
50;2025-04-12;17;1044
50;2025-04-12;18;900
50;2025-04-12;19;803
50;2025-04-12;20;465
50;2025-04-12;21;486
50;2025-04-12;22;232
50;2025-04-12;23;147
50;2025-04-13;0;57
50;2025-04-13;1;8
50;2025-04-13;4;3
50;2025-04-13;5;24
50;2025-04-13;6;166
50;2025-04-13;7;263
50;2025-04-13;8;432
50;2025-04-13;9;607
50;2025-04-13;10;541
50;2025-04-13;11;630
50;2025-04-13;12;797
50;2025-04-13;13;703
50;2025-04-13;14;866
50;2025-04-13;15;737
50;2025-04-13;16;740
50;2025-04-13;17;837
50;2025-04-13;18;749
50;2025-04-13;19;721
50;2025-04-13;20;536
50;2025-04-13;21;401
50;2025-04-13;22;204
50;2025-04-13;23;111
50;2025-04-14;0;32
50;2025-04-14;1;8
50;2025-04-14;4;2
50;2025-04-14;5;87
50;2025-04-14;6;567
50;2025-04-14;7;2027
50;2025-04-14;8;2918
50;2025-04-14;9;2000
50;2025-04-14;10;1622
50;2025-04-14;11;1503
50;2025-04-14;12;1488
50;2025-04-14;13;1628
50;2025-04-14;14;1390
50;2025-04-14;15;1854
50;2025-04-14;16;1733
50;2025-04-14;17;2425
50;2025-04-14;18;2862
50;2025-04-14;19;1775
50;2025-04-14;20;858
50;2025-04-14;21;655
50;2025-04-14;22;315
50;2025-04-14;23;107
50;2025-04-15;0;32
50;2025-04-15;1;2
50;2025-04-15;4;2
50;2025-04-15;5;84
50;2025-04-15;6;668
50;2025-04-15;7;1995
50;2025-04-15;8;2736
50;2025-04-15;9;2240
50;2025-04-15;10;1866
50;2025-04-15;11;1712
50;2025-04-15;12;1529
50;2025-04-15;13;1584
50;2025-04-15;14;1335
50;2025-04-15;15;1530
50;2025-04-15;16;1751
50;2025-04-15;17;2678
50;2025-04-15;18;2314
50;2025-04-15;19;1294
50;2025-04-15;20;905
50;2025-04-15;21;517
50;2025-04-15;22;370
50;2025-04-15;23;129
50;2025-04-16;0;39
50;2025-04-16;1;9
50;2025-04-16;4;1
50;2025-04-16;5;80
50;2025-04-16;6;674
50;2025-04-16;7;1738
50;2025-04-16;8;2836
50;2025-04-16;9;2281
50;2025-04-16;10;1441
50;2025-04-16;11;1710
50;2025-04-16;12;1541
50;2025-04-16;13;1357
50;2025-04-16;14;1314
50;2025-04-16;15;1638
50;2025-04-16;16;1684
50;2025-04-16;17;1638
50;2025-04-16;18;1390
50;2025-04-16;19;617
50;2025-04-16;20;622
50;2025-04-16;21;546
50;2025-04-16;22;368
50;2025-04-16;23;173
50;2025-04-17;0;31
50;2025-04-17;1;7
50;2025-04-17;4;1
50;2025-04-17;5;74
50;2025-04-17;6;617
50;2025-04-17;7;1744
50;2025-04-17;8;2849
50;2025-04-17;9;2323
50;2025-04-17;10;1523
50;2025-04-17;11;1683
50;2025-04-17;12;1357
50;2025-04-17;13;1239
50;2025-04-17;14;1342
50;2025-04-17;15;1367
50;2025-04-17;16;1900
50;2025-04-17;17;2040
50;2025-04-17;18;2415
50;2025-04-17;19;1615
50;2025-04-17;20;945
50;2025-04-17;21;554
50;2025-04-17;22;266
50;2025-04-17;23;129
50;2025-04-18;0;32
50;2025-04-18;1;3
50;2025-04-18;4;2
50;2025-04-18;5;77
50;2025-04-18;6;530
50;2025-04-18;7;1696
50;2025-04-18;8;2659
50;2025-04-18;9;2127
50;2025-04-18;10;1554
50;2025-04-18;11;1594
50;2025-04-18;12;1449
50;2025-04-18;13;1459
50;2025-04-18;14;1057
50;2025-04-18;15;1565
50;2025-04-18;16;1954
50;2025-04-18;17;2301
50;2025-04-18;18;1878
50;2025-04-18;19;1273
50;2025-04-18;20;886
50;2025-04-18;21;631
50;2025-04-18;22;283
50;2025-04-18;23;169
50;2025-04-19;0;68
50;2025-04-19;1;6
50;2025-04-19;4;1
50;2025-04-19;5;33
50;2025-04-19;6;208
50;2025-04-19;7;401
50;2025-04-19;8;782
50;2025-04-19;9;736
50;2025-04-19;10;725
50;2025-04-19;11;1014
50;2025-04-19;12;1113
50;2025-04-19;13;978
50;2025-04-19;14;957
50;2025-04-19;15;1013
50;2025-04-19;16;837
50;2025-04-19;17;772
50;2025-04-19;18;736
50;2025-04-19;19;735
50;2025-04-19;20;655
50;2025-04-19;21;369
50;2025-04-19;22;301
50;2025-04-19;23;246
50;2025-04-20;0;94
50;2025-04-20;1;38
50;2025-04-20;2;29
50;2025-04-20;3;36
50;2025-04-20;4;8
50;2025-04-20;5;37
50;2025-04-20;6;154
50;2025-04-20;7;258
50;2025-04-20;8;368
50;2025-04-20;9;374
50;2025-04-20;10;521
50;2025-04-20;11;684
50;2025-04-20;12;720
50;2025-04-20;13;808
50;2025-04-20;14;777
50;2025-04-20;15;809
50;2025-04-20;16;730
50;2025-04-20;17;783
50;2025-04-20;18;758
50;2025-04-20;19;724
50;2025-04-20;20;666
50;2025-04-20;21;439
50;2025-04-20;22;295
50;2025-04-20;23;112
50;2025-04-21;0;66
50;2025-04-21;1;7
50;2025-04-21;4;3
50;2025-04-21;5;79
50;2025-04-21;6;578
50;2025-04-21;7;1830
50;2025-04-21;8;2803
50;2025-04-21;9;2352
50;2025-04-21;10;1648
50;2025-04-21;11;1525
50;2025-04-21;12;1384
50;2025-04-21;13;1399
50;2025-04-21;14;1726
50;2025-04-21;15;1392
50;2025-04-21;16;1773
50;2025-04-21;17;2281
50;2025-04-21;18;2595
50;2025-04-21;19;1389
50;2025-04-21;20;931
50;2025-04-21;21;546
50;2025-04-21;22;273
50;2025-04-21;23;102
50;2025-04-22;0;32
50;2025-04-22;1;4
50;2025-04-22;4;1
50;2025-04-22;5;67
50;2025-04-22;6;604
50;2025-04-22;7;2002
50;2025-04-22;8;2993
50;2025-04-22;9;2152
50;2025-04-22;10;1912
50;2025-04-22;11;1558
50;2025-04-22;12;1476
50;2025-04-22;13;1713
50;2025-04-22;14;1528
50;2025-04-22;15;1721
50;2025-04-22;16;1854
50;2025-04-22;17;2604
50;2025-04-22;18;2361
50;2025-04-22;19;1487
50;2025-04-22;20;1086
50;2025-04-22;21;691
50;2025-04-22;22;308
50;2025-04-22;23;170
50;2025-04-23;0;44
50;2025-04-23;1;6
50;2025-04-23;4;4
50;2025-04-23;5;69
50;2025-04-23;6;554
50;2025-04-23;7;1973
50;2025-04-23;8;2786
50;2025-04-23;9;2377
50;2025-04-23;10;1690
50;2025-04-23;11;1517
50;2025-04-23;12;1423
50;2025-04-23;13;1452
50;2025-04-23;14;1566
50;2025-04-23;15;1489
50;2025-04-23;16;2028
50;2025-04-23;17;2453
50;2025-04-23;18;2422
50;2025-04-23;19;2027
50;2025-04-23;20;1116
50;2025-04-23;21;705
50;2025-04-23;22;423
50;2025-04-23;23;192
50;2025-04-24;0;45
50;2025-04-24;1;5
50;2025-04-24;4;5
50;2025-04-24;5;87
50;2025-04-24;6;591
50;2025-04-24;7;1755
50;2025-04-24;8;2968
50;2025-04-24;9;2250
50;2025-04-24;10;1812
50;2025-04-24;11;1567
50;2025-04-24;12;1528
50;2025-04-24;13;1606
50;2025-04-24;14;1562
50;2025-04-24;15;1655
50;2025-04-24;16;1671
50;2025-04-24;17;2643
50;2025-04-24;18;2451
50;2025-04-24;19;1719
50;2025-04-24;20;940
50;2025-04-24;21;770
50;2025-04-24;22;281
50;2025-04-24;23;166
50;2025-04-25;0;62
50;2025-04-25;1;6
50;2025-04-25;4;5
50;2025-04-25;5;64
50;2025-04-25;6;618
50;2025-04-25;7;1711
50;2025-04-25;8;2577
50;2025-04-25;9;2146
50;2025-04-25;10;1730
50;2025-04-25;11;1567
50;2025-04-25;12;1699
50;2025-04-25;13;1755
50;2025-04-25;14;1363
50;2025-04-25;15;1736
50;2025-04-25;16;1848
50;2025-04-25;17;2310
50;2025-04-25;18;1775
50;2025-04-25;19;1221
50;2025-04-25;20;774
50;2025-04-25;21;530
50;2025-04-25;22;405
50;2025-04-25;23;144
50;2025-04-26;0;45
50;2025-04-26;1;10
50;2025-04-26;4;1
50;2025-04-26;5;30
50;2025-04-26;6;194
50;2025-04-26;7;472
50;2025-04-26;8;640
50;2025-04-26;9;816
50;2025-04-26;10;743
50;2025-04-26;11;972
50;2025-04-26;12;751
50;2025-04-26;13;854
50;2025-04-26;14;983
50;2025-04-26;15;838
50;2025-04-26;16;876
50;2025-04-26;17;859
50;2025-04-26;18;778
50;2025-04-26;19;686
50;2025-04-26;20;641
50;2025-04-26;21;550
50;2025-04-26;22;292
50;2025-04-26;23;182
50;2025-04-27;0;76
50;2025-04-27;1;10
50;2025-04-27;4;1
50;2025-04-27;5;38
50;2025-04-27;6;103
50;2025-04-27;7;288
50;2025-04-27;8;394
50;2025-04-27;9;468
50;2025-04-27;10;585
50;2025-04-27;11;677
50;2025-04-27;12;598
50;2025-04-27;13;643
50;2025-04-27;14;786
50;2025-04-27;15;625
50;2025-04-27;16;632
50;2025-04-27;17;725
50;2025-04-27;18;581
50;2025-04-27;19;610
50;2025-04-27;20;500
50;2025-04-27;21;359
50;2025-04-27;22;223
50;2025-04-27;23;133
50;2025-04-28;0;41
50;2025-04-28;1;1
50;2025-04-28;4;2
50;2025-04-28;5;55
50;2025-04-28;6;467
50;2025-04-28;7;1765
50;2025-04-28;8;2468
50;2025-04-28;9;1995
50;2025-04-28;10;1606
50;2025-04-28;11;1634
50;2025-04-28;12;1395
50;2025-04-28;13;1436
50;2025-04-28;14;1315
50;2025-04-28;15;1363
50;2025-04-28;16;1859
50;2025-04-28;17;2425
50;2025-04-28;18;2429
50;2025-04-28;19;1613
50;2025-04-28;20;1136
50;2025-04-28;21;740
50;2025-04-28;22;261
50;2025-04-28;23;139
50;2025-04-29;0;51
50;2025-04-29;1;1
50;2025-04-29;4;2
50;2025-04-29;5;72
50;2025-04-29;6;682
50;2025-04-29;7;1728
50;2025-04-29;8;2923
50;2025-04-29;9;2480
50;2025-04-29;10;1614
50;2025-04-29;11;1752
50;2025-04-29;12;1452
50;2025-04-29;13;1385
50;2025-04-29;14;1383
50;2025-04-29;15;1218
50;2025-04-29;16;1815
50;2025-04-29;17;2511
50;2025-04-29;18;2123
50;2025-04-29;19;1269
50;2025-04-29;20;984
50;2025-04-29;21;474
50;2025-04-29;22;213
50;2025-04-29;23;132
50;2025-04-30;0;34
50;2025-04-30;1;4
50;2025-04-30;4;2
50;2025-04-30;5;75
50;2025-04-30;6;563
50;2025-04-30;7;1679
50;2025-04-30;8;2814
50;2025-04-30;9;2090
50;2025-04-30;10;1452
50;2025-04-30;11;1541
50;2025-04-30;12;1400
50;2025-04-30;13;1549
50;2025-04-30;14;1566
50;2025-04-30;15;1742
50;2025-04-30;16;2168
50;2025-04-30;17;2126
50;2025-04-30;18;1549
50;2025-04-30;19;1327
50;2025-04-30;20;866
50;2025-04-30;21;540
50;2025-04-30;22;264
50;2025-04-30;23;170
50;2025-05-01;0;29
50;2025-05-01;1;7
50;2025-05-01;5;39
50;2025-05-01;6;164
50;2025-05-01;7;274
50;2025-05-01;8;472
50;2025-05-01;9;448
50;2025-05-01;10;458
50;2025-05-01;11;484
50;2025-05-01;12;476
50;2025-05-01;13;433
50;2025-05-01;14;522
50;2025-05-01;15;314
50;2025-05-01;16;451
50;2025-05-01;17;585
50;2025-05-01;18;584
50;2025-05-01;19;429
50;2025-05-01;20;449
50;2025-05-01;21;289
50;2025-05-01;22;227
50;2025-05-01;23;136
50;2025-05-02;0;33
50;2025-05-02;1;1
50;2025-05-02;5;29
50;2025-05-02;6;167
50;2025-05-02;7;250
50;2025-05-02;8;327
50;2025-05-02;9;452
50;2025-05-02;10;469
50;2025-05-02;11;638
50;2025-05-02;12;612
50;2025-05-02;13;850
50;2025-05-02;14;704
50;2025-05-02;15;774
50;2025-05-02;16;667
50;2025-05-02;17;625
50;2025-05-02;18;583
50;2025-05-02;19;637
50;2025-05-02;20;573
50;2025-05-02;21;380
50;2025-05-02;22;195
50;2025-05-02;23;149
50;2025-05-03;0;39
50;2025-05-03;1;3
50;2025-05-03;5;31
50;2025-05-03;6;170
50;2025-05-03;7;305
50;2025-05-03;8;440
50;2025-05-03;9;485
50;2025-05-03;10;558
50;2025-05-03;11;743
50;2025-05-03;12;626
50;2025-05-03;13;744
50;2025-05-03;14;713
50;2025-05-03;15;724
50;2025-05-03;16;693
50;2025-05-03;17;798
50;2025-05-03;18;776
50;2025-05-03;19;714
50;2025-05-03;20;453
50;2025-05-03;21;495
50;2025-05-03;22;230
50;2025-05-03;23;183
50;2025-05-04;0;65
50;2025-05-04;1;5
50;2025-05-04;4;2
50;2025-05-04;5;28
50;2025-05-04;6;157
50;2025-05-04;7;237
50;2025-05-04;8;370
50;2025-05-04;9;474
50;2025-05-04;10;441
50;2025-05-04;11;601
50;2025-05-04;12;730
50;2025-05-04;13;715
50;2025-05-04;14;841
50;2025-05-04;15;700
50;2025-05-04;16;666
50;2025-05-04;17;648
50;2025-05-04;18;697
50;2025-05-04;19;520
50;2025-05-04;20;489
50;2025-05-04;21;411
50;2025-05-04;22;185
50;2025-05-04;23;116
50;2025-05-05;0;25
50;2025-05-05;1;9
50;2025-05-05;5;78
50;2025-05-05;6;527
50;2025-05-05;7;1531
50;2025-05-05;8;2413
50;2025-05-05;9;2077
50;2025-05-05;10;1460
50;2025-05-05;11;1184
50;2025-05-05;12;1130
50;2025-05-05;13;1198
50;2025-05-05;14;1265
50;2025-05-05;15;1218
50;2025-05-05;16;1685
50;2025-05-05;17;2031
50;2025-05-05;18;2293
50;2025-05-05;19;1467
50;2025-05-05;20;848
50;2025-05-05;21;529
50;2025-05-05;22;252
50;2025-05-05;23;93
50;2025-05-06;0;33
50;2025-05-06;1;3
50;2025-05-06;4;2
50;2025-05-06;5;56
50;2025-05-06;6;634
50;2025-05-06;7;1537
50;2025-05-06;8;2426
50;2025-05-06;9;2129
50;2025-05-06;10;1527
50;2025-05-06;11;1400
50;2025-05-06;12;1501
50;2025-05-06;13;1389
50;2025-05-06;14;1363
50;2025-05-06;15;1195
50;2025-05-06;16;1449
50;2025-05-06;17;2505
50;2025-05-06;18;2289
50;2025-05-06;19;1252
50;2025-05-06;20;961
50;2025-05-06;21;663
50;2025-05-06;22;250
50;2025-05-06;23;143
50;2025-05-07;0;26
50;2025-05-07;1;8
50;2025-05-07;4;3
50;2025-05-07;5;58
50;2025-05-07;6;620
50;2025-05-07;7;1588
50;2025-05-07;8;2645
50;2025-05-07;9;1980
50;2025-05-07;10;1570
50;2025-05-07;11;1451
50;2025-05-07;12;1223
50;2025-05-07;13;1590
50;2025-05-07;14;1371
50;2025-05-07;15;1461
50;2025-05-07;16;1621
50;2025-05-07;17;2002
50;2025-05-07;18;1856
50;2025-05-07;19;1296
50;2025-05-07;20;863
50;2025-05-07;21;620
50;2025-05-07;22;248
50;2025-05-07;23;126
50;2025-05-08;0;59
50;2025-05-08;1;1
50;2025-05-08;4;1
50;2025-05-08;5;30
50;2025-05-08;6;156
50;2025-05-08;7;333
50;2025-05-08;8;457
50;2025-05-08;9;450
50;2025-05-08;10;499
50;2025-05-08;11;542
50;2025-05-08;12;720
50;2025-05-08;13;784
50;2025-05-08;14;734
50;2025-05-08;15;610
50;2025-05-08;16;644
50;2025-05-08;17;665
50;2025-05-08;18;671
50;2025-05-08;19;657
50;2025-05-08;20;459
50;2025-05-08;21;432
50;2025-05-08;22;240
50;2025-05-08;23;123
50;2025-05-09;0;44
50;2025-05-09;1;6
50;2025-05-09;4;1
50;2025-05-09;5;17
50;2025-05-09;6;164
50;2025-05-09;7;264
50;2025-05-09;8;301
50;2025-05-09;9;375
50;2025-05-09;10;319
50;2025-05-09;11;561
50;2025-05-09;12;607
50;2025-05-09;13;816
50;2025-05-09;14;698
50;2025-05-09;15;446
50;2025-05-09;16;611
50;2025-05-09;17;556
50;2025-05-09;18;543
50;2025-05-09;19;604
50;2025-05-09;20;368
50;2025-05-09;21;355
50;2025-05-09;22;228
50;2025-05-09;23;137
50;2025-05-10;0;59
50;2025-05-10;1;6
50;2025-05-10;5;24
50;2025-05-10;6;167
50;2025-05-10;7;334
50;2025-05-10;8;390
50;2025-05-10;9;544
50;2025-05-10;10;446
50;2025-05-10;11;512
50;2025-05-10;12;637
50;2025-05-10;13;690
50;2025-05-10;14;655
50;2025-05-10;15;564
50;2025-05-10;16;600
50;2025-05-10;17;602
50;2025-05-10;18;504
50;2025-05-10;19;537
50;2025-05-10;20;279
50;2025-05-10;21;325
50;2025-05-10;22;132
50;2025-05-10;23;99
50;2025-05-11;0;47
50;2025-05-11;1;7
50;2025-05-11;5;20
50;2025-05-11;6;149
50;2025-05-11;7;312
50;2025-05-11;8;520
50;2025-05-11;9;548
50;2025-05-11;10;591
50;2025-05-11;11;735
50;2025-05-11;12;752
50;2025-05-11;13;792
50;2025-05-11;14;832
50;2025-05-11;15;584
50;2025-05-11;16;708
50;2025-05-11;17;869
50;2025-05-11;18;793
50;2025-05-11;19;558
50;2025-05-11;20;508
50;2025-05-11;21;352
50;2025-05-11;22;261
50;2025-05-11;23;174
50;2025-05-12;0;36
50;2025-05-12;1;5
50;2025-05-12;4;2
50;2025-05-12;5;86
50;2025-05-12;6;566
50;2025-05-12;7;1742
50;2025-05-12;8;2885
50;2025-05-12;9;2109
50;2025-05-12;10;1670
50;2025-05-12;11;1463
50;2025-05-12;12;1327
50;2025-05-12;13;1653
50;2025-05-12;14;1313
50;2025-05-12;15;1630
50;2025-05-12;16;1410
50;2025-05-12;17;2493
50;2025-05-12;18;2468
50;2025-05-12;19;1316
50;2025-05-12;20;901
50;2025-05-12;21;618
50;2025-05-12;22;262
50;2025-05-12;23;132
50;2025-05-13;0;37
50;2025-05-13;1;1
50;2025-05-13;4;1
50;2025-05-13;5;59
50;2025-05-13;6;529
50;2025-05-13;7;1973
50;2025-05-13;8;2886
50;2025-05-13;9;2281
50;2025-05-13;10;1835
50;2025-05-13;11;1749
50;2025-05-13;12;1623
50;2025-05-13;13;1592
50;2025-05-13;14;1576
50;2025-05-13;15;1601
50;2025-05-13;16;1874
50;2025-05-13;17;2256
50;2025-05-13;18;2581
50;2025-05-13;19;1510
50;2025-05-13;20;1092
50;2025-05-13;21;615
50;2025-05-13;22;254
50;2025-05-13;23;108
50;2025-05-14;0;33
50;2025-05-14;1;3
50;2025-05-14;4;3
50;2025-05-14;5;40
50;2025-05-14;6;468
50;2025-05-14;7;1622
50;2025-05-14;8;2625
50;2025-05-14;9;2027
50;2025-05-14;10;1610
50;2025-05-14;11;1385
50;2025-05-14;12;1073
50;2025-05-14;13;1422
50;2025-05-14;14;1270
50;2025-05-14;15;1314
50;2025-05-14;16;1503
50;2025-05-14;17;2152
50;2025-05-14;18;2464
50;2025-05-14;19;1531
50;2025-05-14;20;793
50;2025-05-14;21;712
50;2025-05-14;22;296
50;2025-05-14;23;161
50;2025-05-15;0;38
50;2025-05-15;1;2
50;2025-05-15;4;1
50;2025-05-15;5;73
50;2025-05-15;6;557
50;2025-05-15;7;2141
50;2025-05-15;8;2931
50;2025-05-15;9;2113
50;2025-05-15;10;1873
50;2025-05-15;11;1675
50;2025-05-15;12;1543
50;2025-05-15;13;1510
50;2025-05-15;14;1248
50;2025-05-15;15;1153
50;2025-05-15;16;1378
50;2025-05-15;17;2087
50;2025-05-15;18;2006
50;2025-05-15;19;1494
50;2025-05-15;20;1015
50;2025-05-15;21;818
50;2025-05-15;22;406
50;2025-05-15;23;148
50;2025-05-16;0;37
50;2025-05-16;1;5
50;2025-05-16;4;2
50;2025-05-16;5;112
50;2025-05-16;6;557
50;2025-05-16;7;1669
50;2025-05-16;8;2765
50;2025-05-16;9;2045
50;2025-05-16;10;1721
50;2025-05-16;11;1621
50;2025-05-16;12;1555
50;2025-05-16;13;1533
50;2025-05-16;14;1464
50;2025-05-16;15;1588
50;2025-05-16;16;1739
50;2025-05-16;17;2250
50;2025-05-16;18;1899
50;2025-05-16;19;1139
50;2025-05-16;20;813
50;2025-05-16;21;549
50;2025-05-16;22;289
50;2025-05-16;23;187
50;2025-05-17;0;78
50;2025-05-17;1;8
50;2025-05-17;3;2
50;2025-05-17;4;3
50;2025-05-17;5;37
50;2025-05-17;6;204
50;2025-05-17;7;458
50;2025-05-17;8;669
50;2025-05-17;9;740
50;2025-05-17;10;661
50;2025-05-17;11;848
50;2025-05-17;12;869
50;2025-05-17;13;947
50;2025-05-17;14;896
50;2025-05-17;15;950
50;2025-05-17;16;874
50;2025-05-17;17;887
50;2025-05-17;18;691
50;2025-05-17;19;694
50;2025-05-17;20;513
50;2025-05-17;21;432
50;2025-05-17;22;277
50;2025-05-17;23;192
50;2025-05-18;0;56
50;2025-05-18;1;3
50;2025-05-18;4;1
50;2025-05-18;5;33
50;2025-05-18;6;112
50;2025-05-18;7;328
50;2025-05-18;8;349
50;2025-05-18;9;546
50;2025-05-18;10;569
50;2025-05-18;11;636
50;2025-05-18;12;674
50;2025-05-18;13;816
50;2025-05-18;14;828
50;2025-05-18;15;676
50;2025-05-18;16;656
50;2025-05-18;17;727
50;2025-05-18;18;672
50;2025-05-18;19;539
50;2025-05-18;20;433
50;2025-05-18;21;409
50;2025-05-18;22;214
50;2025-05-18;23;117
50;2025-05-19;0;40
50;2025-05-19;1;5
50;2025-05-19;4;2
50;2025-05-19;5;71
50;2025-05-19;6;483
50;2025-05-19;7;1767
50;2025-05-19;8;2817
50;2025-05-19;9;2437
50;2025-05-19;10;1878
50;2025-05-19;11;1521
50;2025-05-19;12;1515
50;2025-05-19;13;1430
50;2025-05-19;14;1432
50;2025-05-19;15;1496
50;2025-05-19;16;1575
50;2025-05-19;17;2096
50;2025-05-19;18;2193
50;2025-05-19;19;1420
50;2025-05-19;20;931
50;2025-05-19;21;659
50;2025-05-19;22;298
50;2025-05-19;23;167
50;2025-05-20;0;33
50;2025-05-20;1;1
50;2025-05-20;4;3
50;2025-05-20;5;57
50;2025-05-20;6;589
50;2025-05-20;7;1781
50;2025-05-20;8;2719
50;2025-05-20;9;2321
50;2025-05-20;10;1748
50;2025-05-20;11;1356
50;2025-05-20;12;1400
50;2025-05-20;13;1424
50;2025-05-20;14;1421
50;2025-05-20;15;1421
50;2025-05-20;16;1576
50;2025-05-20;17;1946
50;2025-05-20;18;2263
50;2025-05-20;19;1543
50;2025-05-20;20;979
50;2025-05-20;21;649
50;2025-05-20;22;296
50;2025-05-20;23;118
50;2025-05-21;0;41
50;2025-05-21;1;4
50;2025-05-21;4;3
50;2025-05-21;5;78
50;2025-05-21;6;589
50;2025-05-21;7;2142
50;2025-05-21;8;2848
50;2025-05-21;9;2595
50;2025-05-21;10;1764
50;2025-05-21;11;2032
50;2025-05-21;12;1492
50;2025-05-21;13;1592
50;2025-05-21;14;1553
50;2025-05-21;15;1709
50;2025-05-21;16;1580
50;2025-05-21;17;2466
50;2025-05-21;18;2710
50;2025-05-21;19;1690
50;2025-05-21;20;1160
50;2025-05-21;21;759
50;2025-05-21;22;406
50;2025-05-21;23;231
50;2025-05-22;0;39
50;2025-05-22;1;2
50;2025-05-22;5;65
50;2025-05-22;6;592
50;2025-05-22;7;1869
50;2025-05-22;8;2616
50;2025-05-22;9;2229
50;2025-05-22;10;1806
50;2025-05-22;11;1723
50;2025-05-22;12;1239
50;2025-05-22;13;1513
50;2025-05-22;14;1248
50;2025-05-22;15;1497
50;2025-05-22;16;1814
50;2025-05-22;17;2535
50;2025-05-22;18;2536
50;2025-05-22;19;1503
50;2025-05-22;20;1147
50;2025-05-22;21;861
50;2025-05-22;22;310
50;2025-05-22;23;176
50;2025-05-23;0;50
50;2025-05-23;1;4
50;2025-05-23;4;3
50;2025-05-23;5;68
50;2025-05-23;6;586
50;2025-05-23;7;1490
50;2025-05-23;8;2636
50;2025-05-23;9;2007
50;2025-05-23;10;1517
50;2025-05-23;11;1668
50;2025-05-23;12;1521
50;2025-05-23;13;1446
50;2025-05-23;14;1378
50;2025-05-23;15;1894
50;2025-05-23;16;1987
50;2025-05-23;17;2049
50;2025-05-23;18;1621
50;2025-05-23;19;1356
50;2025-05-23;20;809
50;2025-05-23;21;507
50;2025-05-23;22;339
50;2025-05-23;23;181
50;2025-05-24;0;64
50;2025-05-24;1;3
50;2025-05-24;4;1
50;2025-05-24;5;31
50;2025-05-24;6;173
50;2025-05-24;7;410
50;2025-05-24;8;564
50;2025-05-24;9;815
50;2025-05-24;10;612
50;2025-05-24;11;825
50;2025-05-24;12;811
50;2025-05-24;13;806
50;2025-05-24;14;752
50;2025-05-24;15;784
50;2025-05-24;16;767
50;2025-05-24;17;770
50;2025-05-24;18;699
50;2025-05-24;19;681
50;2025-05-24;20;633
50;2025-05-24;21;529
50;2025-05-24;22;261
50;2025-05-24;23;146
50;2025-05-25;0;52
50;2025-05-25;1;9
50;2025-05-25;2;2
50;2025-05-25;4;1
50;2025-05-25;5;16
50;2025-05-25;6;138
50;2025-05-25;7;220
50;2025-05-25;8;406
50;2025-05-25;9;429
50;2025-05-25;10;610
50;2025-05-25;11;667
50;2025-05-25;12;612
50;2025-05-25;13;688
50;2025-05-25;14;767
50;2025-05-25;15;684
50;2025-05-25;16;762
50;2025-05-25;17;701
50;2025-05-25;18;738
50;2025-05-25;19;742
50;2025-05-25;20;623
50;2025-05-25;21;519
50;2025-05-25;22;344
50;2025-05-25;23;174
50;2025-05-26;0;51
50;2025-05-26;1;2
50;2025-05-26;4;6
50;2025-05-26;5;68
50;2025-05-26;6;481
50;2025-05-26;7;1702
50;2025-05-26;8;2366
50;2025-05-26;9;2320
50;2025-05-26;10;1964
50;2025-05-26;11;1656
50;2025-05-26;12;1552
50;2025-05-26;13;1379
50;2025-05-26;14;1278
50;2025-05-26;15;1582
50;2025-05-26;16;1640
50;2025-05-26;17;2366
50;2025-05-26;18;1950
50;2025-05-26;19;1369
50;2025-05-26;20;986
50;2025-05-26;21;626
50;2025-05-26;22;376
50;2025-05-26;23;121
50;2025-05-27;0;38
50;2025-05-27;1;4
50;2025-05-27;2;2
50;2025-05-27;3;6
50;2025-05-27;4;3
50;2025-05-27;5;78
50;2025-05-27;6;524
50;2025-05-27;7;1776
50;2025-05-27;8;2596
50;2025-05-27;9;2068
50;2025-05-27;10;1654
50;2025-05-27;11;1517
50;2025-05-27;12;1512
50;2025-05-27;13;1656
50;2025-05-27;14;1499
50;2025-05-27;15;1414
50;2025-05-27;16;1541
50;2025-05-27;17;2234
50;2025-05-27;18;2579
50;2025-05-27;19;1386
50;2025-05-27;20;1071
50;2025-05-27;21;629
50;2025-05-27;22;344
50;2025-05-27;23;194
50;2025-05-28;0;35
50;2025-05-28;1;6
50;2025-05-28;4;6
50;2025-05-28;5;77
50;2025-05-28;6;515
50;2025-05-28;7;1575
50;2025-05-28;8;2467
50;2025-05-28;9;2078
50;2025-05-28;10;1428
50;2025-05-28;11;1635
50;2025-05-28;12;1495
50;2025-05-28;13;1512
50;2025-05-28;14;1228
50;2025-05-28;15;1428
50;2025-05-28;16;1661
50;2025-05-28;17;2150
50;2025-05-28;18;2176
50;2025-05-28;19;1502
50;2025-05-28;20;1043
50;2025-05-28;21;613
50;2025-05-28;22;441
50;2025-05-28;23;170
50;2025-05-29;0;50
50;2025-05-29;1;3
50;2025-05-29;4;2
50;2025-05-29;5;60
50;2025-05-29;6;584
50;2025-05-29;7;1635
50;2025-05-29;8;2610
50;2025-05-29;9;2283
50;2025-05-29;10;1721
50;2025-05-29;11;1509
50;2025-05-29;12;1492
50;2025-05-29;13;1459
50;2025-05-29;14;1561
50;2025-05-29;15;1510
50;2025-05-29;16;1879
50;2025-05-29;17;2586
50;2025-05-29;18;2429
50;2025-05-29;19;1749
50;2025-05-29;20;1170
50;2025-05-29;21;816
50;2025-05-29;22;391
50;2025-05-29;23;208
50;2025-05-30;0;53
50;2025-05-30;1;5
50;2025-05-30;4;2
50;2025-05-30;5;73
50;2025-05-30;6;538
50;2025-05-30;7;1747
50;2025-05-30;8;2279
50;2025-05-30;9;2107
50;2025-05-30;10;1566
50;2025-05-30;11;1687
50;2025-05-30;12;1245
50;2025-05-30;13;1349
50;2025-05-30;14;1376
50;2025-05-30;15;1467
50;2025-05-30;16;1993
50;2025-05-30;17;2007
50;2025-05-30;18;1586
50;2025-05-30;19;1038
50;2025-05-30;20;822
50;2025-05-30;21;521
50;2025-05-30;22;306
50;2025-05-30;23;201
50;2025-05-31;0;61
50;2025-05-31;1;6
50;2025-05-31;4;2
50;2025-05-31;5;37
50;2025-05-31;6;189
50;2025-05-31;7;352
50;2025-05-31;8;618
50;2025-05-31;9;557
50;2025-05-31;10;690
50;2025-05-31;11;698
50;2025-05-31;12;765
50;2025-05-31;13;774
50;2025-05-31;14;853
50;2025-05-31;15;669
50;2025-05-31;16;732
50;2025-05-31;17;728
50;2025-05-31;18;511
50;2025-05-31;19;574
50;2025-05-31;20;516
50;2025-05-31;21;438
50;2025-05-31;22;204
50;2025-05-31;23;100
50;2025-06-01;0;54
50;2025-06-01;1;7
50;2025-06-01;4;3
50;2025-06-01;5;28
50;2025-06-01;6;158
50;2025-06-01;7;201
50;2025-06-01;8;344
50;2025-06-01;9;511
50;2025-06-01;10;463
50;2025-06-01;11;562
50;2025-06-01;12;661
50;2025-06-01;13;703
50;2025-06-01;14;655
50;2025-06-01;15;602
50;2025-06-01;16;570
50;2025-06-01;17;619
50;2025-06-01;18;623
50;2025-06-01;19;625
50;2025-06-01;20;499
50;2025-06-01;21;488
50;2025-06-01;22;233
50;2025-06-01;23;127
50;2025-06-02;0;46
50;2025-06-02;1;8
50;2025-06-02;4;4
50;2025-06-02;5;74
50;2025-06-02;6;549
50;2025-06-02;7;1535
50;2025-06-02;8;2437
50;2025-06-02;9;2289
50;2025-06-02;10;1658
50;2025-06-02;11;1465
50;2025-06-02;12;1503
50;2025-06-02;13;1277
50;2025-06-02;14;1619
50;2025-06-02;15;1311
50;2025-06-02;16;1436
50;2025-06-02;17;2252
50;2025-06-02;18;2112
50;2025-06-02;19;1498
50;2025-06-02;20;849
50;2025-06-02;21;632
50;2025-06-02;22;286
50;2025-06-02;23;169
50;2025-06-03;0;39
50;2025-06-03;1;2
50;2025-06-03;5;65
50;2025-06-03;6;607
50;2025-06-03;7;1938
50;2025-06-03;8;2418
50;2025-06-03;9;1928
50;2025-06-03;10;1522
50;2025-06-03;11;1528
50;2025-06-03;12;1348
50;2025-06-03;13;1409
50;2025-06-03;14;1250
50;2025-06-03;15;1337
50;2025-06-03;16;1363
50;2025-06-03;17;2253
50;2025-06-03;18;2427
50;2025-06-03;19;1329
50;2025-06-03;20;873
50;2025-06-03;21;747
50;2025-06-03;22;313
50;2025-06-03;23;120
50;2025-06-04;0;28
50;2025-06-04;1;1
50;2025-06-04;4;5
50;2025-06-04;5;61
50;2025-06-04;6;513
50;2025-06-04;7;1580
50;2025-06-04;8;2188
50;2025-06-04;9;2363
50;2025-06-04;10;1531
50;2025-06-04;11;1396
50;2025-06-04;12;1476
50;2025-06-04;13;1211
50;2025-06-04;14;1215
50;2025-06-04;15;1210
50;2025-06-04;16;1619
50;2025-06-04;17;2284
50;2025-06-04;18;2182
50;2025-06-04;19;1208
50;2025-06-04;20;893
50;2025-06-04;21;657
50;2025-06-04;22;373
50;2025-06-04;23;167
50;2025-06-05;0;61
50;2025-06-05;4;9
50;2025-06-05;5;66
50;2025-06-05;6;546
50;2025-06-05;7;1651
50;2025-06-05;8;2425
50;2025-06-05;9;2023
50;2025-06-05;10;1674
50;2025-06-05;11;1580
50;2025-06-05;12;1277
50;2025-06-05;13;1002
50;2025-06-05;14;539
50;2025-06-05;15;491
50;2025-06-05;16;1232
50;2025-06-05;17;2147
50;2025-06-05;18;2091
50;2025-06-05;19;1291
50;2025-06-05;20;757
50;2025-06-05;21;571
50;2025-06-05;22;286
50;2025-06-05;23;148
50;2025-06-06;0;38
50;2025-06-06;1;2
50;2025-06-06;4;6
50;2025-06-06;5;160
50;2025-06-06;6;442
50;2025-06-06;7;1062
50;2025-06-06;8;1562
50;2025-06-06;9;1302
50;2025-06-06;10;1404
50;2025-06-06;11;1223
50;2025-06-06;12;1077
50;2025-06-06;13;1059
50;2025-06-06;14;1355
50;2025-06-06;15;1505
50;2025-06-06;16;1794
50;2025-06-06;17;1818
50;2025-06-06;18;1709
50;2025-06-06;19;1020
50;2025-06-06;20;738
50;2025-06-06;21;511
50;2025-06-06;22;343
50;2025-06-06;23;179
50;2025-06-07;0;74
50;2025-06-07;1;4
50;2025-06-07;4;2
50;2025-06-07;5;40
50;2025-06-07;6;155
50;2025-06-07;7;287
50;2025-06-07;8;616
50;2025-06-07;9;652
50;2025-06-07;10;682
50;2025-06-07;11;709
50;2025-06-07;12;730
50;2025-06-07;13;795
50;2025-06-07;14;728
50;2025-06-07;15;660
50;2025-06-07;16;671
50;2025-06-07;17;657
50;2025-06-07;18;605
50;2025-06-07;19;595
50;2025-06-07;20;549
50;2025-06-07;21;508
50;2025-06-07;22;249
50;2025-06-07;23;170
50;2025-06-08;0;60
50;2025-06-08;1;2
50;2025-06-08;4;4
50;2025-06-08;5;37
50;2025-06-08;6;178
50;2025-06-08;7;167
50;2025-06-08;8;248
50;2025-06-08;9;252
50;2025-06-08;10;315
50;2025-06-08;11;240
50;2025-06-08;12;333
50;2025-06-08;13;440
50;2025-06-08;14;432
50;2025-06-08;15;536
50;2025-06-08;16;492
50;2025-06-08;17;717
50;2025-06-08;18;622
50;2025-06-08;19;401
50;2025-06-08;20;397
50;2025-06-08;21;332
50;2025-06-08;22;188
50;2025-06-08;23;129
50;2025-06-09;0;42
50;2025-06-09;1;4
50;2025-06-09;4;3
50;2025-06-09;5;73
50;2025-06-09;6;566
50;2025-06-09;7;1521
50;2025-06-09;8;2579
50;2025-06-09;9;1760
50;2025-06-09;10;1200
50;2025-06-09;11;1292
50;2025-06-09;12;1170
50;2025-06-09;13;1194
50;2025-06-09;14;1365
50;2025-06-09;15;1388
50;2025-06-09;16;1255
50;2025-06-09;17;1918
50;2025-06-09;18;1966
50;2025-06-09;19;963
50;2025-06-09;20;711
50;2025-06-09;21;454
50;2025-06-09;22;209
50;2025-06-09;23;148
50;2025-06-10;0;32
50;2025-06-10;1;4
50;2025-06-10;4;3
50;2025-06-10;5;89
50;2025-06-10;6;524
50;2025-06-10;7;1539
50;2025-06-10;8;2130
50;2025-06-10;9;1931
50;2025-06-10;10;1698
50;2025-06-10;11;1469
50;2025-06-10;12;1144
50;2025-06-10;13;1458
50;2025-06-10;14;1161
50;2025-06-10;15;1165
50;2025-06-10;16;1445
50;2025-06-10;17;2338
50;2025-06-10;18;2296
50;2025-06-10;19;1466
50;2025-06-10;20;893
50;2025-06-10;21;632
50;2025-06-10;22;247
50;2025-06-10;23;116
50;2025-06-11;0;37
50;2025-06-11;1;8
50;2025-06-11;4;2
50;2025-06-11;5;74
50;2025-06-11;6;540
50;2025-06-11;7;1500
50;2025-06-11;8;2058
50;2025-06-11;9;1856
50;2025-06-11;10;1770
50;2025-06-11;11;1646
50;2025-06-11;12;1370
50;2025-06-11;13;1468
50;2025-06-11;14;1569
50;2025-06-11;15;1630
50;2025-06-11;16;1828
50;2025-06-11;17;1627
50;2025-06-11;18;1300
50;2025-06-11;19;1157
50;2025-06-11;20;654
50;2025-06-11;21;486
50;2025-06-11;22;259
50;2025-06-11;23;175
50;2025-06-12;0;40
50;2025-06-12;1;4
50;2025-06-12;5;44
50;2025-06-12;6;184
50;2025-06-12;7;317
50;2025-06-12;8;516
50;2025-06-12;9;522
50;2025-06-12;10;516
50;2025-06-12;11;639
50;2025-06-12;12;542
50;2025-06-12;13;694
50;2025-06-12;14;645
50;2025-06-12;15;710
50;2025-06-12;16;574
50;2025-06-12;17;712
50;2025-06-12;18;727
50;2025-06-12;19;676
50;2025-06-12;20;530
50;2025-06-12;21;440
50;2025-06-12;22;249
50;2025-06-12;23;160
50;2025-06-13;0;45
50;2025-06-13;1;2
50;2025-06-13;4;3
50;2025-06-13;5;28
50;2025-06-13;6;130
50;2025-06-13;7;271
50;2025-06-13;8;476
50;2025-06-13;9;507
50;2025-06-13;10;630
50;2025-06-13;11;680
50;2025-06-13;12;673
50;2025-06-13;13;740
50;2025-06-13;14;711
50;2025-06-13;15;588
50;2025-06-13;16;598
50;2025-06-13;17;552
50;2025-06-13;18;569
50;2025-06-13;19;636
50;2025-06-13;20;397
50;2025-06-13;21;339
50;2025-06-13;22;204
50;2025-06-13;23;148
50;2025-06-14;0;28
50;2025-06-14;1;3
50;2025-06-14;4;1
50;2025-06-14;5;30
50;2025-06-14;6;166
50;2025-06-14;7;314
50;2025-06-14;8;458
50;2025-06-14;9;523
50;2025-06-14;10;512
50;2025-06-14;11;439
50;2025-06-14;12;404
50;2025-06-14;13;449
50;2025-06-14;14;546
50;2025-06-14;15;548
50;2025-06-14;16;582
50;2025-06-14;17;526
50;2025-06-14;18;500
50;2025-06-14;19;465
50;2025-06-14;20;432
50;2025-06-14;21;344
50;2025-06-14;22;234
50;2025-06-14;23;130
50;2025-06-15;0;47
50;2025-06-15;1;3
50;2025-06-15;5;23
50;2025-06-15;6;120
50;2025-06-15;7;229
50;2025-06-15;8;385
50;2025-06-15;9;480
50;2025-06-15;10;404
50;2025-06-15;11;568
50;2025-06-15;12;548
50;2025-06-15;13;574
50;2025-06-15;14;660
50;2025-06-15;15;581
50;2025-06-15;16;702
50;2025-06-15;17;667
50;2025-06-15;18;583
50;2025-06-15;19;619
50;2025-06-15;20;475
50;2025-06-15;21;334
50;2025-06-15;22;220
50;2025-06-15;23;114
50;2025-06-16;0;40
50;2025-06-16;4;1
50;2025-06-16;5;80
50;2025-06-16;6;534
50;2025-06-16;7;1594
50;2025-06-16;8;2232
50;2025-06-16;9;1948
50;2025-06-16;10;1571
50;2025-06-16;11;1377
50;2025-06-16;12;1320
50;2025-06-16;13;1476
50;2025-06-16;14;1280
50;2025-06-16;15;1263
50;2025-06-16;16;1245
50;2025-06-16;17;1784
50;2025-06-16;18;2049
50;2025-06-16;19;1239
50;2025-06-16;20;812
50;2025-06-16;21;485
50;2025-06-16;22;219
50;2025-06-16;23;115
50;2025-06-17;0;31
50;2025-06-17;1;7
50;2025-06-17;4;5
50;2025-06-17;5;86
50;2025-06-17;6;477
50;2025-06-17;7;1549
50;2025-06-17;8;2732
50;2025-06-17;9;1951
50;2025-06-17;10;1468
50;2025-06-17;11;1481
50;2025-06-17;12;1481
50;2025-06-17;13;1270
50;2025-06-17;14;1209
50;2025-06-17;15;1386
50;2025-06-17;16;1418
50;2025-06-17;17;2081
50;2025-06-17;18;2018
50;2025-06-17;19;1031
50;2025-06-17;20;912
50;2025-06-17;21;635
50;2025-06-17;22;286
50;2025-06-17;23;155
50;2025-06-18;0;61
50;2025-06-18;4;8
50;2025-06-18;5;70
50;2025-06-18;6;505
50;2025-06-18;7;1479
50;2025-06-18;8;2460
50;2025-06-18;9;1996
50;2025-06-18;10;1558
50;2025-06-18;11;1401
50;2025-06-18;12;1274
50;2025-06-18;13;1184
50;2025-06-18;14;1154
50;2025-06-18;15;1006
50;2025-06-18;16;1489
50;2025-06-18;17;1979
50;2025-06-18;18;2411
50;2025-06-18;19;1271
50;2025-06-18;20;859
50;2025-06-18;21;570
50;2025-06-18;22;346
50;2025-06-18;23;160
50;2025-06-19;0;38
50;2025-06-19;1;9
50;2025-06-19;4;4
50;2025-06-19;5;61
50;2025-06-19;6;474
50;2025-06-19;7;1396
50;2025-06-19;8;2615
50;2025-06-19;9;1676
50;2025-06-19;10;1417
50;2025-06-19;11;1359
50;2025-06-19;12;1258
50;2025-06-19;13;1216
50;2025-06-19;14;1126
50;2025-06-19;15;1185
50;2025-06-19;16;1573
50;2025-06-19;17;1941
50;2025-06-19;18;2095
50;2025-06-19;19;1237
50;2025-06-19;20;867
50;2025-06-19;21;584
50;2025-06-19;22;326
50;2025-06-19;23;210
50;2025-06-20;0;59
50;2025-06-20;1;1
50;2025-06-20;4;9
50;2025-06-20;5;68
50;2025-06-20;6;414
50;2025-06-20;7;1475
50;2025-06-20;8;2614
50;2025-06-20;9;1741
50;2025-06-20;10;1246
50;2025-06-20;11;1278
50;2025-06-20;12;1276
50;2025-06-20;13;1124
50;2025-06-20;14;1055
50;2025-06-20;15;1262
50;2025-06-20;16;1725
50;2025-06-20;17;1556
50;2025-06-20;18;1567
50;2025-06-20;19;964
50;2025-06-20;20;698
50;2025-06-20;21;533
50;2025-06-20;22;281
50;2025-06-20;23;169
50;2025-06-21;0;82
50;2025-06-21;1;3
50;2025-06-21;4;1
50;2025-06-21;5;36
50;2025-06-21;6;113
50;2025-06-21;7;315
50;2025-06-21;8;541
50;2025-06-21;9;658
50;2025-06-21;10;634
50;2025-06-21;11;681
50;2025-06-21;12;669
50;2025-06-21;13;689
50;2025-06-21;14;730
50;2025-06-21;15;736
50;2025-06-21;16;643
50;2025-06-21;17;738
50;2025-06-21;18;735
50;2025-06-21;19;674
50;2025-06-21;20;505
50;2025-06-21;21;446
50;2025-06-21;22;283
50;2025-06-21;23;167
50;2025-06-22;0;62
50;2025-06-22;1;6
50;2025-06-22;5;35
50;2025-06-22;6;125
50;2025-06-22;7;247
50;2025-06-22;8;298
50;2025-06-22;9;392
50;2025-06-22;10;440
50;2025-06-22;11;550
50;2025-06-22;12;533
50;2025-06-22;13;640
50;2025-06-22;14;670
50;2025-06-22;15;580
50;2025-06-22;16;623
50;2025-06-22;17;632
50;2025-06-22;18;643
50;2025-06-22;19;547
50;2025-06-22;20;397
50;2025-06-22;21;450
50;2025-06-22;22;250
50;2025-06-22;23;101
50;2025-06-23;0;44
50;2025-06-23;1;2
50;2025-06-23;4;3
50;2025-06-23;5;68
50;2025-06-23;6;470
50;2025-06-23;7;1274
50;2025-06-23;8;2413
50;2025-06-23;9;1607
50;2025-06-23;10;1198
50;2025-06-23;11;1343
50;2025-06-23;12;1197
50;2025-06-23;13;1151
50;2025-06-23;14;1055
50;2025-06-23;15;998
50;2025-06-23;16;1478
50;2025-06-23;17;1974
50;2025-06-23;18;2478
50;2025-06-23;19;1437
50;2025-06-23;20;914
50;2025-06-23;21;571
50;2025-06-23;22;272
50;2025-06-23;23;208
50;2025-06-24;0;48
50;2025-06-24;1;12
50;2025-06-24;4;3
50;2025-06-24;5;75
50;2025-06-24;6;501
50;2025-06-24;7;1512
50;2025-06-24;8;2422
50;2025-06-24;9;1658
50;2025-06-24;10;1644
50;2025-06-24;11;1369
50;2025-06-24;12;1186
50;2025-06-24;13;1159
50;2025-06-24;14;1305
50;2025-06-24;15;1243
50;2025-06-24;16;1395
50;2025-06-24;17;2047
50;2025-06-24;18;2347
50;2025-06-24;19;1152
50;2025-06-24;20;954
50;2025-06-24;21;497
50;2025-06-24;22;255
50;2025-06-24;23;161
50;2025-06-25;0;40
50;2025-06-25;1;7
50;2025-06-25;4;4
50;2025-06-25;5;103
50;2025-06-25;6;547
50;2025-06-25;7;1487
50;2025-06-25;8;2491
50;2025-06-25;9;1960
50;2025-06-25;10;1478
50;2025-06-25;11;1292
50;2025-06-25;12;1083
50;2025-06-25;13;1078
50;2025-06-25;14;1107
50;2025-06-25;15;1187
50;2025-06-25;16;1413
50;2025-06-25;17;1899
50;2025-06-25;18;2047
50;2025-06-25;19;1136
50;2025-06-25;20;808
50;2025-06-25;21;607
50;2025-06-25;22;290
50;2025-06-25;23;139
50;2025-06-26;0;65
50;2025-06-26;1;23
50;2025-06-26;2;24
50;2025-06-26;3;9
50;2025-06-26;4;20
50;2025-06-26;5;100
50;2025-06-26;6;559
50;2025-06-26;7;1546
50;2025-06-26;8;2188
50;2025-06-26;9;1926
50;2025-06-26;10;1565
50;2025-06-26;11;1145
50;2025-06-26;12;1233
50;2025-06-26;13;1273
50;2025-06-26;14;1257
50;2025-06-26;15;1191
50;2025-06-26;16;1371
50;2025-06-26;17;2026
50;2025-06-26;18;2335
50;2025-06-26;19;1155
50;2025-06-26;20;941
50;2025-06-26;21;693
50;2025-06-26;22;301
50;2025-06-26;23;119
50;2025-06-27;0;36
50;2025-06-27;1;13
50;2025-06-27;4;5
50;2025-06-27;5;154
50;2025-06-27;6;609
50;2025-06-27;7;1399
50;2025-06-27;8;2253
50;2025-06-27;9;1490
50;2025-06-27;10;1410
50;2025-06-27;11;1324
50;2025-06-27;12;1157
50;2025-06-27;13;1108
50;2025-06-27;14;1219
50;2025-06-27;15;1287
50;2025-06-27;16;1700
50;2025-06-27;17;1820
50;2025-06-27;18;1511
50;2025-06-27;19;1048
50;2025-06-27;20;755
50;2025-06-27;21;524
50;2025-06-27;22;362
50;2025-06-27;23;190
50;2025-06-28;0;64
50;2025-06-28;1;16
50;2025-06-28;4;2
50;2025-06-28;5;47
50;2025-06-28;6;185
50;2025-06-28;7;422
50;2025-06-28;8;661
50;2025-06-28;9;571
50;2025-06-28;10;627
50;2025-06-28;11;702
50;2025-06-28;12;656
50;2025-06-28;13;782
50;2025-06-28;14;777
50;2025-06-28;15;645
50;2025-06-28;16;560
50;2025-06-28;17;751
50;2025-06-28;18;581
50;2025-06-28;19;523
50;2025-06-28;20;447
50;2025-06-28;21;344
50;2025-06-28;22;237
50;2025-06-28;23;174
50;2025-06-29;0;68
50;2025-06-29;1;9
50;2025-06-29;4;2
50;2025-06-29;5;25
50;2025-06-29;6;118
50;2025-06-29;7;239
50;2025-06-29;8;409
50;2025-06-29;9;430
50;2025-06-29;10;466
50;2025-06-29;11;620
50;2025-06-29;12;543
50;2025-06-29;13;669
50;2025-06-29;14;640
50;2025-06-29;15;550
50;2025-06-29;16;529
50;2025-06-29;17;602
50;2025-06-29;18;525
50;2025-06-29;19;467
50;2025-06-29;20;367
50;2025-06-29;21;331
50;2025-06-29;22;217
50;2025-06-29;23;83
50;2025-06-30;0;35
50;2025-06-30;1;4
50;2025-06-30;4;2
50;2025-06-30;5;66
50;2025-06-30;6;488
50;2025-06-30;7;1691
50;2025-06-30;8;2362
50;2025-06-30;9;1722
50;2025-06-30;10;1424
50;2025-06-30;11;1423
50;2025-06-30;12;1189
50;2025-06-30;13;1128
50;2025-06-30;14;1201
50;2025-06-30;15;1038
50;2025-06-30;16;1376
50;2025-06-30;17;1963
50;2025-06-30;18;1941
50;2025-06-30;19;1185
50;2025-06-30;20;826
50;2025-06-30;21;459
50;2025-06-30;22;218
50;2025-06-30;23;117
50;2025-07-01;0;30
50;2025-07-01;4;11
50;2025-07-01;5;86
50;2025-07-01;6;540
50;2025-07-01;7;1562
50;2025-07-01;8;2388
50;2025-07-01;9;1733
50;2025-07-01;10;1413
50;2025-07-01;11;1274
50;2025-07-01;12;1145
50;2025-07-01;13;1092
50;2025-07-01;14;1080
50;2025-07-01;15;676
50;2025-07-01;16;1400
50;2025-07-01;17;1733
50;2025-07-01;18;2274
50;2025-07-01;19;1215
50;2025-07-01;20;850
50;2025-07-01;21;590
50;2025-07-01;22;308
50;2025-07-01;23;135
50;2025-07-02;0;55
50;2025-07-02;1;7
50;2025-07-02;4;3
50;2025-07-02;5;80
50;2025-07-02;6;518
50;2025-07-02;7;1456
50;2025-07-02;8;2103
50;2025-07-02;9;2024
50;2025-07-02;10;1555
50;2025-07-02;11;1392
50;2025-07-02;12;1173
50;2025-07-02;13;1130
50;2025-07-02;14;1143
50;2025-07-02;15;1135
50;2025-07-02;16;1414
50;2025-07-02;17;2015
50;2025-07-02;18;2313
50;2025-07-02;19;1376
50;2025-07-02;20;893
50;2025-07-02;21;614
50;2025-07-02;22;327
50;2025-07-02;23;160
50;2025-07-03;0;33
50;2025-07-03;1;3
50;2025-07-03;4;1
50;2025-07-03;5;71
50;2025-07-03;6;551
50;2025-07-03;7;1712
50;2025-07-03;8;2073
50;2025-07-03;9;1940
50;2025-07-03;10;1673
50;2025-07-03;11;1210
50;2025-07-03;12;1346
50;2025-07-03;13;1233
50;2025-07-03;14;1133
50;2025-07-03;15;1212
50;2025-07-03;16;1399
50;2025-07-03;17;1946
50;2025-07-03;18;2127
50;2025-07-03;19;1310
50;2025-07-03;20;812
50;2025-07-03;21;648
50;2025-07-03;22;340
50;2025-07-03;23;191
50;2025-07-04;0;67
50;2025-07-04;1;8
50;2025-07-04;4;4
50;2025-07-04;5;67
50;2025-07-04;6;464
50;2025-07-04;7;1552
50;2025-07-04;8;2039
50;2025-07-04;9;1678
50;2025-07-04;10;1506
50;2025-07-04;11;1068
50;2025-07-04;12;1119
50;2025-07-04;13;1350
50;2025-07-04;14;1031
50;2025-07-04;15;1392
50;2025-07-04;16;1701
50;2025-07-04;17;1732
50;2025-07-04;18;1419
50;2025-07-04;19;1049
50;2025-07-04;20;687
50;2025-07-04;21;613
50;2025-07-04;22;313
50;2025-07-04;23;145
50;2025-07-05;0;58
50;2025-07-05;1;8
50;2025-07-05;5;32
50;2025-07-05;6;143
50;2025-07-05;7;364
50;2025-07-05;8;480
50;2025-07-05;9;642
50;2025-07-05;10;456
50;2025-07-05;11;629
50;2025-07-05;12;699
50;2025-07-05;13;568
50;2025-07-05;14;722
50;2025-07-05;15;640
50;2025-07-05;16;688
50;2025-07-05;17;643
50;2025-07-05;18;662
50;2025-07-05;19;676
50;2025-07-05;20;489
50;2025-07-05;21;413
50;2025-07-05;22;256
50;2025-07-05;23;183
50;2025-07-06;0;32
50;2025-07-06;1;9
50;2025-07-06;4;1
50;2025-07-06;5;27
50;2025-07-06;6;133
50;2025-07-06;7;274
50;2025-07-06;8;401
50;2025-07-06;9;463
50;2025-07-06;10;443
50;2025-07-06;11;579
50;2025-07-06;12;690
50;2025-07-06;13;727
50;2025-07-06;14;633
50;2025-07-06;15;790
50;2025-07-06;16;728
50;2025-07-06;17;752
50;2025-07-06;18;665
50;2025-07-06;19;703
50;2025-07-06;20;566
50;2025-07-06;21;488
50;2025-07-06;22;269
50;2025-07-06;23;130
50;2025-07-07;0;56
50;2025-07-07;1;2
50;2025-07-07;4;4
50;2025-07-07;5;76
50;2025-07-07;6;549
50;2025-07-07;7;1489
50;2025-07-07;8;2149
50;2025-07-07;9;1836
50;2025-07-07;10;1205
50;2025-07-07;11;1164
50;2025-07-07;12;1083
50;2025-07-07;13;1057
50;2025-07-07;14;1149
50;2025-07-07;15;1080
50;2025-07-07;16;1329
50;2025-07-07;17;1637
50;2025-07-07;18;1973
50;2025-07-07;19;1173
50;2025-07-07;20;690
50;2025-07-07;21;554
50;2025-07-07;22;298
50;2025-07-07;23;133
50;2025-07-08;0;33
50;2025-07-08;1;6
50;2025-07-08;4;4
50;2025-07-08;5;43
50;2025-07-08;6;518
50;2025-07-08;7;1760
50;2025-07-08;8;2124
50;2025-07-08;9;1719
50;2025-07-08;10;1544
50;2025-07-08;11;1167
50;2025-07-08;12;1317
50;2025-07-08;13;982
50;2025-07-08;14;949
50;2025-07-08;15;1135
50;2025-07-08;16;1157
50;2025-07-08;17;1797
50;2025-07-08;18;1962
50;2025-07-08;19;1195
50;2025-07-08;20;728
50;2025-07-08;21;573
50;2025-07-08;22;291
50;2025-07-08;23;162
50;2025-07-09;0;39
50;2025-07-09;1;5
50;2025-07-09;4;1
50;2025-07-09;5;68
50;2025-07-09;6;563
50;2025-07-09;7;1675
50;2025-07-09;8;2174
50;2025-07-09;9;1697
50;2025-07-09;10;1474
50;2025-07-09;11;1209
50;2025-07-09;12;1015
50;2025-07-09;13;1053
50;2025-07-09;14;999
50;2025-07-09;15;920
50;2025-07-09;16;1096
50;2025-07-09;17;1783
50;2025-07-09;18;1879
50;2025-07-09;19;1075
50;2025-07-09;20;745
50;2025-07-09;21;522
50;2025-07-09;22;261
50;2025-07-09;23;95
50;2025-07-10;0;48
50;2025-07-10;5;148
50;2025-07-10;6;786
50;2025-07-10;7;2204
50;2025-07-10;8;2998
50;2025-07-10;9;2250
50;2025-07-10;10;1468
50;2025-07-10;11;1399
50;2025-07-10;12;1250
50;2025-07-10;13;1210
50;2025-07-10;14;963
50;2025-07-10;15;1284
50;2025-07-10;16;1230
50;2025-07-10;17;2233
50;2025-07-10;18;2668
50;2025-07-10;19;2065
50;2025-07-10;20;1401
50;2025-07-10;21;921
50;2025-07-10;22;630
50;2025-07-10;23;350
50;2025-07-11;0;112
50;2025-07-11;1;6
50;2025-07-11;4;3
50;2025-07-11;5;92
50;2025-07-11;6;789
50;2025-07-11;7;2102
50;2025-07-11;8;2533
50;2025-07-11;9;1798
50;2025-07-11;10;1496
50;2025-07-11;11;1201
50;2025-07-11;12;1137
50;2025-07-11;13;1212
50;2025-07-11;14;1006
50;2025-07-11;15;1249
50;2025-07-11;16;1629
50;2025-07-11;17;1922
50;2025-07-11;18;1773
50;2025-07-11;19;1324
50;2025-07-11;20;1236
50;2025-07-11;21;749
50;2025-07-11;22;535
50;2025-07-11;23;284
50;2025-07-12;0;131
50;2025-07-12;1;8
50;2025-07-12;5;129
50;2025-07-12;6;482
50;2025-07-12;7;740
50;2025-07-12;8;968
50;2025-07-12;9;1119
50;2025-07-12;10;1029
50;2025-07-12;11;1111
50;2025-07-12;12;974
50;2025-07-12;13;994
50;2025-07-12;14;1055
50;2025-07-12;15;942
50;2025-07-12;16;1099
50;2025-07-12;17;933
50;2025-07-12;18;1060
50;2025-07-12;19;930
50;2025-07-12;20;668
50;2025-07-12;21;677
50;2025-07-12;22;375
50;2025-07-12;23;403
50;2025-07-13;0;81
50;2025-07-13;1;2
50;2025-07-13;5;81
50;2025-07-13;6;313
50;2025-07-13;7;430
50;2025-07-13;8;731
50;2025-07-13;9;632
50;2025-07-13;10;785
50;2025-07-13;11;976
50;2025-07-13;12;960
50;2025-07-13;13;1117
50;2025-07-13;14;978
50;2025-07-13;15;958
50;2025-07-13;16;1086
50;2025-07-13;17;891
50;2025-07-13;18;1038
50;2025-07-13;19;865
50;2025-07-13;20;842
50;2025-07-13;21;647
50;2025-07-13;22;429
50;2025-07-13;23;270
50;2025-07-14;0;91
50;2025-07-14;1;9
50;2025-07-14;5;138
50;2025-07-14;6;716
50;2025-07-14;7;2217
50;2025-07-14;8;3048
50;2025-07-14;9;2265
50;2025-07-14;10;1475
50;2025-07-14;11;1619
50;2025-07-14;12;1432
50;2025-07-14;13;1161
50;2025-07-14;14;1162
50;2025-07-14;15;1089
50;2025-07-14;16;1404
50;2025-07-14;17;2291
50;2025-07-14;18;2495
50;2025-07-14;19;1781
50;2025-07-14;20;1278
50;2025-07-14;21;781
50;2025-07-14;22;552
50;2025-07-14;23;271
50;2025-07-15;0;88
50;2025-07-15;1;5
50;2025-07-15;5;157
50;2025-07-15;6;932
50;2025-07-15;7;1980
50;2025-07-15;8;2931
50;2025-07-15;9;2173
50;2025-07-15;10;1358
50;2025-07-15;11;732
50;2025-07-15;12;743
50;2025-07-15;13;672
50;2025-07-15;14;838
50;2025-07-15;15;1065
50;2025-07-15;16;1344
50;2025-07-15;17;2269
50;2025-07-15;18;2502
50;2025-07-15;19;1818
50;2025-07-15;20;1199
50;2025-07-15;21;902
50;2025-07-15;22;470
50;2025-07-15;23;322
50;2025-07-16;0;94
50;2025-07-16;1;2
50;2025-07-16;5;161
50;2025-07-16;6;740
50;2025-07-16;7;2228
50;2025-07-16;8;3204
50;2025-07-16;9;2356
50;2025-07-16;10;1444
50;2025-07-16;11;1419
50;2025-07-16;12;1358
50;2025-07-16;13;1334
50;2025-07-16;14;1242
50;2025-07-16;15;1350
50;2025-07-16;16;1630
50;2025-07-16;17;2142
50;2025-07-16;18;2570
50;2025-07-16;19;2236
50;2025-07-16;20;1304
50;2025-07-16;21;734
50;2025-07-16;22;573
50;2025-07-16;23;215
50;2025-07-17;0;119
50;2025-07-17;1;3
50;2025-07-17;4;2
50;2025-07-17;5;128
50;2025-07-17;6;785
50;2025-07-17;7;2313
50;2025-07-17;8;2694
50;2025-07-17;9;2189
50;2025-07-17;10;1528
50;2025-07-17;11;1433
50;2025-07-17;12;1373
50;2025-07-17;13;1211
50;2025-07-17;14;1093
50;2025-07-17;15;1381
50;2025-07-17;16;1737
50;2025-07-17;17;2262
50;2025-07-17;18;2997
50;2025-07-17;19;1980
50;2025-07-17;20;1307
50;2025-07-17;21;940
50;2025-07-17;22;550
50;2025-07-17;23;342
50;2025-07-18;0;136
50;2025-07-18;1;7
50;2025-07-18;5;166
50;2025-07-18;6;816
50;2025-07-18;7;2202
50;2025-07-18;8;3040
50;2025-07-18;9;2148
50;2025-07-18;10;1564
50;2025-07-18;11;1570
50;2025-07-18;12;1342
50;2025-07-18;13;1231
50;2025-07-18;14;1342
50;2025-07-18;15;1406
50;2025-07-18;16;1742
50;2025-07-18;17;2250
50;2025-07-18;18;2031
50;2025-07-18;19;1888
50;2025-07-18;20;1326
50;2025-07-18;21;879
50;2025-07-18;22;580
50;2025-07-18;23;333
50;2025-07-19;0;202
50;2025-07-19;1;3
50;2025-07-19;4;1
50;2025-07-19;5;160
50;2025-07-19;6;591
50;2025-07-19;7;637
50;2025-07-19;8;819
50;2025-07-19;9;730
50;2025-07-19;10;900
50;2025-07-19;11;1068
50;2025-07-19;12;1227
50;2025-07-19;13;1136
50;2025-07-19;14;1052
50;2025-07-19;15;1014
50;2025-07-19;16;1086
50;2025-07-19;17;1107
50;2025-07-19;18;1103
50;2025-07-19;19;1031
50;2025-07-19;20;714
50;2025-07-19;21;653
50;2025-07-19;22;316
50;2025-07-19;23;332
50;2025-07-20;0;124
50;2025-07-20;1;12
50;2025-07-20;2;1
50;2025-07-20;4;2
50;2025-07-20;5;74
50;2025-07-20;6;335
50;2025-07-20;7;542
50;2025-07-20;8;711
50;2025-07-20;9;696
50;2025-07-20;10;675
50;2025-07-20;11;660
50;2025-07-20;12;892
50;2025-07-20;13;1136
50;2025-07-20;14;962
50;2025-07-20;15;1069
50;2025-07-20;16;1054
50;2025-07-20;17;1103
50;2025-07-20;18;991
50;2025-07-20;19;900
50;2025-07-20;20;858
50;2025-07-20;21;631
50;2025-07-20;22;324
50;2025-07-20;23;260
50;2025-07-21;0;97
50;2025-07-21;1;12
50;2025-07-21;4;2
50;2025-07-21;5;110
50;2025-07-21;6;858
50;2025-07-21;7;2111
50;2025-07-21;8;2665
50;2025-07-21;9;2056
50;2025-07-21;10;1154
50;2025-07-21;11;1103
50;2025-07-21;12;1065
50;2025-07-21;13;982
50;2025-07-21;14;933
50;2025-07-21;15;1152
50;2025-07-21;16;1431
50;2025-07-21;17;2172
50;2025-07-21;18;2774
50;2025-07-21;19;2045
50;2025-07-21;20;1389
50;2025-07-21;21;951
50;2025-07-21;22;629
50;2025-07-21;23;251
50;2025-07-22;0;112
50;2025-07-22;1;4
50;2025-07-22;5;142
50;2025-07-22;6;678
50;2025-07-22;7;2194
50;2025-07-22;8;2909
50;2025-07-22;9;2131
50;2025-07-22;10;1492
50;2025-07-22;11;1152
50;2025-07-22;12;1394
50;2025-07-22;13;1392
50;2025-07-22;14;1370
50;2025-07-22;15;1330
50;2025-07-22;16;1473
50;2025-07-22;17;2495
50;2025-07-22;18;2909
50;2025-07-22;19;1883
50;2025-07-22;20;1405
50;2025-07-22;21;924
50;2025-07-22;22;590
50;2025-07-22;23;260
50;2025-07-23;0;87
50;2025-07-23;1;2
50;2025-07-23;5;159
50;2025-07-23;6;797
50;2025-07-23;7;2069
50;2025-07-23;8;2984
50;2025-07-23;9;2301
50;2025-07-23;10;1475
50;2025-07-23;11;1267
50;2025-07-23;12;1342
50;2025-07-23;13;1422
50;2025-07-23;14;1187
50;2025-07-23;15;1194
50;2025-07-23;16;1432
50;2025-07-23;17;2141
50;2025-07-23;18;2950
50;2025-07-23;19;1843
50;2025-07-23;20;1234
50;2025-07-23;21;981
50;2025-07-23;22;636
50;2025-07-23;23;304
50;2025-07-24;0;82
50;2025-07-24;5;158
50;2025-07-24;6;764
50;2025-07-24;7;2194
50;2025-07-24;8;2930
50;2025-07-24;9;1975
50;2025-07-24;10;1469
50;2025-07-24;11;1547
50;2025-07-24;12;1270
50;2025-07-24;13;1410
50;2025-07-24;14;1084
50;2025-07-24;15;1314
50;2025-07-24;16;1331
50;2025-07-24;17;1555
50;2025-07-24;18;2295
50;2025-07-24;19;1954
50;2025-07-24;20;1170
50;2025-07-24;21;944
50;2025-07-24;22;551
50;2025-07-24;23;347
50;2025-07-25;0;86
50;2025-07-25;1;7
50;2025-07-25;4;1
50;2025-07-25;5;108
50;2025-07-25;6;828
50;2025-07-25;7;2071
50;2025-07-25;8;3161
50;2025-07-25;9;2145
50;2025-07-25;10;1434
50;2025-07-25;11;1521
50;2025-07-25;12;1487
50;2025-07-25;13;1140
50;2025-07-25;14;1167
50;2025-07-25;15;1402
50;2025-07-25;16;1866
50;2025-07-25;17;1868
50;2025-07-25;18;2021
50;2025-07-25;19;1538
50;2025-07-25;20;1282
50;2025-07-25;21;877
50;2025-07-25;22;601
50;2025-07-25;23;312
50;2025-07-26;0;124
50;2025-07-26;1;8
50;2025-07-26;5;167
50;2025-07-26;6;467
50;2025-07-26;7;846
50;2025-07-26;8;932
50;2025-07-26;9;999
50;2025-07-26;10;951
50;2025-07-26;11;1063
50;2025-07-26;12;1058
50;2025-07-26;13;1173
50;2025-07-26;14;1042
50;2025-07-26;15;1046
50;2025-07-26;16;997
50;2025-07-26;17;1022
50;2025-07-26;18;1111
50;2025-07-26;19;988
50;2025-07-26;20;953
50;2025-07-26;21;797
50;2025-07-26;22;402
50;2025-07-26;23;378
50;2025-07-27;0;111
50;2025-07-27;1;12
50;2025-07-27;5;75
50;2025-07-27;6;299
50;2025-07-27;7;505
50;2025-07-27;8;795
50;2025-07-27;9;782
50;2025-07-27;10;839
50;2025-07-27;11;1087
50;2025-07-27;12;876
50;2025-07-27;13;1017
50;2025-07-27;14;965
50;2025-07-27;15;906
50;2025-07-27;16;970
50;2025-07-27;17;1029
50;2025-07-27;18;1129
50;2025-07-27;19;991
50;2025-07-27;20;818
50;2025-07-27;21;729
50;2025-07-27;22;486
50;2025-07-27;23;245
50;2025-07-28;0;79
50;2025-07-28;1;4
50;2025-07-28;4;2
50;2025-07-28;5;140
50;2025-07-28;6;763
50;2025-07-28;7;2248
50;2025-07-28;8;2920
50;2025-07-28;9;2335
50;2025-07-28;10;1419
50;2025-07-28;11;1437
50;2025-07-28;12;1115
50;2025-07-28;13;1170
50;2025-07-28;14;1123
50;2025-07-28;15;1168
50;2025-07-28;16;1486
50;2025-07-28;17;1986
50;2025-07-28;18;2398
50;2025-07-28;19;1972
50;2025-07-28;20;1467
50;2025-07-28;21;951
50;2025-07-28;22;524
50;2025-07-28;23;243
50;2025-07-29;0;98
50;2025-07-29;1;4
50;2025-07-29;4;1
50;2025-07-29;5;171
50;2025-07-29;6;744
50;2025-07-29;7;1953
50;2025-07-29;8;2817
50;2025-07-29;9;2017
50;2025-07-29;10;1416
50;2025-07-29;11;1428
50;2025-07-29;12;1209
50;2025-07-29;13;1097
50;2025-07-29;14;1102
50;2025-07-29;15;1120
50;2025-07-29;16;1467
50;2025-07-29;17;2108
50;2025-07-29;18;2731
50;2025-07-29;19;2001
50;2025-07-29;20;1312
50;2025-07-29;21;902
50;2025-07-29;22;526
50;2025-07-29;23;254
50;2025-07-30;0;90
50;2025-07-30;1;3
50;2025-07-30;5;167
50;2025-07-30;6;792
50;2025-07-30;7;2160
50;2025-07-30;8;2709
50;2025-07-30;9;2105
50;2025-07-30;10;1348
50;2025-07-30;11;1305
50;2025-07-30;12;1186
50;2025-07-30;13;1296
50;2025-07-30;14;988
50;2025-07-30;15;1223
50;2025-07-30;16;1570
50;2025-07-30;17;2065
50;2025-07-30;18;2604
50;2025-07-30;19;1634
50;2025-07-30;20;1466
50;2025-07-30;21;862
50;2025-07-30;22;543
50;2025-07-30;23;257
50;2025-07-31;0;106
50;2025-07-31;1;5
50;2025-07-31;5;177
50;2025-07-31;6;725
50;2025-07-31;7;2332
50;2025-07-31;8;2805
50;2025-07-31;9;2264
50;2025-07-31;10;1476
50;2025-07-31;11;1132
50;2025-07-31;12;999
50;2025-07-31;13;1168
50;2025-07-31;14;1088
50;2025-07-31;15;945
50;2025-07-31;16;1351
50;2025-07-31;17;2051
50;2025-07-31;18;2470
50;2025-07-31;19;2064
50;2025-07-31;20;1506
50;2025-07-31;21;908
50;2025-07-31;22;456
50;2025-07-31;23;271
50;2025-08-01;0;134
50;2025-08-01;1;4
50;2025-08-01;4;1
50;2025-08-01;5;148
50;2025-08-01;6;829
50;2025-08-01;7;2057
50;2025-08-01;8;2762
50;2025-08-01;9;1776
50;2025-08-01;10;1529
50;2025-08-01;11;1136
50;2025-08-01;12;1195
50;2025-08-01;13;1225
50;2025-08-01;14;1237
50;2025-08-01;15;1523
50;2025-08-01;16;1824
50;2025-08-01;17;2250
50;2025-08-01;18;1694
50;2025-08-01;19;1650
50;2025-08-01;20;1048
50;2025-08-01;21;903
50;2025-08-01;22;517
50;2025-08-01;23;252
50;2025-08-02;0;95
50;2025-08-02;1;4
50;2025-08-02;5;123
50;2025-08-02;6;447
50;2025-08-02;7;680
50;2025-08-02;8;849
50;2025-08-02;9;785
50;2025-08-02;10;950
50;2025-08-02;11;1102
50;2025-08-02;12;1112
50;2025-08-02;13;1148
50;2025-08-02;14;1251
50;2025-08-02;15;939
50;2025-08-02;16;1090
50;2025-08-02;17;1085
50;2025-08-02;18;1213
50;2025-08-02;19;961
50;2025-08-02;20;886
50;2025-08-02;21;760
50;2025-08-02;22;423
50;2025-08-02;23;280
50;2025-08-03;0;85
50;2025-08-03;1;5
50;2025-08-03;5;89
50;2025-08-03;6;252
50;2025-08-03;7;440
50;2025-08-03;8;681
50;2025-08-03;9;801
50;2025-08-03;10;908
50;2025-08-03;11;1086
50;2025-08-03;12;992
50;2025-08-03;13;1093
50;2025-08-03;14;1185
50;2025-08-03;15;1036
50;2025-08-03;16;1086
50;2025-08-03;17;1000
50;2025-08-03;18;1024
50;2025-08-03;19;830
50;2025-08-03;20;900
50;2025-08-03;21;679
50;2025-08-03;22;394
50;2025-08-03;23;214
50;2025-08-04;0;43
50;2025-08-04;1;4
50;2025-08-04;4;2
50;2025-08-04;5;169
50;2025-08-04;6;715
50;2025-08-04;7;1963
50;2025-08-04;8;2435
50;2025-08-04;9;1928
50;2025-08-04;10;1465
50;2025-08-04;11;1108
50;2025-08-04;12;1234
50;2025-08-04;13;1151
50;2025-08-04;14;905
50;2025-08-04;15;1038
50;2025-08-04;16;1477
50;2025-08-04;17;1912
50;2025-08-04;18;2694
50;2025-08-04;19;1870
50;2025-08-04;20;1228
50;2025-08-04;21;714
50;2025-08-04;22;447
50;2025-08-04;23;166
50;2025-08-05;0;99
50;2025-08-05;1;5
50;2025-08-05;5;184
50;2025-08-05;6;723
50;2025-08-05;7;1858
50;2025-08-05;8;2490
50;2025-08-05;9;1957
50;2025-08-05;10;1320
50;2025-08-05;11;1164
50;2025-08-05;12;1145
50;2025-08-05;13;1002
50;2025-08-05;14;956
50;2025-08-05;15;1001
50;2025-08-05;16;1100
50;2025-08-05;17;2044
50;2025-08-05;18;2240
50;2025-08-05;19;1850
50;2025-08-05;20;1331
50;2025-08-05;21;943
50;2025-08-05;22;444
50;2025-08-05;23;267
50;2025-08-06;0;108
50;2025-08-06;1;2
50;2025-08-06;5;181
50;2025-08-06;6;815
50;2025-08-06;7;1979
50;2025-08-06;8;2665
50;2025-08-06;9;2331
50;2025-08-06;10;1426
50;2025-08-06;11;1328
50;2025-08-06;12;1253
50;2025-08-06;13;1057
50;2025-08-06;14;1119
50;2025-08-06;15;1087
50;2025-08-06;16;1330
50;2025-08-06;17;2071
50;2025-08-06;18;2469
50;2025-08-06;19;2023
50;2025-08-06;20;1233
50;2025-08-06;21;850
50;2025-08-06;22;483
50;2025-08-06;23;270
50;2025-08-07;0;75
50;2025-08-07;1;6
50;2025-08-07;4;3
50;2025-08-07;5;176
50;2025-08-07;6;738
50;2025-08-07;7;2097
50;2025-08-07;8;2643
50;2025-08-07;9;1862
50;2025-08-07;10;1358
50;2025-08-07;11;1090
50;2025-08-07;12;1124
50;2025-08-07;13;1099
50;2025-08-07;14;1241
50;2025-08-07;15;1235
50;2025-08-07;16;1639
50;2025-08-07;17;2438
50;2025-08-07;18;3044
50;2025-08-07;19;2041
50;2025-08-07;20;1442
50;2025-08-07;21;1060
50;2025-08-07;22;462
50;2025-08-07;23;348
50;2025-08-08;0;114
50;2025-08-08;1;2
50;2025-08-08;4;2
50;2025-08-08;5;182
50;2025-08-08;6;791
50;2025-08-08;7;2062
50;2025-08-08;8;2684
50;2025-08-08;9;2024
50;2025-08-08;10;1400
50;2025-08-08;11;1287
50;2025-08-08;12;1195
50;2025-08-08;13;1353
50;2025-08-08;14;1206
50;2025-08-08;15;1390
50;2025-08-08;16;1633
50;2025-08-08;17;2120
50;2025-08-08;18;1993
50;2025-08-08;19;1403
50;2025-08-08;20;1434
50;2025-08-08;21;906
50;2025-08-08;22;462
50;2025-08-08;23;296
50;2025-08-09;0;129
50;2025-08-09;1;5
50;2025-08-09;5;180
50;2025-08-09;6;464
50;2025-08-09;7;745
50;2025-08-09;8;966
50;2025-08-09;9;874
50;2025-08-09;10;981
50;2025-08-09;11;957
50;2025-08-09;12;1043
50;2025-08-09;13;1034
50;2025-08-09;14;988
50;2025-08-09;15;1036
50;2025-08-09;16;1067
50;2025-08-09;17;1120
50;2025-08-09;18;1148
50;2025-08-09;19;1039
50;2025-08-09;20;1050
50;2025-08-09;21;676
50;2025-08-09;22;307
50;2025-08-09;23;337
50;2025-08-10;0;87
50;2025-08-10;1;3
50;2025-08-10;5;82
50;2025-08-10;6;300
50;2025-08-10;7;482
50;2025-08-10;8;715
50;2025-08-10;9;749
50;2025-08-10;10;808
50;2025-08-10;11;934
50;2025-08-10;12;928
50;2025-08-10;13;1098
50;2025-08-10;14;1040
50;2025-08-10;15;1066
50;2025-08-10;16;988
50;2025-08-10;17;1045
50;2025-08-10;18;1200
50;2025-08-10;19;944
50;2025-08-10;20;806
50;2025-08-10;21;544
50;2025-08-10;22;349
50;2025-08-10;23;341
50;2025-08-11;0;95
50;2025-08-11;1;6
50;2025-08-11;5;62
50;2025-08-11;6;380
50;2025-08-11;7;1001
50;2025-08-11;8;1493
50;2025-08-11;9;1213
50;2025-08-11;10;924
50;2025-08-11;11;778
50;2025-08-11;12;778
50;2025-08-11;13;658
50;2025-08-11;14;669
50;2025-08-11;15;624
50;2025-08-11;16;969
50;2025-08-11;17;1372
50;2025-08-11;18;1658
50;2025-08-11;19;897
50;2025-08-11;20;633
50;2025-08-11;21;293
50;2025-08-11;22;126
50;2025-08-11;23;73
50;2025-08-12;0;15
50;2025-08-12;1;1
50;2025-08-12;4;4
50;2025-08-12;5;65
50;2025-08-12;6;432
50;2025-08-12;7;1304
50;2025-08-12;8;1832
50;2025-08-12;9;1323
50;2025-08-12;10;1081
50;2025-08-12;11;1014
50;2025-08-12;12;740
50;2025-08-12;13;746
50;2025-08-12;14;756
50;2025-08-12;15;733
50;2025-08-12;16;998
50;2025-08-12;17;1550
50;2025-08-12;18;1873
50;2025-08-12;19;936
50;2025-08-12;20;667
50;2025-08-12;21;439
50;2025-08-12;22;194
50;2025-08-12;23;70
50;2025-08-13;0;30
50;2025-08-13;1;1
50;2025-08-13;4;1
50;2025-08-13;5;63
50;2025-08-13;6;390
50;2025-08-13;7;1368
50;2025-08-13;8;1672
50;2025-08-13;9;1432
50;2025-08-13;10;1064
50;2025-08-13;11;955
50;2025-08-13;12;918
50;2025-08-13;13;859
50;2025-08-13;14;899
50;2025-08-13;15;718
50;2025-08-13;16;984
50;2025-08-13;17;1429
50;2025-08-13;18;1379
50;2025-08-13;19;918
50;2025-08-13;20;634
50;2025-08-13;21;468
50;2025-08-13;22;244
50;2025-08-13;23;108
50;2025-08-14;0;37
50;2025-08-14;1;6
50;2025-08-14;4;3
50;2025-08-14;5;50
50;2025-08-14;6;391
50;2025-08-14;7;1148
50;2025-08-14;8;1854
50;2025-08-14;9;1374
50;2025-08-14;10;1024
50;2025-08-14;11;909
50;2025-08-14;12;745
50;2025-08-14;13;906
50;2025-08-14;14;662
50;2025-08-14;15;793
50;2025-08-14;16;900
50;2025-08-14;17;1354
50;2025-08-14;18;1648
50;2025-08-14;19;929
50;2025-08-14;20;814
50;2025-08-14;21;626
50;2025-08-14;22;224
50;2025-08-14;23;110
50;2025-08-15;0;36
50;2025-08-15;1;2
50;2025-08-15;4;2
50;2025-08-15;5;61
50;2025-08-15;6;391
50;2025-08-15;7;1029
50;2025-08-15;8;1596
50;2025-08-15;9;1078
50;2025-08-15;10;922
50;2025-08-15;11;940
50;2025-08-15;12;765
50;2025-08-15;13;418
50;2025-08-15;14;488
50;2025-08-15;15;749
50;2025-08-15;16;1250
50;2025-08-15;17;1606
50;2025-08-15;18;1039
50;2025-08-15;19;576
50;2025-08-15;20;345
50;2025-08-15;21;334
50;2025-08-15;22;179
50;2025-08-15;23;122
50;2025-08-16;0;43
50;2025-08-16;5;20
50;2025-08-16;6;123
50;2025-08-16;7;335
50;2025-08-16;8;414
50;2025-08-16;9;438
50;2025-08-16;10;497
50;2025-08-16;11;469
50;2025-08-16;12;597
50;2025-08-16;13;526
50;2025-08-16;14;624
50;2025-08-16;15;513
50;2025-08-16;16;513
50;2025-08-16;17;618
50;2025-08-16;18;598
50;2025-08-16;19;547
50;2025-08-16;20;476
50;2025-08-16;21;266
50;2025-08-16;22;174
50;2025-08-16;23;119
50;2025-08-17;0;45
50;2025-08-17;4;2
50;2025-08-17;5;25
50;2025-08-17;6;134
50;2025-08-17;7;203
50;2025-08-17;8;341
50;2025-08-17;9;427
50;2025-08-17;10;403
50;2025-08-17;11;485
50;2025-08-17;12;426
50;2025-08-17;13;504
50;2025-08-17;14;571
50;2025-08-17;15;493
50;2025-08-17;16;477
50;2025-08-17;17;495
50;2025-08-17;18;541
50;2025-08-17;19;435
50;2025-08-17;20;323
50;2025-08-17;21;443
50;2025-08-17;22;199
50;2025-08-17;23;119
50;2025-08-18;0;19
50;2025-08-18;4;3
50;2025-08-18;5;67
50;2025-08-18;6;417
50;2025-08-18;7;1458
50;2025-08-18;8;1826
50;2025-08-18;9;1301
50;2025-08-18;10;931
50;2025-08-18;11;873
50;2025-08-18;12;906
50;2025-08-18;13;960
50;2025-08-18;14;848
50;2025-08-18;15;872
50;2025-08-18;16;1268
50;2025-08-18;17;1683
50;2025-08-18;18;1852
50;2025-08-18;19;1026
50;2025-08-18;20;664
50;2025-08-18;21;475
50;2025-08-18;22;192
50;2025-08-18;23;129
50;2025-08-19;0;9
50;2025-08-19;5;64
50;2025-08-19;6;471
50;2025-08-19;7;1379
50;2025-08-19;8;2140
50;2025-08-19;9;1414
50;2025-08-19;10;1180
50;2025-08-19;11;972
50;2025-08-19;12;946
50;2025-08-19;13;1080
50;2025-08-19;14;948
50;2025-08-19;15;826
50;2025-08-19;16;1007
50;2025-08-19;17;1593
50;2025-08-19;18;1608
50;2025-08-19;19;898
50;2025-08-19;20;685
50;2025-08-19;21;489
50;2025-08-19;22;220
50;2025-08-19;23;104
50;2025-08-20;0;32
50;2025-08-20;4;2
50;2025-08-20;5;73
50;2025-08-20;6;515
50;2025-08-20;7;1203
50;2025-08-20;8;1716
50;2025-08-20;9;1331
50;2025-08-20;10;1124
50;2025-08-20;11;1103
50;2025-08-20;12;882
50;2025-08-20;13;895
50;2025-08-20;14;1029
50;2025-08-20;15;809
50;2025-08-20;16;988
50;2025-08-20;17;1657
50;2025-08-20;18;1833
50;2025-08-20;19;1175
50;2025-08-20;20;664
50;2025-08-20;21;605
50;2025-08-20;22;253
50;2025-08-20;23;84
50;2025-08-21;0;38
50;2025-08-21;1;2
50;2025-08-21;5;48
50;2025-08-21;6;377
50;2025-08-21;7;1510
50;2025-08-21;8;1907
50;2025-08-21;9;1344
50;2025-08-21;10;1303
50;2025-08-21;11;1130
50;2025-08-21;12;906
50;2025-08-21;13;985
50;2025-08-21;14;1040
50;2025-08-21;15;1099
50;2025-08-21;16;1571
50;2025-08-21;17;1715
50;2025-08-21;18;2048
50;2025-08-21;19;1165
50;2025-08-21;20;688
50;2025-08-21;21;600
50;2025-08-21;22;273
50;2025-08-21;23;153
50;2025-08-22;0;37
50;2025-08-22;1;1
50;2025-08-22;4;2
50;2025-08-22;5;74
50;2025-08-22;6;519
50;2025-08-22;7;1196
50;2025-08-22;8;1791
50;2025-08-22;9;1318
50;2025-08-22;10;1188
50;2025-08-22;11;948
50;2025-08-22;12;1238
50;2025-08-22;13;1105
50;2025-08-22;14;876
50;2025-08-22;15;1195
50;2025-08-22;16;1370
50;2025-08-22;17;1406
50;2025-08-22;18;1218
50;2025-08-22;19;1072
50;2025-08-22;20;732
50;2025-08-22;21;459
50;2025-08-22;22;234
50;2025-08-22;23;115
50;2025-08-23;0;47
50;2025-08-23;5;33
50;2025-08-23;6;126
50;2025-08-23;7;343
50;2025-08-23;8;494
50;2025-08-23;9;511
50;2025-08-23;10;501
50;2025-08-23;11;607
50;2025-08-23;12;544
50;2025-08-23;13;549
50;2025-08-23;14;647
50;2025-08-23;15;583
50;2025-08-23;16;554
50;2025-08-23;17;618
50;2025-08-23;18;670
50;2025-08-23;19;529
50;2025-08-23;20;461
50;2025-08-23;21;338
50;2025-08-23;22;263
50;2025-08-23;23;103
50;2025-08-24;0;19
50;2025-08-24;5;41
50;2025-08-24;6;113
50;2025-08-24;7;234
50;2025-08-24;8;373
50;2025-08-24;9;384
50;2025-08-24;10;448
50;2025-08-24;11;526
50;2025-08-24;12;573
50;2025-08-24;13;511
50;2025-08-24;14;626
50;2025-08-24;15;706
50;2025-08-24;16;651
50;2025-08-24;17;658
50;2025-08-24;18;646
50;2025-08-24;19;621
50;2025-08-24;20;543
50;2025-08-24;21;331
50;2025-08-24;22;194
50;2025-08-24;23;64
50;2025-08-25;0;19
50;2025-08-25;5;45
50;2025-08-25;6;459
50;2025-08-25;7;1395
50;2025-08-25;8;1735
50;2025-08-25;9;1431
50;2025-08-25;10;1078
50;2025-08-25;11;1012
50;2025-08-25;12;1154
50;2025-08-25;13;1079
50;2025-08-25;14;1058
50;2025-08-25;15;1018
50;2025-08-25;16;1048
50;2025-08-25;17;1783
50;2025-08-25;18;2081
50;2025-08-25;19;1020
50;2025-08-25;20;731
50;2025-08-25;21;485
50;2025-08-25;22;238
50;2025-08-25;23;77
50;2025-08-26;0;21
50;2025-08-26;1;4
50;2025-08-26;5;61
50;2025-08-26;6;451
50;2025-08-26;7;1475
50;2025-08-26;8;2042
50;2025-08-26;9;1652
50;2025-08-26;10;1228
50;2025-08-26;11;1149
50;2025-08-26;12;836
50;2025-08-26;13;620
50;2025-08-26;14;263
50;2025-08-26;15;424
50;2025-08-26;16;651
50;2025-08-26;17;1376
50;2025-08-26;18;1406
50;2025-08-26;19;1102
50;2025-08-26;20;776
50;2025-08-26;21;556
50;2025-08-26;22;223
50;2025-08-26;23;112
50;2025-08-27;0;27
50;2025-08-27;4;1
50;2025-08-27;5;48
50;2025-08-27;6;446
50;2025-08-27;7;1469
50;2025-08-27;8;1924
50;2025-08-27;9;1867
50;2025-08-27;10;1562
50;2025-08-27;11;1155
50;2025-08-27;12;1321
50;2025-08-27;13;1293
50;2025-08-27;14;1077
50;2025-08-27;15;1216
50;2025-08-27;16;1296
50;2025-08-27;17;1929
50;2025-08-27;18;1913
50;2025-08-27;19;1307
50;2025-08-27;20;820
50;2025-08-27;21;585
50;2025-08-27;22;284
50;2025-08-27;23;102
50;2025-08-28;0;10
50;2025-08-28;5;77
50;2025-08-28;6;556
50;2025-08-28;7;1575
50;2025-08-28;8;2073
50;2025-08-28;9;1664
50;2025-08-28;10;1395
50;2025-08-28;11;1278
50;2025-08-28;12;1006
50;2025-08-28;13;1047
50;2025-08-28;14;1121
50;2025-08-28;15;1043
50;2025-08-28;16;1187
50;2025-08-28;17;1748
50;2025-08-28;18;2021
50;2025-08-28;19;1252
50;2025-08-28;20;892
50;2025-08-28;21;704
50;2025-08-28;22;272
50;2025-08-28;23;130
50;2025-08-29;0;23
50;2025-08-29;4;1
50;2025-08-29;5;43
50;2025-08-29;6;436
50;2025-08-29;7;1358
50;2025-08-29;8;2139
50;2025-08-29;9;1458
50;2025-08-29;10;1258
50;2025-08-29;11;1108
50;2025-08-29;12;1180
50;2025-08-29;13;1179
50;2025-08-29;14;1046
50;2025-08-29;15;1231
50;2025-08-29;16;1403
50;2025-08-29;17;1432
50;2025-08-29;18;1465
50;2025-08-29;19;940
50;2025-08-29;20;743
50;2025-08-29;21;527
50;2025-08-29;22;267
50;2025-08-29;23;160
50;2025-08-30;0;40
50;2025-08-30;4;1
50;2025-08-30;5;35
50;2025-08-30;6;163
50;2025-08-30;7;360
50;2025-08-30;8;497
50;2025-08-30;9;392
50;2025-08-30;10;533
50;2025-08-30;11;646
50;2025-08-30;12;569
50;2025-08-30;13;695
50;2025-08-30;14;668
50;2025-08-30;15;581
50;2025-08-30;16;668
50;2025-08-30;17;807
50;2025-08-30;18;677
50;2025-08-30;19;656
50;2025-08-30;20;572
50;2025-08-30;21;452
50;2025-08-30;22;238
50;2025-08-30;23;164
50;2025-08-31;0;26
50;2025-08-31;1;1
50;2025-08-31;4;1
50;2025-08-31;5;22
50;2025-08-31;6;134
50;2025-08-31;7;297
50;2025-08-31;8;358
50;2025-08-31;9;423
50;2025-08-31;10;413
50;2025-08-31;11;586
50;2025-08-31;12;626
50;2025-08-31;13;696
50;2025-08-31;14;619
50;2025-08-31;15;553
50;2025-08-31;16;585
50;2025-08-31;17;739
50;2025-08-31;18;581
50;2025-08-31;19;562
50;2025-08-31;20;553
50;2025-08-31;21;361
50;2025-08-31;22;224
50;2025-08-31;23;116
